image,split,symbol,timeframe,start_ts,end_ts,bars,img_w,img_h,y_head_and_shoulders,p_head_and_shoulders,lf_votes_head_and_shoulders,lf_total_head_and_shoulders,head_and_shoulders_cnt,head_and_shoulders_confirmed_cnt,y_inverse_head_and_shoulders,p_inverse_head_and_shoulders,lf_votes_inverse_head_and_shoulders,lf_total_inverse_head_and_shoulders,inverse_head_and_shoulders_cnt,inverse_head_and_shoulders_confirmed_cnt,p_double_top,lf_votes_double_top,lf_total_double_top,y_double_top,double_top_cnt,double_top_confirmed_cnt,p_double_bottom,lf_votes_double_bottom,lf_total_double_bottom,y_double_bottom,double_bottom_cnt,double_bottom_confirmed_cnt,y_descending_triangle,p_descending_triangle,lf_votes_descending_triangle,lf_total_descending_triangle,descending_triangle_cnt,descending_triangle_confirmed_cnt
AAPL_1h_1752593400_1755264600_42.png,test,AAPL,1h,2025-07-15T15:30:00+00:00,2025-08-15T13:30:00+00:00,160,960,640,0,,,,0,0,0,,,,0,0,0.0,0,0,0,0,0,0.0,0,0,0,0,0,0,,,,0,0
AAPL_1h_1753277400_1755887400_42.png,test,AAPL,1h,2025-07-23T13:30:00+00:00,2025-08-22T18:30:00+00:00,160,960,640,0,,,,0,0,0,,,,0,0,0.8333,5,6,-1,1,0,0.0,0,0,0,0,0,0,,,,0,0
AAPL_1h_1753900200_1756830600_42.png,test,AAPL,1h,2025-07-30T18:30:00+00:00,2025-09-02T16:30:00+00:00,160,960,640,0,,,,0,0,0,,,,0,0,0.8333,5,6,-1,1,0,0.0,0,0,0,0,0,0,,,,0,0
AAPL_1h_1754584200_1757514600_42.png,test,AAPL,1h,2025-08-07T16:30:00+00:00,2025-09-10T14:30:00+00:00,160,960,640,0,,,,0,0,0,,,,0,0,0.8333,10,12,-1,2,0,0.8333,5,6,-1,1,0,0,,,,0,0
AAPL_1h_1755268200_1758137400_42.png,test,AAPL,1h,2025-08-15T14:30:00+00:00,2025-09-17T19:30:00+00:00,160,960,640,0,,,,0,0,0,,,,0,0,0.8333,10,12,-1,3,0,0.8333,10,12,-1,2,0,0,,,,0,0
AAPL_1h_1755891000_1758821400_42.png,test,AAPL,1h,2025-08-22T19:30:00+00:00,2025-09-25T17:30:00+00:00,160,960,640,0,,,,0,0,0,,,,0,0,0.75,9,12,-1,4,0,0.75,9,12,-1,3,0,0,,,,0,0
AAPL_1h_1756834200_1759505400_42.png,test,AAPL,1h,2025-09-02T17:30:00+00:00,2025-10-03T15:30:00+00:00,160,960,640,0,,,,0,0,0,,,,0,0,0.8333,5,6,-1,1,0,0.0,0,0,0,0,0,0,,,,0,0
AAPL_1h_1757518200_1760362200_42.png,test,AAPL,1h,2025-09-10T15:30:00+00:00,2025-10-13T13:30:00+00:00,160,960,640,0,,,,0,0,0,,,,0,0,0.8333,5,6,-1,1,0,0.8333,5,6,-1,1,0,1,,,,2,2
AAPL_1h_1758202200_1760985000_42.png,test,AAPL,1h,2025-09-18T13:30:00+00:00,2025-10-20T18:30:00+00:00,160,960,640,0,,,,0,0,0,,,,0,0,0.8333,10,12,-1,3,0,0.8333,10,12,-1,3,0,0,,,,0,0
AAPL_1h_1758825000_1761669000_42.png,test,AAPL,1h,2025-09-25T18:30:00+00:00,2025-10-28T16:30:00+00:00,160,960,640,0,,,,0,0,0,,,,0,0,0.75,9,12,-1,5,0,0.8333,10,12,-1,3,0,0,,,,0,0
AMZN_1h_1752593400_1755264600_42.png,test,AMZN,1h,2025-07-15T15:30:00+00:00,2025-08-15T13:30:00+00:00,160,960,640,0,,,,0,0,0,,,,0,0,0.8333,10,12,-1,4,0,0.8333,10,12,-1,4,0,0,,,,0,0
AMZN_1h_1753277400_1755887400_42.png,test,AMZN,1h,2025-07-23T13:30:00+00:00,2025-08-22T18:30:00+00:00,160,960,640,0,,,,0,0,0,,,,0,0,0.8333,10,12,-1,2,0,0.8333,5,6,-1,1,0,0,,,,0,0
AMZN_1h_1753900200_1756830600_42.png,test,AMZN,1h,2025-07-30T18:30:00+00:00,2025-09-02T16:30:00+00:00,160,960,640,0,,,,0,0,0,,,,0,0,0.8333,10,12,-1,2,0,0.8333,5,6,-1,1,0,0,,,,0,0
AMZN_1h_1754584200_1757514600_42.png,test,AMZN,1h,2025-08-07T16:30:00+00:00,2025-09-10T14:30:00+00:00,160,960,640,0,,,,0,0,0,,,,0,0,0.8333,10,12,-1,2,0,0.8333,5,6,-1,1,0,0,,,,0,0
AMZN_1h_1755268200_1758137400_42.png,test,AMZN,1h,2025-08-15T14:30:00+00:00,2025-09-17T19:30:00+00:00,160,960,640,0,,,,0,0,0,,,,0,0,0.8333,10,12,-1,4,0,0.8333,10,12,-1,3,0,0,,,,0,0
AMZN_1h_1755891000_1758821400_42.png,test,AMZN,1h,2025-08-22T19:30:00+00:00,2025-09-25T17:30:00+00:00,160,960,640,0,,,,0,0,0,,,,0,0,0.8333,10,12,-1,3,0,0.8333,5,6,-1,1,0,0,,,,0,0
AMZN_1h_1756834200_1759505400_42.png,test,AMZN,1h,2025-09-02T17:30:00+00:00,2025-10-03T15:30:00+00:00,160,960,640,0,,,,0,0,0,,,,0,0,0.75,9,12,-1,3,0,0.8333,10,12,-1,2,0,0,,,,0,0
AMZN_1h_1757518200_1760362200_42.png,test,AMZN,1h,2025-09-10T15:30:00+00:00,2025-10-13T13:30:00+00:00,160,960,640,0,,,,0,0,0,,,,0,0,0.75,9,12,-1,5,0,0.75,9,12,-1,3,0,0,,,,0,0
AMZN_1h_1758202200_1760985000_42.png,test,AMZN,1h,2025-09-18T13:30:00+00:00,2025-10-20T18:30:00+00:00,160,960,640,0,,,,0,0,0,,,,0,0,0.75,9,12,-1,4,0,0.8333,10,12,-1,2,0,0,,,,0,0
AMZN_1h_1758825000_1761669000_42.png,test,AMZN,1h,2025-09-25T18:30:00+00:00,2025-10-28T16:30:00+00:00,160,960,640,0,,,,0,0,0,,,,0,0,0.8333,10,12,-1,5,0,0.8333,10,12,-1,3,0,0,,,,0,0
BTC-USD_1h_1754726400_1755298800_42.png,test,BTC-USD,1h,2025-08-09T08:00:00+00:00,2025-08-15T23:00:00+00:00,160,960,640,0,,,,0,0,0,,,,0,0,0.9167,11,12,1,2,1,0.8333,5,6,-1,1,0,0,,,,0,0
BTC-USD_1h_1754870400_1755442800_42.png,test,BTC-USD,1h,2025-08-11T00:00:00+00:00,2025-08-17T15:00:00+00:00,160,960,640,0,,,,0,0,0,,,,0,0,0.9167,11,12,1,3,1,0.8333,10,12,-1,2,0,0,,,,0,0
BTC-USD_1h_1755014400_1755586800_42.png,test,BTC-USD,1h,2025-08-12T16:00:00+00:00,2025-08-19T07:00:00+00:00,160,960,640,0,,,,0,0,0,,,,0,0,0.9167,11,12,1,4,1,0.8333,10,12,-1,2,0,0,,,,0,0
BTC-USD_1h_1755158400_1755730800_42.png,test,BTC-USD,1h,2025-08-14T08:00:00+00:00,2025-08-20T23:00:00+00:00,160,960,640,0,,,,0,0,0,,,,0,0,0.8333,10,12,-1,3,0,0.8333,10,12,-1,4,0,0,,,,0,0
BTC-USD_1h_1755302400_1755874800_42.png,test,BTC-USD,1h,2025-08-16T00:00:00+00:00,2025-08-22T15:00:00+00:00,160,960,640,0,,,,0,0,0,,,,0,0,0.8333,10,12,-1,4,0,0.8333,5,6,-1,1,0,0,,,,0,0
BTC-USD_1h_1755446400_1756018800_42.png,test,BTC-USD,1h,2025-08-17T16:00:00+00:00,2025-08-24T07:00:00+00:00,160,960,640,0,,,,0,0,0,,,,0,0,0.8333,10,12,-1,4,0,0.8333,5,6,-1,1,0,0,,,,0,0
BTC-USD_1h_1755590400_1756162800_42.png,test,BTC-USD,1h,2025-08-19T08:00:00+00:00,2025-08-25T23:00:00+00:00,160,960,640,0,,,,0,0,0,,,,0,0,0.9167,11,12,1,2,1,0.8333,10,12,-1,2,0,0,,,,0,0
BTC-USD_1h_1755734400_1756306800_42.png,test,BTC-USD,1h,2025-08-21T00:00:00+00:00,2025-08-27T15:00:00+00:00,160,960,640,0,,,,0,0,0,,,,0,0,0.9167,11,12,1,3,1,0.8333,5,6,-1,1,0,0,,,,0,0
BTC-USD_1h_1755878400_1756450800_42.png,test,BTC-USD,1h,2025-08-22T16:00:00+00:00,2025-08-29T07:00:00+00:00,160,960,640,0,,,,0,0,0,,,,0,0,0.9167,11,12,1,2,1,0.0,0,0,0,0,0,0,,,,0,0
BTC-USD_1h_1756022400_1756594800_42.png,test,BTC-USD,1h,2025-08-24T08:00:00+00:00,2025-08-30T23:00:00+00:00,160,960,640,0,,,,0,0,0,,,,0,0,0.8333,10,12,-1,2,0,0.0,0,0,0,0,0,0,,,,0,0
BTC-USD_1h_1756166400_1756738800_42.png,test,BTC-USD,1h,2025-08-26T00:00:00+00:00,2025-09-01T15:00:00+00:00,160,960,640,0,,,,0,0,0,,,,0,0,0.8333,10,12,-1,2,0,0.8333,5,6,-1,1,0,0,,,,0,0
BTC-USD_1h_1756310400_1756882800_42.png,test,BTC-USD,1h,2025-08-27T16:00:00+00:00,2025-09-03T07:00:00+00:00,160,960,640,0,,,,0,0,0,,,,0,0,0.8333,10,12,-1,2,0,0.8333,5,6,-1,1,0,0,,,,0,0
BTC-USD_1h_1756454400_1757026800_42.png,test,BTC-USD,1h,2025-08-29T08:00:00+00:00,2025-09-04T23:00:00+00:00,160,960,640,0,,,,0,0,0,,,,0,0,0.8333,10,12,-1,3,0,0.8333,10,12,-1,2,0,0,,,,0,0
BTC-USD_1h_1756598400_1757170800_42.png,test,BTC-USD,1h,2025-08-31T00:00:00+00:00,2025-09-06T15:00:00+00:00,160,960,640,0,,,,0,0,0,,,,0,0,0.8333,10,12,-1,2,0,0.8333,5,6,-1,1,0,0,,,,0,0
BTC-USD_1h_1756742400_1757314800_42.png,test,BTC-USD,1h,2025-09-01T16:00:00+00:00,2025-09-08T07:00:00+00:00,160,960,640,0,,,,0,0,0,,,,0,0,0.8333,10,12,-1,2,0,0.8333,5,6,-1,1,0,0,,,,0,0
BTC-USD_1h_1756886400_1757458800_42.png,test,BTC-USD,1h,2025-09-03T08:00:00+00:00,2025-09-09T23:00:00+00:00,160,960,640,0,,,,0,0,0,,,,0,0,0.8333,10,12,-1,2,0,0.8333,10,12,-1,3,1,1,,,,1,1
BTC-USD_1h_1757030400_1757602800_42.png,test,BTC-USD,1h,2025-09-05T00:00:00+00:00,2025-09-11T15:00:00+00:00,160,960,640,0,,,,0,0,0,,,,0,0,0.8333,10,12,-1,2,0,0.8333,5,6,-1,1,0,0,,,,0,0
BTC-USD_1h_1757174400_1757746800_42.png,test,BTC-USD,1h,2025-09-06T16:00:00+00:00,2025-09-13T07:00:00+00:00,160,960,640,0,,,,0,0,0,,,,0,0,0.8333,5,6,-1,1,0,0.0,0,0,0,0,0,0,,,,0,0
BTC-USD_1h_1757318400_1757890800_42.png,test,BTC-USD,1h,2025-09-08T08:00:00+00:00,2025-09-14T23:00:00+00:00,160,960,640,0,,,,0,0,0,,,,0,0,0.8333,5,6,-1,1,0,0.0,0,0,0,0,0,0,,,,0,0
BTC-USD_1h_1757462400_1758034800_42.png,test,BTC-USD,1h,2025-09-10T00:00:00+00:00,2025-09-16T15:00:00+00:00,160,960,640,0,,,,0,0,0,,,,0,0,0.8333,10,12,-1,2,0,0.0,0,0,0,0,0,0,,,,0,0
BTC-USD_1h_1757606400_1758178800_42.png,test,BTC-USD,1h,2025-09-11T16:00:00+00:00,2025-09-18T07:00:00+00:00,160,960,640,0,,,,0,0,0,,,,0,0,0.8333,10,12,-1,3,1,1.0,6,6,1,1,1,0,,,,0,0
BTC-USD_1h_1757750400_1758322800_42.png,test,BTC-USD,1h,2025-09-13T08:00:00+00:00,2025-09-19T23:00:00+00:00,160,960,640,0,,,,0,0,0,,,,0,0,0.8333,10,12,-1,4,1,0.8333,5,6,-1,1,0,0,,,,0,0
BTC-USD_1h_1757894400_1758466800_42.png,test,BTC-USD,1h,2025-09-15T00:00:00+00:00,2025-09-21T15:00:00+00:00,160,960,640,0,,,,0,0,0,,,,0,0,0.8333,10,12,-1,3,0,0.8333,10,12,-1,3,0,1,,,,1,1
BTC-USD_1h_1758038400_1758610800_42.png,test,BTC-USD,1h,2025-09-16T16:00:00+00:00,2025-09-23T07:00:00+00:00,160,960,640,0,,,,0,0,0,,,,0,0,0.8333,10,12,-1,2,0,0.8333,5,6,-1,1,0,0,,,,0,0
BTC-USD_1h_1758182400_1758754800_42.png,test,BTC-USD,1h,2025-09-18T08:00:00+00:00,2025-09-24T23:00:00+00:00,160,960,640,0,,,,0,0,0,,,,0,0,0.8333,10,12,-1,3,0,0.8333,5,6,-1,1,0,0,,,,0,0
BTC-USD_1h_1758326400_1758898800_42.png,test,BTC-USD,1h,2025-09-20T00:00:00+00:00,2025-09-26T15:00:00+00:00,160,960,640,0,,,,0,0,0,,,,0,0,0.8333,10,12,-1,2,0,0.0,0,0,0,0,0,0,,,,0,0
BTC-USD_1h_1758470400_1759042800_42.png,test,BTC-USD,1h,2025-09-21T16:00:00+00:00,2025-09-28T07:00:00+00:00,160,960,640,0,,,,0,0,0,,,,0,0,0.8333,5,6,-1,1,0,0.0,0,0,0,0,0,0,,,,0,0
BTC-USD_1h_1758614400_1759186800_42.png,test,BTC-USD,1h,2025-09-23T08:00:00+00:00,2025-09-29T23:00:00+00:00,160,960,640,0,,,,0,0,0,,,,0,0,0.8333,5,6,-1,1,0,0.8333,5,6,-1,1,0,0,,,,0,0
BTC-USD_1h_1758758400_1759330800_42.png,test,BTC-USD,1h,2025-09-25T00:00:00+00:00,2025-10-01T15:00:00+00:00,160,960,640,0,,,,0,0,0,,,,0,0,0.8333,5,6,-1,1,0,0.8333,5,6,-1,1,0,0,,,,0,0
BTC-USD_1h_1758902400_1759474800_42.png,test,BTC-USD,1h,2025-09-26T16:00:00+00:00,2025-10-03T07:00:00+00:00,160,960,640,0,,,,0,0,0,,,,0,0,0.8333,5,6,-1,1,0,0.0,0,0,0,0,0,0,,,,0,0
BTC-USD_1h_1759046400_1759618800_42.png,test,BTC-USD,1h,2025-09-28T08:00:00+00:00,2025-10-04T23:00:00+00:00,160,960,640,0,,,,0,0,0,,,,0,0,0.6667,4,6,-1,1,0,0.0,0,0,0,0,0,0,,,,0,0
BTC-USD_1h_1759190400_1759762800_42.png,test,BTC-USD,1h,2025-09-30T00:00:00+00:00,2025-10-06T15:00:00+00:00,160,960,640,0,,,,0,0,0,,,,0,0,0.8333,5,6,-1,1,0,0.0,0,0,0,0,0,0,,,,0,0
BTC-USD_1h_1759334400_1759906800_42.png,test,BTC-USD,1h,2025-10-01T16:00:00+00:00,2025-10-08T07:00:00+00:00,160,960,640,0,,,,0,0,0,,,,0,0,0.8333,5,6,-1,1,0,0.0,0,0,0,0,0,0,,,,0,0
BTC-USD_1h_1759478400_1760050800_42.png,test,BTC-USD,1h,2025-10-03T08:00:00+00:00,2025-10-09T23:00:00+00:00,160,960,640,0,,,,0,0,0,,,,0,0,0.8333,10,12,-1,2,0,0.8333,5,6,-1,1,0,0,,,,0,0
BTC-USD_1h_1759622400_1760194800_42.png,test,BTC-USD,1h,2025-10-05T00:00:00+00:00,2025-10-11T15:00:00+00:00,160,960,640,0,,,,0,0,0,,,,0,0,0.8333,10,12,-1,2,0,0.8333,5,6,-1,1,0,0,,,,0,0
BTC-USD_1h_1759766400_1760338800_42.png,test,BTC-USD,1h,2025-10-06T16:00:00+00:00,2025-10-13T07:00:00+00:00,160,960,640,0,,,,0,0,0,,,,0,0,0.75,9,12,-1,2,0,0.0,0,0,0,0,0,0,,,,0,0
BTC-USD_1h_1759910400_1760482800_42.png,test,BTC-USD,1h,2025-10-08T08:00:00+00:00,2025-10-14T23:00:00+00:00,160,960,640,0,,,,0,0,0,,,,0,0,0.8333,5,6,-1,1,0,0.8333,5,6,-1,1,0,0,,,,0,0
BTC-USD_1h_1760054400_1760626800_42.png,test,BTC-USD,1h,2025-10-10T00:00:00+00:00,2025-10-16T15:00:00+00:00,160,960,640,0,,,,0,0,0,,,,0,0,0.8333,10,12,-1,2,0,0.8333,5,6,-1,1,0,0,,,,0,0
BTC-USD_1h_1760198400_1760770800_42.png,test,BTC-USD,1h,2025-10-11T16:00:00+00:00,2025-10-18T07:00:00+00:00,160,960,640,0,,,,0,0,0,,,,0,0,0.75,9,12,-1,3,0,0.75,9,12,-1,2,0,0,,,,0,0
BTC-USD_1h_1760342400_1760914800_42.png,test,BTC-USD,1h,2025-10-13T08:00:00+00:00,2025-10-19T23:00:00+00:00,160,960,640,0,,,,0,0,0,,,,0,0,0.8333,5,6,-1,1,0,0.6667,4,6,-1,1,0,0,,,,0,0
BTC-USD_1h_1760486400_1761058800_42.png,test,BTC-USD,1h,2025-10-15T00:00:00+00:00,2025-10-21T15:00:00+00:00,160,960,640,0,,,,0,0,0,,,,0,0,0.8333,5,6,-1,1,0,1.0,6,6,1,1,1,0,,,,0,0
BTC-USD_1h_1760630400_1761202800_42.png,test,BTC-USD,1h,2025-10-16T16:00:00+00:00,2025-10-23T07:00:00+00:00,160,960,640,0,,,,0,0,0,,,,0,0,0.8333,10,12,-1,3,0,0.9167,11,12,1,2,1,0,,,,0,0
BTC-USD_1h_1760774400_1761346800_42.png,test,BTC-USD,1h,2025-10-18T08:00:00+00:00,2025-10-24T23:00:00+00:00,160,960,640,0,,,,0,0,0,,,,0,0,0.8333,10,12,-1,2,0,0.8333,5,6,-1,1,0,0,,,,0,0
BTC-USD_1h_1760918400_1761490800_42.png,test,BTC-USD,1h,2025-10-20T00:00:00+00:00,2025-10-26T15:00:00+00:00,160,960,640,0,,,,0,0,0,,,,0,0,0.8333,5,6,-1,1,0,0.8333,5,6,-1,1,0,0,,,,0,0
BTC-USD_1h_1761062400_1761634800_42.png,test,BTC-USD,1h,2025-10-21T16:00:00+00:00,2025-10-28T07:00:00+00:00,160,960,640,0,,,,0,0,0,,,,0,0,0.8333,10,12,-1,2,0,0.8333,5,6,-1,1,0,0,,,,0,0
BTC-USD_1h_1761206400_1761778800_42.png,test,BTC-USD,1h,2025-10-23T08:00:00+00:00,2025-10-29T23:00:00+00:00,160,960,640,0,,,,0,0,0,,,,0,0,0.8333,10,12,-1,2,0,0.8333,5,6,-1,1,0,0,,,,0,0
ETH-USD_1h_1754726400_1755298800_42.png,test,ETH-USD,1h,2025-08-09T08:00:00+00:00,2025-08-15T23:00:00+00:00,160,960,640,0,,,,0,0,0,,,,0,0,0.75,9,12,-1,3,0,0.6667,4,6,-1,1,0,0,,,,0,0
ETH-USD_1h_1754870400_1755442800_42.png,test,ETH-USD,1h,2025-08-11T00:00:00+00:00,2025-08-17T15:00:00+00:00,160,960,640,0,,,,0,0,0,,,,0,0,0.75,9,12,-1,3,0,0.8333,5,6,-1,1,0,0,,,,0,0
ETH-USD_1h_1755014400_1755586800_42.png,test,ETH-USD,1h,2025-08-12T16:00:00+00:00,2025-08-19T07:00:00+00:00,160,960,640,0,,,,0,0,0,,,,0,0,0.75,9,12,-1,4,0,0.6667,4,6,-1,1,0,0,,,,0,0
ETH-USD_1h_1755158400_1755730800_42.png,test,ETH-USD,1h,2025-08-14T08:00:00+00:00,2025-08-20T23:00:00+00:00,160,960,640,0,,,,0,0,0,,,,0,0,0.75,9,12,-1,3,0,0.6667,8,12,-1,2,0,0,,,,0,0
ETH-USD_1h_1755302400_1755874800_42.png,test,ETH-USD,1h,2025-08-16T00:00:00+00:00,2025-08-22T15:00:00+00:00,160,960,640,0,,,,0,0,0,,,,0,0,0.8333,10,12,-1,4,0,0.8333,10,12,-1,2,0,0,,,,0,0
ETH-USD_1h_1755446400_1756018800_42.png,test,ETH-USD,1h,2025-08-17T16:00:00+00:00,2025-08-24T07:00:00+00:00,160,960,640,0,,,,0,0,0,,,,0,0,0.8333,10,12,-1,2,0,0.8333,10,12,-1,2,0,0,,,,0,0
ETH-USD_1h_1755590400_1756162800_42.png,test,ETH-USD,1h,2025-08-19T08:00:00+00:00,2025-08-25T23:00:00+00:00,160,960,640,0,,,,0,0,0,,,,0,0,0.9167,11,12,1,2,1,0.8333,5,6,-1,1,0,0,,,,0,0
ETH-USD_1h_1755734400_1756306800_42.png,test,ETH-USD,1h,2025-08-21T00:00:00+00:00,2025-08-27T15:00:00+00:00,160,960,640,0,,,,0,0,0,,,,0,0,0.8333,10,12,-1,2,1,0.6667,4,6,-1,1,0,0,,,,0,0
ETH-USD_1h_1755878400_1756450800_42.png,test,ETH-USD,1h,2025-08-22T16:00:00+00:00,2025-08-29T07:00:00+00:00,160,960,640,0,,,,0,0,0,,,,0,0,0.8333,10,12,-1,2,1,0.75,9,12,-1,3,0,0,,,,0,0
ETH-USD_1h_1756022400_1756594800_42.png,test,ETH-USD,1h,2025-08-24T08:00:00+00:00,2025-08-30T23:00:00+00:00,160,960,640,0,,,,0,0,0,,,,0,0,0.6667,8,12,-1,2,0,0.8333,10,12,-1,2,0,0,,,,0,0
ETH-USD_1h_1756166400_1756738800_42.png,test,ETH-USD,1h,2025-08-26T00:00:00+00:00,2025-09-01T15:00:00+00:00,160,960,640,0,,,,0,0,0,,,,0,0,0.8333,5,6,-1,1,0,0.8333,5,6,-1,1,0,0,,,,0,0
ETH-USD_1h_1756310400_1756882800_42.png,test,ETH-USD,1h,2025-08-27T16:00:00+00:00,2025-09-03T07:00:00+00:00,160,960,640,0,,,,0,0,0,,,,0,0,0.8333,10,12,-1,2,0,0.8333,10,12,-1,2,0,0,,,,0,0
ETH-USD_1h_1756454400_1757026800_42.png,test,ETH-USD,1h,2025-08-29T08:00:00+00:00,2025-09-04T23:00:00+00:00,160,960,640,0,,,,0,0,0,,,,0,0,0.8333,5,6,-1,1,0,0.0,0,0,0,0,0,0,,,,0,0
ETH-USD_1h_1756598400_1757170800_42.png,test,ETH-USD,1h,2025-08-31T00:00:00+00:00,2025-09-06T15:00:00+00:00,160,960,640,0,,,,0,0,0,,,,0,0,0.8333,10,12,-1,2,0,0.8333,5,6,-1,1,0,0,,,,0,0
ETH-USD_1h_1756742400_1757314800_42.png,test,ETH-USD,1h,2025-09-01T16:00:00+00:00,2025-09-08T07:00:00+00:00,160,960,640,0,,,,0,0,0,,,,0,0,0.8333,10,12,-1,2,0,0.8333,5,6,-1,1,0,0,,,,0,0
ETH-USD_1h_1756886400_1757458800_42.png,test,ETH-USD,1h,2025-09-03T08:00:00+00:00,2025-09-09T23:00:00+00:00,160,960,640,0,,,,0,0,0,,,,0,0,0.8333,10,12,-1,2,0,0.8333,10,12,-1,3,0,1,,,,1,1
ETH-USD_1h_1757030400_1757602800_42.png,test,ETH-USD,1h,2025-09-05T00:00:00+00:00,2025-09-11T15:00:00+00:00,160,960,640,0,,,,0,0,0,,,,0,0,0.8333,10,12,-1,2,0,0.8333,10,12,-1,2,0,0,,,,0,0
ETH-USD_1h_1757174400_1757746800_42.png,test,ETH-USD,1h,2025-09-06T16:00:00+00:00,2025-09-13T07:00:00+00:00,160,960,640,0,,,,0,0,0,,,,0,0,0.75,9,12,-1,2,0,0.8333,5,6,-1,1,0,0,,,,0,0
ETH-USD_1h_1757318400_1757890800_42.png,test,ETH-USD,1h,2025-09-08T08:00:00+00:00,2025-09-14T23:00:00+00:00,160,960,640,0,,,,0,0,0,,,,0,0,0.75,9,12,-1,2,0,0.8333,5,6,-1,1,0,0,,,,0,0
ETH-USD_1h_1757462400_1758034800_42.png,test,ETH-USD,1h,2025-09-10T00:00:00+00:00,2025-09-16T15:00:00+00:00,160,960,640,0,,,,0,0,0,,,,0,0,0.6667,4,6,-1,1,0,0.0,0,0,0,0,0,0,,,,0,0
ETH-USD_1h_1757606400_1758178800_42.png,test,ETH-USD,1h,2025-09-11T16:00:00+00:00,2025-09-18T07:00:00+00:00,160,960,640,0,,,,0,0,0,,,,0,0,0.8333,5,6,-1,1,0,1.0,6,6,1,1,1,0,,,,0,0
ETH-USD_1h_1757750400_1758322800_42.png,test,ETH-USD,1h,2025-09-13T08:00:00+00:00,2025-09-19T23:00:00+00:00,160,960,640,0,,,,0,0,0,,,,0,0,0.8333,5,6,-1,1,0,1.0,6,6,1,1,1,0,,,,0,0
ETH-USD_1h_1757894400_1758466800_42.png,test,ETH-USD,1h,2025-09-15T00:00:00+00:00,2025-09-21T15:00:00+00:00,160,960,640,0,,,,0,0,0,,,,0,0,0.8333,5,6,-1,1,0,1.0,6,6,1,1,1,0,,,,0,0
ETH-USD_1h_1758038400_1758610800_42.png,test,ETH-USD,1h,2025-09-16T16:00:00+00:00,2025-09-23T07:00:00+00:00,160,960,640,0,,,,0,0,0,,,,0,0,0.0,0,0,0,0,0,0.0,0,0,0,0,0,0,,,,0,0
ETH-USD_1h_1758182400_1758754800_42.png,test,ETH-USD,1h,2025-09-18T08:00:00+00:00,2025-09-24T23:00:00+00:00,160,960,640,0,,,,0,0,0,,,,0,0,0.0,0,0,0,0,0,0.0,0,0,0,0,0,0,,,,0,0
ETH-USD_1h_1758326400_1758898800_42.png,test,ETH-USD,1h,2025-09-20T00:00:00+00:00,2025-09-26T15:00:00+00:00,160,960,640,0,,,,0,0,0,,,,0,0,0.0,0,0,0,0,0,0.0,0,0,0,0,0,0,,,,0,0
ETH-USD_1h_1758470400_1759042800_42.png,test,ETH-USD,1h,2025-09-21T16:00:00+00:00,2025-09-28T07:00:00+00:00,160,960,640,0,,,,0,0,0,,,,0,0,0.0,0,0,0,0,0,0.0,0,0,0,0,0,0,,,,0,0
ETH-USD_1h_1758614400_1759186800_42.png,test,ETH-USD,1h,2025-09-23T08:00:00+00:00,2025-09-29T23:00:00+00:00,160,960,640,0,,,,0,0,0,,,,0,0,0.0,0,0,0,0,0,0.0,0,0,0,0,0,0,,,,0,0
ETH-USD_1h_1758758400_1759330800_42.png,test,ETH-USD,1h,2025-09-25T00:00:00+00:00,2025-10-01T15:00:00+00:00,160,960,640,0,,,,0,0,0,,,,0,0,0.8333,5,6,-1,1,0,0.0,0,0,0,0,0,0,,,,0,0
ETH-USD_1h_1758902400_1759474800_42.png,test,ETH-USD,1h,2025-09-26T16:00:00+00:00,2025-10-03T07:00:00+00:00,160,960,640,0,,,,0,0,0,,,,0,0,0.6667,4,6,-1,1,0,0.0,0,0,0,0,0,0,,,,0,0
ETH-USD_1h_1759046400_1759618800_42.png,test,ETH-USD,1h,2025-09-28T08:00:00+00:00,2025-10-04T23:00:00+00:00,160,960,640,0,,,,0,0,0,,,,0,0,0.6667,4,6,-1,1,0,0.0,0,0,0,0,0,0,,,,0,0
ETH-USD_1h_1759190400_1759762800_42.png,test,ETH-USD,1h,2025-09-30T00:00:00+00:00,2025-10-06T15:00:00+00:00,160,960,640,0,,,,0,0,0,,,,0,0,0.75,9,12,-1,2,0,0.8333,5,6,-1,1,0,0,,,,0,0
ETH-USD_1h_1759334400_1759906800_42.png,test,ETH-USD,1h,2025-10-01T16:00:00+00:00,2025-10-08T07:00:00+00:00,160,960,640,0,,,,0,0,0,,,,0,0,0.8333,10,12,-1,2,0,0.8333,5,6,-1,1,0,0,,,,0,0
ETH-USD_1h_1759478400_1760050800_42.png,test,ETH-USD,1h,2025-10-03T08:00:00+00:00,2025-10-09T23:00:00+00:00,160,960,640,0,,,,0,0,0,,,,0,0,0.8333,10,12,-1,4,0,0.8333,10,12,-1,2,0,0,,,,0,0
ETH-USD_1h_1759622400_1760194800_42.png,test,ETH-USD,1h,2025-10-05T00:00:00+00:00,2025-10-11T15:00:00+00:00,160,960,640,0,,,,0,0,0,,,,0,0,0.9167,11,12,1,2,1,0.8333,5,6,-1,1,0,0,,,,0,0
ETH-USD_1h_1759766400_1760338800_42.png,test,ETH-USD,1h,2025-10-06T16:00:00+00:00,2025-10-13T07:00:00+00:00,160,960,640,0,,,,0,0,0,,,,0,0,0.0,0,0,0,0,0,0.0,0,0,0,0,0,0,,,,0,0
ETH-USD_1h_1759910400_1760482800_42.png,test,ETH-USD,1h,2025-10-08T08:00:00+00:00,2025-10-14T23:00:00+00:00,160,960,640,0,,,,0,0,0,,,,0,0,0.8333,5,6,-1,1,0,0.6667,4,6,-1,1,0,0,,,,0,0
ETH-USD_1h_1760054400_1760626800_42.png,test,ETH-USD,1h,2025-10-10T00:00:00+00:00,2025-10-16T15:00:00+00:00,160,960,640,0,,,,0,0,0,,,,0,0,0.8333,10,12,-1,2,0,0.6667,4,6,-1,1,0,0,,,,0,0
ETH-USD_1h_1760198400_1760770800_42.png,test,ETH-USD,1h,2025-10-11T16:00:00+00:00,2025-10-18T07:00:00+00:00,160,960,640,0,,,,0,0,0,,,,0,0,0.75,9,12,-1,2,0,0.6667,4,6,-1,1,0,0,,,,0,0
ETH-USD_1h_1760342400_1760914800_42.png,test,ETH-USD,1h,2025-10-13T08:00:00+00:00,2025-10-19T23:00:00+00:00,160,960,640,0,,,,0,0,0,,,,0,0,0.8333,10,12,-1,3,0,0.6667,4,6,-1,1,0,0,,,,0,0
ETH-USD_1h_1760486400_1761058800_42.png,test,ETH-USD,1h,2025-10-15T00:00:00+00:00,2025-10-21T15:00:00+00:00,160,960,640,0,,,,0,0,0,,,,0,0,0.9167,11,12,1,3,1,0.75,9,12,-1,2,0,0,,,,0,0
ETH-USD_1h_1760630400_1761202800_42.png,test,ETH-USD,1h,2025-10-16T16:00:00+00:00,2025-10-23T07:00:00+00:00,160,960,640,0,,,,0,0,0,,,,0,0,0.75,9,12,-1,2,0,0.8333,10,12,-1,2,0,0,,,,0,0
ETH-USD_1h_1760774400_1761346800_42.png,test,ETH-USD,1h,2025-10-18T08:00:00+00:00,2025-10-24T23:00:00+00:00,160,960,640,0,,,,0,0,0,,,,0,0,0.8333,10,12,-1,2,0,0.8333,5,6,-1,1,0,0,,,,0,0
ETH-USD_1h_1760918400_1761490800_42.png,test,ETH-USD,1h,2025-10-20T00:00:00+00:00,2025-10-26T15:00:00+00:00,160,960,640,0,,,,0,0,0,,,,0,0,0.8333,10,12,-1,3,0,0.8333,10,12,-1,2,0,0,,,,0,0
ETH-USD_1h_1761062400_1761634800_42.png,test,ETH-USD,1h,2025-10-21T16:00:00+00:00,2025-10-28T07:00:00+00:00,160,960,640,0,,,,0,0,0,,,,0,0,0.75,9,12,-1,2,0,0.8333,5,6,-1,1,0,0,,,,0,0
ETH-USD_1h_1761206400_1761778800_42.png,test,ETH-USD,1h,2025-10-23T08:00:00+00:00,2025-10-29T23:00:00+00:00,160,960,640,0,,,,0,0,0,,,,0,0,0.6667,4,6,-1,1,0,0.0,0,0,0,0,0,0,,,,0,0
GOOGL_1h_1752593400_1755264600_42.png,test,GOOGL,1h,2025-07-15T15:30:00+00:00,2025-08-15T13:30:00+00:00,160,960,640,0,,,,0,0,0,,,,0,0,0.8333,10,12,-1,2,0,0.8333,5,6,-1,1,0,0,,,,0,0
GOOGL_1h_1753277400_1755887400_42.png,test,GOOGL,1h,2025-07-23T13:30:00+00:00,2025-08-22T18:30:00+00:00,160,960,640,0,,,,0,0,0,,,,0,0,0.8333,10,12,-1,2,0,0.0,0,0,0,0,0,0,,,,0,0
GOOGL_1h_1753900200_1756830600_42.png,test,GOOGL,1h,2025-07-30T18:30:00+00:00,2025-09-02T16:30:00+00:00,160,960,640,0,,,,0,0,0,,,,0,0,0.75,9,12,-1,2,0,0.8333,5,6,-1,1,0,0,,,,0,0
GOOGL_1h_1754584200_1757514600_42.png,test,GOOGL,1h,2025-08-07T16:30:00+00:00,2025-09-10T14:30:00+00:00,160,960,640,0,,,,0,0,0,,,,0,0,0.8333,5,6,-1,1,0,0.8333,5,6,-1,1,0,0,,,,0,0
GOOGL_1h_1755268200_1758137400_42.png,test,GOOGL,1h,2025-08-15T14:30:00+00:00,2025-09-17T19:30:00+00:00,160,960,640,0,,,,0,0,0,,,,0,0,0.8333,5,6,-1,1,0,0.8333,5,6,-1,1,0,0,,,,0,0
GOOGL_1h_1755891000_1758821400_42.png,test,GOOGL,1h,2025-08-22T19:30:00+00:00,2025-09-25T17:30:00+00:00,160,960,640,0,,,,0,0,0,,,,0,0,0.8333,5,6,-1,1,0,0.8333,5,6,-1,1,0,0,,,,0,0
GOOGL_1h_1756834200_1759505400_42.png,test,GOOGL,1h,2025-09-02T17:30:00+00:00,2025-10-03T15:30:00+00:00,160,960,640,0,,,,0,0,0,,,,0,0,0.8333,5,6,-1,1,0,0.8333,5,6,-1,1,0,1,,,,1,1
GOOGL_1h_1757518200_1760362200_42.png,test,GOOGL,1h,2025-09-10T15:30:00+00:00,2025-10-13T13:30:00+00:00,160,960,640,0,,,,0,0,0,,,,0,0,0.8333,10,12,-1,2,0,0.8333,5,6,-1,1,0,0,,,,0,0
GOOGL_1h_1758202200_1760985000_42.png,test,GOOGL,1h,2025-09-18T13:30:00+00:00,2025-10-20T18:30:00+00:00,160,960,640,0,,,,0,0,0,,,,0,0,0.8333,10,12,-1,2,0,0.8333,5,6,-1,1,0,0,,,,0,0
GOOGL_1h_1758825000_1761669000_42.png,test,GOOGL,1h,2025-09-25T18:30:00+00:00,2025-10-28T16:30:00+00:00,160,960,640,0,,,,0,0,0,,,,0,0,0.8333,10,12,-1,3,0,0.75,9,12,-1,3,0,0,,,,0,0
NVDA_1h_1752593400_1755264600_42.png,test,NVDA,1h,2025-07-15T15:30:00+00:00,2025-08-15T13:30:00+00:00,160,960,640,0,,,,0,0,0,,,,0,0,0.8333,10,12,-1,2,0,0.8333,5,6,-1,1,0,0,,,,0,0
NVDA_1h_1753277400_1755887400_42.png,test,NVDA,1h,2025-07-23T13:30:00+00:00,2025-08-22T18:30:00+00:00,160,960,640,0,,,,0,0,0,,,,0,0,0.8333,10,12,-1,2,0,0.8333,5,6,-1,1,0,0,,,,0,0
NVDA_1h_1753900200_1756830600_42.png,test,NVDA,1h,2025-07-30T18:30:00+00:00,2025-09-02T16:30:00+00:00,160,960,640,0,,,,0,0,0,,,,0,0,0.8333,10,12,-1,2,0,0.8333,5,6,-1,1,0,0,,,,0,0
NVDA_1h_1754584200_1757514600_42.png,test,NVDA,1h,2025-08-07T16:30:00+00:00,2025-09-10T14:30:00+00:00,160,960,640,0,,,,0,0,0,,,,0,0,0.8333,5,6,-1,1,0,0.8333,5,6,-1,1,0,0,,,,0,0
NVDA_1h_1755268200_1758137400_42.png,test,NVDA,1h,2025-08-15T14:30:00+00:00,2025-09-17T19:30:00+00:00,160,960,640,0,,,,0,0,0,,,,0,0,0.8333,10,12,-1,2,0,0.8333,5,6,-1,1,0,0,,,,0,0
NVDA_1h_1755891000_1758821400_42.png,test,NVDA,1h,2025-08-22T19:30:00+00:00,2025-09-25T17:30:00+00:00,160,960,640,0,,,,0,0,0,,,,0,0,0.8333,10,12,-1,2,0,0.8333,5,6,-1,1,0,0,,,,0,0
NVDA_1h_1756834200_1759505400_42.png,test,NVDA,1h,2025-09-02T17:30:00+00:00,2025-10-03T15:30:00+00:00,160,960,640,0,,,,0,0,0,,,,0,0,0.8333,10,12,-1,3,0,0.75,9,12,-1,2,0,0,,,,0,0
NVDA_1h_1757518200_1760362200_42.png,test,NVDA,1h,2025-09-10T15:30:00+00:00,2025-10-13T13:30:00+00:00,160,960,640,0,,,,0,0,0,,,,0,0,0.75,9,12,-1,3,0,0.75,9,12,-1,2,0,0,,,,0,0
NVDA_1h_1758202200_1760985000_42.png,test,NVDA,1h,2025-09-18T13:30:00+00:00,2025-10-20T18:30:00+00:00,160,960,640,0,,,,0,0,0,,,,0,0,0.6667,8,12,-1,3,0,0.8333,10,12,-1,2,0,0,,,,0,0
NVDA_1h_1758825000_1761669000_42.png,test,NVDA,1h,2025-09-25T18:30:00+00:00,2025-10-28T16:30:00+00:00,160,960,640,0,,,,0,0,0,,,,0,0,0.8333,10,12,-1,4,0,0.8333,5,6,-1,1,0,0,,,,0,0
QQQ_1h_1752593400_1755264600_42.png,test,QQQ,1h,2025-07-15T15:30:00+00:00,2025-08-15T13:30:00+00:00,160,960,640,0,,,,0,0,0,,,,0,0,0.8333,10,12,-1,3,0,0.8333,10,12,-1,2,0,0,,,,0,0
QQQ_1h_1753277400_1755887400_42.png,test,QQQ,1h,2025-07-23T13:30:00+00:00,2025-08-22T18:30:00+00:00,160,960,640,0,,,,0,0,0,,,,0,0,0.8333,10,12,-1,2,0,0.8333,5,6,-1,1,0,0,,,,0,0
QQQ_1h_1753900200_1756830600_42.png,test,QQQ,1h,2025-07-30T18:30:00+00:00,2025-09-02T16:30:00+00:00,160,960,640,0,,,,0,0,0,,,,0,0,0.8333,10,12,-1,2,0,0.8333,5,6,-1,1,0,0,,,,0,0
QQQ_1h_1754584200_1757514600_42.png,test,QQQ,1h,2025-08-07T16:30:00+00:00,2025-09-10T14:30:00+00:00,160,960,640,0,,,,0,0,0,,,,0,0,0.8333,10,12,-1,2,0,0.8333,5,6,-1,1,0,0,,,,0,0
QQQ_1h_1755268200_1758137400_42.png,test,QQQ,1h,2025-08-15T14:30:00+00:00,2025-09-17T19:30:00+00:00,160,960,640,0,,,,0,0,0,,,,0,0,0.8333,10,12,-1,2,0,0.8333,5,6,-1,1,0,0,,,,0,0
QQQ_1h_1755891000_1758821400_42.png,test,QQQ,1h,2025-08-22T19:30:00+00:00,2025-09-25T17:30:00+00:00,160,960,640,0,,,,0,0,0,,,,0,0,0.8333,10,12,-1,2,0,0.8333,5,6,-1,1,0,0,,,,0,0
QQQ_1h_1756834200_1759505400_42.png,test,QQQ,1h,2025-09-02T17:30:00+00:00,2025-10-03T15:30:00+00:00,160,960,640,0,,,,0,0,0,,,,0,0,0.8333,10,12,-1,2,0,0.8333,5,6,-1,1,0,0,,,,0,0
QQQ_1h_1757518200_1760362200_42.png,test,QQQ,1h,2025-09-10T15:30:00+00:00,2025-10-13T13:30:00+00:00,160,960,640,0,,,,0,0,0,,,,0,0,0.8333,10,12,-1,2,0,0.8333,10,12,-1,2,0,1,,,,1,1
QQQ_1h_1758202200_1760985000_42.png,test,QQQ,1h,2025-09-18T13:30:00+00:00,2025-10-20T18:30:00+00:00,160,960,640,0,,,,0,0,0,,,,0,0,0.8333,10,12,-1,2,0,0.8333,10,12,-1,2,0,0,,,,0,0
QQQ_1h_1758825000_1761669000_42.png,test,QQQ,1h,2025-09-25T18:30:00+00:00,2025-10-28T16:30:00+00:00,160,960,640,0,,,,0,0,0,,,,0,0,0.8333,10,12,-1,3,0,0.8333,5,6,-1,1,0,0,,,,0,0
SPY_1h_1752593400_1755264600_42.png,test,SPY,1h,2025-07-15T15:30:00+00:00,2025-08-15T13:30:00+00:00,160,960,640,0,,,,0,0,0,,,,0,0,0.8333,5,6,-1,1,0,0.8333,5,6,-1,1,0,0,,,,0,0
SPY_1h_1753277400_1755887400_42.png,test,SPY,1h,2025-07-23T13:30:00+00:00,2025-08-22T18:30:00+00:00,160,960,640,0,,,,0,0,0,,,,0,0,0.8333,10,12,-1,2,0,0.8333,5,6,-1,1,0,0,,,,0,0
SPY_1h_1753900200_1756830600_42.png,test,SPY,1h,2025-07-30T18:30:00+00:00,2025-09-02T16:30:00+00:00,160,960,640,0,,,,0,0,0,,,,0,0,0.8333,10,12,-1,2,0,0.8333,5,6,-1,1,0,0,,,,0,0
SPY_1h_1754584200_1757514600_42.png,test,SPY,1h,2025-08-07T16:30:00+00:00,2025-09-10T14:30:00+00:00,160,960,640,0,,,,0,0,0,,,,0,0,0.8333,10,12,-1,2,0,0.8333,5,6,-1,1,0,0,,,,0,0
SPY_1h_1755268200_1758137400_42.png,test,SPY,1h,2025-08-15T14:30:00+00:00,2025-09-17T19:30:00+00:00,160,960,640,0,,,,0,0,0,,,,0,0,0.8333,10,12,-1,2,0,0.8333,5,6,-1,1,0,0,,,,0,0
SPY_1h_1755891000_1758821400_42.png,test,SPY,1h,2025-08-22T19:30:00+00:00,2025-09-25T17:30:00+00:00,160,960,640,0,,,,0,0,0,,,,0,0,0.0,0,0,0,0,0,0.0,0,0,0,0,0,0,,,,0,0
SPY_1h_1756834200_1759505400_42.png,test,SPY,1h,2025-09-02T17:30:00+00:00,2025-10-03T15:30:00+00:00,160,960,640,0,,,,0,0,0,,,,0,0,0.8333,5,6,-1,1,0,0.0,0,0,0,0,0,0,,,,0,0
SPY_1h_1757518200_1760362200_42.png,test,SPY,1h,2025-09-10T15:30:00+00:00,2025-10-13T13:30:00+00:00,160,960,640,0,,,,0,0,0,,,,0,0,0.8333,5,6,-1,1,0,0.8333,5,6,-1,1,0,0,,,,0,0
SPY_1h_1758202200_1760985000_42.png,test,SPY,1h,2025-09-18T13:30:00+00:00,2025-10-20T18:30:00+00:00,160,960,640,0,,,,0,0,0,,,,0,0,0.8333,10,12,-1,2,0,0.8333,10,12,-1,2,0,0,,,,0,0
SPY_1h_1758825000_1761669000_42.png,test,SPY,1h,2025-09-25T18:30:00+00:00,2025-10-28T16:30:00+00:00,160,960,640,0,,,,0,0,0,,,,0,0,0.8333,10,12,-1,3,0,0.8333,10,12,-1,2,0,0,,,,0,0
TSLA_1h_1752593400_1755264600_42.png,test,TSLA,1h,2025-07-15T15:30:00+00:00,2025-08-15T13:30:00+00:00,160,960,640,0,,,,0,0,0,,,,0,0,0.8333,10,12,-1,2,0,0.8333,5,6,-1,1,0,0,,,,0,0
TSLA_1h_1753277400_1755887400_42.png,test,TSLA,1h,2025-07-23T13:30:00+00:00,2025-08-22T18:30:00+00:00,160,960,640,0,,,,0,0,0,,,,0,0,0.8333,10,12,-1,3,0,0.75,9,12,-1,2,0,0,,,,0,0
TSLA_1h_1753900200_1756830600_42.png,test,TSLA,1h,2025-07-30T18:30:00+00:00,2025-09-02T16:30:00+00:00,160,960,640,0,,,,0,0,0,,,,0,0,0.75,9,12,-1,2,0,0.6667,4,6,-1,1,0,0,,,,0,0
TSLA_1h_1754584200_1757514600_42.png,test,TSLA,1h,2025-08-07T16:30:00+00:00,2025-09-10T14:30:00+00:00,160,960,640,0,,,,0,0,0,,,,0,0,0.8333,10,12,-1,2,0,0.8333,5,6,-1,1,0,0,,,,0,0
TSLA_1h_1755268200_1758137400_42.png,test,TSLA,1h,2025-08-15T14:30:00+00:00,2025-09-17T19:30:00+00:00,160,960,640,0,,,,0,0,0,,,,0,0,0.75,9,12,-1,2,0,0.8333,5,6,-1,1,0,0,,,,0,0
TSLA_1h_1755891000_1758821400_42.png,test,TSLA,1h,2025-08-22T19:30:00+00:00,2025-09-25T17:30:00+00:00,160,960,640,0,,,,0,0,0,,,,0,0,0.0,0,0,0,0,0,0.0,0,0,0,0,0,0,,,,0,0
TSLA_1h_1756834200_1759505400_42.png,test,TSLA,1h,2025-09-02T17:30:00+00:00,2025-10-03T15:30:00+00:00,160,960,640,0,,,,0,0,0,,,,0,0,0.8333,5,6,-1,1,0,0.0,0,0,0,0,0,0,,,,0,0
TSLA_1h_1757518200_1760362200_42.png,test,TSLA,1h,2025-09-10T15:30:00+00:00,2025-10-13T13:30:00+00:00,160,960,640,0,,,,0,0,0,,,,0,0,0.8333,5,6,-1,1,0,0.8333,5,6,-1,1,0,0,,,,0,0
TSLA_1h_1758202200_1760985000_42.png,test,TSLA,1h,2025-09-18T13:30:00+00:00,2025-10-20T18:30:00+00:00,160,960,640,0,,,,0,0,0,,,,0,0,0.8333,10,12,-1,2,0,0.8333,10,12,-1,2,0,0,,,,0,0
TSLA_1h_1758825000_1761669000_42.png,test,TSLA,1h,2025-09-25T18:30:00+00:00,2025-10-28T16:30:00+00:00,160,960,640,0,,,,0,0,0,,,,0,0,0.8333,10,12,-1,3,0,0.8333,10,12,-1,2,0,0,,,,0,0
AAPL_1h_1700058600_1703003400_42.png,train,AAPL,1h,2023-11-15T14:30:00+00:00,2023-12-19T16:30:00+00:00,160,960,640,0,,,,0,0,0,,,,0,0,0.8333,10,12,-1,3,0,0.8333,10,12,-1,2,0,0,,,,0,0
AAPL_1h_1700681400_1703773800_42.png,train,AAPL,1h,2023-11-22T19:30:00+00:00,2023-12-28T14:30:00+00:00,160,960,640,0,,,,0,0,0,,,,0,0,0.8333,10,12,-1,3,0,0.8333,10,12,-1,2,0,0,,,,0,0
AAPL_1h_1701700200_1704483000_42.png,train,AAPL,1h,2023-12-04T14:30:00+00:00,2024-01-05T19:30:00+00:00,160,960,640,0,,,,0,0,0,,,,0,0,0.8333,10,12,-1,2,0,0.8333,5,6,-1,1,0,0,,,,0,0
AAPL_1h_1702323000_1705426200_42.png,train,AAPL,1h,2023-12-11T19:30:00+00:00,2024-01-16T17:30:00+00:00,160,960,640,0,,,,0,0,0,,,,0,0,0.8333,10,12,-1,2,0,0.75,9,12,-1,2,0,0,,,,0,0
AAPL_1h_1703007000_1706110200_42.png,train,AAPL,1h,2023-12-19T17:30:00+00:00,2024-01-24T15:30:00+00:00,160,960,640,0,,,,0,0,0,,,,0,0,0.75,9,12,-1,3,0,0.6667,8,12,-1,2,0,0,,,,0,0
AAPL_1h_1703777400_1706733000_42.png,train,AAPL,1h,2023-12-28T15:30:00+00:00,2024-01-31T20:30:00+00:00,160,960,640,0,,,,0,0,0,,,,0,0,0.75,9,12,-1,2,0,0.8333,5,6,-1,1,0,0,,,,0,0
AAPL_1h_1704486600_1707417000_42.png,train,AAPL,1h,2024-01-05T20:30:00+00:00,2024-02-08T18:30:00+00:00,160,960,640,0,,,,0,0,0,,,,0,0,0.75,9,12,-1,2,0,0.8333,5,6,-1,1,0,0,,,,0,0
AAPL_1h_1705429800_1708101000_42.png,train,AAPL,1h,2024-01-16T18:30:00+00:00,2024-02-16T16:30:00+00:00,160,960,640,0,,,,0,0,0,,,,0,0,0.8333,5,6,-1,1,0,0.0,0,0,0,0,0,0,,,,0,0
AAPL_1h_1706113800_1709044200_42.png,train,AAPL,1h,2024-01-24T16:30:00+00:00,2024-02-27T14:30:00+00:00,160,960,640,0,,,,0,0,0,,,,0,0,0.8333,10,12,-1,2,0,0.8333,5,6,-1,1,0,0,,,,0,0
AAPL_1h_1706797800_1709667000_42.png,train,AAPL,1h,2024-02-01T14:30:00+00:00,2024-03-05T19:30:00+00:00,160,960,640,0,,,,0,0,0,,,,0,0,0.8333,5,6,-1,1,0,0.0,0,0,0,0,0,0,,,,0,0
AAPL_1h_1707420600_1710347400_42.png,train,AAPL,1h,2024-02-08T19:30:00+00:00,2024-03-13T16:30:00+00:00,160,960,640,0,,,,0,0,0,,,,0,0,0.8333,10,12,-1,2,0,0.8333,5,6,-1,1,0,0,,,,0,0
AAPL_1h_1708104600_1711031400_42.png,train,AAPL,1h,2024-02-16T17:30:00+00:00,2024-03-21T14:30:00+00:00,160,960,640,0,,,,0,0,0,,,,0,0,0.8333,10,12,-1,2,0,0.75,9,12,-1,3,0,0,,,,0,0
AAPL_1h_1709047800_1711654200_42.png,train,AAPL,1h,2024-02-27T15:30:00+00:00,2024-03-28T19:30:00+00:00,160,960,640,0,,,,0,0,0,,,,0,0,0.8333,10,12,-1,3,0,0.8333,10,12,-1,3,0,0,,,,0,0
AAPL_1h_1709670600_1712597400_42.png,train,AAPL,1h,2024-03-05T20:30:00+00:00,2024-04-08T17:30:00+00:00,160,960,640,0,,,,0,0,0,,,,0,0,0.8333,10,12,-1,3,0,0.8333,10,12,-1,3,0,0,,,,0,0
AAPL_1h_1710351000_1713281400_42.png,train,AAPL,1h,2024-03-13T17:30:00+00:00,2024-04-16T15:30:00+00:00,160,960,640,0,,,,0,0,0,,,,0,0,0.8333,10,12,-1,4,0,0.8333,10,12,-1,3,0,0,,,,0,0
AAPL_1h_1711035000_1713965400_42.png,train,AAPL,1h,2024-03-21T15:30:00+00:00,2024-04-24T13:30:00+00:00,160,960,640,0,,,,0,0,0,,,,0,0,0.75,9,12,-1,3,0,0.8333,10,12,-1,2,0,0,,,,0,0
AAPL_1h_1711978200_1714588200_42.png,train,AAPL,1h,2024-04-01T13:30:00+00:00,2024-05-01T18:30:00+00:00,160,960,640,0,,,,0,0,0,,,,0,0,0.8333,10,12,-1,2,0,0.8333,5,6,-1,1,0,0,,,,0,0
AAPL_1h_1712601000_1715272200_42.png,train,AAPL,1h,2024-04-08T18:30:00+00:00,2024-05-09T16:30:00+00:00,160,960,640,0,,,,0,0,0,,,,0,0,0.6667,8,12,-1,2,0,0.75,9,12,-1,2,0,0,,,,0,0
AAPL_1h_1713285000_1715956200_42.png,train,AAPL,1h,2024-04-16T16:30:00+00:00,2024-05-17T14:30:00+00:00,160,960,640,0,,,,0,0,0,,,,0,0,0.75,9,12,-1,3,0,0.75,9,12,-1,3,0,0,,,,0,0
AAPL_1h_1713969000_1716579000_42.png,train,AAPL,1h,2024-04-24T14:30:00+00:00,2024-05-24T19:30:00+00:00,160,960,640,0,,,,0,0,0,,,,0,0,0.75,9,12,-1,3,0,0.75,9,12,-1,3,0,0,,,,0,0
AAPL_1h_1714591800_1717522200_42.png,train,AAPL,1h,2024-05-01T19:30:00+00:00,2024-06-04T17:30:00+00:00,160,960,640,0,,,,0,0,0,,,,0,0,0.8333,10,12,-1,3,0,0.8333,10,12,-1,2,0,0,,,,0,0
AAPL_1h_1715275800_1718206200_42.png,train,AAPL,1h,2024-05-09T17:30:00+00:00,2024-06-12T15:30:00+00:00,160,960,640,0,,,,0,0,0,,,,0,0,0.8333,10,12,-1,2,0,0.8333,10,12,-1,2,0,0,,,,0,0
AAPL_1h_1715959800_1718976600_42.png,train,AAPL,1h,2024-05-17T15:30:00+00:00,2024-06-21T13:30:00+00:00,160,960,640,0,,,,0,0,0,,,,0,0,0.8333,5,6,-1,1,0,0.8333,5,6,-1,1,0,0,,,,0,0
AAPL_1h_1716903000_1719599400_42.png,train,AAPL,1h,2024-05-28T13:30:00+00:00,2024-06-28T18:30:00+00:00,160,960,640,0,,,,0,0,0,,,,0,0,0.8333,5,6,-1,1,0,0.8333,5,6,-1,1,0,0,,,,0,0
AAPL_1h_1717525800_1720618200_42.png,train,AAPL,1h,2024-06-04T18:30:00+00:00,2024-07-10T13:30:00+00:00,160,960,640,0,,,,0,0,0,,,,0,0,0.8333,5,6,-1,1,0,0.8333,5,6,-1,1,0,0,,,,0,0
AAPL_1h_1718209800_1721241000_42.png,train,AAPL,1h,2024-06-12T16:30:00+00:00,2024-07-17T18:30:00+00:00,160,960,640,0,,,,0,0,0,,,,0,0,0.0,0,0,0,0,0,0.8333,5,6,-1,1,0,0,,,,0,0
AAPL_1h_1718980200_1721925000_42.png,train,AAPL,1h,2024-06-21T14:30:00+00:00,2024-07-25T16:30:00+00:00,160,960,640,0,,,,0,0,0,,,,0,0,0.0,0,0,0,0,0,0.0,0,0,0,0,0,0,,,,0,0
AAPL_1h_1719603000_1722609000_42.png,train,AAPL,1h,2024-06-28T19:30:00+00:00,2024-08-02T14:30:00+00:00,160,960,640,0,,,,0,0,0,,,,0,0,0.6667,4,6,-1,1,0,0.8333,5,6,-1,1,0,0,,,,0,0
AAPL_1h_1720621800_1723231800_42.png,train,AAPL,1h,2024-07-10T14:30:00+00:00,2024-08-09T19:30:00+00:00,160,960,640,0,,,,0,0,0,,,,0,0,0.8333,10,12,-1,2,0,0.75,9,12,-1,2,0,0,,,,0,0
AAPL_1h_1721244600_1724088600_42.png,train,AAPL,1h,2024-07-17T19:30:00+00:00,2024-08-19T17:30:00+00:00,160,960,640,0,,,,0,0,0,,,,0,0,0.8333,10,12,-1,2,0,0.6667,4,6,-1,1,0,0,,,,0,0
AAPL_1h_1721928600_1724772600_42.png,train,AAPL,1h,2024-07-25T17:30:00+00:00,2024-08-27T15:30:00+00:00,160,960,640,0,,,,0,0,0,,,,0,0,0.0,0,0,0,0,0,0.0,0,0,0,0,0,0,,,,0,0
AAPL_1h_1722612600_1725543000_42.png,train,AAPL,1h,2024-08-02T15:30:00+00:00,2024-09-05T13:30:00+00:00,160,960,640,0,,,,0,0,0,,,,0,0,0.0,0,0,0,0,0,0.0,0,0,0,0,0,0,,,,0,0
AAPL_1h_1723469400_1726165800_42.png,train,AAPL,1h,2024-08-12T13:30:00+00:00,2024-09-12T18:30:00+00:00,160,960,640,0,,,,0,0,0,,,,0,0,0.8333,5,6,-1,1,0,0.0,0,0,0,0,0,0,,,,0,0
AAPL_1h_1724092200_1726849800_42.png,train,AAPL,1h,2024-08-19T18:30:00+00:00,2024-09-20T16:30:00+00:00,160,960,640,0,,,,0,0,0,,,,0,0,0.8333,10,12,-1,3,0,0.8333,5,6,-1,1,0,0,,,,0,0
AAPL_1h_1724776200_1727706600_42.png,train,AAPL,1h,2024-08-27T16:30:00+00:00,2024-09-30T14:30:00+00:00,160,960,640,0,,,,0,0,0,,,,0,0,0.8333,10,12,-1,4,0,0.8333,10,12,-1,3,0,0,,,,0,0
AAPL_1h_1725546600_1728329400_42.png,train,AAPL,1h,2024-09-05T14:30:00+00:00,2024-10-07T19:30:00+00:00,160,960,640,0,,,,0,0,0,,,,0,0,0.8333,10,12,-1,2,0,0.8333,10,12,-1,2,0,0,,,,0,0
AAPL_1h_1726169400_1729013400_42.png,train,AAPL,1h,2024-09-12T19:30:00+00:00,2024-10-15T17:30:00+00:00,160,960,640,0,,,,0,0,0,,,,0,0,0.8333,10,12,-1,3,0,0.8333,10,12,-1,3,0,0,,,,0,0
AAPL_1h_1726853400_1729697400_42.png,train,AAPL,1h,2024-09-20T17:30:00+00:00,2024-10-23T15:30:00+00:00,160,960,640,0,,,,0,0,0,,,,0,0,0.8333,10,12,-1,3,0,0.8333,10,12,-1,3,0,0,,,,0,0
AAPL_1h_1727710200_1730381400_42.png,train,AAPL,1h,2024-09-30T15:30:00+00:00,2024-10-31T13:30:00+00:00,160,960,640,0,,,,0,0,0,,,,0,0,0.8333,10,12,-1,3,0,0.8333,10,12,-1,2,0,0,,,,0,0
AAPL_1h_1728394200_1731007800_42.png,train,AAPL,1h,2024-10-08T13:30:00+00:00,2024-11-07T19:30:00+00:00,160,960,640,0,,,,0,0,0,,,,0,0,0.8333,10,12,-1,3,0,0.8333,10,12,-1,2,0,0,,,,0,0
AAPL_1h_1729017000_1731691800_42.png,train,AAPL,1h,2024-10-15T18:30:00+00:00,2024-11-15T17:30:00+00:00,160,960,640,0,,,,0,0,0,,,,0,0,0.8333,10,12,-1,4,0,0.8333,10,12,-1,2,0,0,,,,0,0
AAPL_1h_1729701000_1732548600_42.png,train,AAPL,1h,2024-10-23T16:30:00+00:00,2024-11-25T15:30:00+00:00,160,960,640,0,,,,0,0,0,,,,0,0,0.8333,10,12,-1,3,0,0.8333,10,12,-1,2,0,1,,,,2,2
AAPL_1h_1730385000_1733333400_42.png,train,AAPL,1h,2024-10-31T14:30:00+00:00,2024-12-04T17:30:00+00:00,160,960,640,0,,,,0,0,0,,,,0,0,0.75,9,12,-1,3,0,0.8333,10,12,-1,2,0,0,,,,0,0
AAPL_1h_1731011400_1734017400_42.png,train,AAPL,1h,2024-11-07T20:30:00+00:00,2024-12-12T15:30:00+00:00,160,960,640,0,,,,0,0,0,,,,0,0,0.8333,5,6,-1,1,0,0.8333,5,6,-1,1,0,0,,,,0,0
AAPL_1h_1731695400_1734640200_42.png,train,AAPL,1h,2024-11-15T18:30:00+00:00,2024-12-19T20:30:00+00:00,160,960,640,0,,,,0,0,0,,,,0,0,0.8333,5,6,-1,1,0,0.0,0,0,0,0,0,0,,,,0,0
AAPL_1h_1732552200_1735659000_42.png,train,AAPL,1h,2024-11-25T16:30:00+00:00,2024-12-31T15:30:00+00:00,160,960,640,0,,,,0,0,0,,,,0,0,0.8333,10,12,-1,2,0,0.8333,5,6,-1,1,0,0,,,,0,0
AAPL_1h_1733337000_1736368200_42.png,train,AAPL,1h,2024-12-04T18:30:00+00:00,2025-01-08T20:30:00+00:00,160,960,640,0,,,,0,0,0,,,,0,0,0.75,9,12,-1,3,0,0.8333,10,12,-1,2,0,0,,,,0,0
AAPL_1h_1734021000_1737138600_42.png,train,AAPL,1h,2024-12-12T16:30:00+00:00,2025-01-17T18:30:00+00:00,160,960,640,0,,,,0,0,0,,,,0,0,0.75,9,12,-1,3,0,0.8333,10,12,-1,2,0,0,,,,0,0
AAPL_1h_1734705000_1738081800_42.png,train,AAPL,1h,2024-12-20T14:30:00+00:00,2025-01-28T16:30:00+00:00,160,960,640,0,,,,0,0,0,,,,0,0,0.8333,10,12,-1,3,0,0.75,9,12,-1,2,0,0,,,,0,0
AAPL_1h_1735662600_1738765800_42.png,train,AAPL,1h,2024-12-31T16:30:00+00:00,2025-02-05T14:30:00+00:00,160,960,640,0,,,,0,0,0,,,,0,0,0.75,9,12,-1,2,0,0.75,9,12,-1,3,0,0,,,,0,0
AAPL_1h_1736519400_1739388600_42.png,train,AAPL,1h,2025-01-10T14:30:00+00:00,2025-02-12T19:30:00+00:00,160,960,640,0,,,,0,0,0,,,,0,0,0.8333,10,12,-1,2,0,0.75,9,12,-1,3,0,0,,,,0,0
AAPL_1h_1737142200_1740159000_42.png,train,AAPL,1h,2025-01-17T19:30:00+00:00,2025-02-21T17:30:00+00:00,160,960,640,0,,,,0,0,0,,,,0,0,0.8333,10,12,-1,3,0,0.8333,10,12,-1,2,0,0,,,,0,0
AAPL_1h_1738085400_1741015800_42.png,train,AAPL,1h,2025-01-28T17:30:00+00:00,2025-03-03T15:30:00+00:00,160,960,640,0,,,,0,0,0,,,,0,0,0.8333,10,12,-1,2,0,0.8333,10,12,-1,2,0,0,,,,0,0
AAPL_1h_1738769400_1741635000_42.png,train,AAPL,1h,2025-02-05T15:30:00+00:00,2025-03-10T19:30:00+00:00,160,960,640,0,,,,0,0,0,,,,0,0,0.8333,10,12,-1,2,0,0.8333,5,6,-1,1,0,0,,,,0,0
AAPL_1h_1739392200_1742319000_42.png,train,AAPL,1h,2025-02-12T20:30:00+00:00,2025-03-18T17:30:00+00:00,160,960,640,0,,,,0,0,0,,,,0,0,0.8333,5,6,-1,1,0,0.0,0,0,0,0,0,0,,,,0,0
AAPL_1h_1740162600_1743003000_42.png,train,AAPL,1h,2025-02-21T18:30:00+00:00,2025-03-26T15:30:00+00:00,160,960,640,0,,,,0,0,0,,,,0,0,0.8333,5,6,-1,1,0,0.0,0,0,0,0,0,0,,,,0,0
AMZN_1h_1700058600_1703003400_42.png,train,AMZN,1h,2023-11-15T14:30:00+00:00,2023-12-19T16:30:00+00:00,160,960,640,0,,,,0,0,0,,,,0,0,0.8333,10,12,-1,3,0,0.8333,10,12,-1,3,0,0,,,,0,0
AMZN_1h_1700681400_1703773800_42.png,train,AMZN,1h,2023-11-22T19:30:00+00:00,2023-12-28T14:30:00+00:00,160,960,640,0,,,,0,0,0,,,,0,0,0.8333,10,12,-1,4,0,0.8333,5,6,-1,1,0,0,,,,0,0
AMZN_1h_1701700200_1704483000_42.png,train,AMZN,1h,2023-12-04T14:30:00+00:00,2024-01-05T19:30:00+00:00,160,960,640,0,,,,0,0,0,,,,0,0,0.8333,5,6,-1,1,0,0.0,0,0,0,0,0,0,,,,0,0
AMZN_1h_1702323000_1705426200_42.png,train,AMZN,1h,2023-12-11T19:30:00+00:00,2024-01-16T17:30:00+00:00,160,960,640,0,,,,0,0,0,,,,0,0,0.8333,10,12,-1,3,0,0.8333,10,12,-1,2,0,0,,,,0,0
AMZN_1h_1703007000_1706110200_42.png,train,AMZN,1h,2023-12-19T17:30:00+00:00,2024-01-24T15:30:00+00:00,160,960,640,0,,,,0,0,0,,,,0,0,0.8333,10,12,-1,3,0,0.8333,10,12,-1,2,0,0,,,,0,0
AMZN_1h_1703777400_1706733000_42.png,train,AMZN,1h,2023-12-28T15:30:00+00:00,2024-01-31T20:30:00+00:00,160,960,640,0,,,,0,0,0,,,,0,0,0.8333,10,12,-1,2,0,0.8333,5,6,-1,1,0,0,,,,0,0
AMZN_1h_1704486600_1707417000_42.png,train,AMZN,1h,2024-01-05T20:30:00+00:00,2024-02-08T18:30:00+00:00,160,960,640,0,,,,0,0,0,,,,0,0,0.8333,10,12,-1,2,0,0.8333,5,6,-1,1,0,0,,,,0,0
AMZN_1h_1705429800_1708101000_42.png,train,AMZN,1h,2024-01-16T18:30:00+00:00,2024-02-16T16:30:00+00:00,160,960,640,0,,,,0,0,0,,,,0,0,0.6667,4,6,-1,1,0,0.8333,5,6,-1,1,0,0,,,,0,0
AMZN_1h_1706113800_1709044200_42.png,train,AMZN,1h,2024-01-24T16:30:00+00:00,2024-02-27T14:30:00+00:00,160,960,640,0,,,,0,0,0,,,,0,0,0.8333,10,12,-1,2,0,0.6667,4,6,-1,1,0,0,,,,0,0
AMZN_1h_1706797800_1709667000_42.png,train,AMZN,1h,2024-02-01T14:30:00+00:00,2024-03-05T19:30:00+00:00,160,960,640,0,,,,0,0,0,,,,0,0,0.8333,10,12,-1,4,0,0.8333,10,12,-1,2,0,0,,,,0,0
AMZN_1h_1707420600_1710347400_42.png,train,AMZN,1h,2024-02-08T19:30:00+00:00,2024-03-13T16:30:00+00:00,160,960,640,0,,,,0,0,0,,,,0,0,0.8333,10,12,-1,3,0,0.8333,10,12,-1,4,0,0,,,,0,0
AMZN_1h_1708104600_1711031400_42.png,train,AMZN,1h,2024-02-16T17:30:00+00:00,2024-03-21T14:30:00+00:00,160,960,640,0,,,,0,0,0,,,,0,0,0.8333,10,12,-1,4,0,0.8333,10,12,-1,4,0,0,,,,0,0
AMZN_1h_1709047800_1711654200_42.png,train,AMZN,1h,2024-02-27T15:30:00+00:00,2024-03-28T19:30:00+00:00,160,960,640,0,,,,0,0,0,,,,0,0,0.8333,10,12,-1,3,0,0.8333,10,12,-1,3,0,1,,,,2,2
AMZN_1h_1709670600_1712597400_42.png,train,AMZN,1h,2024-03-05T20:30:00+00:00,2024-04-08T17:30:00+00:00,160,960,640,0,,,,0,0,0,,,,0,0,0.8333,10,12,-1,2,0,0.8333,10,12,-1,4,0,1,,,,1,1
AMZN_1h_1710351000_1713281400_42.png,train,AMZN,1h,2024-03-13T17:30:00+00:00,2024-04-16T15:30:00+00:00,160,960,640,0,,,,0,0,0,,,,0,0,0.8333,10,12,-1,4,0,0.8333,10,12,-1,2,0,0,,,,0,0
AMZN_1h_1711035000_1713965400_42.png,train,AMZN,1h,2024-03-21T15:30:00+00:00,2024-04-24T13:30:00+00:00,160,960,640,0,,,,0,0,0,,,,0,0,0.75,9,12,-1,3,0,0.8333,10,12,-1,2,0,0,,,,0,0
AMZN_1h_1711978200_1714588200_42.png,train,AMZN,1h,2024-04-01T13:30:00+00:00,2024-05-01T18:30:00+00:00,160,960,640,0,,,,0,0,0,,,,0,0,0.8333,10,12,-1,2,0,0.8333,10,12,-1,2,0,0,,,,0,0
AMZN_1h_1712601000_1715272200_42.png,train,AMZN,1h,2024-04-08T18:30:00+00:00,2024-05-09T16:30:00+00:00,160,960,640,0,,,,0,0,0,,,,0,0,0.75,9,12,-1,3,0,0.8333,10,12,-1,2,0,0,,,,0,0
AMZN_1h_1713285000_1715956200_42.png,train,AMZN,1h,2024-04-16T16:30:00+00:00,2024-05-17T14:30:00+00:00,160,960,640,0,,,,0,0,0,,,,0,0,0.75,9,12,-1,2,0,0.8333,10,12,-1,2,0,0,,,,0,0
AMZN_1h_1713969000_1716579000_42.png,train,AMZN,1h,2024-04-24T14:30:00+00:00,2024-05-24T19:30:00+00:00,160,960,640,0,,,,0,0,0,,,,0,0,0.75,9,12,-1,2,0,0.8333,10,12,-1,2,0,0,,,,0,0
AMZN_1h_1714591800_1717522200_42.png,train,AMZN,1h,2024-05-01T19:30:00+00:00,2024-06-04T17:30:00+00:00,160,960,640,0,,,,0,0,0,,,,0,0,0.8333,10,12,-1,2,0,0.8333,5,6,-1,1,0,0,,,,0,0
AMZN_1h_1715275800_1718206200_42.png,train,AMZN,1h,2024-05-09T17:30:00+00:00,2024-06-12T15:30:00+00:00,160,960,640,0,,,,0,0,0,,,,0,0,0.8333,10,12,-1,3,0,0.75,9,12,-1,3,0,0,,,,0,0
AMZN_1h_1715959800_1718976600_42.png,train,AMZN,1h,2024-05-17T15:30:00+00:00,2024-06-21T13:30:00+00:00,160,960,640,0,,,,0,0,0,,,,0,0,0.8333,10,12,-1,4,0,0.8333,10,12,-1,2,0,0,,,,0,0
AMZN_1h_1716903000_1719599400_42.png,train,AMZN,1h,2024-05-28T13:30:00+00:00,2024-06-28T18:30:00+00:00,160,960,640,0,,,,0,0,0,,,,0,0,0.75,9,12,-1,3,0,0.6667,4,6,-1,1,0,0,,,,0,0
AMZN_1h_1717525800_1720618200_42.png,train,AMZN,1h,2024-06-04T18:30:00+00:00,2024-07-10T13:30:00+00:00,160,960,640,0,,,,0,0,0,,,,0,0,0.6667,8,12,-1,2,0,0.6667,4,6,-1,1,0,0,,,,0,0
AMZN_1h_1718209800_1721241000_42.png,train,AMZN,1h,2024-06-12T16:30:00+00:00,2024-07-17T18:30:00+00:00,160,960,640,0,,,,0,0,0,,,,0,0,0.75,9,12,-1,2,0,0.6667,4,6,-1,1,0,0,,,,0,0
AMZN_1h_1718980200_1721925000_42.png,train,AMZN,1h,2024-06-21T14:30:00+00:00,2024-07-25T16:30:00+00:00,160,960,640,0,,,,0,0,0,,,,0,0,0.6667,4,6,-1,1,0,0.8333,5,6,-1,1,0,0,,,,0,0
AMZN_1h_1719603000_1722609000_42.png,train,AMZN,1h,2024-06-28T19:30:00+00:00,2024-08-02T14:30:00+00:00,160,960,640,0,,,,0,0,0,,,,0,0,0.8333,5,6,-1,1,0,0.8333,5,6,-1,1,0,0,,,,0,0
AMZN_1h_1720621800_1723231800_42.png,train,AMZN,1h,2024-07-10T14:30:00+00:00,2024-08-09T19:30:00+00:00,160,960,640,0,,,,0,0,0,,,,0,0,0.8333,5,6,-1,1,0,0.0,0,0,0,0,0,0,,,,0,0
AMZN_1h_1721244600_1724088600_42.png,train,AMZN,1h,2024-07-17T19:30:00+00:00,2024-08-19T17:30:00+00:00,160,960,640,0,,,,0,0,0,,,,0,0,0.8333,10,12,-1,2,0,0.0,0,0,0,0,0,0,,,,0,0
AMZN_1h_1721928600_1724772600_42.png,train,AMZN,1h,2024-07-25T17:30:00+00:00,2024-08-27T15:30:00+00:00,160,960,640,0,,,,0,0,0,,,,0,0,0.8333,5,6,-1,1,0,0.0,0,0,0,0,0,0,,,,0,0
AMZN_1h_1722612600_1725543000_42.png,train,AMZN,1h,2024-08-02T15:30:00+00:00,2024-09-05T13:30:00+00:00,160,960,640,0,,,,0,0,0,,,,0,0,0.8333,5,6,-1,1,0,0.0,0,0,0,0,0,0,,,,0,0
AMZN_1h_1723469400_1726165800_42.png,train,AMZN,1h,2024-08-12T13:30:00+00:00,2024-09-12T18:30:00+00:00,160,960,640,0,,,,0,0,0,,,,0,0,0.8333,10,12,-1,3,0,0.8333,5,6,-1,1,0,0,,,,0,0
AMZN_1h_1724092200_1726849800_42.png,train,AMZN,1h,2024-08-19T18:30:00+00:00,2024-09-20T16:30:00+00:00,160,960,640,0,,,,0,0,0,,,,0,0,0.75,9,12,-1,3,0,0.8333,5,6,-1,1,0,0,,,,0,0
AMZN_1h_1724776200_1727706600_42.png,train,AMZN,1h,2024-08-27T16:30:00+00:00,2024-09-30T14:30:00+00:00,160,960,640,0,,,,0,0,0,,,,0,0,0.75,9,12,-1,3,0,0.8333,5,6,-1,1,0,0,,,,0,0
AMZN_1h_1725546600_1728329400_42.png,train,AMZN,1h,2024-09-05T14:30:00+00:00,2024-10-07T19:30:00+00:00,160,960,640,0,,,,0,0,0,,,,0,0,0.75,9,12,-1,3,0,0.8333,5,6,-1,1,0,0,,,,0,0
AMZN_1h_1726169400_1729013400_42.png,train,AMZN,1h,2024-09-12T19:30:00+00:00,2024-10-15T17:30:00+00:00,160,960,640,0,,,,0,0,0,,,,0,0,0.8333,10,12,-1,4,0,0.8333,5,6,-1,1,0,0,,,,0,0
AMZN_1h_1726853400_1729697400_42.png,train,AMZN,1h,2024-09-20T17:30:00+00:00,2024-10-23T15:30:00+00:00,160,960,640,0,,,,0,0,0,,,,0,0,0.8333,10,12,-1,2,0,0.8333,5,6,-1,1,0,0,,,,0,0
AMZN_1h_1727710200_1730381400_42.png,train,AMZN,1h,2024-09-30T15:30:00+00:00,2024-10-31T13:30:00+00:00,160,960,640,0,,,,0,0,0,,,,0,0,0.8333,10,12,-1,3,0,0.8333,10,12,-1,2,0,0,,,,0,0
AMZN_1h_1728394200_1731007800_42.png,train,AMZN,1h,2024-10-08T13:30:00+00:00,2024-11-07T19:30:00+00:00,160,960,640,0,,,,0,0,0,,,,0,0,0.75,9,12,-1,3,0,0.75,9,12,-1,2,0,0,,,,0,0
AMZN_1h_1729017000_1731691800_42.png,train,AMZN,1h,2024-10-15T18:30:00+00:00,2024-11-15T17:30:00+00:00,160,960,640,0,,,,0,0,0,,,,0,0,0.75,9,12,-1,3,0,0.75,9,12,-1,2,0,0,,,,0,0
AMZN_1h_1729701000_1732548600_42.png,train,AMZN,1h,2024-10-23T16:30:00+00:00,2024-11-25T15:30:00+00:00,160,960,640,0,,,,0,0,0,,,,0,0,0.8333,10,12,-1,2,0,0.8333,5,6,-1,1,0,0,,,,0,0
AMZN_1h_1730385000_1733333400_42.png,train,AMZN,1h,2024-10-31T14:30:00+00:00,2024-12-04T17:30:00+00:00,160,960,640,0,,,,0,0,0,,,,0,0,0.75,9,12,-1,4,0,0.75,9,12,-1,3,0,0,,,,0,0
AMZN_1h_1731011400_1734017400_42.png,train,AMZN,1h,2024-11-07T20:30:00+00:00,2024-12-12T15:30:00+00:00,160,960,640,0,,,,0,0,0,,,,0,0,0.8333,10,12,-1,2,0,0.8333,5,6,-1,1,0,0,,,,0,0
AMZN_1h_1731695400_1734640200_42.png,train,AMZN,1h,2024-11-15T18:30:00+00:00,2024-12-19T20:30:00+00:00,160,960,640,0,,,,0,0,0,,,,0,0,0.8333,5,6,-1,1,0,0.0,0,0,0,0,0,0,,,,0,0
AMZN_1h_1732552200_1735659000_42.png,train,AMZN,1h,2024-11-25T16:30:00+00:00,2024-12-31T15:30:00+00:00,160,960,640,0,,,,0,0,0,,,,0,0,0.8333,10,12,-1,2,0,0.8333,5,6,-1,1,0,0,,,,0,0
AMZN_1h_1733337000_1736368200_42.png,train,AMZN,1h,2024-12-04T18:30:00+00:00,2025-01-08T20:30:00+00:00,160,960,640,0,,,,0,0,0,,,,0,0,0.8333,10,12,-1,3,0,0.8333,10,12,-1,2,0,0,,,,0,0
AMZN_1h_1734021000_1737138600_42.png,train,AMZN,1h,2024-12-12T16:30:00+00:00,2025-01-17T18:30:00+00:00,160,960,640,0,,,,0,0,0,,,,0,0,0.8333,10,12,-1,2,0,0.8333,10,12,-1,2,0,0,,,,0,0
AMZN_1h_1734705000_1738081800_42.png,train,AMZN,1h,2024-12-20T14:30:00+00:00,2025-01-28T16:30:00+00:00,160,960,640,0,,,,0,0,0,,,,0,0,0.75,9,12,-1,2,0,0.8333,5,6,-1,1,0,0,,,,0,0
AMZN_1h_1735662600_1738765800_42.png,train,AMZN,1h,2024-12-31T16:30:00+00:00,2025-02-05T14:30:00+00:00,160,960,640,0,,,,0,0,0,,,,0,0,0.75,9,12,-1,2,0,0.0,0,0,0,0,0,0,,,,0,0
AMZN_1h_1736519400_1739388600_42.png,train,AMZN,1h,2025-01-10T14:30:00+00:00,2025-02-12T19:30:00+00:00,160,960,640,0,,,,0,0,0,,,,0,0,0.8333,5,6,-1,1,0,0.8333,5,6,-1,1,0,0,,,,0,0
AMZN_1h_1737142200_1740159000_42.png,train,AMZN,1h,2025-01-17T19:30:00+00:00,2025-02-21T17:30:00+00:00,160,960,640,0,,,,0,0,0,,,,0,0,0.8333,5,6,-1,1,0,0.8333,5,6,-1,1,0,0,,,,0,0
AMZN_1h_1738085400_1741015800_42.png,train,AMZN,1h,2025-01-28T17:30:00+00:00,2025-03-03T15:30:00+00:00,160,960,640,0,,,,0,0,0,,,,0,0,0.8333,10,12,-1,2,0,0.8333,5,6,-1,1,0,0,,,,0,0
AMZN_1h_1738769400_1741635000_42.png,train,AMZN,1h,2025-02-05T15:30:00+00:00,2025-03-10T19:30:00+00:00,160,960,640,0,,,,0,0,0,,,,0,0,0.8333,5,6,-1,1,0,0.8333,5,6,-1,1,0,0,,,,0,0
AMZN_1h_1739392200_1742319000_42.png,train,AMZN,1h,2025-02-12T20:30:00+00:00,2025-03-18T17:30:00+00:00,160,960,640,0,,,,0,0,0,,,,0,0,0.75,9,12,-1,3,0,0.8333,10,12,-1,2,0,0,,,,0,0
AMZN_1h_1740162600_1743003000_42.png,train,AMZN,1h,2025-02-21T18:30:00+00:00,2025-03-26T15:30:00+00:00,160,960,640,0,,,,0,0,0,,,,0,0,0.8333,10,12,-1,4,0,0.75,9,12,-1,2,0,0,,,,0,0
BTC-USD_1h_1700006400_1700578800_42.png,train,BTC-USD,1h,2023-11-15T00:00:00+00:00,2023-11-21T15:00:00+00:00,160,960,640,0,,,,0,0,0,,,,0,0,0.0,0,0,0,0,0,0.0,0,0,0,0,0,0,,,,0,0
BTC-USD_1h_1700150400_1700722800_42.png,train,BTC-USD,1h,2023-11-16T16:00:00+00:00,2023-11-23T07:00:00+00:00,160,960,640,0,,,,0,0,0,,,,0,0,0.8333,5,6,-1,1,0,0.0,0,0,0,0,0,0,,,,0,0
BTC-USD_1h_1700294400_1700866800_42.png,train,BTC-USD,1h,2023-11-18T08:00:00+00:00,2023-11-24T23:00:00+00:00,160,960,640,0,,,,0,0,0,,,,0,0,0.8333,10,12,-1,2,0,0.8333,5,6,-1,1,0,0,,,,0,0
BTC-USD_1h_1700438400_1701010800_42.png,train,BTC-USD,1h,2023-11-20T00:00:00+00:00,2023-11-26T15:00:00+00:00,160,960,640,0,,,,0,0,0,,,,0,0,0.8333,10,12,-1,2,0,0.8333,5,6,-1,1,0,0,,,,0,0
BTC-USD_1h_1700582400_1701154800_42.png,train,BTC-USD,1h,2023-11-21T16:00:00+00:00,2023-11-28T07:00:00+00:00,160,960,640,0,,,,0,0,0,,,,0,0,0.8333,5,6,-1,1,0,0.8333,5,6,-1,1,0,0,,,,0,0
BTC-USD_1h_1700726400_1701298800_42.png,train,BTC-USD,1h,2023-11-23T08:00:00+00:00,2023-11-29T23:00:00+00:00,160,960,640,0,,,,0,0,0,,,,0,0,0.8333,5,6,-1,1,0,0.8333,5,6,-1,1,0,0,,,,0,0
BTC-USD_1h_1700870400_1701442800_42.png,train,BTC-USD,1h,2023-11-25T00:00:00+00:00,2023-12-01T15:00:00+00:00,160,960,640,0,,,,0,0,0,,,,0,0,0.8333,10,12,-1,4,1,0.8333,5,6,-1,1,0,0,,,,0,0
BTC-USD_1h_1701014400_1701586800_42.png,train,BTC-USD,1h,2023-11-26T16:00:00+00:00,2023-12-03T07:00:00+00:00,160,960,640,0,,,,0,0,0,,,,0,0,0.8333,10,12,-1,2,0,0.8333,5,6,-1,1,0,0,,,,0,0
BTC-USD_1h_1701158400_1701730800_42.png,train,BTC-USD,1h,2023-11-28T08:00:00+00:00,2023-12-04T23:00:00+00:00,160,960,640,0,,,,0,0,0,,,,0,0,0.0,0,0,0,0,0,0.0,0,0,0,0,0,0,,,,0,0
BTC-USD_1h_1701302400_1701874800_42.png,train,BTC-USD,1h,2023-11-30T00:00:00+00:00,2023-12-06T15:00:00+00:00,160,960,640,0,,,,0,0,0,,,,0,0,0.0,0,0,0,0,0,0.0,0,0,0,0,0,0,,,,0,0
BTC-USD_1h_1701446400_1702018800_42.png,train,BTC-USD,1h,2023-12-01T16:00:00+00:00,2023-12-08T07:00:00+00:00,160,960,640,0,,,,0,0,0,,,,0,0,0.0,0,0,0,0,0,0.0,0,0,0,0,0,0,,,,0,0
BTC-USD_1h_1701590400_1702162800_42.png,train,BTC-USD,1h,2023-12-03T08:00:00+00:00,2023-12-09T23:00:00+00:00,160,960,640,0,,,,0,0,0,,,,0,0,0.8333,5,6,-1,1,0,0.0,0,0,0,0,0,0,,,,0,0
BTC-USD_1h_1701734400_1702306800_42.png,train,BTC-USD,1h,2023-12-05T00:00:00+00:00,2023-12-11T15:00:00+00:00,160,960,640,0,,,,0,0,0,,,,0,0,0.8333,5,6,-1,1,0,0.0,0,0,0,0,0,0,,,,0,0
BTC-USD_1h_1701878400_1702450800_42.png,train,BTC-USD,1h,2023-12-06T16:00:00+00:00,2023-12-13T07:00:00+00:00,160,960,640,0,,,,0,0,0,,,,0,0,0.75,9,12,-1,2,0,0.6667,4,6,-1,1,0,0,,,,0,0
BTC-USD_1h_1702022400_1702594800_42.png,train,BTC-USD,1h,2023-12-08T08:00:00+00:00,2023-12-14T23:00:00+00:00,160,960,640,0,,,,0,0,0,,,,0,0,0.75,9,12,-1,2,0,0.8333,5,6,-1,1,0,0,,,,0,0
BTC-USD_1h_1702166400_1702738800_42.png,train,BTC-USD,1h,2023-12-10T00:00:00+00:00,2023-12-16T15:00:00+00:00,160,960,640,0,,,,0,0,0,,,,0,0,0.8333,10,12,-1,3,0,0.8333,10,12,-1,2,0,0,,,,0,0
BTC-USD_1h_1702310400_1702882800_42.png,train,BTC-USD,1h,2023-12-11T16:00:00+00:00,2023-12-18T07:00:00+00:00,160,960,640,0,,,,0,0,0,,,,0,0,0.8333,10,12,-1,2,0,0.8333,5,6,-1,1,0,0,,,,0,0
BTC-USD_1h_1702454400_1703026800_42.png,train,BTC-USD,1h,2023-12-13T08:00:00+00:00,2023-12-19T23:00:00+00:00,160,960,640,0,,,,0,0,0,,,,0,0,0.8333,10,12,-1,2,0,1.0,6,6,1,1,1,0,,,,0,0
BTC-USD_1h_1702598400_1703170800_42.png,train,BTC-USD,1h,2023-12-15T00:00:00+00:00,2023-12-21T15:00:00+00:00,160,960,640,0,,,,0,0,0,,,,0,0,0.8333,10,12,-1,4,0,0.75,9,12,-1,2,0,1,,,,2,2
BTC-USD_1h_1702742400_1703314800_42.png,train,BTC-USD,1h,2023-12-16T16:00:00+00:00,2023-12-23T07:00:00+00:00,160,960,640,0,,,,0,0,0,,,,0,0,0.8333,10,12,-1,2,0,0.6667,4,6,-1,1,0,1,,,,1,1
BTC-USD_1h_1702886400_1703458800_42.png,train,BTC-USD,1h,2023-12-18T08:00:00+00:00,2023-12-24T23:00:00+00:00,160,960,640,0,,,,0,0,0,,,,0,0,0.8333,5,6,-1,1,0,0.8333,5,6,-1,1,0,0,,,,0,0
BTC-USD_1h_1703030400_1703602800_42.png,train,BTC-USD,1h,2023-12-20T00:00:00+00:00,2023-12-26T15:00:00+00:00,160,960,640,0,,,,0,0,0,,,,0,0,0.9167,11,12,1,2,1,0.8333,5,6,-1,1,0,0,,,,0,0
BTC-USD_1h_1703174400_1703746800_42.png,train,BTC-USD,1h,2023-12-21T16:00:00+00:00,2023-12-28T07:00:00+00:00,160,960,640,0,,,,0,0,0,,,,0,0,0.9167,11,12,1,2,1,0.8333,5,6,-1,1,0,0,,,,0,0
BTC-USD_1h_1703318400_1703890800_42.png,train,BTC-USD,1h,2023-12-23T08:00:00+00:00,2023-12-29T23:00:00+00:00,160,960,640,0,,,,0,0,0,,,,0,0,0.9167,11,12,1,4,3,0.8333,10,12,-1,2,0,0,,,,0,0
BTC-USD_1h_1703462400_1704034800_42.png,train,BTC-USD,1h,2023-12-25T00:00:00+00:00,2023-12-31T15:00:00+00:00,160,960,640,0,,,,0,0,0,,,,0,0,0.8333,10,12,-1,2,0,0.8333,5,6,-1,1,0,0,,,,0,0
BTC-USD_1h_1703606400_1704178800_42.png,train,BTC-USD,1h,2023-12-26T16:00:00+00:00,2024-01-02T07:00:00+00:00,160,960,640,0,,,,0,0,0,,,,0,0,0.0,0,0,0,0,0,0.0,0,0,0,0,0,0,,,,0,0
BTC-USD_1h_1703750400_1704322800_42.png,train,BTC-USD,1h,2023-12-28T08:00:00+00:00,2024-01-03T23:00:00+00:00,160,960,640,0,,,,0,0,0,,,,0,0,0.0,0,0,0,0,0,0.0,0,0,0,0,0,0,,,,0,0
BTC-USD_1h_1703894400_1704466800_42.png,train,BTC-USD,1h,2023-12-30T00:00:00+00:00,2024-01-05T15:00:00+00:00,160,960,640,0,,,,0,0,0,,,,0,0,0.8333,5,6,-1,1,0,0.0,0,0,0,0,0,0,,,,0,0
BTC-USD_1h_1704038400_1704610800_42.png,train,BTC-USD,1h,2023-12-31T16:00:00+00:00,2024-01-07T07:00:00+00:00,160,960,640,0,,,,0,0,0,,,,0,0,0.8333,10,12,-1,2,0,0.8333,5,6,-1,1,0,0,,,,0,0
BTC-USD_1h_1704182400_1704754800_42.png,train,BTC-USD,1h,2024-01-02T08:00:00+00:00,2024-01-08T23:00:00+00:00,160,960,640,0,,,,0,0,0,,,,0,0,0.75,9,12,-1,3,0,0.9167,11,12,1,2,1,0,,,,0,0
BTC-USD_1h_1704326400_1704898800_42.png,train,BTC-USD,1h,2024-01-04T00:00:00+00:00,2024-01-10T15:00:00+00:00,160,960,640,0,,,,0,0,0,,,,0,0,0.6667,8,12,-1,2,0,1.0,6,6,1,1,1,0,,,,0,0
BTC-USD_1h_1704470400_1705042800_42.png,train,BTC-USD,1h,2024-01-05T16:00:00+00:00,2024-01-12T07:00:00+00:00,160,960,640,0,,,,0,0,0,,,,0,0,0.6667,8,12,-1,2,0,0.8333,5,6,-1,1,0,0,,,,0,0
BTC-USD_1h_1704614400_1705186800_42.png,train,BTC-USD,1h,2024-01-07T08:00:00+00:00,2024-01-13T23:00:00+00:00,160,960,640,0,,,,0,0,0,,,,0,0,0.8333,5,6,-1,1,0,0.0,0,0,0,0,0,0,,,,0,0
BTC-USD_1h_1704758400_1705330800_42.png,train,BTC-USD,1h,2024-01-09T00:00:00+00:00,2024-01-15T15:00:00+00:00,160,960,640,0,,,,0,0,0,,,,0,0,0.8333,5,6,-1,1,0,0.0,0,0,0,0,0,0,,,,0,0
BTC-USD_1h_1704902400_1705474800_42.png,train,BTC-USD,1h,2024-01-10T16:00:00+00:00,2024-01-17T07:00:00+00:00,160,960,640,0,,,,0,0,0,,,,0,0,0.0,0,0,0,0,0,0.0,0,0,0,0,0,0,,,,0,0
BTC-USD_1h_1705046400_1705618800_42.png,train,BTC-USD,1h,2024-01-12T08:00:00+00:00,2024-01-18T23:00:00+00:00,160,960,640,0,,,,0,0,0,,,,0,0,0.6667,4,6,-1,1,0,0.0,0,0,0,0,0,0,,,,0,0
BTC-USD_1h_1705190400_1705762800_42.png,train,BTC-USD,1h,2024-01-14T00:00:00+00:00,2024-01-20T15:00:00+00:00,160,960,640,0,,,,0,0,0,,,,0,0,0.8333,10,12,-1,2,0,0.0,0,0,0,0,0,0,,,,0,0
BTC-USD_1h_1705334400_1705906800_42.png,train,BTC-USD,1h,2024-01-15T16:00:00+00:00,2024-01-22T07:00:00+00:00,160,960,640,0,,,,0,0,0,,,,0,0,0.0,0,0,0,0,0,0.0,0,0,0,0,0,0,,,,0,0
BTC-USD_1h_1705478400_1706050800_42.png,train,BTC-USD,1h,2024-01-17T08:00:00+00:00,2024-01-23T23:00:00+00:00,160,960,640,0,,,,0,0,0,,,,0,0,0.75,9,12,-1,2,0,0.8333,5,6,-1,1,0,0,,,,0,0
BTC-USD_1h_1705622400_1706194800_42.png,train,BTC-USD,1h,2024-01-19T00:00:00+00:00,2024-01-25T15:00:00+00:00,160,960,640,0,,,,0,0,0,,,,0,0,0.8333,5,6,-1,1,0,0.8333,5,6,-1,1,0,0,,,,0,0
BTC-USD_1h_1705766400_1706338800_42.png,train,BTC-USD,1h,2024-01-20T16:00:00+00:00,2024-01-27T07:00:00+00:00,160,960,640,0,,,,0,0,0,,,,0,0,0.8333,10,12,-1,2,0,0.8333,5,6,-1,1,0,0,,,,0,0
BTC-USD_1h_1705910400_1706482800_42.png,train,BTC-USD,1h,2024-01-22T08:00:00+00:00,2024-01-28T23:00:00+00:00,160,960,640,0,,,,0,0,0,,,,0,0,0.0,0,0,0,0,0,0.0,0,0,0,0,0,0,,,,0,0
BTC-USD_1h_1706054400_1706626800_42.png,train,BTC-USD,1h,2024-01-24T00:00:00+00:00,2024-01-30T15:00:00+00:00,160,960,640,0,,,,0,0,0,,,,0,0,0.8333,5,6,-1,1,0,0.0,0,0,0,0,0,0,,,,0,0
BTC-USD_1h_1706198400_1706770800_42.png,train,BTC-USD,1h,2024-01-25T16:00:00+00:00,2024-02-01T07:00:00+00:00,160,960,640,0,,,,0,0,0,,,,0,0,0.8333,10,12,-1,3,0,0.8333,10,12,-1,2,0,0,,,,0,0
BTC-USD_1h_1706342400_1706914800_42.png,train,BTC-USD,1h,2024-01-27T08:00:00+00:00,2024-02-02T23:00:00+00:00,160,960,640,0,,,,0,0,0,,,,0,0,0.8333,10,12,-1,2,0,0.8333,5,6,-1,1,0,0,,,,0,0
BTC-USD_1h_1706486400_1707058800_42.png,train,BTC-USD,1h,2024-01-29T00:00:00+00:00,2024-02-04T15:00:00+00:00,160,960,640,0,,,,0,0,0,,,,0,0,0.8333,5,6,-1,1,0,0.0,0,0,0,0,0,0,,,,0,0
BTC-USD_1h_1706630400_1707202800_42.png,train,BTC-USD,1h,2024-01-30T16:00:00+00:00,2024-02-06T07:00:00+00:00,160,960,640,0,,,,0,0,0,,,,0,0,0.8333,10,12,-1,2,0,0.8333,5,6,-1,1,0,0,,,,0,0
BTC-USD_1h_1706774400_1707346800_42.png,train,BTC-USD,1h,2024-02-01T08:00:00+00:00,2024-02-07T23:00:00+00:00,160,960,640,0,,,,0,0,0,,,,0,0,0.8333,10,12,-1,2,0,1.0,6,6,1,1,1,0,,,,0,0
BTC-USD_1h_1706918400_1707490800_42.png,train,BTC-USD,1h,2024-02-03T00:00:00+00:00,2024-02-09T15:00:00+00:00,160,960,640,0,,,,0,0,0,,,,0,0,0.8333,5,6,-1,1,0,0.0,0,0,0,0,0,0,,,,0,0
BTC-USD_1h_1707062400_1707634800_42.png,train,BTC-USD,1h,2024-02-04T16:00:00+00:00,2024-02-11T07:00:00+00:00,160,960,640,0,,,,0,0,0,,,,0,0,0.8333,5,6,-1,1,0,0.0,0,0,0,0,0,0,,,,0,0
BTC-USD_1h_1707206400_1707778800_42.png,train,BTC-USD,1h,2024-02-06T08:00:00+00:00,2024-02-12T23:00:00+00:00,160,960,640,0,,,,0,0,0,,,,0,0,0.8333,5,6,-1,1,0,1.0,6,6,1,1,1,0,,,,0,0
BTC-USD_1h_1707350400_1707922800_42.png,train,BTC-USD,1h,2024-02-08T00:00:00+00:00,2024-02-14T15:00:00+00:00,160,960,640,0,,,,0,0,0,,,,0,0,0.75,9,12,-1,2,0,0.8333,5,6,-1,1,0,0,,,,0,0
BTC-USD_1h_1707494400_1708066800_42.png,train,BTC-USD,1h,2024-02-09T16:00:00+00:00,2024-02-16T07:00:00+00:00,160,960,640,0,,,,0,0,0,,,,0,0,0.8333,5,6,-1,1,0,0.0,0,0,0,0,0,0,,,,0,0
BTC-USD_1h_1707638400_1708210800_42.png,train,BTC-USD,1h,2024-02-11T08:00:00+00:00,2024-02-17T23:00:00+00:00,160,960,640,0,,,,0,0,0,,,,0,0,0.8333,10,12,-1,2,0,0.75,9,12,-1,2,0,0,,,,0,0
BTC-USD_1h_1707782400_1708354800_42.png,train,BTC-USD,1h,2024-02-13T00:00:00+00:00,2024-02-19T15:00:00+00:00,160,960,640,0,,,,0,0,0,,,,0,0,0.8333,10,12,-1,3,0,0.75,9,12,-1,2,0,0,,,,0,0
BTC-USD_1h_1707926400_1708498800_42.png,train,BTC-USD,1h,2024-02-14T16:00:00+00:00,2024-02-21T07:00:00+00:00,160,960,640,0,,,,0,0,0,,,,0,0,0.8333,10,12,-1,4,0,0.8333,10,12,-1,3,1,1,,,,1,1
BTC-USD_1h_1708070400_1708642800_42.png,train,BTC-USD,1h,2024-02-16T08:00:00+00:00,2024-02-22T23:00:00+00:00,160,960,640,0,,,,0,0,0,,,,0,0,0.8333,10,12,-1,3,0,0.8333,10,12,-1,2,0,0,,,,0,0
BTC-USD_1h_1708214400_1708786800_42.png,train,BTC-USD,1h,2024-02-18T00:00:00+00:00,2024-02-24T15:00:00+00:00,160,960,640,0,,,,0,0,0,,,,0,0,0.8333,10,12,-1,2,0,0.8333,5,6,-1,1,0,0,,,,0,0
BTC-USD_1h_1708358400_1708930800_42.png,train,BTC-USD,1h,2024-02-19T16:00:00+00:00,2024-02-26T07:00:00+00:00,160,960,640,0,,,,0,0,0,,,,0,0,0.8333,10,12,-1,2,0,0.8333,10,12,-1,2,0,0,,,,0,0
BTC-USD_1h_1708502400_1709074800_42.png,train,BTC-USD,1h,2024-02-21T08:00:00+00:00,2024-02-27T23:00:00+00:00,160,960,640,0,,,,0,0,0,,,,0,0,0.8333,5,6,-1,1,0,1.0,6,6,1,1,1,0,,,,0,0
BTC-USD_1h_1708646400_1709218800_42.png,train,BTC-USD,1h,2024-02-23T00:00:00+00:00,2024-02-29T15:00:00+00:00,160,960,640,0,,,,0,0,0,,,,0,0,0.0,0,0,0,0,0,0.0,0,0,0,0,0,0,,,,0,0
BTC-USD_1h_1708790400_1709362800_42.png,train,BTC-USD,1h,2024-02-24T16:00:00+00:00,2024-03-02T07:00:00+00:00,160,960,640,0,,,,0,0,0,,,,0,0,0.8333,5,6,-1,1,0,0.0,0,0,0,0,0,0,,,,0,0
BTC-USD_1h_1708934400_1709506800_42.png,train,BTC-USD,1h,2024-02-26T08:00:00+00:00,2024-03-03T23:00:00+00:00,160,960,640,0,,,,0,0,0,,,,0,0,0.8333,10,12,-1,2,0,0.8333,5,6,-1,1,0,0,,,,0,0
BTC-USD_1h_1709078400_1709650800_42.png,train,BTC-USD,1h,2024-02-28T00:00:00+00:00,2024-03-05T15:00:00+00:00,160,960,640,0,,,,0,0,0,,,,0,0,0.0,0,0,0,0,0,0.0,0,0,0,0,0,0,,,,0,0
BTC-USD_1h_1709222400_1709794800_42.png,train,BTC-USD,1h,2024-02-29T16:00:00+00:00,2024-03-07T07:00:00+00:00,160,960,640,0,,,,0,0,0,,,,0,0,0.8333,5,6,-1,1,0,0.0,0,0,0,0,0,0,,,,0,0
BTC-USD_1h_1709366400_1709938800_42.png,train,BTC-USD,1h,2024-03-02T08:00:00+00:00,2024-03-08T23:00:00+00:00,160,960,640,0,,,,0,0,0,,,,0,0,0.8333,10,12,-1,2,0,0.8333,5,6,-1,1,0,0,,,,0,0
BTC-USD_1h_1709510400_1710082800_42.png,train,BTC-USD,1h,2024-03-04T00:00:00+00:00,2024-03-10T15:00:00+00:00,160,960,640,0,,,,0,0,0,,,,0,0,0.0,0,0,0,0,0,0.0,0,0,0,0,0,0,,,,0,0
BTC-USD_1h_1709654400_1710226800_42.png,train,BTC-USD,1h,2024-03-05T16:00:00+00:00,2024-03-12T07:00:00+00:00,160,960,640,0,,,,0,0,0,,,,0,0,0.8333,5,6,-1,1,0,0.0,0,0,0,0,0,0,,,,0,0
BTC-USD_1h_1709798400_1710370800_42.png,train,BTC-USD,1h,2024-03-07T08:00:00+00:00,2024-03-13T23:00:00+00:00,160,960,640,0,,,,0,0,0,,,,0,0,0.8333,5,6,-1,1,0,0.8333,5,6,-1,1,0,0,,,,0,0
BTC-USD_1h_1709942400_1710514800_42.png,train,BTC-USD,1h,2024-03-09T00:00:00+00:00,2024-03-15T15:00:00+00:00,160,960,640,0,,,,0,0,0,,,,0,0,0.8333,10,12,-1,2,0,0.8333,10,12,-1,2,0,0,,,,0,0
BTC-USD_1h_1710086400_1710658800_42.png,train,BTC-USD,1h,2024-03-10T16:00:00+00:00,2024-03-17T07:00:00+00:00,160,960,640,0,,,,0,0,0,,,,0,0,0.75,9,12,-1,2,0,0.6667,4,6,-1,1,0,0,,,,0,0
BTC-USD_1h_1710230400_1710802800_42.png,train,BTC-USD,1h,2024-03-12T08:00:00+00:00,2024-03-18T23:00:00+00:00,160,960,640,0,,,,0,0,0,,,,0,0,0.6667,8,12,-1,2,0,0.8333,5,6,-1,1,0,0,,,,0,0
BTC-USD_1h_1710374400_1710946800_42.png,train,BTC-USD,1h,2024-03-14T00:00:00+00:00,2024-03-20T15:00:00+00:00,160,960,640,0,,,,0,0,0,,,,0,0,0.6667,8,12,-1,4,0,0.6667,8,12,-1,3,0,0,,,,0,0
BTC-USD_1h_1710518400_1711090800_42.png,train,BTC-USD,1h,2024-03-15T16:00:00+00:00,2024-03-22T07:00:00+00:00,160,960,640,0,,,,0,0,0,,,,0,0,0.75,9,12,-1,2,0,0.6667,4,6,-1,1,0,0,,,,0,0
BTC-USD_1h_1710662400_1711234800_42.png,train,BTC-USD,1h,2024-03-17T08:00:00+00:00,2024-03-23T23:00:00+00:00,160,960,640,0,,,,0,0,0,,,,0,0,0.8333,10,12,-1,2,0,0.8333,5,6,-1,1,0,0,,,,0,0
BTC-USD_1h_1710806400_1711378800_42.png,train,BTC-USD,1h,2024-03-19T00:00:00+00:00,2024-03-25T15:00:00+00:00,160,960,640,0,,,,0,0,0,,,,0,0,0.8333,10,12,-1,4,0,0.8333,10,12,-1,2,0,0,,,,0,0
BTC-USD_1h_1710950400_1711522800_42.png,train,BTC-USD,1h,2024-03-20T16:00:00+00:00,2024-03-27T07:00:00+00:00,160,960,640,0,,,,0,0,0,,,,0,0,0.75,9,12,-1,2,0,0.8333,5,6,-1,1,0,0,,,,0,0
BTC-USD_1h_1711094400_1711666800_42.png,train,BTC-USD,1h,2024-03-22T08:00:00+00:00,2024-03-28T23:00:00+00:00,160,960,640,0,,,,0,0,0,,,,0,0,0.75,9,12,-1,3,0,0.75,9,12,-1,2,0,0,,,,0,0
BTC-USD_1h_1711238400_1711810800_42.png,train,BTC-USD,1h,2024-03-24T00:00:00+00:00,2024-03-30T15:00:00+00:00,160,960,640,0,,,,0,0,0,,,,0,0,0.8333,5,6,-1,1,0,0.0,0,0,0,0,0,0,,,,0,0
BTC-USD_1h_1711382400_1711954800_42.png,train,BTC-USD,1h,2024-03-25T16:00:00+00:00,2024-04-01T07:00:00+00:00,160,960,640,0,,,,0,0,0,,,,0,0,0.8333,10,12,-1,2,0,0.8333,5,6,-1,1,0,0,,,,0,0
BTC-USD_1h_1711526400_1712098800_42.png,train,BTC-USD,1h,2024-03-27T08:00:00+00:00,2024-04-02T23:00:00+00:00,160,960,640,0,,,,0,0,0,,,,0,0,0.9167,11,12,1,3,1,0.8333,10,12,-1,2,0,0,,,,0,0
BTC-USD_1h_1711670400_1712242800_42.png,train,BTC-USD,1h,2024-03-29T00:00:00+00:00,2024-04-04T15:00:00+00:00,160,960,640,0,,,,0,0,0,,,,0,0,0.8333,10,12,-1,3,1,0.75,9,12,-1,2,0,0,,,,0,0
BTC-USD_1h_1711814400_1712386800_42.png,train,BTC-USD,1h,2024-03-30T16:00:00+00:00,2024-04-06T07:00:00+00:00,160,960,640,0,,,,0,0,0,,,,0,0,0.8333,10,12,-1,3,0,0.8333,5,6,-1,1,0,0,,,,0,0
BTC-USD_1h_1711958400_1712530800_42.png,train,BTC-USD,1h,2024-04-01T08:00:00+00:00,2024-04-07T23:00:00+00:00,160,960,640,0,,,,0,0,0,,,,0,0,0.8333,10,12,-1,2,0,0.8333,5,6,-1,1,0,0,,,,0,0
BTC-USD_1h_1712102400_1712674800_42.png,train,BTC-USD,1h,2024-04-03T00:00:00+00:00,2024-04-09T15:00:00+00:00,160,960,640,0,,,,0,0,0,,,,0,0,0.6667,4,6,-1,1,0,0.0,0,0,0,0,0,0,,,,0,0
BTC-USD_1h_1712246400_1712818800_42.png,train,BTC-USD,1h,2024-04-04T16:00:00+00:00,2024-04-11T07:00:00+00:00,160,960,640,0,,,,0,0,0,,,,0,0,0.75,9,12,-1,2,0,0.0,0,0,0,0,0,0,,,,0,0
BTC-USD_1h_1712390400_1712962800_42.png,train,BTC-USD,1h,2024-04-06T08:00:00+00:00,2024-04-12T23:00:00+00:00,160,960,640,0,,,,0,0,0,,,,0,0,1.0,12,12,1,2,2,0.8333,5,6,-1,1,0,0,,,,0,0
BTC-USD_1h_1712534400_1713106800_42.png,train,BTC-USD,1h,2024-04-08T00:00:00+00:00,2024-04-14T15:00:00+00:00,160,960,640,0,,,,0,0,0,,,,0,0,1.0,6,6,1,1,1,0.6667,4,6,-1,1,0,0,,,,0,0
BTC-USD_1h_1712678400_1713250800_42.png,train,BTC-USD,1h,2024-04-09T16:00:00+00:00,2024-04-16T07:00:00+00:00,160,960,640,0,,,,0,0,0,,,,0,0,0.6667,4,6,-1,1,0,0.0,0,0,0,0,0,0,,,,0,0
BTC-USD_1h_1712822400_1713394800_42.png,train,BTC-USD,1h,2024-04-11T08:00:00+00:00,2024-04-17T23:00:00+00:00,160,960,640,0,,,,0,0,0,,,,0,0,0.75,9,12,-1,2,0,0.8333,5,6,-1,1,0,0,,,,0,0
BTC-USD_1h_1712966400_1713538800_42.png,train,BTC-USD,1h,2024-04-13T00:00:00+00:00,2024-04-19T15:00:00+00:00,160,960,640,0,,,,0,0,0,,,,0,0,0.8333,10,12,-1,3,0,0.8333,10,12,-1,3,1,0,,,,0,0
BTC-USD_1h_1713110400_1713682800_42.png,train,BTC-USD,1h,2024-04-14T16:00:00+00:00,2024-04-21T07:00:00+00:00,160,960,640,0,,,,0,0,1,,,,1,1,0.8333,10,12,-1,4,0,0.8333,10,12,-1,2,0,0,,,,0,0
BTC-USD_1h_1713254400_1713826800_42.png,train,BTC-USD,1h,2024-04-16T08:00:00+00:00,2024-04-22T23:00:00+00:00,160,960,640,0,,,,0,0,0,,,,0,0,0.8333,10,12,-1,2,0,0.8333,5,6,-1,1,0,0,,,,0,0
BTC-USD_1h_1713398400_1713970800_42.png,train,BTC-USD,1h,2024-04-18T00:00:00+00:00,2024-04-24T15:00:00+00:00,160,960,640,0,,,,0,0,0,,,,0,0,0.6667,4,6,-1,1,0,0.8333,5,6,-1,1,0,0,,,,0,0
BTC-USD_1h_1713542400_1714114800_42.png,train,BTC-USD,1h,2024-04-19T16:00:00+00:00,2024-04-26T07:00:00+00:00,160,960,640,0,,,,0,0,0,,,,0,0,0.8333,5,6,-1,1,0,0.0,0,0,0,0,0,0,,,,0,0
BTC-USD_1h_1713686400_1714258800_42.png,train,BTC-USD,1h,2024-04-21T08:00:00+00:00,2024-04-27T23:00:00+00:00,160,960,640,0,,,,0,0,0,,,,0,0,0.8333,5,6,-1,1,0,0.8333,5,6,-1,1,0,0,,,,0,0
BTC-USD_1h_1713830400_1714402800_42.png,train,BTC-USD,1h,2024-04-23T00:00:00+00:00,2024-04-29T15:00:00+00:00,160,960,640,0,,,,0,0,0,,,,0,0,0.8333,10,12,-1,2,0,0.8333,5,6,-1,1,0,0,,,,0,0
BTC-USD_1h_1713974400_1714546800_42.png,train,BTC-USD,1h,2024-04-24T16:00:00+00:00,2024-05-01T07:00:00+00:00,160,960,640,0,,,,0,0,0,,,,0,0,1.0,12,12,1,4,2,0.8333,10,12,-1,2,0,0,,,,0,0
BTC-USD_1h_1714118400_1714690800_42.png,train,BTC-USD,1h,2024-04-26T08:00:00+00:00,2024-05-02T23:00:00+00:00,160,960,640,0,,,,0,0,0,,,,0,0,0.8333,10,12,-1,2,1,1.0,6,6,1,1,1,0,,,,0,0
BTC-USD_1h_1714262400_1714834800_42.png,train,BTC-USD,1h,2024-04-28T00:00:00+00:00,2024-05-04T15:00:00+00:00,160,960,640,0,,,,0,0,0,,,,0,0,0.9167,11,12,1,2,1,0.0,0,0,0,0,0,0,,,,0,0
BTC-USD_1h_1714406400_1714978800_42.png,train,BTC-USD,1h,2024-04-29T16:00:00+00:00,2024-05-06T07:00:00+00:00,160,960,640,0,,,,0,0,0,,,,0,0,0.0,0,0,0,0,0,0.0,0,0,0,0,0,0,,,,0,0
BTC-USD_1h_1714550400_1715122800_42.png,train,BTC-USD,1h,2024-05-01T08:00:00+00:00,2024-05-07T23:00:00+00:00,160,960,640,0,,,,0,0,0,,,,0,0,0.0,0,0,0,0,0,0.0,0,0,0,0,0,0,,,,0,0
BTC-USD_1h_1714694400_1715266800_42.png,train,BTC-USD,1h,2024-05-03T00:00:00+00:00,2024-05-09T15:00:00+00:00,160,960,640,0,,,,0,0,0,,,,0,0,0.8333,10,12,-1,2,0,0.8333,5,6,-1,1,0,0,,,,0,0
BTC-USD_1h_1714838400_1715410800_42.png,train,BTC-USD,1h,2024-05-04T16:00:00+00:00,2024-05-11T07:00:00+00:00,160,960,640,0,,,,0,0,0,,,,0,0,0.9167,11,12,1,2,1,0.8333,5,6,-1,1,0,0,,,,0,0
BTC-USD_1h_1714982400_1715554800_42.png,train,BTC-USD,1h,2024-05-06T08:00:00+00:00,2024-05-12T23:00:00+00:00,160,960,640,0,,,,0,0,0,,,,0,0,0.9167,11,12,1,2,1,0.8333,5,6,-1,1,0,0,,,,0,0
BTC-USD_1h_1715126400_1715698800_42.png,train,BTC-USD,1h,2024-05-08T00:00:00+00:00,2024-05-14T15:00:00+00:00,160,960,640,0,,,,0,0,0,,,,0,0,0.9167,11,12,1,2,1,0.8333,5,6,-1,1,0,0,,,,0,0
BTC-USD_1h_1715270400_1715842800_42.png,train,BTC-USD,1h,2024-05-09T16:00:00+00:00,2024-05-16T07:00:00+00:00,160,960,640,0,,,,0,0,0,,,,0,0,0.75,9,12,-1,2,0,0.8333,5,6,-1,1,0,0,,,,0,0
BTC-USD_1h_1715414400_1715986800_42.png,train,BTC-USD,1h,2024-05-11T08:00:00+00:00,2024-05-17T23:00:00+00:00,160,960,640,0,,,,0,0,0,,,,0,0,0.75,9,12,-1,2,0,0.6667,4,6,-1,1,0,0,,,,0,0
BTC-USD_1h_1715558400_1716130800_42.png,train,BTC-USD,1h,2024-05-13T00:00:00+00:00,2024-05-19T15:00:00+00:00,160,960,640,0,,,,0,0,0,,,,0,0,0.75,9,12,-1,2,0,0.6667,4,6,-1,1,0,0,,,,0,0
BTC-USD_1h_1715702400_1716274800_42.png,train,BTC-USD,1h,2024-05-14T16:00:00+00:00,2024-05-21T07:00:00+00:00,160,960,640,0,,,,0,0,0,,,,0,0,0.75,9,12,-1,2,0,0.8333,5,6,-1,1,0,0,,,,0,0
BTC-USD_1h_1715846400_1716418800_42.png,train,BTC-USD,1h,2024-05-16T08:00:00+00:00,2024-05-22T23:00:00+00:00,160,960,640,0,,,,0,0,0,,,,0,0,0.6667,8,12,-1,2,0,0.8333,5,6,-1,1,0,0,,,,0,0
BTC-USD_1h_1715990400_1716562800_42.png,train,BTC-USD,1h,2024-05-18T00:00:00+00:00,2024-05-24T15:00:00+00:00,160,960,640,0,,,,0,0,0,,,,0,0,0.6667,4,6,-1,1,0,0.0,0,0,0,0,0,0,,,,0,0
BTC-USD_1h_1716134400_1716706800_42.png,train,BTC-USD,1h,2024-05-19T16:00:00+00:00,2024-05-26T07:00:00+00:00,160,960,640,0,,,,0,0,0,,,,0,0,0.0,0,0,0,0,0,0.0,0,0,0,0,0,0,,,,0,0
BTC-USD_1h_1716278400_1716850800_42.png,train,BTC-USD,1h,2024-05-21T08:00:00+00:00,2024-05-27T23:00:00+00:00,160,960,640,0,,,,0,0,0,,,,0,0,0.8333,5,6,-1,1,0,1.0,6,6,1,1,1,0,,,,0,0
BTC-USD_1h_1716422400_1716994800_42.png,train,BTC-USD,1h,2024-05-23T00:00:00+00:00,2024-05-29T15:00:00+00:00,160,960,640,0,,,,0,0,0,,,,0,0,0.8333,10,12,-1,3,1,0.8333,5,6,-1,1,0,0,,,,0,0
BTC-USD_1h_1716566400_1717138800_42.png,train,BTC-USD,1h,2024-05-24T16:00:00+00:00,2024-05-31T07:00:00+00:00,160,960,640,0,,,,0,0,0,,,,0,0,0.8333,10,12,-1,2,0,0.8333,5,6,-1,1,0,0,,,,0,0
BTC-USD_1h_1716710400_1717282800_42.png,train,BTC-USD,1h,2024-05-26T08:00:00+00:00,2024-06-01T23:00:00+00:00,160,960,640,0,,,,0,0,0,,,,0,0,0.8333,10,12,-1,2,0,0.8333,5,6,-1,1,0,0,,,,0,0
BTC-USD_1h_1716854400_1717426800_42.png,train,BTC-USD,1h,2024-05-28T00:00:00+00:00,2024-06-03T15:00:00+00:00,160,960,640,0,,,,0,0,0,,,,0,0,0.8333,10,12,-1,3,0,0.8333,10,12,-1,2,0,0,,,,0,0
BTC-USD_1h_1716998400_1717570800_42.png,train,BTC-USD,1h,2024-05-29T16:00:00+00:00,2024-06-05T07:00:00+00:00,160,960,640,0,,,,0,0,0,,,,0,0,0.8333,10,12,-1,2,0,1.0,6,6,1,1,1,0,,,,0,0
BTC-USD_1h_1717142400_1717714800_42.png,train,BTC-USD,1h,2024-05-31T08:00:00+00:00,2024-06-06T23:00:00+00:00,160,960,640,0,,,,0,0,0,,,,0,0,0.8333,10,12,-1,2,0,1.0,6,6,1,1,1,0,,,,0,0
BTC-USD_1h_1717286400_1717858800_42.png,train,BTC-USD,1h,2024-06-02T00:00:00+00:00,2024-06-08T15:00:00+00:00,160,960,640,0,,,,0,0,0,,,,0,0,0.9167,11,12,1,2,1,0.8333,5,6,-1,1,0,0,,,,0,0
BTC-USD_1h_1717430400_1718002800_42.png,train,BTC-USD,1h,2024-06-03T16:00:00+00:00,2024-06-10T07:00:00+00:00,160,960,640,0,,,,0,0,0,,,,0,0,1.0,6,6,1,1,1,0.0,0,0,0,0,0,0,,,,0,0
BTC-USD_1h_1717574400_1718146800_42.png,train,BTC-USD,1h,2024-06-05T08:00:00+00:00,2024-06-11T23:00:00+00:00,160,960,640,0,,,,0,0,0,,,,0,0,0.75,9,12,-1,3,1,0.8333,10,12,-1,2,0,0,,,,0,0
BTC-USD_1h_1717718400_1718290800_42.png,train,BTC-USD,1h,2024-06-07T00:00:00+00:00,2024-06-13T15:00:00+00:00,160,960,640,0,,,,0,0,0,,,,0,0,0.9167,11,12,1,2,1,0.8333,5,6,-1,1,0,0,,,,0,0
BTC-USD_1h_1717862400_1718434800_42.png,train,BTC-USD,1h,2024-06-08T16:00:00+00:00,2024-06-15T07:00:00+00:00,160,960,640,0,,,,0,0,0,,,,0,0,0.75,9,12,-1,2,0,0.8333,5,6,-1,1,0,0,,,,0,0
BTC-USD_1h_1718006400_1718578800_42.png,train,BTC-USD,1h,2024-06-10T08:00:00+00:00,2024-06-16T23:00:00+00:00,160,960,640,0,,,,0,0,0,,,,0,0,0.8333,10,12,-1,2,0,0.8333,5,6,-1,1,0,0,,,,0,0
BTC-USD_1h_1718150400_1718722800_42.png,train,BTC-USD,1h,2024-06-12T00:00:00+00:00,2024-06-18T15:00:00+00:00,160,960,640,0,,,,0,0,0,,,,0,0,0.8333,10,12,-1,2,0,1.0,6,6,1,1,1,0,,,,0,0
BTC-USD_1h_1718294400_1718866800_42.png,train,BTC-USD,1h,2024-06-13T16:00:00+00:00,2024-06-20T07:00:00+00:00,160,960,640,0,,,,0,0,0,,,,0,0,0.8333,10,12,-1,3,0,0.8333,10,12,-1,2,0,0,,,,0,0
BTC-USD_1h_1718438400_1719010800_42.png,train,BTC-USD,1h,2024-06-15T08:00:00+00:00,2024-06-21T23:00:00+00:00,160,960,640,0,,,,0,0,0,,,,0,0,0.8333,10,12,-1,3,0,0.8333,10,12,-1,2,0,0,,,,0,0
BTC-USD_1h_1718582400_1719154800_42.png,train,BTC-USD,1h,2024-06-17T00:00:00+00:00,2024-06-23T15:00:00+00:00,160,960,640,0,,,,0,0,0,,,,0,0,0.8333,10,12,-1,3,0,0.8333,10,12,-1,3,0,0,,,,0,0
BTC-USD_1h_1718726400_1719298800_42.png,train,BTC-USD,1h,2024-06-18T16:00:00+00:00,2024-06-25T07:00:00+00:00,160,960,640,0,,,,0,0,0,,,,0,0,0.75,9,12,-1,3,0,0.75,9,12,-1,2,0,0,,,,0,0
BTC-USD_1h_1718870400_1719442800_42.png,train,BTC-USD,1h,2024-06-20T08:00:00+00:00,2024-06-26T23:00:00+00:00,160,960,640,0,,,,0,0,0,,,,0,0,0.8333,10,12,-1,2,0,0.6667,4,6,-1,1,0,0,,,,0,0
BTC-USD_1h_1719014400_1719586800_42.png,train,BTC-USD,1h,2024-06-22T00:00:00+00:00,2024-06-28T15:00:00+00:00,160,960,640,0,,,,0,0,0,,,,0,0,0.8333,10,12,-1,2,0,0.8333,5,6,-1,1,0,0,,,,0,0
BTC-USD_1h_1719158400_1719730800_42.png,train,BTC-USD,1h,2024-06-23T16:00:00+00:00,2024-06-30T07:00:00+00:00,160,960,640,0,,,,0,0,0,,,,0,0,0.8333,10,12,-1,4,0,0.8333,10,12,-1,2,0,1,,,,1,1
BTC-USD_1h_1719302400_1719874800_42.png,train,BTC-USD,1h,2024-06-25T08:00:00+00:00,2024-07-01T23:00:00+00:00,160,960,640,0,,,,0,0,0,,,,0,0,0.9167,11,12,1,2,1,0.8333,10,12,-1,2,0,0,,,,0,0
BTC-USD_1h_1719446400_1720018800_42.png,train,BTC-USD,1h,2024-06-27T00:00:00+00:00,2024-07-03T15:00:00+00:00,160,960,640,0,,,,0,0,0,,,,0,0,0.8333,5,6,-1,1,0,0.8333,5,6,-1,1,0,0,,,,0,0
BTC-USD_1h_1719590400_1720162800_42.png,train,BTC-USD,1h,2024-06-28T16:00:00+00:00,2024-07-05T07:00:00+00:00,160,960,640,0,,,,0,0,0,,,,0,0,0.0,0,0,0,0,0,0.0,0,0,0,0,0,0,,,,0,0
BTC-USD_1h_1719734400_1720306800_42.png,train,BTC-USD,1h,2024-06-30T08:00:00+00:00,2024-07-06T23:00:00+00:00,160,960,640,0,,,,0,0,0,,,,0,0,0.8333,5,6,-1,1,0,0.0,0,0,0,0,0,0,,,,0,0
BTC-USD_1h_1719878400_1720450800_42.png,train,BTC-USD,1h,2024-07-02T00:00:00+00:00,2024-07-08T15:00:00+00:00,160,960,640,0,,,,0,0,0,,,,0,0,0.8333,10,12,-1,3,1,0.8333,5,6,-1,1,0,0,,,,0,0
BTC-USD_1h_1720022400_1720594800_42.png,train,BTC-USD,1h,2024-07-03T16:00:00+00:00,2024-07-10T07:00:00+00:00,160,960,640,0,,,,0,0,0,,,,0,0,0.8333,10,12,-1,2,0,0.8333,5,6,-1,1,0,0,,,,0,0
BTC-USD_1h_1720166400_1720738800_42.png,train,BTC-USD,1h,2024-07-05T08:00:00+00:00,2024-07-11T23:00:00+00:00,160,960,640,0,,,,0,0,0,,,,0,0,0.8333,10,12,-1,2,0,0.8333,5,6,-1,1,0,0,,,,0,0
BTC-USD_1h_1720310400_1720882800_42.png,train,BTC-USD,1h,2024-07-07T00:00:00+00:00,2024-07-13T15:00:00+00:00,160,960,640,0,,,,0,0,0,,,,0,0,0.8333,10,12,-1,3,0,0.8333,10,12,-1,2,0,0,,,,0,0
BTC-USD_1h_1720454400_1721026800_42.png,train,BTC-USD,1h,2024-07-08T16:00:00+00:00,2024-07-15T07:00:00+00:00,160,960,640,0,,,,0,0,0,,,,0,0,0.8333,10,12,-1,2,1,0.8333,5,6,-1,1,0,0,,,,0,0
BTC-USD_1h_1720598400_1721170800_42.png,train,BTC-USD,1h,2024-07-10T08:00:00+00:00,2024-07-16T23:00:00+00:00,160,960,640,0,,,,0,0,0,,,,0,0,1.0,6,6,1,1,1,0.8333,5,6,-1,1,0,0,,,,0,0
BTC-USD_1h_1720742400_1721314800_42.png,train,BTC-USD,1h,2024-07-12T00:00:00+00:00,2024-07-18T15:00:00+00:00,160,960,640,0,,,,0,0,0,,,,0,0,0.8333,5,6,-1,1,0,0.0,0,0,0,0,0,0,,,,0,0
BTC-USD_1h_1720886400_1721458800_42.png,train,BTC-USD,1h,2024-07-13T16:00:00+00:00,2024-07-20T07:00:00+00:00,160,960,640,0,,,,0,0,0,,,,0,0,0.8333,10,12,-1,2,0,0.8333,5,6,-1,1,0,0,,,,0,0
BTC-USD_1h_1721030400_1721602800_42.png,train,BTC-USD,1h,2024-07-15T08:00:00+00:00,2024-07-21T23:00:00+00:00,160,960,640,0,,,,0,0,0,,,,0,0,0.8333,5,6,-1,1,0,0.8333,5,6,-1,1,0,0,,,,0,0
BTC-USD_1h_1721174400_1721746800_42.png,train,BTC-USD,1h,2024-07-17T00:00:00+00:00,2024-07-23T15:00:00+00:00,160,960,640,0,,,,0,0,0,,,,0,0,0.0,0,0,0,0,0,0.6667,4,6,-1,1,0,0,,,,0,0
BTC-USD_1h_1721318400_1721890800_42.png,train,BTC-USD,1h,2024-07-18T16:00:00+00:00,2024-07-25T07:00:00+00:00,160,960,640,0,,,,0,0,0,,,,0,0,1.0,6,6,1,1,1,0.8333,5,6,-1,1,0,0,,,,0,0
BTC-USD_1h_1721462400_1722034800_42.png,train,BTC-USD,1h,2024-07-20T08:00:00+00:00,2024-07-26T23:00:00+00:00,160,960,640,0,,,,0,0,0,,,,0,0,0.9167,11,12,1,2,1,0.8333,5,6,-1,1,0,0,,,,0,0
BTC-USD_1h_1721606400_1722178800_42.png,train,BTC-USD,1h,2024-07-22T00:00:00+00:00,2024-07-28T15:00:00+00:00,160,960,640,0,,,,0,0,0,,,,0,0,0.0,0,0,0,0,0,0.8333,5,6,-1,1,0,0,,,,0,0
BTC-USD_1h_1721750400_1722322800_42.png,train,BTC-USD,1h,2024-07-23T16:00:00+00:00,2024-07-30T07:00:00+00:00,160,960,640,0,,,,0,0,0,,,,0,0,0.9167,11,12,1,2,1,0.6667,4,6,-1,1,0,0,,,,0,0
BTC-USD_1h_1721894400_1722466800_42.png,train,BTC-USD,1h,2024-07-25T08:00:00+00:00,2024-07-31T23:00:00+00:00,160,960,640,0,,,,0,0,0,,,,0,0,1.0,6,6,1,1,1,0.0,0,0,0,0,0,0,,,,0,0
BTC-USD_1h_1722038400_1722610800_42.png,train,BTC-USD,1h,2024-07-27T00:00:00+00:00,2024-08-02T15:00:00+00:00,160,960,640,0,,,,0,0,0,,,,0,0,0.8333,10,12,-1,2,1,0.6667,4,6,-1,1,0,0,,,,0,0
BTC-USD_1h_1722182400_1722754800_42.png,train,BTC-USD,1h,2024-07-28T16:00:00+00:00,2024-08-04T07:00:00+00:00,160,960,640,0,,,,0,0,0,,,,0,0,0.6667,4,6,-1,1,0,0.0,0,0,0,0,0,0,,,,0,0
BTC-USD_1h_1722326400_1722898800_42.png,train,BTC-USD,1h,2024-07-30T08:00:00+00:00,2024-08-05T23:00:00+00:00,160,960,640,0,,,,0,0,0,,,,0,0,0.8333,5,6,-1,1,0,0.0,0,0,0,0,0,0,,,,0,0
BTC-USD_1h_1722470400_1723042800_42.png,train,BTC-USD,1h,2024-08-01T00:00:00+00:00,2024-08-07T15:00:00+00:00,160,960,640,0,,,,0,0,0,,,,0,0,0.0,0,0,0,0,0,0.0,0,0,0,0,0,0,,,,0,0
BTC-USD_1h_1722614400_1723186800_42.png,train,BTC-USD,1h,2024-08-02T16:00:00+00:00,2024-08-09T07:00:00+00:00,160,960,640,0,,,,0,0,0,,,,0,0,0.6667,4,6,-1,1,0,0.6667,4,6,-1,1,0,0,,,,0,0
BTC-USD_1h_1722758400_1723330800_42.png,train,BTC-USD,1h,2024-08-04T08:00:00+00:00,2024-08-10T23:00:00+00:00,160,960,640,0,,,,0,0,0,,,,0,0,0.75,9,12,-1,2,0,0.6667,4,6,-1,1,0,0,,,,0,0
BTC-USD_1h_1722902400_1723474800_42.png,train,BTC-USD,1h,2024-08-06T00:00:00+00:00,2024-08-12T15:00:00+00:00,160,960,640,0,,,,0,0,0,,,,0,0,0.6667,8,12,-1,2,0,0.6667,4,6,-1,1,0,0,,,,0,0
BTC-USD_1h_1723046400_1723618800_42.png,train,BTC-USD,1h,2024-08-07T16:00:00+00:00,2024-08-14T07:00:00+00:00,160,960,640,0,,,,0,0,0,,,,0,0,0.9167,11,12,1,2,1,0.8333,5,6,-1,1,0,0,,,,0,0
BTC-USD_1h_1723190400_1723762800_42.png,train,BTC-USD,1h,2024-08-09T08:00:00+00:00,2024-08-15T23:00:00+00:00,160,960,640,0,,,,0,0,0,,,,0,0,0.9167,11,12,1,2,1,0.8333,5,6,-1,1,0,0,,,,0,0
BTC-USD_1h_1723334400_1723906800_42.png,train,BTC-USD,1h,2024-08-11T00:00:00+00:00,2024-08-17T15:00:00+00:00,160,960,640,0,,,,0,0,0,,,,0,0,0.8333,10,12,-1,2,0,0.8333,5,6,-1,1,0,0,,,,0,0
BTC-USD_1h_1723478400_1724050800_42.png,train,BTC-USD,1h,2024-08-12T16:00:00+00:00,2024-08-19T07:00:00+00:00,160,960,640,0,,,,0,0,0,,,,0,0,0.9167,11,12,1,2,1,0.0,0,0,0,0,0,0,,,,0,0
BTC-USD_1h_1723622400_1724194800_42.png,train,BTC-USD,1h,2024-08-14T08:00:00+00:00,2024-08-20T23:00:00+00:00,160,960,640,0,,,,0,0,0,,,,0,0,0.8333,10,12,-1,3,0,1.0,6,6,1,1,1,0,,,,0,0
BTC-USD_1h_1723766400_1724338800_42.png,train,BTC-USD,1h,2024-08-16T00:00:00+00:00,2024-08-22T15:00:00+00:00,160,960,640,0,,,,0,0,0,,,,0,0,0.8333,5,6,-1,1,0,0.8333,5,6,-1,1,0,0,,,,0,0
BTC-USD_1h_1723910400_1724482800_42.png,train,BTC-USD,1h,2024-08-17T16:00:00+00:00,2024-08-24T07:00:00+00:00,160,960,640,0,,,,0,0,0,,,,0,0,0.8333,10,12,-1,2,0,0.8333,10,12,-1,2,0,0,,,,0,0
BTC-USD_1h_1724054400_1724626800_42.png,train,BTC-USD,1h,2024-08-19T08:00:00+00:00,2024-08-25T23:00:00+00:00,160,960,640,0,,,,0,0,0,,,,0,0,0.75,9,12,-1,2,0,0.8333,5,6,-1,1,0,0,,,,0,0
BTC-USD_1h_1724198400_1724770800_42.png,train,BTC-USD,1h,2024-08-21T00:00:00+00:00,2024-08-27T15:00:00+00:00,160,960,640,0,,,,0,0,0,,,,0,0,0.6667,4,6,-1,1,0,0.0,0,0,0,0,0,0,,,,0,0
BTC-USD_1h_1724342400_1724914800_42.png,train,BTC-USD,1h,2024-08-22T16:00:00+00:00,2024-08-29T07:00:00+00:00,160,960,640,0,,,,0,0,0,,,,0,0,0.6667,4,6,-1,1,0,0.0,0,0,0,0,0,0,,,,0,0
BTC-USD_1h_1724486400_1725058800_42.png,train,BTC-USD,1h,2024-08-24T08:00:00+00:00,2024-08-30T23:00:00+00:00,160,960,640,0,,,,0,0,0,,,,0,0,0.75,9,12,-1,2,0,0.0,0,0,0,0,0,0,,,,0,0
BTC-USD_1h_1724630400_1725202800_42.png,train,BTC-USD,1h,2024-08-26T00:00:00+00:00,2024-09-01T15:00:00+00:00,160,960,640,0,,,,0,0,0,,,,0,0,0.75,9,12,-1,3,0,0.8333,5,6,-1,1,0,0,,,,0,0
BTC-USD_1h_1724774400_1725346800_42.png,train,BTC-USD,1h,2024-08-27T16:00:00+00:00,2024-09-03T07:00:00+00:00,160,960,640,0,,,,0,0,0,,,,0,0,0.8333,10,12,-1,3,0,0.8333,10,12,-1,3,0,0,,,,0,0
BTC-USD_1h_1724918400_1725490800_42.png,train,BTC-USD,1h,2024-08-29T08:00:00+00:00,2024-09-04T23:00:00+00:00,160,960,640,0,,,,0,0,0,,,,0,0,0.8333,10,12,-1,3,0,0.8333,10,12,-1,3,0,0,,,,0,0
BTC-USD_1h_1725062400_1725634800_42.png,train,BTC-USD,1h,2024-08-31T00:00:00+00:00,2024-09-06T15:00:00+00:00,160,960,640,0,,,,0,0,0,,,,0,0,0.8333,10,12,-1,2,0,0.8333,5,6,-1,1,0,0,,,,0,0
BTC-USD_1h_1725206400_1725778800_42.png,train,BTC-USD,1h,2024-09-01T16:00:00+00:00,2024-09-08T07:00:00+00:00,160,960,640,0,,,,0,0,0,,,,0,0,0.75,9,12,-1,3,0,0.75,9,12,-1,2,0,0,,,,0,0
BTC-USD_1h_1725350400_1725922800_42.png,train,BTC-USD,1h,2024-09-03T08:00:00+00:00,2024-09-09T23:00:00+00:00,160,960,640,0,,,,0,0,0,,,,0,0,0.8333,5,6,-1,1,0,0.6667,4,6,-1,1,0,0,,,,0,0
BTC-USD_1h_1725494400_1726066800_42.png,train,BTC-USD,1h,2024-09-05T00:00:00+00:00,2024-09-11T15:00:00+00:00,160,960,640,0,,,,0,0,0,,,,0,0,0.0,0,0,0,0,0,0.0,0,0,0,0,0,0,,,,0,0
BTC-USD_1h_1725638400_1726210800_42.png,train,BTC-USD,1h,2024-09-06T16:00:00+00:00,2024-09-13T07:00:00+00:00,160,960,640,0,,,,0,0,0,,,,0,0,0.8333,5,6,-1,1,0,0.0,0,0,0,0,0,0,,,,0,0
BTC-USD_1h_1725782400_1726354800_42.png,train,BTC-USD,1h,2024-09-08T08:00:00+00:00,2024-09-14T23:00:00+00:00,160,960,640,0,,,,0,0,0,,,,0,0,0.8333,5,6,-1,1,0,0.0,0,0,0,0,0,0,,,,0,0
BTC-USD_1h_1725926400_1726498800_42.png,train,BTC-USD,1h,2024-09-10T00:00:00+00:00,2024-09-16T15:00:00+00:00,160,960,640,0,,,,0,0,0,,,,0,0,0.8333,5,6,-1,1,0,0.0,0,0,0,0,0,0,,,,0,0
BTC-USD_1h_1726070400_1726642800_42.png,train,BTC-USD,1h,2024-09-11T16:00:00+00:00,2024-09-18T07:00:00+00:00,160,960,640,0,,,,0,0,0,,,,0,0,0.8333,5,6,-1,1,0,0.0,0,0,0,0,0,0,,,,0,0
BTC-USD_1h_1726214400_1726786800_42.png,train,BTC-USD,1h,2024-09-13T08:00:00+00:00,2024-09-19T23:00:00+00:00,160,960,640,0,,,,0,0,0,,,,0,0,0.8333,10,12,-1,2,0,1.0,6,6,1,1,1,0,,,,0,0
BTC-USD_1h_1726358400_1726930800_42.png,train,BTC-USD,1h,2024-09-15T00:00:00+00:00,2024-09-21T15:00:00+00:00,160,960,640,0,,,,0,0,0,,,,0,0,0.8333,10,12,-1,2,0,1.0,6,6,1,1,1,0,,,,0,0
BTC-USD_1h_1726502400_1727074800_42.png,train,BTC-USD,1h,2024-09-16T16:00:00+00:00,2024-09-23T07:00:00+00:00,160,960,640,0,,,,0,0,0,,,,0,0,0.8333,10,12,-1,2,0,0.8333,5,6,-1,1,1,0,,,,0,0
BTC-USD_1h_1726646400_1727218800_42.png,train,BTC-USD,1h,2024-09-18T08:00:00+00:00,2024-09-24T23:00:00+00:00,160,960,640,0,,,,0,0,0,,,,0,0,0.8333,10,12,-1,2,0,0.8333,10,12,-1,2,0,0,,,,0,0
BTC-USD_1h_1726790400_1727362800_42.png,train,BTC-USD,1h,2024-09-20T00:00:00+00:00,2024-09-26T15:00:00+00:00,160,960,640,0,,,,0,0,0,,,,0,0,0.8333,10,12,-1,2,0,1.0,6,6,1,1,1,0,,,,0,0
BTC-USD_1h_1726934400_1727506800_42.png,train,BTC-USD,1h,2024-09-21T16:00:00+00:00,2024-09-28T07:00:00+00:00,160,960,640,0,,,,0,0,0,,,,0,0,0.8333,10,12,-1,3,0,1.0,6,6,1,1,1,0,,,,0,0
BTC-USD_1h_1727078400_1727650800_42.png,train,BTC-USD,1h,2024-09-23T08:00:00+00:00,2024-09-29T23:00:00+00:00,160,960,640,0,,,,0,0,0,,,,0,0,0.8333,5,6,-1,1,0,0.0,0,0,0,0,0,0,,,,0,0
BTC-USD_1h_1727222400_1727794800_42.png,train,BTC-USD,1h,2024-09-25T00:00:00+00:00,2024-10-01T15:00:00+00:00,160,960,640,0,,,,0,0,0,,,,0,0,0.9167,11,12,1,2,1,0.0,0,0,0,0,0,0,,,,0,0
BTC-USD_1h_1727366400_1727938800_42.png,train,BTC-USD,1h,2024-09-26T16:00:00+00:00,2024-10-03T07:00:00+00:00,160,960,640,0,,,,0,0,0,,,,0,0,0.6667,4,6,-1,1,0,0.0,0,0,0,0,0,0,,,,0,0
BTC-USD_1h_1727510400_1728082800_42.png,train,BTC-USD,1h,2024-09-28T08:00:00+00:00,2024-10-04T23:00:00+00:00,160,960,640,0,,,,0,0,0,,,,0,0,0.75,9,12,-1,2,0,0.8333,5,6,-1,1,0,0,,,,0,0
BTC-USD_1h_1727654400_1728226800_42.png,train,BTC-USD,1h,2024-09-30T00:00:00+00:00,2024-10-06T15:00:00+00:00,160,960,640,0,,,,0,0,0,,,,0,0,0.8333,10,12,-1,2,0,0.8333,5,6,-1,1,0,0,,,,0,0
BTC-USD_1h_1727798400_1728370800_42.png,train,BTC-USD,1h,2024-10-01T16:00:00+00:00,2024-10-08T07:00:00+00:00,160,960,640,0,,,,0,0,0,,,,0,0,0.0,0,0,0,0,0,0.8333,5,6,-1,1,0,0,,,,0,0
BTC-USD_1h_1727942400_1728514800_42.png,train,BTC-USD,1h,2024-10-03T08:00:00+00:00,2024-10-09T23:00:00+00:00,160,960,640,0,,,,0,0,0,,,,0,0,0.0,0,0,0,0,0,0.0,0,0,0,0,0,0,,,,0,0
BTC-USD_1h_1728086400_1728658800_42.png,train,BTC-USD,1h,2024-10-05T00:00:00+00:00,2024-10-11T15:00:00+00:00,160,960,640,0,,,,0,0,0,,,,0,0,0.8333,5,6,-1,1,0,0.6667,4,6,-1,1,0,0,,,,0,0
BTC-USD_1h_1728230400_1728802800_42.png,train,BTC-USD,1h,2024-10-06T16:00:00+00:00,2024-10-13T07:00:00+00:00,160,960,640,0,,,,0,0,0,,,,0,0,0.0,0,0,0,0,0,0.0,0,0,0,0,0,0,,,,0,0
BTC-USD_1h_1728374400_1728946800_42.png,train,BTC-USD,1h,2024-10-08T08:00:00+00:00,2024-10-14T23:00:00+00:00,160,960,640,0,,,,0,0,0,,,,0,0,0.8333,10,12,-1,2,0,1.0,6,6,1,1,1,0,,,,0,0
BTC-USD_1h_1728518400_1729090800_42.png,train,BTC-USD,1h,2024-10-10T00:00:00+00:00,2024-10-16T15:00:00+00:00,160,960,640,0,,,,0,0,0,,,,0,0,0.75,9,12,-1,2,0,1.0,6,6,1,1,1,0,,,,0,0
BTC-USD_1h_1728662400_1729234800_42.png,train,BTC-USD,1h,2024-10-11T16:00:00+00:00,2024-10-18T07:00:00+00:00,160,960,640,0,,,,0,0,0,,,,0,0,0.75,9,12,-1,2,0,0.6667,4,6,-1,1,0,0,,,,0,0
BTC-USD_1h_1728806400_1729378800_42.png,train,BTC-USD,1h,2024-10-13T08:00:00+00:00,2024-10-19T23:00:00+00:00,160,960,640,0,,,,0,0,0,,,,0,0,0.8333,5,6,-1,1,0,0.0,0,0,0,0,0,0,,,,0,0
BTC-USD_1h_1728950400_1729522800_42.png,train,BTC-USD,1h,2024-10-15T00:00:00+00:00,2024-10-21T15:00:00+00:00,160,960,640,0,,,,0,0,0,,,,0,0,0.8333,10,12,-1,3,1,0.8333,5,6,-1,1,0,0,,,,0,0
BTC-USD_1h_1729094400_1729666800_42.png,train,BTC-USD,1h,2024-10-16T16:00:00+00:00,2024-10-23T07:00:00+00:00,160,960,640,0,,,,0,0,0,,,,0,0,0.8333,10,12,-1,4,0,0.8333,10,12,-1,2,0,0,,,,0,0
BTC-USD_1h_1729238400_1729810800_42.png,train,BTC-USD,1h,2024-10-18T08:00:00+00:00,2024-10-24T23:00:00+00:00,160,960,640,0,,,,0,0,0,,,,0,0,0.8333,10,12,-1,3,0,0.8333,10,12,-1,2,0,0,,,,0,0
BTC-USD_1h_1729382400_1729954800_42.png,train,BTC-USD,1h,2024-10-20T00:00:00+00:00,2024-10-26T15:00:00+00:00,160,960,640,0,,,,0,0,0,,,,0,0,0.8333,5,6,-1,1,0,0.0,0,0,0,0,0,0,,,,0,0
BTC-USD_1h_1729526400_1730098800_42.png,train,BTC-USD,1h,2024-10-21T16:00:00+00:00,2024-10-28T07:00:00+00:00,160,960,640,0,,,,0,0,0,,,,0,0,0.8333,10,12,-1,2,0,0.8333,5,6,-1,1,0,0,,,,0,0
BTC-USD_1h_1729670400_1730242800_42.png,train,BTC-USD,1h,2024-10-23T08:00:00+00:00,2024-10-29T23:00:00+00:00,160,960,640,0,,,,0,0,0,,,,0,0,0.0,0,0,0,0,0,0.0,0,0,0,0,0,0,,,,0,0
BTC-USD_1h_1729814400_1730386800_42.png,train,BTC-USD,1h,2024-10-25T00:00:00+00:00,2024-10-31T15:00:00+00:00,160,960,640,0,,,,0,0,0,,,,0,0,0.6667,4,6,-1,1,0,0.0,0,0,0,0,0,0,,,,0,0
BTC-USD_1h_1729958400_1730530800_42.png,train,BTC-USD,1h,2024-10-26T16:00:00+00:00,2024-11-02T07:00:00+00:00,160,960,640,0,,,,0,0,0,,,,0,0,0.8333,5,6,-1,1,0,0.0,0,0,0,0,0,0,,,,0,0
BTC-USD_1h_1730102400_1730674800_42.png,train,BTC-USD,1h,2024-10-28T08:00:00+00:00,2024-11-03T23:00:00+00:00,160,960,640,0,,,,0,0,0,,,,0,0,0.8333,10,12,-1,2,0,0.8333,5,6,-1,1,0,0,,,,0,0
BTC-USD_1h_1730246400_1730818800_42.png,train,BTC-USD,1h,2024-10-30T00:00:00+00:00,2024-11-05T15:00:00+00:00,160,960,640,0,,,,0,0,0,,,,0,0,0.9167,11,12,1,4,1,0.8333,10,12,-1,2,0,0,,,,0,0
BTC-USD_1h_1730390400_1730962800_42.png,train,BTC-USD,1h,2024-10-31T16:00:00+00:00,2024-11-07T07:00:00+00:00,160,960,640,0,,,,0,0,0,,,,0,0,1.0,6,6,1,1,1,0.8333,10,12,-1,2,0,0,,,,0,0
BTC-USD_1h_1730534400_1731106800_42.png,train,BTC-USD,1h,2024-11-02T08:00:00+00:00,2024-11-08T23:00:00+00:00,160,960,640,0,,,,0,0,0,,,,0,0,0.9167,11,12,1,2,1,0.8333,5,6,-1,1,0,0,,,,0,0
BTC-USD_1h_1730678400_1731250800_42.png,train,BTC-USD,1h,2024-11-04T00:00:00+00:00,2024-11-10T15:00:00+00:00,160,960,640,0,,,,0,0,0,,,,0,0,0.8333,5,6,-1,1,0,0.0,0,0,0,0,0,0,,,,0,0
BTC-USD_1h_1730822400_1731394800_42.png,train,BTC-USD,1h,2024-11-05T16:00:00+00:00,2024-11-12T07:00:00+00:00,160,960,640,0,,,,0,0,0,,,,0,0,0.0,0,0,0,0,0,0.0,0,0,0,0,0,0,,,,0,0
BTC-USD_1h_1730966400_1731538800_42.png,train,BTC-USD,1h,2024-11-07T08:00:00+00:00,2024-11-13T23:00:00+00:00,160,960,640,0,,,,0,0,0,,,,0,0,0.8333,5,6,-1,1,0,0.0,0,0,0,0,0,0,,,,0,0
BTC-USD_1h_1731110400_1731682800_42.png,train,BTC-USD,1h,2024-11-09T00:00:00+00:00,2024-11-15T15:00:00+00:00,160,960,640,0,,,,0,0,0,,,,0,0,0.8333,10,12,-1,2,0,0.8333,5,6,-1,1,0,0,,,,0,0
BTC-USD_1h_1731254400_1731826800_42.png,train,BTC-USD,1h,2024-11-10T16:00:00+00:00,2024-11-17T07:00:00+00:00,160,960,640,0,,,,0,0,0,,,,0,0,0.8333,10,12,-1,2,0,0.8333,5,6,-1,1,0,0,,,,0,0
BTC-USD_1h_1731398400_1731970800_42.png,train,BTC-USD,1h,2024-11-12T08:00:00+00:00,2024-11-18T23:00:00+00:00,160,960,640,0,,,,0,0,0,,,,0,0,0.8333,10,12,-1,3,0,0.8333,10,12,-1,2,0,0,,,,0,0
BTC-USD_1h_1731542400_1732114800_42.png,train,BTC-USD,1h,2024-11-14T00:00:00+00:00,2024-11-20T15:00:00+00:00,160,960,640,0,,,,0,0,0,,,,0,0,0.8333,10,12,-1,4,0,0.8333,5,6,-1,1,0,0,,,,0,0
BTC-USD_1h_1731686400_1732258800_42.png,train,BTC-USD,1h,2024-11-15T16:00:00+00:00,2024-11-22T07:00:00+00:00,160,960,640,0,,,,0,0,0,,,,0,0,0.75,9,12,-1,2,0,0.0,0,0,0,0,0,0,,,,0,0
BTC-USD_1h_1731830400_1732402800_42.png,train,BTC-USD,1h,2024-11-17T08:00:00+00:00,2024-11-23T23:00:00+00:00,160,960,640,0,,,,0,0,0,,,,0,0,0.6667,4,6,-1,1,0,0.0,0,0,0,0,0,0,,,,0,0
BTC-USD_1h_1731974400_1732546800_42.png,train,BTC-USD,1h,2024-11-19T00:00:00+00:00,2024-11-25T15:00:00+00:00,160,960,640,0,,,,0,0,0,,,,0,0,0.8333,10,12,-1,2,1,0.0,0,0,0,0,0,0,,,,0,0
BTC-USD_1h_1732118400_1732690800_42.png,train,BTC-USD,1h,2024-11-20T16:00:00+00:00,2024-11-27T07:00:00+00:00,160,960,640,0,,,,0,0,0,,,,0,0,0.6667,8,12,-1,2,0,0.8333,5,6,-1,1,0,0,,,,0,0
BTC-USD_1h_1732262400_1732834800_42.png,train,BTC-USD,1h,2024-11-22T08:00:00+00:00,2024-11-28T23:00:00+00:00,160,960,640,0,,,,0,0,0,,,,0,0,0.9167,11,12,1,2,1,0.8333,5,6,-1,1,0,0,,,,0,0
BTC-USD_1h_1732406400_1732978800_42.png,train,BTC-USD,1h,2024-11-24T00:00:00+00:00,2024-11-30T15:00:00+00:00,160,960,640,0,,,,0,0,0,,,,0,0,0.8333,10,12,-1,4,1,0.8333,10,12,-1,2,0,0,,,,0,0
BTC-USD_1h_1732550400_1733122800_42.png,train,BTC-USD,1h,2024-11-25T16:00:00+00:00,2024-12-02T07:00:00+00:00,160,960,640,0,,,,0,0,0,,,,0,0,0.8333,10,12,-1,3,0,0.8333,10,12,-1,2,0,0,,,,0,0
BTC-USD_1h_1732694400_1733266800_42.png,train,BTC-USD,1h,2024-11-27T08:00:00+00:00,2024-12-03T23:00:00+00:00,160,960,640,0,,,,0,0,0,,,,0,0,0.8333,10,12,-1,4,0,0.8333,10,12,-1,2,0,1,,,,1,1
BTC-USD_1h_1732838400_1733410800_42.png,train,BTC-USD,1h,2024-11-29T00:00:00+00:00,2024-12-05T15:00:00+00:00,160,960,640,0,,,,0,0,0,,,,0,0,0.6667,8,12,-1,3,0,0.9167,11,12,1,2,1,0,,,,0,0
BTC-USD_1h_1732982400_1733554800_42.png,train,BTC-USD,1h,2024-11-30T16:00:00+00:00,2024-12-07T07:00:00+00:00,160,960,640,0,,,,0,0,0,,,,0,0,0.75,9,12,-1,2,0,0.8333,5,6,-1,1,0,0,,,,0,0
BTC-USD_1h_1733126400_1733698800_42.png,train,BTC-USD,1h,2024-12-02T08:00:00+00:00,2024-12-08T23:00:00+00:00,160,960,640,0,,,,0,0,0,,,,0,0,0.75,9,12,-1,2,0,0.8333,5,6,-1,1,0,0,,,,0,0
BTC-USD_1h_1733270400_1733842800_42.png,train,BTC-USD,1h,2024-12-04T00:00:00+00:00,2024-12-10T15:00:00+00:00,160,960,640,0,,,,0,0,0,,,,0,0,0.8333,5,6,-1,1,0,0.0,0,0,0,0,0,0,,,,0,0
BTC-USD_1h_1733414400_1733986800_42.png,train,BTC-USD,1h,2024-12-05T16:00:00+00:00,2024-12-12T07:00:00+00:00,160,960,640,0,,,,0,0,0,,,,0,0,0.8333,5,6,-1,1,0,0.0,0,0,0,0,0,0,,,,0,0
BTC-USD_1h_1733558400_1734130800_42.png,train,BTC-USD,1h,2024-12-07T08:00:00+00:00,2024-12-13T23:00:00+00:00,160,960,640,0,,,,0,0,0,,,,0,0,0.8333,10,12,-1,2,0,0.6667,4,6,-1,1,0,0,,,,0,0
BTC-USD_1h_1733702400_1734274800_42.png,train,BTC-USD,1h,2024-12-09T00:00:00+00:00,2024-12-15T15:00:00+00:00,160,960,640,0,,,,0,0,0,,,,0,0,0.8333,10,12,-1,2,0,0.6667,4,6,-1,1,0,0,,,,0,0
BTC-USD_1h_1733846400_1734418800_42.png,train,BTC-USD,1h,2024-12-10T16:00:00+00:00,2024-12-17T07:00:00+00:00,160,960,640,0,,,,0,0,0,,,,0,0,0.6667,4,6,-1,1,0,0.0,0,0,0,0,0,0,,,,0,0
BTC-USD_1h_1733990400_1734562800_42.png,train,BTC-USD,1h,2024-12-12T08:00:00+00:00,2024-12-18T23:00:00+00:00,160,960,640,0,,,,0,0,0,,,,0,0,0.0,0,0,0,0,0,0.0,0,0,0,0,0,0,,,,0,0
BTC-USD_1h_1734134400_1734706800_42.png,train,BTC-USD,1h,2024-12-14T00:00:00+00:00,2024-12-20T15:00:00+00:00,160,960,640,0,,,,0,0,0,,,,0,0,1.0,6,6,1,1,1,0.0,0,0,0,0,0,0,,,,0,0
BTC-USD_1h_1734278400_1734850800_42.png,train,BTC-USD,1h,2024-12-15T16:00:00+00:00,2024-12-22T07:00:00+00:00,160,960,640,0,,,,0,0,0,,,,0,0,0.75,9,12,-1,2,0,0.0,0,0,0,0,0,0,,,,0,0
BTC-USD_1h_1734422400_1734994800_42.png,train,BTC-USD,1h,2024-12-17T08:00:00+00:00,2024-12-23T23:00:00+00:00,160,960,640,0,,,,0,0,0,,,,0,0,0.75,9,12,-1,2,0,0.0,0,0,0,0,0,0,,,,0,0
BTC-USD_1h_1734566400_1735138800_42.png,train,BTC-USD,1h,2024-12-19T00:00:00+00:00,2024-12-25T15:00:00+00:00,160,960,640,0,,,,0,0,0,,,,0,0,0.8333,10,12,-1,2,0,0.8333,5,6,-1,1,0,0,,,,0,0
BTC-USD_1h_1734710400_1735282800_42.png,train,BTC-USD,1h,2024-12-20T16:00:00+00:00,2024-12-27T07:00:00+00:00,160,960,640,0,,,,0,0,0,,,,0,0,0.9167,11,12,1,2,1,0.0,0,0,0,0,0,0,,,,0,0
BTC-USD_1h_1734854400_1735426800_42.png,train,BTC-USD,1h,2024-12-22T08:00:00+00:00,2024-12-28T23:00:00+00:00,160,960,640,0,,,,0,0,0,,,,0,0,0.8333,10,12,-1,3,0,0.8333,5,6,-1,1,0,0,,,,0,0
BTC-USD_1h_1734998400_1735570800_42.png,train,BTC-USD,1h,2024-12-24T00:00:00+00:00,2024-12-30T15:00:00+00:00,160,960,640,0,,,,0,0,0,,,,0,0,0.8333,5,6,-1,1,0,0.0,0,0,0,0,0,0,,,,0,0
BTC-USD_1h_1735142400_1735714800_42.png,train,BTC-USD,1h,2024-12-25T16:00:00+00:00,2025-01-01T07:00:00+00:00,160,960,640,0,,,,0,0,0,,,,0,0,0.8333,10,12,-1,2,0,0.8333,5,6,-1,1,0,0,,,,0,0
BTC-USD_1h_1735286400_1735858800_42.png,train,BTC-USD,1h,2024-12-27T08:00:00+00:00,2025-01-02T23:00:00+00:00,160,960,640,0,,,,0,0,0,,,,0,0,0.8333,10,12,-1,2,0,0.8333,5,6,-1,1,0,0,,,,0,0
BTC-USD_1h_1735430400_1736002800_42.png,train,BTC-USD,1h,2024-12-29T00:00:00+00:00,2025-01-04T15:00:00+00:00,160,960,640,0,,,,0,0,0,,,,0,0,0.8333,10,12,-1,4,0,0.9167,11,12,1,2,1,1,,,,1,1
BTC-USD_1h_1735574400_1736146800_42.png,train,BTC-USD,1h,2024-12-30T16:00:00+00:00,2025-01-06T07:00:00+00:00,160,960,640,0,,,,0,0,0,,,,0,0,0.8333,10,12,-1,2,0,0.9167,11,12,1,2,1,1,,,,1,1
BTC-USD_1h_1735718400_1736290800_42.png,train,BTC-USD,1h,2025-01-01T08:00:00+00:00,2025-01-07T23:00:00+00:00,160,960,640,0,,,,0,0,0,,,,0,0,0.8333,10,12,-1,2,0,0.8333,5,6,-1,1,0,0,,,,0,0
BTC-USD_1h_1735862400_1736434800_42.png,train,BTC-USD,1h,2025-01-03T00:00:00+00:00,2025-01-09T15:00:00+00:00,160,960,640,0,,,,0,0,0,,,,0,0,0.6667,4,6,-1,1,0,0.0,0,0,0,0,0,0,,,,0,0
BTC-USD_1h_1736006400_1736578800_42.png,train,BTC-USD,1h,2025-01-04T16:00:00+00:00,2025-01-11T07:00:00+00:00,160,960,640,0,,,,0,0,0,,,,0,0,0.6667,4,6,-1,1,0,0.0,0,0,0,0,0,0,,,,0,0
BTC-USD_1h_1736150400_1736722800_42.png,train,BTC-USD,1h,2025-01-06T08:00:00+00:00,2025-01-12T23:00:00+00:00,160,960,640,0,,,,0,0,0,,,,0,0,0.6667,4,6,-1,1,0,0.0,0,0,0,0,0,0,,,,0,0
BTC-USD_1h_1736294400_1736866800_42.png,train,BTC-USD,1h,2025-01-08T00:00:00+00:00,2025-01-14T15:00:00+00:00,160,960,640,0,,,,0,0,0,,,,0,0,0.8333,10,12,-1,2,0,0.8333,5,6,-1,1,0,0,,,,0,0
BTC-USD_1h_1736438400_1737010800_42.png,train,BTC-USD,1h,2025-01-09T16:00:00+00:00,2025-01-16T07:00:00+00:00,160,960,640,0,,,,0,0,0,,,,0,0,0.0,0,0,0,0,0,0.0,0,0,0,0,0,0,,,,0,0
BTC-USD_1h_1736582400_1737154800_42.png,train,BTC-USD,1h,2025-01-11T08:00:00+00:00,2025-01-17T23:00:00+00:00,160,960,640,0,,,,0,0,0,,,,0,0,0.75,9,12,-1,2,0,0.0,0,0,0,0,0,0,,,,0,0
BTC-USD_1h_1736726400_1737298800_42.png,train,BTC-USD,1h,2025-01-13T00:00:00+00:00,2025-01-19T15:00:00+00:00,160,960,640,0,,,,0,0,0,,,,0,0,0.8333,5,6,-1,1,0,0.0,0,0,0,0,0,0,,,,0,0
BTC-USD_1h_1736870400_1737442800_42.png,train,BTC-USD,1h,2025-01-14T16:00:00+00:00,2025-01-21T07:00:00+00:00,160,960,640,0,,,,0,0,0,,,,0,0,0.8333,5,6,-1,1,0,1.0,6,6,1,1,1,0,,,,0,0
BTC-USD_1h_1737014400_1737586800_42.png,train,BTC-USD,1h,2025-01-16T08:00:00+00:00,2025-01-22T23:00:00+00:00,160,960,640,0,,,,0,0,0,,,,0,0,0.8333,10,12,-1,2,0,0.9167,11,12,1,2,1,0,,,,0,0
BTC-USD_1h_1737158400_1737730800_42.png,train,BTC-USD,1h,2025-01-18T00:00:00+00:00,2025-01-24T15:00:00+00:00,160,960,640,0,,,,0,0,0,,,,0,0,0.8333,10,12,-1,2,0,0.8333,10,12,-1,2,0,0,,,,0,0
BTC-USD_1h_1737302400_1737874800_42.png,train,BTC-USD,1h,2025-01-19T16:00:00+00:00,2025-01-26T07:00:00+00:00,160,960,640,0,,,,0,0,0,,,,0,0,0.8333,10,12,-1,3,0,0.8333,10,12,-1,2,0,0,,,,0,0
BTC-USD_1h_1737446400_1738018800_42.png,train,BTC-USD,1h,2025-01-21T08:00:00+00:00,2025-01-27T23:00:00+00:00,160,960,640,0,,,,0,0,0,,,,0,0,0.8333,10,12,-1,2,0,0.8333,5,6,-1,1,0,0,,,,0,0
BTC-USD_1h_1737590400_1738162800_42.png,train,BTC-USD,1h,2025-01-23T00:00:00+00:00,2025-01-29T15:00:00+00:00,160,960,640,0,,,,0,0,0,,,,0,0,0.8333,10,12,-1,3,0,0.8333,10,12,-1,2,0,0,,,,0,0
BTC-USD_1h_1737734400_1738306800_42.png,train,BTC-USD,1h,2025-01-24T16:00:00+00:00,2025-01-31T07:00:00+00:00,160,960,640,0,,,,0,0,0,,,,0,0,0.8333,10,12,-1,2,0,0.8333,5,6,-1,1,0,0,,,,0,0
BTC-USD_1h_1737878400_1738450800_42.png,train,BTC-USD,1h,2025-01-26T08:00:00+00:00,2025-02-01T23:00:00+00:00,160,960,640,0,,,,0,0,0,,,,0,0,0.8333,10,12,-1,2,0,0.8333,5,6,-1,1,0,0,,,,0,0
BTC-USD_1h_1738022400_1738594800_42.png,train,BTC-USD,1h,2025-01-28T00:00:00+00:00,2025-02-03T15:00:00+00:00,160,960,640,0,,,,0,0,0,,,,0,0,0.8333,5,6,-1,1,0,0.0,0,0,0,0,0,0,,,,0,0
BTC-USD_1h_1738166400_1738738800_42.png,train,BTC-USD,1h,2025-01-29T16:00:00+00:00,2025-02-05T07:00:00+00:00,160,960,640,0,,,,0,0,0,,,,0,0,0.8333,5,6,-1,1,0,0.0,0,0,0,0,0,0,,,,0,0
BTC-USD_1h_1738310400_1738882800_42.png,train,BTC-USD,1h,2025-01-31T08:00:00+00:00,2025-02-06T23:00:00+00:00,160,960,640,0,,,,0,0,0,,,,0,0,0.8333,10,12,-1,2,0,0.8333,5,6,-1,1,0,0,,,,0,0
BTC-USD_1h_1738454400_1739026800_42.png,train,BTC-USD,1h,2025-02-02T00:00:00+00:00,2025-02-08T15:00:00+00:00,160,960,640,0,,,,0,0,0,,,,0,0,0.8333,10,12,-1,4,0,0.8333,5,6,-1,1,0,0,,,,0,0
BTC-USD_1h_1738598400_1739170800_42.png,train,BTC-USD,1h,2025-02-03T16:00:00+00:00,2025-02-10T07:00:00+00:00,160,960,640,0,,,,0,0,0,,,,0,0,0.8333,10,12,-1,3,0,0.8333,10,12,-1,2,0,0,,,,0,0
BTC-USD_1h_1738742400_1739314800_42.png,train,BTC-USD,1h,2025-02-05T08:00:00+00:00,2025-02-11T23:00:00+00:00,160,960,640,0,,,,0,0,0,,,,0,0,0.8333,10,12,-1,3,0,0.9167,11,12,1,2,1,0,,,,0,0
BTC-USD_1h_1738886400_1739458800_42.png,train,BTC-USD,1h,2025-02-07T00:00:00+00:00,2025-02-13T15:00:00+00:00,160,960,640,0,,,,0,0,0,,,,0,0,0.8333,10,12,-1,4,0,0.9167,11,12,1,2,1,0,,,,0,0
BTC-USD_1h_1739030400_1739602800_42.png,train,BTC-USD,1h,2025-02-08T16:00:00+00:00,2025-02-15T07:00:00+00:00,160,960,640,0,,,,0,0,0,,,,0,0,0.8333,10,12,-1,2,0,0.8333,10,12,-1,2,0,0,,,,0,0
BTC-USD_1h_1739174400_1739746800_42.png,train,BTC-USD,1h,2025-02-10T08:00:00+00:00,2025-02-16T23:00:00+00:00,160,960,640,0,,,,0,0,0,,,,0,0,0.8333,5,6,-1,1,0,0.8333,5,6,-1,1,0,0,,,,0,0
BTC-USD_1h_1739318400_1739890800_42.png,train,BTC-USD,1h,2025-02-12T00:00:00+00:00,2025-02-18T15:00:00+00:00,160,960,640,0,,,,0,0,0,,,,0,0,0.8333,5,6,-1,1,0,0.0,0,0,0,0,0,0,,,,0,0
BTC-USD_1h_1739462400_1740034800_42.png,train,BTC-USD,1h,2025-02-13T16:00:00+00:00,2025-02-20T07:00:00+00:00,160,960,640,0,,,,0,0,0,,,,0,0,0.0,0,0,0,0,0,0.0,0,0,0,0,0,0,,,,0,0
BTC-USD_1h_1739606400_1740178800_42.png,train,BTC-USD,1h,2025-02-15T08:00:00+00:00,2025-02-21T23:00:00+00:00,160,960,640,0,,,,0,0,0,,,,0,0,0.0,0,0,0,0,0,0.0,0,0,0,0,0,0,,,,0,0
BTC-USD_1h_1739750400_1740322800_42.png,train,BTC-USD,1h,2025-02-17T00:00:00+00:00,2025-02-23T15:00:00+00:00,160,960,640,0,,,,0,0,0,,,,0,0,0.8333,10,12,-1,2,0,0.8333,5,6,-1,1,0,0,,,,0,0
BTC-USD_1h_1739894400_1740466800_42.png,train,BTC-USD,1h,2025-02-18T16:00:00+00:00,2025-02-25T07:00:00+00:00,160,960,640,0,,,,0,0,0,,,,0,0,0.8333,5,6,-1,1,0,0.0,0,0,0,0,0,0,,,,0,0
BTC-USD_1h_1740038400_1740610800_42.png,train,BTC-USD,1h,2025-02-20T08:00:00+00:00,2025-02-26T23:00:00+00:00,160,960,640,0,,,,0,0,0,,,,0,0,0.8333,5,6,-1,1,0,0.0,0,0,0,0,0,0,,,,0,0
BTC-USD_1h_1740182400_1740754800_42.png,train,BTC-USD,1h,2025-02-22T00:00:00+00:00,2025-02-28T15:00:00+00:00,160,960,640,0,,,,0,0,0,,,,0,0,0.8333,10,12,-1,2,1,0.75,9,12,-1,2,0,0,,,,0,0
BTC-USD_1h_1740326400_1740898800_42.png,train,BTC-USD,1h,2025-02-23T16:00:00+00:00,2025-03-02T07:00:00+00:00,160,960,640,0,,,,0,0,0,,,,0,0,0.9167,11,12,1,2,1,0.75,9,12,-1,2,0,0,,,,0,0
BTC-USD_1h_1740470400_1741042800_42.png,train,BTC-USD,1h,2025-02-25T08:00:00+00:00,2025-03-03T23:00:00+00:00,160,960,640,0,,,,0,0,0,,,,0,0,0.8333,10,12,-1,2,1,0.75,9,12,-1,2,0,0,,,,0,0
BTC-USD_1h_1740614400_1741186800_42.png,train,BTC-USD,1h,2025-02-27T00:00:00+00:00,2025-03-05T15:00:00+00:00,160,960,640,0,,,,0,0,0,,,,0,0,0.8333,5,6,-1,1,0,0.8333,5,6,-1,1,0,0,,,,0,0
BTC-USD_1h_1740758400_1741330800_42.png,train,BTC-USD,1h,2025-02-28T16:00:00+00:00,2025-03-07T07:00:00+00:00,160,960,640,0,,,,0,0,0,,,,0,0,0.8333,5,6,-1,1,0,0.0,0,0,0,0,0,0,,,,0,0
BTC-USD_1h_1740902400_1741474800_42.png,train,BTC-USD,1h,2025-03-02T08:00:00+00:00,2025-03-08T23:00:00+00:00,160,960,640,0,,,,0,0,0,,,,0,0,0.8333,10,12,-1,2,0,0.8333,5,6,-1,1,0,0,,,,0,0
BTC-USD_1h_1741046400_1741618800_42.png,train,BTC-USD,1h,2025-03-04T00:00:00+00:00,2025-03-10T15:00:00+00:00,160,960,640,0,,,,0,0,0,,,,0,0,0.8333,5,6,-1,1,0,0.0,0,0,0,0,0,0,,,,0,0
BTC-USD_1h_1741190400_1741762800_42.png,train,BTC-USD,1h,2025-03-05T16:00:00+00:00,2025-03-12T07:00:00+00:00,160,960,640,0,,,,0,0,0,,,,0,0,0.75,9,12,-1,2,0,0.0,0,0,0,0,0,0,,,,0,0
BTC-USD_1h_1741334400_1741906800_42.png,train,BTC-USD,1h,2025-03-07T08:00:00+00:00,2025-03-13T23:00:00+00:00,160,960,640,0,,,,0,0,0,,,,0,0,0.8333,10,12,-1,2,1,0.0,0,0,0,0,0,0,,,,0,0
BTC-USD_1h_1741478400_1742050800_42.png,train,BTC-USD,1h,2025-03-09T00:00:00+00:00,2025-03-15T15:00:00+00:00,160,960,640,0,,,,0,0,0,,,,0,0,0.8333,10,12,-1,4,1,0.8333,5,6,-1,1,0,0,,,,0,0
BTC-USD_1h_1741622400_1742194800_42.png,train,BTC-USD,1h,2025-03-10T16:00:00+00:00,2025-03-17T07:00:00+00:00,160,960,640,0,,,,0,0,0,,,,0,0,0.8333,10,12,-1,2,0,0.8333,5,6,-1,1,0,0,,,,0,0
BTC-USD_1h_1741766400_1742338800_42.png,train,BTC-USD,1h,2025-03-12T08:00:00+00:00,2025-03-18T23:00:00+00:00,160,960,640,0,,,,0,0,0,,,,0,0,0.8333,10,12,-1,2,0,0.8333,10,12,-1,2,0,0,,,,0,0
BTC-USD_1h_1741910400_1742482800_42.png,train,BTC-USD,1h,2025-03-14T00:00:00+00:00,2025-03-20T15:00:00+00:00,160,960,640,0,,,,0,0,0,,,,0,0,0.8333,10,12,-1,2,0,0.8333,5,6,-1,1,0,0,,,,0,0
BTC-USD_1h_1742054400_1742626800_42.png,train,BTC-USD,1h,2025-03-15T16:00:00+00:00,2025-03-22T07:00:00+00:00,160,960,640,0,,,,0,0,0,,,,0,0,0.8333,10,12,-1,2,0,0.8333,5,6,-1,1,0,0,,,,0,0
BTC-USD_1h_1742198400_1742770800_42.png,train,BTC-USD,1h,2025-03-17T08:00:00+00:00,2025-03-23T23:00:00+00:00,160,960,640,0,,,,0,0,0,,,,0,0,0.8333,10,12,-1,2,0,0.8333,5,6,-1,1,0,0,,,,0,0
BTC-USD_1h_1742342400_1742914800_42.png,train,BTC-USD,1h,2025-03-19T00:00:00+00:00,2025-03-25T15:00:00+00:00,160,960,640,0,,,,0,0,0,,,,0,0,0.0,0,0,0,0,0,0.8333,5,6,-1,1,0,0,,,,0,0
BTC-USD_1h_1742486400_1743058800_42.png,train,BTC-USD,1h,2025-03-20T16:00:00+00:00,2025-03-27T07:00:00+00:00,160,960,640,0,,,,0,0,0,,,,0,0,0.8333,10,12,-1,2,0,0.8333,10,12,-1,2,0,0,,,,0,0
BTC-USD_1h_1742630400_1743202800_42.png,train,BTC-USD,1h,2025-03-22T08:00:00+00:00,2025-03-28T23:00:00+00:00,160,960,640,0,,,,0,0,0,,,,0,0,0.8333,5,6,-1,1,0,0.8333,5,6,-1,1,0,0,,,,0,0
BTC-USD_1h_1742774400_1743346800_42.png,train,BTC-USD,1h,2025-03-24T00:00:00+00:00,2025-03-30T15:00:00+00:00,160,960,640,0,,,,0,0,0,,,,0,0,0.75,9,12,-1,2,0,0.75,9,12,-1,2,0,0,,,,0,0
ETH-USD_1h_1700006400_1700578800_42.png,train,ETH-USD,1h,2023-11-15T00:00:00+00:00,2023-11-21T15:00:00+00:00,160,960,640,0,,,,0,0,0,,,,0,0,0.75,9,12,-1,2,0,0.8333,5,6,-1,1,0,0,,,,0,0
ETH-USD_1h_1700150400_1700722800_42.png,train,ETH-USD,1h,2023-11-16T16:00:00+00:00,2023-11-23T07:00:00+00:00,160,960,640,0,,,,0,0,0,,,,0,0,0.8333,10,12,-1,2,0,0.8333,5,6,-1,1,0,0,,,,0,0
ETH-USD_1h_1700294400_1700866800_42.png,train,ETH-USD,1h,2023-11-18T08:00:00+00:00,2023-11-24T23:00:00+00:00,160,960,640,0,,,,0,0,0,,,,0,0,0.8333,10,12,-1,2,0,0.6667,4,6,-1,1,0,0,,,,0,0
ETH-USD_1h_1700438400_1701010800_42.png,train,ETH-USD,1h,2023-11-20T00:00:00+00:00,2023-11-26T15:00:00+00:00,160,960,640,0,,,,0,0,0,,,,0,0,0.8333,5,6,-1,1,0,0.0,0,0,0,0,0,0,,,,0,0
ETH-USD_1h_1700582400_1701154800_42.png,train,ETH-USD,1h,2023-11-21T16:00:00+00:00,2023-11-28T07:00:00+00:00,160,960,640,0,,,,0,0,0,,,,0,0,0.75,9,12,-1,2,0,0.0,0,0,0,0,0,0,,,,0,0
ETH-USD_1h_1700726400_1701298800_42.png,train,ETH-USD,1h,2023-11-23T08:00:00+00:00,2023-11-29T23:00:00+00:00,160,960,640,0,,,,0,0,0,,,,0,0,0.8333,5,6,-1,1,0,0.8333,5,6,-1,1,0,0,,,,0,0
ETH-USD_1h_1700870400_1701442800_42.png,train,ETH-USD,1h,2023-11-25T00:00:00+00:00,2023-12-01T15:00:00+00:00,160,960,640,0,,,,0,0,0,,,,0,0,0.8333,10,12,-1,3,0,0.8333,10,12,-1,2,0,0,,,,0,0
ETH-USD_1h_1701014400_1701586800_42.png,train,ETH-USD,1h,2023-11-26T16:00:00+00:00,2023-12-03T07:00:00+00:00,160,960,640,0,,,,0,0,0,,,,0,0,0.75,9,12,-1,2,0,0.8333,5,6,-1,1,0,0,,,,0,0
ETH-USD_1h_1701158400_1701730800_42.png,train,ETH-USD,1h,2023-11-28T08:00:00+00:00,2023-12-04T23:00:00+00:00,160,960,640,0,,,,0,0,0,,,,0,0,0.0,0,0,0,0,0,0.0,0,0,0,0,0,0,,,,0,0
ETH-USD_1h_1701302400_1701874800_42.png,train,ETH-USD,1h,2023-11-30T00:00:00+00:00,2023-12-06T15:00:00+00:00,160,960,640,0,,,,0,0,0,,,,0,0,0.8333,5,6,-1,1,0,0.0,0,0,0,0,0,0,,,,0,0
ETH-USD_1h_1701446400_1702018800_42.png,train,ETH-USD,1h,2023-12-01T16:00:00+00:00,2023-12-08T07:00:00+00:00,160,960,640,0,,,,0,0,0,,,,0,0,0.8333,10,12,-1,2,0,0.8333,5,6,-1,1,0,0,,,,0,0
ETH-USD_1h_1701590400_1702162800_42.png,train,ETH-USD,1h,2023-12-03T08:00:00+00:00,2023-12-09T23:00:00+00:00,160,960,640,0,,,,0,0,0,,,,0,0,0.8333,10,12,-1,2,0,0.8333,5,6,-1,1,0,0,,,,0,0
ETH-USD_1h_1701734400_1702306800_42.png,train,ETH-USD,1h,2023-12-05T00:00:00+00:00,2023-12-11T15:00:00+00:00,160,960,640,0,,,,0,0,0,,,,0,0,0.6667,4,6,-1,1,0,0.8333,5,6,-1,1,0,0,,,,0,0
ETH-USD_1h_1701878400_1702450800_42.png,train,ETH-USD,1h,2023-12-06T16:00:00+00:00,2023-12-13T07:00:00+00:00,160,960,640,0,,,,0,0,0,,,,0,0,0.6667,4,6,-1,1,0,0.0,0,0,0,0,0,0,,,,0,0
ETH-USD_1h_1702022400_1702594800_42.png,train,ETH-USD,1h,2023-12-08T08:00:00+00:00,2023-12-14T23:00:00+00:00,160,960,640,0,,,,0,0,0,,,,0,0,0.75,9,12,-1,2,0,0.8333,5,6,-1,1,0,0,,,,0,0
ETH-USD_1h_1702166400_1702738800_42.png,train,ETH-USD,1h,2023-12-10T00:00:00+00:00,2023-12-16T15:00:00+00:00,160,960,640,0,,,,0,0,0,,,,0,0,0.75,9,12,-1,2,0,0.8333,5,6,-1,1,0,0,,,,0,0
ETH-USD_1h_1702310400_1702882800_42.png,train,ETH-USD,1h,2023-12-11T16:00:00+00:00,2023-12-18T07:00:00+00:00,160,960,640,0,,,,0,0,0,,,,0,0,0.8333,5,6,-1,1,0,0.0,0,0,0,0,0,0,,,,0,0
ETH-USD_1h_1702454400_1703026800_42.png,train,ETH-USD,1h,2023-12-13T08:00:00+00:00,2023-12-19T23:00:00+00:00,160,960,640,0,,,,0,0,0,,,,0,0,0.8333,10,12,-1,2,0,0.0,0,0,0,0,0,0,,,,0,0
ETH-USD_1h_1702598400_1703170800_42.png,train,ETH-USD,1h,2023-12-15T00:00:00+00:00,2023-12-21T15:00:00+00:00,160,960,640,0,,,,0,0,0,,,,0,0,0.8333,10,12,-1,2,0,0.8333,10,12,-1,2,0,1,,,,2,2
ETH-USD_1h_1702742400_1703314800_42.png,train,ETH-USD,1h,2023-12-16T16:00:00+00:00,2023-12-23T07:00:00+00:00,160,960,640,0,,,,0,0,0,,,,0,0,0.8333,10,12,-1,3,0,0.8333,10,12,-1,2,0,0,,,,0,0
ETH-USD_1h_1702886400_1703458800_42.png,train,ETH-USD,1h,2023-12-18T08:00:00+00:00,2023-12-24T23:00:00+00:00,160,960,640,0,,,,0,0,0,,,,0,0,0.8333,10,12,-1,4,0,0.8333,10,12,-1,2,0,0,,,,0,0
ETH-USD_1h_1703030400_1703602800_42.png,train,ETH-USD,1h,2023-12-20T00:00:00+00:00,2023-12-26T15:00:00+00:00,160,960,640,0,,,,0,0,0,,,,0,0,0.8333,10,12,-1,2,0,0.8333,5,6,-1,1,0,0,,,,0,0
ETH-USD_1h_1703174400_1703746800_42.png,train,ETH-USD,1h,2023-12-21T16:00:00+00:00,2023-12-28T07:00:00+00:00,160,960,640,0,,,,0,0,0,,,,0,0,0.8333,10,12,-1,2,0,0.8333,5,6,-1,1,0,0,,,,0,0
ETH-USD_1h_1703318400_1703890800_42.png,train,ETH-USD,1h,2023-12-23T08:00:00+00:00,2023-12-29T23:00:00+00:00,160,960,640,0,,,,0,0,0,,,,0,0,0.8333,10,12,-1,2,0,0.6667,4,6,-1,1,0,0,,,,0,0
ETH-USD_1h_1703462400_1704034800_42.png,train,ETH-USD,1h,2023-12-25T00:00:00+00:00,2023-12-31T15:00:00+00:00,160,960,640,0,,,,0,0,0,,,,0,0,0.75,9,12,-1,2,0,0.6667,4,6,-1,1,0,0,,,,0,0
ETH-USD_1h_1703606400_1704178800_42.png,train,ETH-USD,1h,2023-12-26T16:00:00+00:00,2024-01-02T07:00:00+00:00,160,960,640,0,,,,0,0,0,,,,0,0,0.8333,10,12,-1,2,0,0.8333,5,6,-1,1,0,0,,,,0,0
ETH-USD_1h_1703750400_1704322800_42.png,train,ETH-USD,1h,2023-12-28T08:00:00+00:00,2024-01-03T23:00:00+00:00,160,960,640,0,,,,0,0,0,,,,0,0,0.0,0,0,0,0,0,0.0,0,0,0,0,0,0,,,,0,0
ETH-USD_1h_1703894400_1704466800_42.png,train,ETH-USD,1h,2023-12-30T00:00:00+00:00,2024-01-05T15:00:00+00:00,160,960,640,0,,,,0,0,0,,,,0,0,0.75,9,12,-1,2,0,0.8333,5,6,-1,1,0,0,,,,0,0
ETH-USD_1h_1704038400_1704610800_42.png,train,ETH-USD,1h,2023-12-31T16:00:00+00:00,2024-01-07T07:00:00+00:00,160,960,640,0,,,,0,0,0,,,,0,0,0.75,9,12,-1,2,0,0.8333,5,6,-1,1,0,0,,,,0,0
ETH-USD_1h_1704182400_1704754800_42.png,train,ETH-USD,1h,2024-01-02T08:00:00+00:00,2024-01-08T23:00:00+00:00,160,960,640,0,,,,0,0,0,,,,0,0,0.75,9,12,-1,3,0,0.9167,11,12,1,2,1,0,,,,0,0
ETH-USD_1h_1704326400_1704898800_42.png,train,ETH-USD,1h,2024-01-04T00:00:00+00:00,2024-01-10T15:00:00+00:00,160,960,640,0,,,,0,0,0,,,,0,0,0.75,9,12,-1,4,0,1.0,12,12,1,2,2,0,,,,0,0
ETH-USD_1h_1704470400_1705042800_42.png,train,ETH-USD,1h,2024-01-05T16:00:00+00:00,2024-01-12T07:00:00+00:00,160,960,640,0,,,,0,0,0,,,,0,0,0.8333,5,6,-1,1,0,1.0,6,6,1,1,1,0,,,,0,0
ETH-USD_1h_1704614400_1705186800_42.png,train,ETH-USD,1h,2024-01-07T08:00:00+00:00,2024-01-13T23:00:00+00:00,160,960,640,0,,,,0,0,0,,,,0,0,0.8333,10,12,-1,3,0,1.0,6,6,1,1,1,0,,,,0,0
ETH-USD_1h_1704758400_1705330800_42.png,train,ETH-USD,1h,2024-01-09T00:00:00+00:00,2024-01-15T15:00:00+00:00,160,960,640,0,,,,0,0,0,,,,0,0,0.8333,10,12,-1,2,0,0.0,0,0,0,0,0,0,,,,0,0
ETH-USD_1h_1704902400_1705474800_42.png,train,ETH-USD,1h,2024-01-10T16:00:00+00:00,2024-01-17T07:00:00+00:00,160,960,640,0,,,,0,0,0,,,,0,0,0.8333,10,12,-1,3,0,0.8333,5,6,-1,1,0,0,,,,0,0
ETH-USD_1h_1705046400_1705618800_42.png,train,ETH-USD,1h,2024-01-12T08:00:00+00:00,2024-01-18T23:00:00+00:00,160,960,640,0,,,,0,0,0,,,,0,0,0.8333,10,12,-1,2,0,0.8333,5,6,-1,1,0,0,,,,0,0
ETH-USD_1h_1705190400_1705762800_42.png,train,ETH-USD,1h,2024-01-14T00:00:00+00:00,2024-01-20T15:00:00+00:00,160,960,640,0,,,,0,0,0,,,,0,0,0.8333,10,12,-1,2,0,0.8333,5,6,-1,1,0,0,,,,0,0
ETH-USD_1h_1705334400_1705906800_42.png,train,ETH-USD,1h,2024-01-15T16:00:00+00:00,2024-01-22T07:00:00+00:00,160,960,640,0,,,,0,0,0,,,,0,0,0.8333,5,6,-1,1,0,0.0,0,0,0,0,0,0,,,,0,0
ETH-USD_1h_1705478400_1706050800_42.png,train,ETH-USD,1h,2024-01-17T08:00:00+00:00,2024-01-23T23:00:00+00:00,160,960,640,0,,,,0,0,0,,,,0,0,0.8333,5,6,-1,1,0,0.0,0,0,0,0,0,0,,,,0,0
ETH-USD_1h_1705622400_1706194800_42.png,train,ETH-USD,1h,2024-01-19T00:00:00+00:00,2024-01-25T15:00:00+00:00,160,960,640,0,,,,0,0,0,,,,0,0,0.0,0,0,0,0,0,0.0,0,0,0,0,0,0,,,,0,0
ETH-USD_1h_1705766400_1706338800_42.png,train,ETH-USD,1h,2024-01-20T16:00:00+00:00,2024-01-27T07:00:00+00:00,160,960,640,0,,,,0,0,0,,,,0,0,0.8333,5,6,-1,1,0,0.8333,5,6,-1,1,0,0,,,,0,0
ETH-USD_1h_1705910400_1706482800_42.png,train,ETH-USD,1h,2024-01-22T08:00:00+00:00,2024-01-28T23:00:00+00:00,160,960,640,0,,,,0,0,0,,,,0,0,0.75,9,12,-1,2,0,0.8333,5,6,-1,1,0,0,,,,0,0
ETH-USD_1h_1706054400_1706626800_42.png,train,ETH-USD,1h,2024-01-24T00:00:00+00:00,2024-01-30T15:00:00+00:00,160,960,640,0,,,,0,0,0,,,,0,0,0.8333,10,12,-1,2,0,1.0,6,6,1,1,1,0,,,,0,0
ETH-USD_1h_1706198400_1706770800_42.png,train,ETH-USD,1h,2024-01-25T16:00:00+00:00,2024-02-01T07:00:00+00:00,160,960,640,0,,,,0,0,0,,,,0,0,0.8333,5,6,-1,1,0,0.8333,5,6,-1,1,0,0,,,,0,0
ETH-USD_1h_1706342400_1706914800_42.png,train,ETH-USD,1h,2024-01-27T08:00:00+00:00,2024-02-02T23:00:00+00:00,160,960,640,0,,,,0,0,0,,,,0,0,0.8333,10,12,-1,2,0,0.8333,5,6,-1,1,0,0,,,,0,0
ETH-USD_1h_1706486400_1707058800_42.png,train,ETH-USD,1h,2024-01-29T00:00:00+00:00,2024-02-04T15:00:00+00:00,160,960,640,0,,,,0,0,0,,,,0,0,0.8333,5,6,-1,1,0,0.0,0,0,0,0,0,0,,,,0,0
ETH-USD_1h_1706630400_1707202800_42.png,train,ETH-USD,1h,2024-01-30T16:00:00+00:00,2024-02-06T07:00:00+00:00,160,960,640,0,,,,0,0,0,,,,0,0,0.8333,10,12,-1,2,0,0.8333,5,6,-1,1,0,1,,,,1,1
ETH-USD_1h_1706774400_1707346800_42.png,train,ETH-USD,1h,2024-02-01T08:00:00+00:00,2024-02-07T23:00:00+00:00,160,960,640,0,,,,0,0,0,,,,0,0,0.8333,10,12,-1,2,0,0.0,0,0,0,0,0,0,,,,0,0
ETH-USD_1h_1706918400_1707490800_42.png,train,ETH-USD,1h,2024-02-03T00:00:00+00:00,2024-02-09T15:00:00+00:00,160,960,640,0,,,,0,0,0,,,,0,0,0.75,9,12,-1,2,0,0.0,0,0,0,0,0,0,,,,0,0
ETH-USD_1h_1707062400_1707634800_42.png,train,ETH-USD,1h,2024-02-04T16:00:00+00:00,2024-02-11T07:00:00+00:00,160,960,640,0,,,,0,0,0,,,,0,0,0.8333,5,6,-1,1,0,0.6667,4,6,-1,1,0,0,,,,0,0
ETH-USD_1h_1707206400_1707778800_42.png,train,ETH-USD,1h,2024-02-06T08:00:00+00:00,2024-02-12T23:00:00+00:00,160,960,640,0,,,,0,0,0,,,,0,0,0.8333,10,12,-1,2,0,1.0,6,6,1,1,1,0,,,,0,0
ETH-USD_1h_1707350400_1707922800_42.png,train,ETH-USD,1h,2024-02-08T00:00:00+00:00,2024-02-14T15:00:00+00:00,160,960,640,0,,,,0,0,0,,,,0,0,0.75,9,12,-1,2,0,0.6667,4,6,-1,1,0,0,,,,0,0
ETH-USD_1h_1707494400_1708066800_42.png,train,ETH-USD,1h,2024-02-09T16:00:00+00:00,2024-02-16T07:00:00+00:00,160,960,640,0,,,,0,0,0,,,,0,0,0.6667,8,12,-1,2,0,0.6667,4,6,-1,1,0,0,,,,0,0
ETH-USD_1h_1707638400_1708210800_42.png,train,ETH-USD,1h,2024-02-11T08:00:00+00:00,2024-02-17T23:00:00+00:00,160,960,640,0,,,,0,0,0,,,,0,0,0.6667,8,12,-1,2,0,0.6667,4,6,-1,1,0,0,,,,0,0
ETH-USD_1h_1707782400_1708354800_42.png,train,ETH-USD,1h,2024-02-13T00:00:00+00:00,2024-02-19T15:00:00+00:00,160,960,640,0,,,,0,0,0,,,,0,0,0.75,9,12,-1,2,0,0.8333,5,6,-1,1,0,0,,,,0,0
ETH-USD_1h_1707926400_1708498800_42.png,train,ETH-USD,1h,2024-02-14T16:00:00+00:00,2024-02-21T07:00:00+00:00,160,960,640,0,,,,0,0,0,,,,0,0,0.0,0,0,0,0,0,0.0,0,0,0,0,0,0,,,,0,0
ETH-USD_1h_1708070400_1708642800_42.png,train,ETH-USD,1h,2024-02-16T08:00:00+00:00,2024-02-22T23:00:00+00:00,160,960,640,0,,,,0,0,0,,,,0,0,0.75,9,12,-1,2,0,0.6667,4,6,-1,1,0,0,,,,0,0
ETH-USD_1h_1708214400_1708786800_42.png,train,ETH-USD,1h,2024-02-18T00:00:00+00:00,2024-02-24T15:00:00+00:00,160,960,640,0,,,,0,0,0,,,,0,0,0.8333,10,12,-1,2,0,0.8333,5,6,-1,1,0,0,,,,0,0
ETH-USD_1h_1708358400_1708930800_42.png,train,ETH-USD,1h,2024-02-19T16:00:00+00:00,2024-02-26T07:00:00+00:00,160,960,640,0,,,,0,0,0,,,,0,0,0.8333,10,12,-1,2,0,0.8333,5,6,-1,1,0,0,,,,0,0
ETH-USD_1h_1708502400_1709074800_42.png,train,ETH-USD,1h,2024-02-21T08:00:00+00:00,2024-02-27T23:00:00+00:00,160,960,640,0,,,,0,0,0,,,,0,0,0.8333,10,12,-1,2,0,1.0,6,6,1,1,1,0,,,,0,0
ETH-USD_1h_1708646400_1709218800_42.png,train,ETH-USD,1h,2024-02-23T00:00:00+00:00,2024-02-29T15:00:00+00:00,160,960,640,0,,,,0,0,0,,,,0,0,0.6667,8,12,-1,2,0,0.8333,10,12,-1,2,1,0,,,,0,0
ETH-USD_1h_1708790400_1709362800_42.png,train,ETH-USD,1h,2024-02-24T16:00:00+00:00,2024-03-02T07:00:00+00:00,160,960,640,0,,,,0,0,0,,,,0,0,0.75,9,12,-1,2,0,0.75,9,12,-1,2,0,0,,,,0,0
ETH-USD_1h_1708934400_1709506800_42.png,train,ETH-USD,1h,2024-02-26T08:00:00+00:00,2024-03-03T23:00:00+00:00,160,960,640,0,,,,0,0,0,,,,0,0,0.8333,5,6,-1,1,0,0.8333,5,6,-1,1,0,0,,,,0,0
ETH-USD_1h_1709078400_1709650800_42.png,train,ETH-USD,1h,2024-02-28T00:00:00+00:00,2024-03-05T15:00:00+00:00,160,960,640,0,,,,0,0,0,,,,0,0,0.0,0,0,0,0,0,0.0,0,0,0,0,0,0,,,,0,0
ETH-USD_1h_1709222400_1709794800_42.png,train,ETH-USD,1h,2024-02-29T16:00:00+00:00,2024-03-07T07:00:00+00:00,160,960,640,0,,,,0,0,0,,,,0,0,0.8333,5,6,-1,1,0,0.0,0,0,0,0,0,0,,,,0,0
ETH-USD_1h_1709366400_1709938800_42.png,train,ETH-USD,1h,2024-03-02T08:00:00+00:00,2024-03-08T23:00:00+00:00,160,960,640,0,,,,0,0,0,,,,0,0,0.8333,5,6,-1,1,0,0.6667,4,6,-1,1,0,0,,,,0,0
ETH-USD_1h_1709510400_1710082800_42.png,train,ETH-USD,1h,2024-03-04T00:00:00+00:00,2024-03-10T15:00:00+00:00,160,960,640,0,,,,0,0,0,,,,0,0,0.8333,5,6,-1,1,0,0.6667,4,6,-1,1,0,0,,,,0,0
ETH-USD_1h_1709654400_1710226800_42.png,train,ETH-USD,1h,2024-03-05T16:00:00+00:00,2024-03-12T07:00:00+00:00,160,960,640,0,,,,0,0,0,,,,0,0,0.75,9,12,-1,3,0,0.8333,10,12,-1,2,1,0,,,,0,0
ETH-USD_1h_1709798400_1710370800_42.png,train,ETH-USD,1h,2024-03-07T08:00:00+00:00,2024-03-13T23:00:00+00:00,160,960,640,0,,,,0,0,0,,,,0,0,0.8333,10,12,-1,2,0,0.9167,11,12,1,2,1,0,,,,0,0
ETH-USD_1h_1709942400_1710514800_42.png,train,ETH-USD,1h,2024-03-09T00:00:00+00:00,2024-03-15T15:00:00+00:00,160,960,640,0,,,,0,0,0,,,,0,0,0.8333,10,12,-1,2,0,0.8333,5,6,-1,1,0,0,,,,0,0
ETH-USD_1h_1710086400_1710658800_42.png,train,ETH-USD,1h,2024-03-10T16:00:00+00:00,2024-03-17T07:00:00+00:00,160,960,640,0,,,,0,0,0,,,,0,0,0.8333,5,6,-1,1,0,0.0,0,0,0,0,0,0,,,,0,0
ETH-USD_1h_1710230400_1710802800_42.png,train,ETH-USD,1h,2024-03-12T08:00:00+00:00,2024-03-18T23:00:00+00:00,160,960,640,0,,,,0,0,0,,,,0,0,0.0,0,0,0,0,0,0.0,0,0,0,0,0,0,,,,0,0
ETH-USD_1h_1710374400_1710946800_42.png,train,ETH-USD,1h,2024-03-14T00:00:00+00:00,2024-03-20T15:00:00+00:00,160,960,640,0,,,,0,0,0,,,,0,0,0.0,0,0,0,0,0,0.0,0,0,0,0,0,0,,,,0,0
ETH-USD_1h_1710518400_1711090800_42.png,train,ETH-USD,1h,2024-03-15T16:00:00+00:00,2024-03-22T07:00:00+00:00,160,960,640,0,,,,0,0,0,,,,0,0,0.8333,10,12,-1,2,0,0.0,0,0,0,0,0,0,,,,0,0
ETH-USD_1h_1710662400_1711234800_42.png,train,ETH-USD,1h,2024-03-17T08:00:00+00:00,2024-03-23T23:00:00+00:00,160,960,640,0,,,,0,0,0,,,,0,0,0.8333,10,12,-1,2,0,0.6667,4,6,-1,1,0,0,,,,0,0
ETH-USD_1h_1710806400_1711378800_42.png,train,ETH-USD,1h,2024-03-19T00:00:00+00:00,2024-03-25T15:00:00+00:00,160,960,640,0,,,,0,0,0,,,,0,0,0.8333,10,12,-1,4,0,0.75,9,12,-1,2,0,0,,,,0,0
ETH-USD_1h_1710950400_1711522800_42.png,train,ETH-USD,1h,2024-03-20T16:00:00+00:00,2024-03-27T07:00:00+00:00,160,960,640,0,,,,0,0,0,,,,0,0,0.75,9,12,-1,2,0,0.8333,5,6,-1,1,0,0,,,,0,0
ETH-USD_1h_1711094400_1711666800_42.png,train,ETH-USD,1h,2024-03-22T08:00:00+00:00,2024-03-28T23:00:00+00:00,160,960,640,0,,,,0,0,0,,,,0,0,0.75,9,12,-1,3,0,0.8333,10,12,-1,2,0,0,,,,0,0
ETH-USD_1h_1711238400_1711810800_42.png,train,ETH-USD,1h,2024-03-24T00:00:00+00:00,2024-03-30T15:00:00+00:00,160,960,640,0,,,,0,0,0,,,,0,0,0.8333,10,12,-1,3,0,0.8333,5,6,-1,1,0,0,,,,0,0
ETH-USD_1h_1711382400_1711954800_42.png,train,ETH-USD,1h,2024-03-25T16:00:00+00:00,2024-04-01T07:00:00+00:00,160,960,640,0,,,,0,0,0,,,,0,0,0.8333,10,12,-1,2,0,0.8333,5,6,-1,1,0,0,,,,0,0
ETH-USD_1h_1711526400_1712098800_42.png,train,ETH-USD,1h,2024-03-27T08:00:00+00:00,2024-04-02T23:00:00+00:00,160,960,640,0,,,,0,0,0,,,,0,0,0.9167,11,12,1,4,2,0.8333,10,12,-1,2,0,0,,,,0,0
ETH-USD_1h_1711670400_1712242800_42.png,train,ETH-USD,1h,2024-03-29T00:00:00+00:00,2024-04-04T15:00:00+00:00,160,960,640,0,,,,0,0,0,,,,0,0,0.8333,10,12,-1,3,1,0.6667,8,12,-1,3,0,0,,,,0,0
ETH-USD_1h_1711814400_1712386800_42.png,train,ETH-USD,1h,2024-03-30T16:00:00+00:00,2024-04-06T07:00:00+00:00,160,960,640,0,,,,0,0,0,,,,0,0,0.75,9,12,-1,3,0,0.8333,5,6,-1,1,0,0,,,,0,0
ETH-USD_1h_1711958400_1712530800_42.png,train,ETH-USD,1h,2024-04-01T08:00:00+00:00,2024-04-07T23:00:00+00:00,160,960,640,0,,,,0,0,0,,,,0,0,0.8333,10,12,-1,3,0,0.8333,5,6,-1,1,0,0,,,,0,0
ETH-USD_1h_1712102400_1712674800_42.png,train,ETH-USD,1h,2024-04-03T00:00:00+00:00,2024-04-09T15:00:00+00:00,160,960,640,0,,,,0,0,0,,,,0,0,0.8333,5,6,-1,1,0,0.8333,5,6,-1,1,0,0,,,,0,0
ETH-USD_1h_1712246400_1712818800_42.png,train,ETH-USD,1h,2024-04-04T16:00:00+00:00,2024-04-11T07:00:00+00:00,160,960,640,0,,,,0,0,0,,,,0,0,0.8333,5,6,-1,1,0,0.0,0,0,0,0,0,0,,,,0,0
ETH-USD_1h_1712390400_1712962800_42.png,train,ETH-USD,1h,2024-04-06T08:00:00+00:00,2024-04-12T23:00:00+00:00,160,960,640,0,,,,0,0,0,,,,0,0,0.8333,5,6,-1,1,0,0.0,0,0,0,0,0,0,,,,0,0
ETH-USD_1h_1712534400_1713106800_42.png,train,ETH-USD,1h,2024-04-08T00:00:00+00:00,2024-04-14T15:00:00+00:00,160,960,640,0,,,,0,0,0,,,,0,0,0.8333,5,6,-1,1,0,0.6667,4,6,-1,1,0,0,,,,0,0
ETH-USD_1h_1712678400_1713250800_42.png,train,ETH-USD,1h,2024-04-09T16:00:00+00:00,2024-04-16T07:00:00+00:00,160,960,640,0,,,,0,0,0,,,,0,0,0.0,0,0,0,0,0,0.0,0,0,0,0,0,0,,,,0,0
ETH-USD_1h_1712822400_1713394800_42.png,train,ETH-USD,1h,2024-04-11T08:00:00+00:00,2024-04-17T23:00:00+00:00,160,960,640,0,,,,0,0,0,,,,0,0,0.0,0,0,0,0,0,0.0,0,0,0,0,0,0,,,,0,0
ETH-USD_1h_1712966400_1713538800_42.png,train,ETH-USD,1h,2024-04-13T00:00:00+00:00,2024-04-19T15:00:00+00:00,160,960,640,0,,,,0,0,0,,,,0,0,0.8333,10,12,-1,2,0,0.9167,11,12,1,2,1,0,,,,0,0
ETH-USD_1h_1713110400_1713682800_42.png,train,ETH-USD,1h,2024-04-14T16:00:00+00:00,2024-04-21T07:00:00+00:00,160,960,640,0,,,,0,0,0,,,,0,0,0.75,9,12,-1,2,0,0.8333,5,6,-1,1,0,0,,,,0,0
ETH-USD_1h_1713254400_1713826800_42.png,train,ETH-USD,1h,2024-04-16T08:00:00+00:00,2024-04-22T23:00:00+00:00,160,960,640,0,,,,0,0,0,,,,0,0,0.8333,10,12,-1,2,0,0.8333,5,6,-1,1,0,0,,,,0,0
ETH-USD_1h_1713398400_1713970800_42.png,train,ETH-USD,1h,2024-04-18T00:00:00+00:00,2024-04-24T15:00:00+00:00,160,960,640,0,,,,0,0,0,,,,0,0,0.8333,10,12,-1,2,0,0.75,9,12,-1,2,0,1,,,,1,1
ETH-USD_1h_1713542400_1714114800_42.png,train,ETH-USD,1h,2024-04-19T16:00:00+00:00,2024-04-26T07:00:00+00:00,160,960,640,0,,,,0,0,0,,,,0,0,0.8333,10,12,-1,2,0,0.8333,5,6,-1,1,0,0,,,,0,0
ETH-USD_1h_1713686400_1714258800_42.png,train,ETH-USD,1h,2024-04-21T08:00:00+00:00,2024-04-27T23:00:00+00:00,160,960,640,0,,,,0,0,0,,,,0,0,0.8333,10,12,-1,3,0,0.8333,10,12,-1,2,0,0,,,,0,0
ETH-USD_1h_1713830400_1714402800_42.png,train,ETH-USD,1h,2024-04-23T00:00:00+00:00,2024-04-29T15:00:00+00:00,160,960,640,0,,,,0,0,0,,,,0,0,0.8333,10,12,-1,2,0,0.8333,5,6,-1,1,0,0,,,,0,0
ETH-USD_1h_1713974400_1714546800_42.png,train,ETH-USD,1h,2024-04-24T16:00:00+00:00,2024-05-01T07:00:00+00:00,160,960,640,0,,,,0,0,0,,,,0,0,0.8333,10,12,-1,2,1,0.8333,10,12,-1,2,0,0,,,,0,0
ETH-USD_1h_1714118400_1714690800_42.png,train,ETH-USD,1h,2024-04-26T08:00:00+00:00,2024-05-02T23:00:00+00:00,160,960,640,0,,,,0,0,0,,,,0,0,1.0,6,6,1,1,1,0.0,0,0,0,0,0,0,,,,0,0
ETH-USD_1h_1714262400_1714834800_42.png,train,ETH-USD,1h,2024-04-28T00:00:00+00:00,2024-05-04T15:00:00+00:00,160,960,640,0,,,,0,0,0,,,,0,0,0.9167,11,12,1,2,1,0.0,0,0,0,0,0,0,,,,0,0
ETH-USD_1h_1714406400_1714978800_42.png,train,ETH-USD,1h,2024-04-29T16:00:00+00:00,2024-05-06T07:00:00+00:00,160,960,640,0,,,,0,0,0,,,,0,0,0.8333,10,12,-1,2,0,0.6667,4,6,-1,1,0,0,,,,0,0
ETH-USD_1h_1714550400_1715122800_42.png,train,ETH-USD,1h,2024-05-01T08:00:00+00:00,2024-05-07T23:00:00+00:00,160,960,640,0,,,,0,0,0,,,,0,0,1.0,6,6,1,1,1,0.0,0,0,0,0,0,0,,,,0,0
ETH-USD_1h_1714694400_1715266800_42.png,train,ETH-USD,1h,2024-05-03T00:00:00+00:00,2024-05-09T15:00:00+00:00,160,960,640,0,,,,0,0,0,,,,0,0,1.0,6,6,1,1,1,0.0,0,0,0,0,0,0,,,,0,0
ETH-USD_1h_1714838400_1715410800_42.png,train,ETH-USD,1h,2024-05-04T16:00:00+00:00,2024-05-11T07:00:00+00:00,160,960,640,0,,,,0,0,0,,,,0,0,1.0,12,12,1,2,2,0.8333,5,6,-1,1,0,0,,,,0,0
ETH-USD_1h_1714982400_1715554800_42.png,train,ETH-USD,1h,2024-05-06T08:00:00+00:00,2024-05-12T23:00:00+00:00,160,960,640,0,,,,0,0,0,,,,0,0,1.0,6,6,1,1,1,0.0,0,0,0,0,0,0,,,,0,0
ETH-USD_1h_1715126400_1715698800_42.png,train,ETH-USD,1h,2024-05-08T00:00:00+00:00,2024-05-14T15:00:00+00:00,160,960,640,0,,,,0,0,0,,,,0,0,0.9167,11,12,1,3,2,0.8333,10,12,-1,2,0,0,,,,0,0
ETH-USD_1h_1715270400_1715842800_42.png,train,ETH-USD,1h,2024-05-09T16:00:00+00:00,2024-05-16T07:00:00+00:00,160,960,640,0,,,,0,0,0,,,,0,0,0.8333,10,12,-1,2,0,0.8333,10,12,-1,2,0,0,,,,0,0
ETH-USD_1h_1715414400_1715986800_42.png,train,ETH-USD,1h,2024-05-11T08:00:00+00:00,2024-05-17T23:00:00+00:00,160,960,640,0,,,,0,0,0,,,,0,0,0.8333,10,12,-1,3,0,0.8333,10,12,-1,2,0,0,,,,0,0
ETH-USD_1h_1715558400_1716130800_42.png,train,ETH-USD,1h,2024-05-13T00:00:00+00:00,2024-05-19T15:00:00+00:00,160,960,640,0,,,,0,0,0,,,,0,0,0.8333,10,12,-1,2,0,0.8333,5,6,-1,1,0,0,,,,0,0
ETH-USD_1h_1715702400_1716274800_42.png,train,ETH-USD,1h,2024-05-14T16:00:00+00:00,2024-05-21T07:00:00+00:00,160,960,640,0,,,,0,0,0,,,,0,0,0.8333,5,6,-1,1,0,0.8333,5,6,-1,1,0,0,,,,0,0
ETH-USD_1h_1715846400_1716418800_42.png,train,ETH-USD,1h,2024-05-16T08:00:00+00:00,2024-05-22T23:00:00+00:00,160,960,640,0,,,,0,0,0,,,,0,0,0.8333,5,6,-1,1,0,0.8333,5,6,-1,1,0,0,,,,0,0
ETH-USD_1h_1715990400_1716562800_42.png,train,ETH-USD,1h,2024-05-18T00:00:00+00:00,2024-05-24T15:00:00+00:00,160,960,640,0,,,,0,0,0,,,,0,0,0.8333,5,6,-1,1,0,0.0,0,0,0,0,0,0,,,,0,0
ETH-USD_1h_1716134400_1716706800_42.png,train,ETH-USD,1h,2024-05-19T16:00:00+00:00,2024-05-26T07:00:00+00:00,160,960,640,0,,,,0,0,0,,,,0,0,0.8333,10,12,-1,2,0,0.8333,5,6,-1,1,0,0,,,,0,0
ETH-USD_1h_1716278400_1716850800_42.png,train,ETH-USD,1h,2024-05-21T08:00:00+00:00,2024-05-27T23:00:00+00:00,160,960,640,0,,,,0,0,0,,,,0,0,0.8333,10,12,-1,2,0,0.8333,5,6,-1,1,0,0,,,,0,0
ETH-USD_1h_1716422400_1716994800_42.png,train,ETH-USD,1h,2024-05-23T00:00:00+00:00,2024-05-29T15:00:00+00:00,160,960,640,0,,,,0,0,0,,,,0,0,0.8333,5,6,-1,1,0,0.0,0,0,0,0,0,0,,,,0,0
ETH-USD_1h_1716566400_1717138800_42.png,train,ETH-USD,1h,2024-05-24T16:00:00+00:00,2024-05-31T07:00:00+00:00,160,960,640,0,,,,0,0,0,,,,0,0,0.8333,5,6,-1,1,0,0.0,0,0,0,0,0,0,,,,0,0
ETH-USD_1h_1716710400_1717282800_42.png,train,ETH-USD,1h,2024-05-26T08:00:00+00:00,2024-06-01T23:00:00+00:00,160,960,640,0,,,,0,0,0,,,,0,0,0.8333,10,12,-1,2,0,0.0,0,0,0,0,0,0,,,,0,0
ETH-USD_1h_1716854400_1717426800_42.png,train,ETH-USD,1h,2024-05-28T00:00:00+00:00,2024-06-03T15:00:00+00:00,160,960,640,0,,,,0,0,0,,,,0,0,0.8333,10,12,-1,4,0,0.8333,5,6,-1,1,0,0,,,,0,0
ETH-USD_1h_1716998400_1717570800_42.png,train,ETH-USD,1h,2024-05-29T16:00:00+00:00,2024-06-05T07:00:00+00:00,160,960,640,0,,,,0,0,0,,,,0,0,0.8333,10,12,-1,3,0,0.8333,10,12,-1,3,0,1,,,,1,1
ETH-USD_1h_1717142400_1717714800_42.png,train,ETH-USD,1h,2024-05-31T08:00:00+00:00,2024-06-06T23:00:00+00:00,160,960,640,0,,,,0,0,0,,,,0,0,0.8333,10,12,-1,2,0,0.8333,5,6,-1,1,0,0,,,,0,0
ETH-USD_1h_1717286400_1717858800_42.png,train,ETH-USD,1h,2024-06-02T00:00:00+00:00,2024-06-08T15:00:00+00:00,160,960,640,0,,,,0,0,0,,,,0,0,0.8333,10,12,-1,2,0,0.8333,5,6,-1,1,0,0,,,,0,0
ETH-USD_1h_1717430400_1718002800_42.png,train,ETH-USD,1h,2024-06-03T16:00:00+00:00,2024-06-10T07:00:00+00:00,160,960,640,0,,,,0,0,0,,,,0,0,0.8333,5,6,-1,1,0,0.0,0,0,0,0,0,0,,,,0,0
ETH-USD_1h_1717574400_1718146800_42.png,train,ETH-USD,1h,2024-06-05T08:00:00+00:00,2024-06-11T23:00:00+00:00,160,960,640,0,,,,0,0,0,,,,0,0,0.8333,5,6,-1,1,0,0.0,0,0,0,0,0,0,,,,0,0
ETH-USD_1h_1717718400_1718290800_42.png,train,ETH-USD,1h,2024-06-07T00:00:00+00:00,2024-06-13T15:00:00+00:00,160,960,640,0,,,,0,0,0,,,,0,0,0.0,0,0,0,0,0,0.0,0,0,0,0,0,0,,,,0,0
ETH-USD_1h_1717862400_1718434800_42.png,train,ETH-USD,1h,2024-06-08T16:00:00+00:00,2024-06-15T07:00:00+00:00,160,960,640,0,,,,0,0,0,,,,0,0,0.8333,10,12,-1,2,0,0.8333,10,12,-1,2,0,0,,,,0,0
ETH-USD_1h_1718006400_1718578800_42.png,train,ETH-USD,1h,2024-06-10T08:00:00+00:00,2024-06-16T23:00:00+00:00,160,960,640,0,,,,0,0,0,,,,0,0,0.8333,10,12,-1,3,0,0.8333,10,12,-1,2,0,0,,,,0,0
ETH-USD_1h_1718150400_1718722800_42.png,train,ETH-USD,1h,2024-06-12T00:00:00+00:00,2024-06-18T15:00:00+00:00,160,960,640,0,,,,0,0,0,,,,0,0,0.8333,10,12,-1,2,0,0.8333,5,6,-1,1,0,0,,,,0,0
ETH-USD_1h_1718294400_1718866800_42.png,train,ETH-USD,1h,2024-06-13T16:00:00+00:00,2024-06-20T07:00:00+00:00,160,960,640,0,,,,0,0,0,,,,0,0,0.8333,10,12,-1,2,0,0.8333,5,6,-1,1,0,0,,,,0,0
ETH-USD_1h_1718438400_1719010800_42.png,train,ETH-USD,1h,2024-06-15T08:00:00+00:00,2024-06-21T23:00:00+00:00,160,960,640,0,,,,0,0,0,,,,0,0,0.8333,5,6,-1,1,0,0.0,0,0,0,0,0,0,,,,0,0
ETH-USD_1h_1718582400_1719154800_42.png,train,ETH-USD,1h,2024-06-17T00:00:00+00:00,2024-06-23T15:00:00+00:00,160,960,640,0,,,,0,0,0,,,,0,0,0.8333,5,6,-1,1,0,0.0,0,0,0,0,0,0,,,,0,0
ETH-USD_1h_1718726400_1719298800_42.png,train,ETH-USD,1h,2024-06-18T16:00:00+00:00,2024-06-25T07:00:00+00:00,160,960,640,0,,,,0,0,0,,,,0,0,0.0,0,0,0,0,0,0.0,0,0,0,0,0,0,,,,0,0
ETH-USD_1h_1718870400_1719442800_42.png,train,ETH-USD,1h,2024-06-20T08:00:00+00:00,2024-06-26T23:00:00+00:00,160,960,640,0,,,,0,0,0,,,,0,0,0.0,0,0,0,0,0,0.0,0,0,0,0,0,0,,,,0,0
ETH-USD_1h_1719014400_1719586800_42.png,train,ETH-USD,1h,2024-06-22T00:00:00+00:00,2024-06-28T15:00:00+00:00,160,960,640,0,,,,0,0,0,,,,0,0,0.8333,10,12,-1,2,0,0.8333,5,6,-1,1,0,0,,,,0,0
ETH-USD_1h_1719158400_1719730800_42.png,train,ETH-USD,1h,2024-06-23T16:00:00+00:00,2024-06-30T07:00:00+00:00,160,960,640,0,,,,0,0,0,,,,0,0,0.8333,10,12,-1,3,0,0.8333,5,6,-1,1,0,0,,,,0,0
ETH-USD_1h_1719302400_1719874800_42.png,train,ETH-USD,1h,2024-06-25T08:00:00+00:00,2024-07-01T23:00:00+00:00,160,960,640,0,,,,0,0,0,,,,0,0,0.8333,10,12,-1,2,0,0.8333,5,6,-1,1,0,0,,,,0,0
ETH-USD_1h_1719446400_1720018800_42.png,train,ETH-USD,1h,2024-06-27T00:00:00+00:00,2024-07-03T15:00:00+00:00,160,960,640,0,,,,0,0,0,,,,0,0,0.8333,5,6,-1,1,0,0.0,0,0,0,0,0,0,,,,0,0
ETH-USD_1h_1719590400_1720162800_42.png,train,ETH-USD,1h,2024-06-28T16:00:00+00:00,2024-07-05T07:00:00+00:00,160,960,640,0,,,,0,0,0,,,,0,0,0.0,0,0,0,0,0,0.0,0,0,0,0,0,0,,,,0,0
ETH-USD_1h_1719734400_1720306800_42.png,train,ETH-USD,1h,2024-06-30T08:00:00+00:00,2024-07-06T23:00:00+00:00,160,960,640,0,,,,0,0,0,,,,0,0,0.0,0,0,0,0,0,0.0,0,0,0,0,0,0,,,,0,0
ETH-USD_1h_1719878400_1720450800_42.png,train,ETH-USD,1h,2024-07-02T00:00:00+00:00,2024-07-08T15:00:00+00:00,160,960,640,0,,,,0,0,0,,,,0,0,0.8333,5,6,-1,1,0,0.8333,5,6,-1,1,0,0,,,,0,0
ETH-USD_1h_1720022400_1720594800_42.png,train,ETH-USD,1h,2024-07-03T16:00:00+00:00,2024-07-10T07:00:00+00:00,160,960,640,0,,,,0,0,0,,,,0,0,0.75,9,12,-1,2,0,0.8333,5,6,-1,1,0,0,,,,0,0
ETH-USD_1h_1720166400_1720738800_42.png,train,ETH-USD,1h,2024-07-05T08:00:00+00:00,2024-07-11T23:00:00+00:00,160,960,640,0,,,,0,0,0,,,,0,0,0.75,9,12,-1,2,0,0.0,0,0,0,0,0,0,,,,0,0
ETH-USD_1h_1720310400_1720882800_42.png,train,ETH-USD,1h,2024-07-07T00:00:00+00:00,2024-07-13T15:00:00+00:00,160,960,640,0,,,,0,0,0,,,,0,0,0.8333,10,12,-1,3,0,0.6667,4,6,-1,1,0,0,,,,0,0
ETH-USD_1h_1720454400_1721026800_42.png,train,ETH-USD,1h,2024-07-08T16:00:00+00:00,2024-07-15T07:00:00+00:00,160,960,640,0,,,,0,0,0,,,,0,0,0.8333,5,6,-1,1,0,0.0,0,0,0,0,0,0,,,,0,0
ETH-USD_1h_1720598400_1721170800_42.png,train,ETH-USD,1h,2024-07-10T08:00:00+00:00,2024-07-16T23:00:00+00:00,160,960,640,0,,,,0,0,0,,,,0,0,0.0,0,0,0,0,0,0.0,0,0,0,0,0,0,,,,0,0
ETH-USD_1h_1720742400_1721314800_42.png,train,ETH-USD,1h,2024-07-12T00:00:00+00:00,2024-07-18T15:00:00+00:00,160,960,640,0,,,,0,0,0,,,,0,0,0.8333,10,12,-1,2,0,0.8333,5,6,-1,1,0,0,,,,0,0
ETH-USD_1h_1720886400_1721458800_42.png,train,ETH-USD,1h,2024-07-13T16:00:00+00:00,2024-07-20T07:00:00+00:00,160,960,640,0,,,,0,0,0,,,,0,0,0.8333,10,12,-1,3,0,1.0,6,6,1,1,1,0,,,,0,0
ETH-USD_1h_1721030400_1721602800_42.png,train,ETH-USD,1h,2024-07-15T08:00:00+00:00,2024-07-21T23:00:00+00:00,160,960,640,0,,,,0,0,0,,,,0,0,0.8333,10,12,-1,3,0,1.0,6,6,1,1,1,0,,,,0,0
ETH-USD_1h_1721174400_1721746800_42.png,train,ETH-USD,1h,2024-07-17T00:00:00+00:00,2024-07-23T15:00:00+00:00,160,960,640,0,,,,0,0,0,,,,0,0,0.8333,10,12,-1,3,0,0.9167,11,12,1,2,1,0,,,,0,0
ETH-USD_1h_1721318400_1721890800_42.png,train,ETH-USD,1h,2024-07-18T16:00:00+00:00,2024-07-25T07:00:00+00:00,160,960,640,0,,,,0,0,0,,,,0,0,1.0,6,6,1,1,1,0.0,0,0,0,0,0,0,,,,0,0
ETH-USD_1h_1721462400_1722034800_42.png,train,ETH-USD,1h,2024-07-20T08:00:00+00:00,2024-07-26T23:00:00+00:00,160,960,640,0,,,,0,0,0,,,,0,0,0.8333,10,12,-1,2,1,0.0,0,0,0,0,0,0,,,,0,0
ETH-USD_1h_1721606400_1722178800_42.png,train,ETH-USD,1h,2024-07-22T00:00:00+00:00,2024-07-28T15:00:00+00:00,160,960,640,0,,,,0,0,0,,,,0,0,0.8333,10,12,-1,3,1,0.8333,5,6,-1,1,0,0,,,,0,0
ETH-USD_1h_1721750400_1722322800_42.png,train,ETH-USD,1h,2024-07-23T16:00:00+00:00,2024-07-30T07:00:00+00:00,160,960,640,0,,,,0,0,0,,,,0,0,0.8333,10,12,-1,2,0,0.8333,5,6,-1,1,0,0,,,,0,0
ETH-USD_1h_1721894400_1722466800_42.png,train,ETH-USD,1h,2024-07-25T08:00:00+00:00,2024-07-31T23:00:00+00:00,160,960,640,0,,,,0,0,0,,,,0,0,0.8333,10,12,-1,2,0,0.8333,5,6,-1,1,0,0,,,,0,0
ETH-USD_1h_1722038400_1722610800_42.png,train,ETH-USD,1h,2024-07-27T00:00:00+00:00,2024-08-02T15:00:00+00:00,160,960,640,0,,,,0,0,0,,,,0,0,0.9167,11,12,1,4,3,0.75,9,12,-1,3,0,0,,,,0,0
ETH-USD_1h_1722182400_1722754800_42.png,train,ETH-USD,1h,2024-07-28T16:00:00+00:00,2024-08-04T07:00:00+00:00,160,960,640,0,,,,0,0,0,,,,0,0,0.9167,11,12,1,2,2,0.6667,4,6,-1,1,0,0,,,,0,0
ETH-USD_1h_1722326400_1722898800_42.png,train,ETH-USD,1h,2024-07-30T08:00:00+00:00,2024-08-05T23:00:00+00:00,160,960,640,0,,,,0,0,0,,,,0,0,1.0,6,6,1,1,1,0.0,0,0,0,0,0,0,,,,0,0
ETH-USD_1h_1722470400_1723042800_42.png,train,ETH-USD,1h,2024-08-01T00:00:00+00:00,2024-08-07T15:00:00+00:00,160,960,640,0,,,,0,0,0,,,,0,0,0.0,0,0,0,0,0,0.0,0,0,0,0,0,0,,,,0,0
ETH-USD_1h_1722614400_1723186800_42.png,train,ETH-USD,1h,2024-08-02T16:00:00+00:00,2024-08-09T07:00:00+00:00,160,960,640,0,,,,0,0,0,,,,0,0,0.6667,4,6,-1,1,0,0.8333,5,6,-1,1,0,0,,,,0,0
ETH-USD_1h_1722758400_1723330800_42.png,train,ETH-USD,1h,2024-08-04T08:00:00+00:00,2024-08-10T23:00:00+00:00,160,960,640,0,,,,0,0,0,,,,0,0,0.6667,4,6,-1,1,0,0.8333,5,6,-1,1,0,0,,,,0,0
ETH-USD_1h_1722902400_1723474800_42.png,train,ETH-USD,1h,2024-08-06T00:00:00+00:00,2024-08-12T15:00:00+00:00,160,960,640,0,,,,0,0,0,,,,0,0,0.75,9,12,-1,3,0,0.6667,4,6,-1,1,0,0,,,,0,0
ETH-USD_1h_1723046400_1723618800_42.png,train,ETH-USD,1h,2024-08-07T16:00:00+00:00,2024-08-14T07:00:00+00:00,160,960,640,0,,,,0,0,0,,,,0,0,0.8333,10,12,-1,2,0,0.8333,10,12,-1,2,0,0,,,,0,0
ETH-USD_1h_1723190400_1723762800_42.png,train,ETH-USD,1h,2024-08-09T08:00:00+00:00,2024-08-15T23:00:00+00:00,160,960,640,0,,,,0,0,0,,,,0,0,0.8333,10,12,-1,2,0,0.8333,10,12,-1,2,0,0,,,,0,0
ETH-USD_1h_1723334400_1723906800_42.png,train,ETH-USD,1h,2024-08-11T00:00:00+00:00,2024-08-17T15:00:00+00:00,160,960,640,0,,,,0,0,0,,,,0,0,0.8333,10,12,-1,2,0,0.8333,10,12,-1,2,0,0,,,,0,0
ETH-USD_1h_1723478400_1724050800_42.png,train,ETH-USD,1h,2024-08-12T16:00:00+00:00,2024-08-19T07:00:00+00:00,160,960,640,0,,,,0,0,0,,,,0,0,0.8333,10,12,-1,3,0,0.8333,5,6,-1,1,0,0,,,,0,0
ETH-USD_1h_1723622400_1724194800_42.png,train,ETH-USD,1h,2024-08-14T08:00:00+00:00,2024-08-20T23:00:00+00:00,160,960,640,0,,,,0,0,0,,,,0,0,0.8333,10,12,-1,4,0,0.8333,10,12,-1,2,0,0,,,,0,0
ETH-USD_1h_1723766400_1724338800_42.png,train,ETH-USD,1h,2024-08-16T00:00:00+00:00,2024-08-22T15:00:00+00:00,160,960,640,0,,,,0,0,0,,,,0,0,0.8333,10,12,-1,3,0,0.8333,10,12,-1,2,0,0,,,,0,0
ETH-USD_1h_1723910400_1724482800_42.png,train,ETH-USD,1h,2024-08-17T16:00:00+00:00,2024-08-24T07:00:00+00:00,160,960,640,0,,,,0,0,0,,,,0,0,0.8333,10,12,-1,3,0,0.8333,10,12,-1,2,0,0,,,,0,0
ETH-USD_1h_1724054400_1724626800_42.png,train,ETH-USD,1h,2024-08-19T08:00:00+00:00,2024-08-25T23:00:00+00:00,160,960,640,0,,,,0,0,0,,,,0,0,0.8333,10,12,-1,2,0,0.8333,5,6,-1,1,0,0,,,,0,0
ETH-USD_1h_1724198400_1724770800_42.png,train,ETH-USD,1h,2024-08-21T00:00:00+00:00,2024-08-27T15:00:00+00:00,160,960,640,0,,,,0,0,0,,,,0,0,0.6667,4,6,-1,1,0,0.0,0,0,0,0,0,0,,,,0,0
ETH-USD_1h_1724342400_1724914800_42.png,train,ETH-USD,1h,2024-08-22T16:00:00+00:00,2024-08-29T07:00:00+00:00,160,960,640,0,,,,0,0,0,,,,0,0,0.0,0,0,0,0,0,0.0,0,0,0,0,0,0,,,,0,0
ETH-USD_1h_1724486400_1725058800_42.png,train,ETH-USD,1h,2024-08-24T08:00:00+00:00,2024-08-30T23:00:00+00:00,160,960,640,0,,,,0,0,0,,,,0,0,0.8333,5,6,-1,1,0,0.8333,5,6,-1,1,0,0,,,,0,0
ETH-USD_1h_1724630400_1725202800_42.png,train,ETH-USD,1h,2024-08-26T00:00:00+00:00,2024-09-01T15:00:00+00:00,160,960,640,0,,,,0,0,0,,,,0,0,0.75,9,12,-1,2,0,0.8333,5,6,-1,1,0,0,,,,0,0
ETH-USD_1h_1724774400_1725346800_42.png,train,ETH-USD,1h,2024-08-27T16:00:00+00:00,2024-09-03T07:00:00+00:00,160,960,640,0,,,,0,0,0,,,,0,0,0.8333,10,12,-1,3,0,0.8333,10,12,-1,2,0,0,,,,0,0
ETH-USD_1h_1724918400_1725490800_42.png,train,ETH-USD,1h,2024-08-29T08:00:00+00:00,2024-09-04T23:00:00+00:00,160,960,640,0,,,,0,0,0,,,,0,0,0.8333,10,12,-1,3,0,0.8333,10,12,-1,3,0,0,,,,0,0
ETH-USD_1h_1725062400_1725634800_42.png,train,ETH-USD,1h,2024-08-31T00:00:00+00:00,2024-09-06T15:00:00+00:00,160,960,640,0,,,,0,0,0,,,,0,0,0.8333,10,12,-1,2,0,0.8333,5,6,-1,1,0,0,,,,0,0
ETH-USD_1h_1725206400_1725778800_42.png,train,ETH-USD,1h,2024-09-01T16:00:00+00:00,2024-09-08T07:00:00+00:00,160,960,640,0,,,,0,0,0,,,,0,0,0.75,9,12,-1,3,0,0.8333,5,6,-1,1,0,0,,,,0,0
ETH-USD_1h_1725350400_1725922800_42.png,train,ETH-USD,1h,2024-09-03T08:00:00+00:00,2024-09-09T23:00:00+00:00,160,960,640,0,,,,0,0,0,,,,0,0,0.75,9,12,-1,3,0,0.75,9,12,-1,2,0,0,,,,0,0
ETH-USD_1h_1725494400_1726066800_42.png,train,ETH-USD,1h,2024-09-05T00:00:00+00:00,2024-09-11T15:00:00+00:00,160,960,640,0,,,,0,0,0,,,,0,0,0.75,9,12,-1,2,0,0.8333,5,6,-1,1,0,0,,,,0,0
ETH-USD_1h_1725638400_1726210800_42.png,train,ETH-USD,1h,2024-09-06T16:00:00+00:00,2024-09-13T07:00:00+00:00,160,960,640,0,,,,0,0,0,,,,0,0,0.8333,10,12,-1,2,0,0.8333,5,6,-1,1,0,0,,,,0,0
ETH-USD_1h_1725782400_1726354800_42.png,train,ETH-USD,1h,2024-09-08T08:00:00+00:00,2024-09-14T23:00:00+00:00,160,960,640,0,,,,0,0,0,,,,0,0,0.8333,10,12,-1,2,0,0.8333,10,12,-1,2,0,0,,,,0,0
ETH-USD_1h_1725926400_1726498800_42.png,train,ETH-USD,1h,2024-09-10T00:00:00+00:00,2024-09-16T15:00:00+00:00,160,960,640,0,,,,0,0,0,,,,0,0,0.75,9,12,-1,2,0,0.8333,10,12,-1,2,0,0,,,,0,0
ETH-USD_1h_1726070400_1726642800_42.png,train,ETH-USD,1h,2024-09-11T16:00:00+00:00,2024-09-18T07:00:00+00:00,160,960,640,0,,,,0,0,0,,,,0,0,0.8333,10,12,-1,2,0,0.8333,5,6,-1,1,0,0,,,,0,0
ETH-USD_1h_1726214400_1726786800_42.png,train,ETH-USD,1h,2024-09-13T08:00:00+00:00,2024-09-19T23:00:00+00:00,160,960,640,0,,,,0,0,0,,,,0,0,0.8333,10,12,-1,2,0,1.0,6,6,1,1,1,0,,,,0,0
ETH-USD_1h_1726358400_1726930800_42.png,train,ETH-USD,1h,2024-09-15T00:00:00+00:00,2024-09-21T15:00:00+00:00,160,960,640,0,,,,0,0,0,,,,0,0,0.8333,5,6,-1,1,0,1.0,6,6,1,1,1,0,,,,0,0
ETH-USD_1h_1726502400_1727074800_42.png,train,ETH-USD,1h,2024-09-16T16:00:00+00:00,2024-09-23T07:00:00+00:00,160,960,640,0,,,,0,0,0,,,,0,0,0.8333,5,6,-1,1,0,0.0,0,0,0,0,0,0,,,,0,0
ETH-USD_1h_1726646400_1727218800_42.png,train,ETH-USD,1h,2024-09-18T08:00:00+00:00,2024-09-24T23:00:00+00:00,160,960,640,0,,,,0,0,0,,,,0,0,0.8333,10,12,-1,2,0,0.8333,5,6,-1,1,0,0,,,,0,0
ETH-USD_1h_1726790400_1727362800_42.png,train,ETH-USD,1h,2024-09-20T00:00:00+00:00,2024-09-26T15:00:00+00:00,160,960,640,0,,,,0,0,0,,,,0,0,0.8333,10,12,-1,2,0,0.8333,10,12,-1,2,0,0,,,,0,0
ETH-USD_1h_1726934400_1727506800_42.png,train,ETH-USD,1h,2024-09-21T16:00:00+00:00,2024-09-28T07:00:00+00:00,160,960,640,0,,,,0,0,0,,,,0,0,0.8333,10,12,-1,3,0,0.8333,10,12,-1,2,0,0,,,,0,0
ETH-USD_1h_1727078400_1727650800_42.png,train,ETH-USD,1h,2024-09-23T08:00:00+00:00,2024-09-29T23:00:00+00:00,160,960,640,0,,,,0,0,0,,,,0,0,0.8333,10,12,-1,2,0,0.8333,5,6,-1,1,0,0,,,,0,0
ETH-USD_1h_1727222400_1727794800_42.png,train,ETH-USD,1h,2024-09-25T00:00:00+00:00,2024-10-01T15:00:00+00:00,160,960,640,0,,,,0,0,0,,,,0,0,0.9167,11,12,1,2,1,0.0,0,0,0,0,0,0,,,,0,0
ETH-USD_1h_1727366400_1727938800_42.png,train,ETH-USD,1h,2024-09-26T16:00:00+00:00,2024-10-03T07:00:00+00:00,160,960,640,0,,,,0,0,0,,,,0,0,1.0,6,6,1,1,1,0.6667,4,6,-1,1,0,0,,,,0,0
ETH-USD_1h_1727510400_1728082800_42.png,train,ETH-USD,1h,2024-09-28T08:00:00+00:00,2024-10-04T23:00:00+00:00,160,960,640,0,,,,0,0,0,,,,0,0,1.0,6,6,1,1,1,0.0,0,0,0,0,0,0,,,,0,0
ETH-USD_1h_1727654400_1728226800_42.png,train,ETH-USD,1h,2024-09-30T00:00:00+00:00,2024-10-06T15:00:00+00:00,160,960,640,0,,,,0,0,0,,,,0,0,1.0,6,6,1,1,1,0.0,0,0,0,0,0,0,,,,0,0
ETH-USD_1h_1727798400_1728370800_42.png,train,ETH-USD,1h,2024-10-01T16:00:00+00:00,2024-10-08T07:00:00+00:00,160,960,640,0,,,,0,0,0,,,,0,0,0.0,0,0,0,0,0,0.0,0,0,0,0,0,0,,,,0,0
ETH-USD_1h_1727942400_1728514800_42.png,train,ETH-USD,1h,2024-10-03T08:00:00+00:00,2024-10-09T23:00:00+00:00,160,960,640,0,,,,0,0,0,,,,0,0,0.0,0,0,0,0,0,0.0,0,0,0,0,0,0,,,,0,0
ETH-USD_1h_1728086400_1728658800_42.png,train,ETH-USD,1h,2024-10-05T00:00:00+00:00,2024-10-11T15:00:00+00:00,160,960,640,0,,,,0,0,0,,,,0,0,0.8333,10,12,-1,2,0,0.0,0,0,0,0,0,0,,,,0,0
ETH-USD_1h_1728230400_1728802800_42.png,train,ETH-USD,1h,2024-10-06T16:00:00+00:00,2024-10-13T07:00:00+00:00,160,960,640,0,,,,0,0,0,,,,0,0,0.8333,10,12,-1,2,0,0.0,0,0,0,0,0,0,,,,0,0
ETH-USD_1h_1728374400_1728946800_42.png,train,ETH-USD,1h,2024-10-08T08:00:00+00:00,2024-10-14T23:00:00+00:00,160,960,640,0,,,,0,0,0,,,,0,0,0.75,9,12,-1,3,0,1.0,6,6,1,1,1,0,,,,0,0
ETH-USD_1h_1728518400_1729090800_42.png,train,ETH-USD,1h,2024-10-10T00:00:00+00:00,2024-10-16T15:00:00+00:00,160,960,640,0,,,,0,0,0,,,,0,0,0.75,9,12,-1,3,0,0.8333,10,12,-1,2,1,0,,,,0,0
ETH-USD_1h_1728662400_1729234800_42.png,train,ETH-USD,1h,2024-10-11T16:00:00+00:00,2024-10-18T07:00:00+00:00,160,960,640,0,,,,0,0,0,,,,0,0,0.6667,8,12,-1,4,0,0.6667,8,12,-1,3,0,0,,,,0,0
ETH-USD_1h_1728806400_1729378800_42.png,train,ETH-USD,1h,2024-10-13T08:00:00+00:00,2024-10-19T23:00:00+00:00,160,960,640,0,,,,0,0,0,,,,0,0,0.8333,10,12,-1,2,0,0.8333,5,6,-1,1,0,0,,,,0,0
ETH-USD_1h_1728950400_1729522800_42.png,train,ETH-USD,1h,2024-10-15T00:00:00+00:00,2024-10-21T15:00:00+00:00,160,960,640,0,,,,0,0,0,,,,0,0,0.8333,10,12,-1,2,0,0.8333,5,6,-1,1,0,0,,,,0,0
ETH-USD_1h_1729094400_1729666800_42.png,train,ETH-USD,1h,2024-10-16T16:00:00+00:00,2024-10-23T07:00:00+00:00,160,960,640,0,,,,0,0,0,,,,0,0,0.8333,5,6,-1,1,0,0.0,0,0,0,0,0,0,,,,0,0
ETH-USD_1h_1729238400_1729810800_42.png,train,ETH-USD,1h,2024-10-18T08:00:00+00:00,2024-10-24T23:00:00+00:00,160,960,640,0,,,,0,0,0,,,,0,0,0.6667,4,6,-1,1,0,0.0,0,0,0,0,0,0,,,,0,0
ETH-USD_1h_1729382400_1729954800_42.png,train,ETH-USD,1h,2024-10-20T00:00:00+00:00,2024-10-26T15:00:00+00:00,160,960,640,0,,,,0,0,0,,,,0,0,0.9167,11,12,1,2,2,0.8333,5,6,-1,1,0,0,,,,0,0
ETH-USD_1h_1729526400_1730098800_42.png,train,ETH-USD,1h,2024-10-21T16:00:00+00:00,2024-10-28T07:00:00+00:00,160,960,640,0,,,,0,0,0,,,,0,0,0.8333,10,12,-1,3,2,0.8333,5,6,-1,1,0,0,,,,0,0
ETH-USD_1h_1729670400_1730242800_42.png,train,ETH-USD,1h,2024-10-23T08:00:00+00:00,2024-10-29T23:00:00+00:00,160,960,640,0,,,,0,0,0,,,,0,0,0.8333,10,12,-1,2,1,0.8333,5,6,-1,1,0,0,,,,0,0
ETH-USD_1h_1729814400_1730386800_42.png,train,ETH-USD,1h,2024-10-25T00:00:00+00:00,2024-10-31T15:00:00+00:00,160,960,640,0,,,,0,0,0,,,,0,0,0.0,0,0,0,0,0,0.0,0,0,0,0,0,0,,,,0,0
ETH-USD_1h_1729958400_1730530800_42.png,train,ETH-USD,1h,2024-10-26T16:00:00+00:00,2024-11-02T07:00:00+00:00,160,960,640,0,,,,0,0,0,,,,0,0,0.6667,4,6,-1,1,0,0.0,0,0,0,0,0,0,,,,0,0
ETH-USD_1h_1730102400_1730674800_42.png,train,ETH-USD,1h,2024-10-28T08:00:00+00:00,2024-11-03T23:00:00+00:00,160,960,640,0,,,,0,0,0,,,,0,0,0.6667,4,6,-1,1,0,0.0,0,0,0,0,0,0,,,,0,0
ETH-USD_1h_1730246400_1730818800_42.png,train,ETH-USD,1h,2024-10-30T00:00:00+00:00,2024-11-05T15:00:00+00:00,160,960,640,0,,,,0,0,0,,,,0,0,0.75,9,12,-1,3,0,0.8333,10,12,-1,2,0,0,,,,0,0
ETH-USD_1h_1730390400_1730962800_42.png,train,ETH-USD,1h,2024-10-31T16:00:00+00:00,2024-11-07T07:00:00+00:00,160,960,640,0,,,,0,0,0,,,,0,0,0.8333,10,12,-1,2,0,0.8333,5,6,-1,1,0,0,,,,0,0
ETH-USD_1h_1730534400_1731106800_42.png,train,ETH-USD,1h,2024-11-02T08:00:00+00:00,2024-11-08T23:00:00+00:00,160,960,640,0,,,,0,0,0,,,,0,0,0.8333,10,12,-1,2,0,0.8333,5,6,-1,1,0,0,,,,0,0
ETH-USD_1h_1730678400_1731250800_42.png,train,ETH-USD,1h,2024-11-04T00:00:00+00:00,2024-11-10T15:00:00+00:00,160,960,640,0,,,,0,0,0,,,,0,0,0.0,0,0,0,0,0,0.0,0,0,0,0,0,0,,,,0,0
ETH-USD_1h_1730822400_1731394800_42.png,train,ETH-USD,1h,2024-11-05T16:00:00+00:00,2024-11-12T07:00:00+00:00,160,960,640,0,,,,0,0,0,,,,0,0,0.8333,5,6,-1,1,0,0.0,0,0,0,0,0,0,,,,0,0
ETH-USD_1h_1730966400_1731538800_42.png,train,ETH-USD,1h,2024-11-07T08:00:00+00:00,2024-11-13T23:00:00+00:00,160,960,640,0,,,,0,0,0,,,,0,0,0.8333,10,12,-1,2,0,0.8333,5,6,-1,1,0,0,,,,0,0
ETH-USD_1h_1731110400_1731682800_42.png,train,ETH-USD,1h,2024-11-09T00:00:00+00:00,2024-11-15T15:00:00+00:00,160,960,640,0,,,,0,0,0,,,,0,0,0.8333,5,6,-1,1,0,0.0,0,0,0,0,0,0,,,,0,0
ETH-USD_1h_1731254400_1731826800_42.png,train,ETH-USD,1h,2024-11-10T16:00:00+00:00,2024-11-17T07:00:00+00:00,160,960,640,0,,,,0,0,0,,,,0,0,0.75,9,12,-1,2,0,0.8333,5,6,-1,1,0,0,,,,0,0
ETH-USD_1h_1731398400_1731970800_42.png,train,ETH-USD,1h,2024-11-12T08:00:00+00:00,2024-11-18T23:00:00+00:00,160,960,640,0,,,,0,0,0,,,,0,0,0.8333,10,12,-1,3,0,0.8333,10,12,-1,3,0,0,,,,0,0
ETH-USD_1h_1731542400_1732114800_42.png,train,ETH-USD,1h,2024-11-14T00:00:00+00:00,2024-11-20T15:00:00+00:00,160,960,640,0,,,,0,0,0,,,,0,0,0.8333,10,12,-1,2,0,0.8333,5,6,-1,1,0,0,,,,0,0
ETH-USD_1h_1731686400_1732258800_42.png,train,ETH-USD,1h,2024-11-15T16:00:00+00:00,2024-11-22T07:00:00+00:00,160,960,640,0,,,,0,0,0,,,,0,0,0.75,9,12,-1,2,0,0.8333,5,6,-1,1,0,0,,,,0,0
ETH-USD_1h_1731830400_1732402800_42.png,train,ETH-USD,1h,2024-11-17T08:00:00+00:00,2024-11-23T23:00:00+00:00,160,960,640,0,,,,0,0,0,,,,0,0,0.75,9,12,-1,3,0,0.75,9,12,-1,2,0,0,,,,0,0
ETH-USD_1h_1731974400_1732546800_42.png,train,ETH-USD,1h,2024-11-19T00:00:00+00:00,2024-11-25T15:00:00+00:00,160,960,640,0,,,,0,0,0,,,,0,0,0.75,9,12,-1,3,0,0.6667,4,6,-1,1,0,0,,,,0,0
ETH-USD_1h_1732118400_1732690800_42.png,train,ETH-USD,1h,2024-11-20T16:00:00+00:00,2024-11-27T07:00:00+00:00,160,960,640,0,,,,0,0,0,,,,0,0,0.8333,10,12,-1,3,0,0.8333,10,12,-1,2,0,0,,,,0,0
ETH-USD_1h_1732262400_1732834800_42.png,train,ETH-USD,1h,2024-11-22T08:00:00+00:00,2024-11-28T23:00:00+00:00,160,960,640,0,,,,0,0,0,,,,0,0,0.75,9,12,-1,3,0,0.8333,10,12,-1,2,0,0,,,,0,0
ETH-USD_1h_1732406400_1732978800_42.png,train,ETH-USD,1h,2024-11-24T00:00:00+00:00,2024-11-30T15:00:00+00:00,160,960,640,0,,,,0,0,0,,,,0,0,0.75,9,12,-1,3,0,0.6667,8,12,-1,2,0,0,,,,0,0
ETH-USD_1h_1732550400_1733122800_42.png,train,ETH-USD,1h,2024-11-25T16:00:00+00:00,2024-12-02T07:00:00+00:00,160,960,640,0,,,,0,0,0,,,,0,0,0.75,9,12,-1,2,0,0.6667,4,6,-1,1,0,0,,,,0,0
ETH-USD_1h_1732694400_1733266800_42.png,train,ETH-USD,1h,2024-11-27T08:00:00+00:00,2024-12-03T23:00:00+00:00,160,960,640,0,,,,0,0,0,,,,0,0,0.8333,5,6,-1,1,0,0.0,0,0,0,0,0,0,,,,0,0
ETH-USD_1h_1732838400_1733410800_42.png,train,ETH-USD,1h,2024-11-29T00:00:00+00:00,2024-12-05T15:00:00+00:00,160,960,640,0,,,,0,0,0,,,,0,0,0.6667,4,6,-1,1,0,0.0,0,0,0,0,0,0,,,,0,0
ETH-USD_1h_1732982400_1733554800_42.png,train,ETH-USD,1h,2024-11-30T16:00:00+00:00,2024-12-07T07:00:00+00:00,160,960,640,0,,,,0,0,0,,,,0,0,0.75,9,12,-1,2,0,0.6667,4,6,-1,1,0,0,,,,0,0
ETH-USD_1h_1733126400_1733698800_42.png,train,ETH-USD,1h,2024-12-02T08:00:00+00:00,2024-12-08T23:00:00+00:00,160,960,640,0,,,,0,0,0,,,,0,0,0.75,9,12,-1,2,0,0.6667,4,6,-1,1,0,0,,,,0,0
ETH-USD_1h_1733270400_1733842800_42.png,train,ETH-USD,1h,2024-12-04T00:00:00+00:00,2024-12-10T15:00:00+00:00,160,960,640,0,,,,0,0,0,,,,0,0,0.8333,5,6,-1,1,0,0.0,0,0,0,0,0,0,,,,0,0
ETH-USD_1h_1733414400_1733986800_42.png,train,ETH-USD,1h,2024-12-05T16:00:00+00:00,2024-12-12T07:00:00+00:00,160,960,640,0,,,,0,0,0,,,,0,0,0.0,0,0,0,0,0,0.0,0,0,0,0,0,0,,,,0,0
ETH-USD_1h_1733558400_1734130800_42.png,train,ETH-USD,1h,2024-12-07T08:00:00+00:00,2024-12-13T23:00:00+00:00,160,960,640,0,,,,0,0,0,,,,0,0,0.0,0,0,0,0,0,0.0,0,0,0,0,0,0,,,,0,0
ETH-USD_1h_1733702400_1734274800_42.png,train,ETH-USD,1h,2024-12-09T00:00:00+00:00,2024-12-15T15:00:00+00:00,160,960,640,0,,,,0,0,0,,,,0,0,0.8333,5,6,-1,1,0,0.0,0,0,0,0,0,0,,,,0,0
ETH-USD_1h_1733846400_1734418800_42.png,train,ETH-USD,1h,2024-12-10T16:00:00+00:00,2024-12-17T07:00:00+00:00,160,960,640,0,,,,0,0,0,,,,0,0,0.8333,5,6,-1,1,0,1.0,6,6,1,1,1,0,,,,0,0
ETH-USD_1h_1733990400_1734562800_42.png,train,ETH-USD,1h,2024-12-12T08:00:00+00:00,2024-12-18T23:00:00+00:00,160,960,640,0,,,,0,0,0,,,,0,0,0.8333,5,6,-1,1,0,1.0,6,6,1,1,1,0,,,,0,0
ETH-USD_1h_1734134400_1734706800_42.png,train,ETH-USD,1h,2024-12-14T00:00:00+00:00,2024-12-20T15:00:00+00:00,160,960,640,0,,,,0,0,0,,,,0,0,0.8333,5,6,-1,1,0,1.0,6,6,1,1,1,0,,,,0,0
ETH-USD_1h_1734278400_1734850800_42.png,train,ETH-USD,1h,2024-12-15T16:00:00+00:00,2024-12-22T07:00:00+00:00,160,960,640,0,,,,0,0,0,,,,0,0,0.0,0,0,0,0,0,0.0,0,0,0,0,0,0,,,,0,0
ETH-USD_1h_1734422400_1734994800_42.png,train,ETH-USD,1h,2024-12-17T08:00:00+00:00,2024-12-23T23:00:00+00:00,160,960,640,0,,,,0,0,0,,,,0,0,0.8333,5,6,-1,1,0,0.8333,5,6,-1,1,0,0,,,,0,0
ETH-USD_1h_1734566400_1735138800_42.png,train,ETH-USD,1h,2024-12-19T00:00:00+00:00,2024-12-25T15:00:00+00:00,160,960,640,0,,,,0,0,0,,,,0,0,0.8333,10,12,-1,2,0,0.8333,5,6,-1,1,0,0,,,,0,0
ETH-USD_1h_1734710400_1735282800_42.png,train,ETH-USD,1h,2024-12-20T16:00:00+00:00,2024-12-27T07:00:00+00:00,160,960,640,0,,,,0,0,0,,,,0,0,0.8333,5,6,-1,1,0,0.0,0,0,0,0,0,0,,,,0,0
ETH-USD_1h_1734854400_1735426800_42.png,train,ETH-USD,1h,2024-12-22T08:00:00+00:00,2024-12-28T23:00:00+00:00,160,960,640,0,,,,0,0,0,,,,0,0,0.8333,10,12,-1,3,0,0.8333,10,12,-1,2,0,1,,,,1,1
ETH-USD_1h_1734998400_1735570800_42.png,train,ETH-USD,1h,2024-12-24T00:00:00+00:00,2024-12-30T15:00:00+00:00,160,960,640,0,,,,0,0,0,,,,0,0,0.8333,10,12,-1,2,0,0.9167,11,12,1,2,1,0,,,,0,0
ETH-USD_1h_1735142400_1735714800_42.png,train,ETH-USD,1h,2024-12-25T16:00:00+00:00,2025-01-01T07:00:00+00:00,160,960,640,0,,,,0,0,0,,,,0,0,0.8333,10,12,-1,4,0,0.8333,10,12,-1,3,0,0,,,,0,0
ETH-USD_1h_1735286400_1735858800_42.png,train,ETH-USD,1h,2024-12-27T08:00:00+00:00,2025-01-02T23:00:00+00:00,160,960,640,0,,,,0,0,0,,,,0,0,0.8333,10,12,-1,3,0,0.8333,10,12,-1,3,0,0,,,,0,0
ETH-USD_1h_1735430400_1736002800_42.png,train,ETH-USD,1h,2024-12-29T00:00:00+00:00,2025-01-04T15:00:00+00:00,160,960,640,0,,,,0,0,0,,,,0,0,0.75,9,12,-1,3,0,0.9167,11,12,1,2,1,0,,,,0,0
ETH-USD_1h_1735574400_1736146800_42.png,train,ETH-USD,1h,2024-12-30T16:00:00+00:00,2025-01-06T07:00:00+00:00,160,960,640,0,,,,0,0,0,,,,0,0,0.6667,8,12,-1,4,0,0.8333,10,12,-1,3,1,0,,,,0,0
ETH-USD_1h_1735718400_1736290800_42.png,train,ETH-USD,1h,2025-01-01T08:00:00+00:00,2025-01-07T23:00:00+00:00,160,960,640,0,,,,0,0,0,,,,0,0,0.75,9,12,-1,2,0,0.6667,4,6,-1,1,0,0,,,,0,0
ETH-USD_1h_1735862400_1736434800_42.png,train,ETH-USD,1h,2025-01-03T00:00:00+00:00,2025-01-09T15:00:00+00:00,160,960,640,0,,,,0,0,0,,,,0,0,0.8333,5,6,-1,1,0,0.0,0,0,0,0,0,0,,,,0,0
ETH-USD_1h_1736006400_1736578800_42.png,train,ETH-USD,1h,2025-01-04T16:00:00+00:00,2025-01-11T07:00:00+00:00,160,960,640,0,,,,0,0,0,,,,0,0,0.8333,5,6,-1,1,0,0.8333,5,6,-1,1,0,0,,,,0,0
ETH-USD_1h_1736150400_1736722800_42.png,train,ETH-USD,1h,2025-01-06T08:00:00+00:00,2025-01-12T23:00:00+00:00,160,960,640,0,,,,0,0,0,,,,0,0,0.8333,10,12,-1,2,0,0.8333,10,12,-1,2,0,0,,,,0,0
ETH-USD_1h_1736294400_1736866800_42.png,train,ETH-USD,1h,2025-01-08T00:00:00+00:00,2025-01-14T15:00:00+00:00,160,960,640,0,,,,0,0,0,,,,0,0,0.8333,10,12,-1,3,0,0.75,9,12,-1,3,0,0,,,,0,0
ETH-USD_1h_1736438400_1737010800_42.png,train,ETH-USD,1h,2025-01-09T16:00:00+00:00,2025-01-16T07:00:00+00:00,160,960,640,0,,,,0,0,0,,,,0,0,0.8333,10,12,-1,2,0,0.6667,4,6,-1,1,0,0,,,,0,0
ETH-USD_1h_1736582400_1737154800_42.png,train,ETH-USD,1h,2025-01-11T08:00:00+00:00,2025-01-17T23:00:00+00:00,160,960,640,0,,,,0,0,0,,,,0,0,0.8333,10,12,-1,2,0,0.0,0,0,0,0,0,0,,,,0,0
ETH-USD_1h_1736726400_1737298800_42.png,train,ETH-USD,1h,2025-01-13T00:00:00+00:00,2025-01-19T15:00:00+00:00,160,960,640,0,,,,0,0,0,,,,0,0,0.75,9,12,-1,3,1,0.8333,5,6,-1,1,0,0,,,,0,0
ETH-USD_1h_1736870400_1737442800_42.png,train,ETH-USD,1h,2025-01-14T16:00:00+00:00,2025-01-21T07:00:00+00:00,160,960,640,0,,,,0,0,0,,,,0,0,0.8333,10,12,-1,2,0,0.8333,10,12,-1,2,0,0,,,,0,0
ETH-USD_1h_1737014400_1737586800_42.png,train,ETH-USD,1h,2025-01-16T08:00:00+00:00,2025-01-22T23:00:00+00:00,160,960,640,0,,,,0,0,0,,,,0,0,0.8333,10,12,-1,3,0,0.8333,5,6,-1,1,0,1,,,,2,2
ETH-USD_1h_1737158400_1737730800_42.png,train,ETH-USD,1h,2025-01-18T00:00:00+00:00,2025-01-24T15:00:00+00:00,160,960,640,0,,,,0,0,0,,,,0,0,0.8333,10,12,-1,4,0,0.8333,10,12,-1,3,0,0,,,,0,0
ETH-USD_1h_1737302400_1737874800_42.png,train,ETH-USD,1h,2025-01-19T16:00:00+00:00,2025-01-26T07:00:00+00:00,160,960,640,0,,,,0,0,0,,,,0,0,0.8333,10,12,-1,2,0,0.8333,10,12,-1,2,0,0,,,,0,0
ETH-USD_1h_1737446400_1738018800_42.png,train,ETH-USD,1h,2025-01-21T08:00:00+00:00,2025-01-27T23:00:00+00:00,160,960,640,0,,,,0,0,0,,,,0,0,0.75,9,12,-1,2,0,0.8333,10,12,-1,2,0,0,,,,0,0
ETH-USD_1h_1737590400_1738162800_42.png,train,ETH-USD,1h,2025-01-23T00:00:00+00:00,2025-01-29T15:00:00+00:00,160,960,640,0,,,,0,0,0,,,,0,0,0.6667,8,12,-1,4,0,0.75,9,12,-1,2,0,0,,,,0,0
ETH-USD_1h_1737734400_1738306800_42.png,train,ETH-USD,1h,2025-01-24T16:00:00+00:00,2025-01-31T07:00:00+00:00,160,960,640,0,,,,0,0,0,,,,0,0,0.75,9,12,-1,4,0,0.75,9,12,-1,2,0,0,,,,0,0
ETH-USD_1h_1737878400_1738450800_42.png,train,ETH-USD,1h,2025-01-26T08:00:00+00:00,2025-02-01T23:00:00+00:00,160,960,640,0,,,,0,0,0,,,,0,0,0.75,9,12,-1,2,0,0.8333,5,6,-1,1,0,0,,,,0,0
ETH-USD_1h_1738022400_1738594800_42.png,train,ETH-USD,1h,2025-01-28T00:00:00+00:00,2025-02-03T15:00:00+00:00,160,960,640,0,,,,0,0,0,,,,0,0,0.6667,4,6,-1,1,0,0.0,0,0,0,0,0,0,,,,0,0
ETH-USD_1h_1738166400_1738738800_42.png,train,ETH-USD,1h,2025-01-29T16:00:00+00:00,2025-02-05T07:00:00+00:00,160,960,640,0,,,,0,0,0,,,,0,0,0.0,0,0,0,0,0,0.6667,4,6,-1,1,0,0,,,,0,0
ETH-USD_1h_1738310400_1738882800_42.png,train,ETH-USD,1h,2025-01-31T08:00:00+00:00,2025-02-06T23:00:00+00:00,160,960,640,0,,,,0,0,0,,,,0,0,0.8333,5,6,-1,1,0,0.6667,4,6,-1,1,0,0,,,,0,0
ETH-USD_1h_1738454400_1739026800_42.png,train,ETH-USD,1h,2025-02-02T00:00:00+00:00,2025-02-08T15:00:00+00:00,160,960,640,0,,,,0,0,0,,,,0,0,0.75,9,12,-1,2,0,0.6667,4,6,-1,1,0,0,,,,0,0
ETH-USD_1h_1738598400_1739170800_42.png,train,ETH-USD,1h,2025-02-03T16:00:00+00:00,2025-02-10T07:00:00+00:00,160,960,640,0,,,,0,0,0,,,,0,0,0.75,9,12,-1,2,0,0.8333,10,12,-1,2,0,0,,,,0,0
ETH-USD_1h_1738742400_1739314800_42.png,train,ETH-USD,1h,2025-02-05T08:00:00+00:00,2025-02-11T23:00:00+00:00,160,960,640,0,,,,0,0,0,,,,0,0,0.75,9,12,-1,2,0,0.8333,10,12,-1,2,0,0,,,,0,0
ETH-USD_1h_1738886400_1739458800_42.png,train,ETH-USD,1h,2025-02-07T00:00:00+00:00,2025-02-13T15:00:00+00:00,160,960,640,0,,,,0,0,0,,,,0,0,0.8333,10,12,-1,4,0,0.8333,10,12,-1,3,0,0,,,,0,0
ETH-USD_1h_1739030400_1739602800_42.png,train,ETH-USD,1h,2025-02-08T16:00:00+00:00,2025-02-15T07:00:00+00:00,160,960,640,0,,,,0,0,0,,,,0,0,0.8333,10,12,-1,2,0,0.8333,10,12,-1,2,0,0,,,,0,0
ETH-USD_1h_1739174400_1739746800_42.png,train,ETH-USD,1h,2025-02-10T08:00:00+00:00,2025-02-16T23:00:00+00:00,160,960,640,0,,,,0,0,0,,,,0,0,0.8333,5,6,-1,1,0,0.8333,5,6,-1,1,0,0,,,,0,0
ETH-USD_1h_1739318400_1739890800_42.png,train,ETH-USD,1h,2025-02-12T00:00:00+00:00,2025-02-18T15:00:00+00:00,160,960,640,0,,,,0,0,0,,,,0,0,0.8333,10,12,-1,2,0,1.0,6,6,1,1,1,0,,,,0,0
ETH-USD_1h_1739462400_1740034800_42.png,train,ETH-USD,1h,2025-02-13T16:00:00+00:00,2025-02-20T07:00:00+00:00,160,960,640,0,,,,0,0,0,,,,0,0,0.8333,10,12,-1,2,0,0.8333,5,6,-1,1,0,0,,,,0,0
ETH-USD_1h_1739606400_1740178800_42.png,train,ETH-USD,1h,2025-02-15T08:00:00+00:00,2025-02-21T23:00:00+00:00,160,960,640,0,,,,0,0,0,,,,0,0,0.8333,10,12,-1,2,0,0.8333,5,6,-1,1,0,0,,,,0,0
ETH-USD_1h_1739750400_1740322800_42.png,train,ETH-USD,1h,2025-02-17T00:00:00+00:00,2025-02-23T15:00:00+00:00,160,960,640,0,,,,0,0,0,,,,0,0,0.8333,10,12,-1,2,0,0.8333,5,6,-1,1,0,0,,,,0,0
ETH-USD_1h_1739894400_1740466800_42.png,train,ETH-USD,1h,2025-02-18T16:00:00+00:00,2025-02-25T07:00:00+00:00,160,960,640,0,,,,0,0,0,,,,0,0,0.8333,5,6,-1,1,0,0.0,0,0,0,0,0,0,,,,0,0
ETH-USD_1h_1740038400_1740610800_42.png,train,ETH-USD,1h,2025-02-20T08:00:00+00:00,2025-02-26T23:00:00+00:00,160,960,640,0,,,,0,0,0,,,,0,0,0.8333,5,6,-1,1,0,0.0,0,0,0,0,0,0,,,,0,0
ETH-USD_1h_1740182400_1740754800_42.png,train,ETH-USD,1h,2025-02-22T00:00:00+00:00,2025-02-28T15:00:00+00:00,160,960,640,0,,,,0,0,0,,,,0,0,0.0,0,0,0,0,0,0.0,0,0,0,0,0,0,,,,0,0
ETH-USD_1h_1740326400_1740898800_42.png,train,ETH-USD,1h,2025-02-23T16:00:00+00:00,2025-03-02T07:00:00+00:00,160,960,640,0,,,,0,0,0,,,,0,0,0.0,0,0,0,0,0,0.0,0,0,0,0,0,0,,,,0,0
ETH-USD_1h_1740470400_1741042800_42.png,train,ETH-USD,1h,2025-02-25T08:00:00+00:00,2025-03-03T23:00:00+00:00,160,960,640,0,,,,0,0,0,,,,0,0,0.0,0,0,0,0,0,0.8333,5,6,-1,1,0,0,,,,0,0
ETH-USD_1h_1740614400_1741186800_42.png,train,ETH-USD,1h,2025-02-27T00:00:00+00:00,2025-03-05T15:00:00+00:00,160,960,640,0,,,,0,0,0,,,,0,0,0.75,9,12,-1,2,0,0.8333,10,12,-1,2,0,0,,,,0,0
ETH-USD_1h_1740758400_1741330800_42.png,train,ETH-USD,1h,2025-02-28T16:00:00+00:00,2025-03-07T07:00:00+00:00,160,960,640,0,,,,0,0,0,,,,0,0,0.0,0,0,0,0,0,0.8333,5,6,-1,1,0,0,,,,0,0
ETH-USD_1h_1740902400_1741474800_42.png,train,ETH-USD,1h,2025-03-02T08:00:00+00:00,2025-03-08T23:00:00+00:00,160,960,640,0,,,,0,0,0,,,,0,0,0.8333,5,6,-1,1,0,0.8333,5,6,-1,1,0,0,,,,0,0
ETH-USD_1h_1741046400_1741618800_42.png,train,ETH-USD,1h,2025-03-04T00:00:00+00:00,2025-03-10T15:00:00+00:00,160,960,640,0,,,,0,0,0,,,,0,0,0.75,9,12,-1,3,0,0.75,9,12,-1,2,0,0,,,,0,0
ETH-USD_1h_1741190400_1741762800_42.png,train,ETH-USD,1h,2025-03-05T16:00:00+00:00,2025-03-12T07:00:00+00:00,160,960,640,0,,,,0,0,0,,,,0,0,0.9167,11,12,1,3,2,0.75,9,12,-1,2,0,0,,,,0,0
ETH-USD_1h_1741334400_1741906800_42.png,train,ETH-USD,1h,2025-03-07T08:00:00+00:00,2025-03-13T23:00:00+00:00,160,960,640,0,,,,0,0,0,,,,0,0,0.9167,11,12,1,2,1,0.6667,4,6,-1,1,0,0,,,,0,0
ETH-USD_1h_1741478400_1742050800_42.png,train,ETH-USD,1h,2025-03-09T00:00:00+00:00,2025-03-15T15:00:00+00:00,160,960,640,0,,,,0,0,0,,,,0,0,0.9167,11,12,1,2,1,0.8333,5,6,-1,1,0,0,,,,0,0
ETH-USD_1h_1741622400_1742194800_42.png,train,ETH-USD,1h,2025-03-10T16:00:00+00:00,2025-03-17T07:00:00+00:00,160,960,640,0,,,,0,0,0,,,,0,0,0.75,9,12,-1,2,0,0.8333,5,6,-1,1,0,0,,,,0,0
ETH-USD_1h_1741766400_1742338800_42.png,train,ETH-USD,1h,2025-03-12T08:00:00+00:00,2025-03-18T23:00:00+00:00,160,960,640,0,,,,0,0,0,,,,0,0,0.8333,10,12,-1,2,0,0.8333,10,12,-1,2,0,0,,,,0,0
ETH-USD_1h_1741910400_1742482800_42.png,train,ETH-USD,1h,2025-03-14T00:00:00+00:00,2025-03-20T15:00:00+00:00,160,960,640,0,,,,0,0,0,,,,0,0,0.75,9,12,-1,3,0,0.8333,5,6,-1,1,0,0,,,,0,0
ETH-USD_1h_1742054400_1742626800_42.png,train,ETH-USD,1h,2025-03-15T16:00:00+00:00,2025-03-22T07:00:00+00:00,160,960,640,0,,,,0,0,0,,,,0,0,0.75,9,12,-1,5,0,0.8333,10,12,-1,2,0,0,,,,0,0
ETH-USD_1h_1742198400_1742770800_42.png,train,ETH-USD,1h,2025-03-17T08:00:00+00:00,2025-03-23T23:00:00+00:00,160,960,640,0,,,,0,0,0,,,,0,0,0.75,9,12,-1,2,0,0.8333,5,6,-1,1,0,0,,,,0,0
ETH-USD_1h_1742342400_1742914800_42.png,train,ETH-USD,1h,2025-03-19T00:00:00+00:00,2025-03-25T15:00:00+00:00,160,960,640,0,,,,0,0,0,,,,0,0,0.8333,5,6,-1,1,0,0.0,0,0,0,0,0,0,,,,0,0
ETH-USD_1h_1742486400_1743058800_42.png,train,ETH-USD,1h,2025-03-20T16:00:00+00:00,2025-03-27T07:00:00+00:00,160,960,640,0,,,,0,0,0,,,,0,0,0.8333,10,12,-1,2,0,0.0,0,0,0,0,0,0,,,,0,0
ETH-USD_1h_1742630400_1743202800_42.png,train,ETH-USD,1h,2025-03-22T08:00:00+00:00,2025-03-28T23:00:00+00:00,160,960,640,0,,,,0,0,0,,,,0,0,0.8333,5,6,-1,1,0,0.0,0,0,0,0,0,0,,,,0,0
ETH-USD_1h_1742774400_1743346800_42.png,train,ETH-USD,1h,2025-03-24T00:00:00+00:00,2025-03-30T15:00:00+00:00,160,960,640,0,,,,0,0,0,,,,0,0,0.75,9,12,-1,2,0,0.6667,4,6,-1,1,0,0,,,,0,0
GOOGL_1h_1700058600_1703003400_42.png,train,GOOGL,1h,2023-11-15T14:30:00+00:00,2023-12-19T16:30:00+00:00,160,960,640,0,,,,0,0,0,,,,0,0,0.8333,10,12,-1,3,0,0.8333,10,12,-1,2,0,0,,,,0,0
GOOGL_1h_1700681400_1703773800_42.png,train,GOOGL,1h,2023-11-22T19:30:00+00:00,2023-12-28T14:30:00+00:00,160,960,640,0,,,,0,0,0,,,,0,0,0.8333,10,12,-1,2,0,0.8333,5,6,-1,1,0,0,,,,0,0
GOOGL_1h_1701700200_1704483000_42.png,train,GOOGL,1h,2023-12-04T14:30:00+00:00,2024-01-05T19:30:00+00:00,160,960,640,0,,,,0,0,0,,,,0,0,0.8333,10,12,-1,2,0,0.8333,5,6,-1,1,0,0,,,,0,0
GOOGL_1h_1702323000_1705426200_42.png,train,GOOGL,1h,2023-12-11T19:30:00+00:00,2024-01-16T17:30:00+00:00,160,960,640,0,,,,0,0,0,,,,0,0,0.75,9,12,-1,3,0,0.8333,10,12,-1,3,0,0,,,,0,0
GOOGL_1h_1703007000_1706110200_42.png,train,GOOGL,1h,2023-12-19T17:30:00+00:00,2024-01-24T15:30:00+00:00,160,960,640,0,,,,0,0,0,,,,0,0,0.75,9,12,-1,4,0,0.8333,10,12,-1,2,0,0,,,,0,0
GOOGL_1h_1703777400_1706733000_42.png,train,GOOGL,1h,2023-12-28T15:30:00+00:00,2024-01-31T20:30:00+00:00,160,960,640,0,,,,0,0,0,,,,0,0,0.8333,5,6,-1,1,0,0.8333,5,6,-1,1,0,0,,,,0,0
GOOGL_1h_1704486600_1707417000_42.png,train,GOOGL,1h,2024-01-05T20:30:00+00:00,2024-02-08T18:30:00+00:00,160,960,640,0,,,,0,0,0,,,,0,0,0.6667,4,6,-1,1,0,0.8333,5,6,-1,1,0,0,,,,0,0
GOOGL_1h_1705429800_1708101000_42.png,train,GOOGL,1h,2024-01-16T18:30:00+00:00,2024-02-16T16:30:00+00:00,160,960,640,0,,,,0,0,0,,,,0,0,0.8333,5,6,-1,1,0,0.0,0,0,0,0,0,0,,,,0,0
GOOGL_1h_1706113800_1709044200_42.png,train,GOOGL,1h,2024-01-24T16:30:00+00:00,2024-02-27T14:30:00+00:00,160,960,640,0,,,,0,0,0,,,,0,0,0.8333,10,12,-1,2,0,0.8333,5,6,-1,1,0,0,,,,0,0
GOOGL_1h_1706797800_1709667000_42.png,train,GOOGL,1h,2024-02-01T14:30:00+00:00,2024-03-05T19:30:00+00:00,160,960,640,0,,,,0,0,0,,,,0,0,0.75,9,12,-1,3,0,0.8333,10,12,-1,2,0,0,,,,0,0
GOOGL_1h_1707420600_1710347400_42.png,train,GOOGL,1h,2024-02-08T19:30:00+00:00,2024-03-13T16:30:00+00:00,160,960,640,0,,,,0,0,0,,,,0,0,0.8333,10,12,-1,3,0,0.8333,10,12,-1,2,0,0,,,,0,0
GOOGL_1h_1708104600_1711031400_42.png,train,GOOGL,1h,2024-02-16T17:30:00+00:00,2024-03-21T14:30:00+00:00,160,960,640,0,,,,0,0,0,,,,0,0,0.8333,10,12,-1,3,0,0.8333,10,12,-1,2,0,0,,,,0,0
GOOGL_1h_1709047800_1711654200_42.png,train,GOOGL,1h,2024-02-27T15:30:00+00:00,2024-03-28T19:30:00+00:00,160,960,640,0,,,,0,0,0,,,,0,0,0.75,9,12,-1,3,0,0.8333,10,12,-1,3,0,1,,,,1,1
GOOGL_1h_1709670600_1712597400_42.png,train,GOOGL,1h,2024-03-05T20:30:00+00:00,2024-04-08T17:30:00+00:00,160,960,640,0,,,,0,0,0,,,,0,0,0.75,9,12,-1,3,0,0.8333,10,12,-1,2,0,0,,,,0,0
GOOGL_1h_1710351000_1713281400_42.png,train,GOOGL,1h,2024-03-13T17:30:00+00:00,2024-04-16T15:30:00+00:00,160,960,640,0,,,,0,0,0,,,,0,0,0.75,9,12,-1,3,0,0.8333,10,12,-1,2,0,0,,,,0,0
GOOGL_1h_1711035000_1713965400_42.png,train,GOOGL,1h,2024-03-21T15:30:00+00:00,2024-04-24T13:30:00+00:00,160,960,640,0,,,,0,0,0,,,,0,0,0.8333,10,12,-1,3,0,0.8333,10,12,-1,3,0,0,,,,0,0
GOOGL_1h_1711978200_1714588200_42.png,train,GOOGL,1h,2024-04-01T13:30:00+00:00,2024-05-01T18:30:00+00:00,160,960,640,0,,,,0,0,0,,,,0,0,0.8333,10,12,-1,2,0,0.8333,10,12,-1,2,0,0,,,,0,0
GOOGL_1h_1712601000_1715272200_42.png,train,GOOGL,1h,2024-04-08T18:30:00+00:00,2024-05-09T16:30:00+00:00,160,960,640,0,,,,0,0,0,,,,0,0,0.8333,10,12,-1,2,0,0.6667,4,6,-1,1,0,0,,,,0,0
GOOGL_1h_1713285000_1715956200_42.png,train,GOOGL,1h,2024-04-16T16:30:00+00:00,2024-05-17T14:30:00+00:00,160,960,640,0,,,,0,0,0,,,,0,0,0.8333,10,12,-1,4,0,0.8333,10,12,-1,2,0,0,,,,0,0
GOOGL_1h_1713969000_1716579000_42.png,train,GOOGL,1h,2024-04-24T14:30:00+00:00,2024-05-24T19:30:00+00:00,160,960,640,0,,,,0,0,0,,,,0,0,0.8333,10,12,-1,2,0,0.8333,5,6,-1,1,0,0,,,,0,0
GOOGL_1h_1714591800_1717522200_42.png,train,GOOGL,1h,2024-05-01T19:30:00+00:00,2024-06-04T17:30:00+00:00,160,960,640,0,,,,0,0,0,,,,0,0,0.8333,10,12,-1,2,0,0.8333,10,12,-1,2,0,0,,,,0,0
GOOGL_1h_1715275800_1718206200_42.png,train,GOOGL,1h,2024-05-09T17:30:00+00:00,2024-06-12T15:30:00+00:00,160,960,640,0,,,,0,0,0,,,,0,0,0.8333,10,12,-1,3,0,0.8333,10,12,-1,3,0,0,,,,0,0
GOOGL_1h_1715959800_1718976600_42.png,train,GOOGL,1h,2024-05-17T15:30:00+00:00,2024-06-21T13:30:00+00:00,160,960,640,0,,,,0,0,0,,,,0,0,0.8333,10,12,-1,4,0,0.8333,10,12,-1,3,0,0,,,,0,0
GOOGL_1h_1716903000_1719599400_42.png,train,GOOGL,1h,2024-05-28T13:30:00+00:00,2024-06-28T18:30:00+00:00,160,960,640,0,,,,0,0,0,,,,0,0,0.8333,10,12,-1,3,0,0.8333,5,6,-1,1,0,0,,,,0,0
GOOGL_1h_1717525800_1720618200_42.png,train,GOOGL,1h,2024-06-04T18:30:00+00:00,2024-07-10T13:30:00+00:00,160,960,640,0,,,,0,0,0,,,,0,0,0.8333,10,12,-1,3,0,0.8333,10,12,-1,2,0,0,,,,0,0
GOOGL_1h_1718209800_1721241000_42.png,train,GOOGL,1h,2024-06-12T16:30:00+00:00,2024-07-17T18:30:00+00:00,160,960,640,0,,,,0,0,0,,,,0,0,0.8333,10,12,-1,3,0,0.8333,10,12,-1,2,0,0,,,,0,0
GOOGL_1h_1718980200_1721925000_42.png,train,GOOGL,1h,2024-06-21T14:30:00+00:00,2024-07-25T16:30:00+00:00,160,960,640,0,,,,0,0,0,,,,0,0,0.8333,10,12,-1,2,0,0.8333,5,6,-1,1,0,0,,,,0,0
GOOGL_1h_1719603000_1722609000_42.png,train,GOOGL,1h,2024-06-28T19:30:00+00:00,2024-08-02T14:30:00+00:00,160,960,640,0,,,,0,0,0,,,,0,0,0.8333,5,6,-1,1,0,0.0,0,0,0,0,0,0,,,,0,0
GOOGL_1h_1720621800_1723231800_42.png,train,GOOGL,1h,2024-07-10T14:30:00+00:00,2024-08-09T19:30:00+00:00,160,960,640,0,,,,0,0,0,,,,0,0,0.8333,10,12,-1,2,0,0.6667,4,6,-1,1,0,0,,,,0,0
GOOGL_1h_1721244600_1724088600_42.png,train,GOOGL,1h,2024-07-17T19:30:00+00:00,2024-08-19T17:30:00+00:00,160,960,640,0,,,,0,0,0,,,,0,0,0.8333,10,12,-1,3,0,0.75,9,12,-1,2,0,0,,,,0,0
GOOGL_1h_1721928600_1724772600_42.png,train,GOOGL,1h,2024-07-25T17:30:00+00:00,2024-08-27T15:30:00+00:00,160,960,640,0,,,,0,0,0,,,,0,0,0.8333,10,12,-1,3,0,0.8333,5,6,-1,1,0,0,,,,0,0
GOOGL_1h_1722612600_1725543000_42.png,train,GOOGL,1h,2024-08-02T15:30:00+00:00,2024-09-05T13:30:00+00:00,160,960,640,0,,,,0,0,0,,,,0,0,0.8333,10,12,-1,4,0,0.8333,10,12,-1,2,0,0,,,,0,0
GOOGL_1h_1723469400_1726165800_42.png,train,GOOGL,1h,2024-08-12T13:30:00+00:00,2024-09-12T18:30:00+00:00,160,960,640,0,,,,0,0,0,,,,0,0,0.8333,10,12,-1,2,0,0.8333,5,6,-1,1,0,0,,,,0,0
GOOGL_1h_1724092200_1726849800_42.png,train,GOOGL,1h,2024-08-19T18:30:00+00:00,2024-09-20T16:30:00+00:00,160,960,640,0,,,,0,0,0,,,,0,0,0.8333,10,12,-1,2,0,0.8333,5,6,-1,1,0,0,,,,0,0
GOOGL_1h_1724776200_1727706600_42.png,train,GOOGL,1h,2024-08-27T16:30:00+00:00,2024-09-30T14:30:00+00:00,160,960,640,0,,,,0,0,0,,,,0,0,0.8333,5,6,-1,1,0,0.0,0,0,0,0,0,0,,,,0,0
GOOGL_1h_1725546600_1728329400_42.png,train,GOOGL,1h,2024-09-05T14:30:00+00:00,2024-10-07T19:30:00+00:00,160,960,640,0,,,,0,0,0,,,,0,0,0.8333,10,12,-1,2,0,0.0,0,0,0,0,0,0,,,,0,0
GOOGL_1h_1726169400_1729013400_42.png,train,GOOGL,1h,2024-09-12T19:30:00+00:00,2024-10-15T17:30:00+00:00,160,960,640,0,,,,0,0,0,,,,0,0,0.8333,10,12,-1,2,0,0.8333,5,6,-1,1,0,0,,,,0,0
GOOGL_1h_1726853400_1729697400_42.png,train,GOOGL,1h,2024-09-20T17:30:00+00:00,2024-10-23T15:30:00+00:00,160,960,640,0,,,,0,0,0,,,,0,0,0.8333,10,12,-1,3,0,0.8333,10,12,-1,2,0,0,,,,0,0
GOOGL_1h_1727710200_1730381400_42.png,train,GOOGL,1h,2024-09-30T15:30:00+00:00,2024-10-31T13:30:00+00:00,160,960,640,0,,,,0,0,0,,,,0,0,0.8333,10,12,-1,2,0,0.8333,5,6,-1,1,0,0,,,,0,0
GOOGL_1h_1728394200_1731007800_42.png,train,GOOGL,1h,2024-10-08T13:30:00+00:00,2024-11-07T19:30:00+00:00,160,960,640,0,,,,0,0,0,,,,0,0,0.8333,10,12,-1,2,0,0.8333,10,12,-1,2,0,0,,,,0,0
GOOGL_1h_1729017000_1731691800_42.png,train,GOOGL,1h,2024-10-15T18:30:00+00:00,2024-11-15T17:30:00+00:00,160,960,640,0,,,,0,0,0,,,,0,0,0.8333,5,6,-1,1,0,0.75,9,12,-1,2,0,0,,,,0,0
GOOGL_1h_1729701000_1732548600_42.png,train,GOOGL,1h,2024-10-23T16:30:00+00:00,2024-11-25T15:30:00+00:00,160,960,640,0,,,,0,0,0,,,,0,0,0.8333,10,12,-1,2,0,0.8333,5,6,-1,1,0,0,,,,0,0
GOOGL_1h_1730385000_1733333400_42.png,train,GOOGL,1h,2024-10-31T14:30:00+00:00,2024-12-04T17:30:00+00:00,160,960,640,0,,,,0,0,0,,,,0,0,0.75,9,12,-1,3,0,0.8333,10,12,-1,2,0,0,,,,0,0
GOOGL_1h_1731011400_1734017400_42.png,train,GOOGL,1h,2024-11-07T20:30:00+00:00,2024-12-12T15:30:00+00:00,160,960,640,0,,,,0,0,0,,,,0,0,0.8333,5,6,-1,1,0,0.8333,5,6,-1,1,0,0,,,,0,0
GOOGL_1h_1731695400_1734640200_42.png,train,GOOGL,1h,2024-11-15T18:30:00+00:00,2024-12-19T20:30:00+00:00,160,960,640,0,,,,0,0,0,,,,0,0,0.0,0,0,0,0,0,0.0,0,0,0,0,0,0,,,,0,0
GOOGL_1h_1732552200_1735659000_42.png,train,GOOGL,1h,2024-11-25T16:30:00+00:00,2024-12-31T15:30:00+00:00,160,960,640,0,,,,0,0,0,,,,0,0,0.8333,5,6,-1,1,0,0.8333,5,6,-1,1,0,0,,,,0,0
GOOGL_1h_1733337000_1736368200_42.png,train,GOOGL,1h,2024-12-04T18:30:00+00:00,2025-01-08T20:30:00+00:00,160,960,640,0,,,,0,0,0,,,,0,0,0.8333,10,12,-1,2,0,0.8333,10,12,-1,2,0,0,,,,0,0
GOOGL_1h_1734021000_1737138600_42.png,train,GOOGL,1h,2024-12-12T16:30:00+00:00,2025-01-17T18:30:00+00:00,160,960,640,0,,,,0,0,0,,,,0,0,0.8333,10,12,-1,3,0,0.8333,10,12,-1,4,0,1,,,,1,1
GOOGL_1h_1734705000_1738081800_42.png,train,GOOGL,1h,2024-12-20T14:30:00+00:00,2025-01-28T16:30:00+00:00,160,960,640,0,,,,0,0,0,,,,0,0,0.8333,10,12,-1,2,0,0.8333,5,6,-1,1,0,0,,,,0,0
GOOGL_1h_1735662600_1738765800_42.png,train,GOOGL,1h,2024-12-31T16:30:00+00:00,2025-02-05T14:30:00+00:00,160,960,640,0,,,,0,0,0,,,,0,0,0.8333,10,12,-1,2,0,0.8333,10,12,-1,2,0,0,,,,0,0
GOOGL_1h_1736519400_1739388600_42.png,train,GOOGL,1h,2025-01-10T14:30:00+00:00,2025-02-12T19:30:00+00:00,160,960,640,0,,,,0,0,0,,,,0,0,0.8333,10,12,-1,2,0,0.8333,5,6,-1,1,0,0,,,,0,0
GOOGL_1h_1737142200_1740159000_42.png,train,GOOGL,1h,2025-01-17T19:30:00+00:00,2025-02-21T17:30:00+00:00,160,960,640,0,,,,0,0,0,,,,0,0,0.8333,5,6,-1,1,0,0.75,9,12,-1,2,0,0,,,,0,0
GOOGL_1h_1738085400_1741015800_42.png,train,GOOGL,1h,2025-01-28T17:30:00+00:00,2025-03-03T15:30:00+00:00,160,960,640,0,,,,0,0,0,,,,0,0,0.8333,5,6,-1,1,0,0.0,0,0,0,0,0,0,,,,0,0
GOOGL_1h_1738769400_1741635000_42.png,train,GOOGL,1h,2025-02-05T15:30:00+00:00,2025-03-10T19:30:00+00:00,160,960,640,0,,,,0,0,0,,,,0,0,0.8333,5,6,-1,1,0,0.0,0,0,0,0,0,0,,,,0,0
GOOGL_1h_1739392200_1742319000_42.png,train,GOOGL,1h,2025-02-12T20:30:00+00:00,2025-03-18T17:30:00+00:00,160,960,640,0,,,,0,0,0,,,,0,0,0.8333,5,6,-1,1,0,0.8333,5,6,-1,1,0,0,,,,0,0
GOOGL_1h_1740162600_1743003000_42.png,train,GOOGL,1h,2025-02-21T18:30:00+00:00,2025-03-26T15:30:00+00:00,160,960,640,0,,,,0,0,0,,,,0,0,0.8333,10,12,-1,3,0,0.8333,5,6,-1,1,0,0,,,,0,0
NVDA_1h_1700058600_1703003400_42.png,train,NVDA,1h,2023-11-15T14:30:00+00:00,2023-12-19T16:30:00+00:00,160,960,640,0,,,,0,0,0,,,,0,0,0.6667,4,6,-1,1,0,0.8333,5,6,-1,1,0,0,,,,0,0
NVDA_1h_1700681400_1703773800_42.png,train,NVDA,1h,2023-11-22T19:30:00+00:00,2023-12-28T14:30:00+00:00,160,960,640,0,,,,0,0,0,,,,0,0,0.75,9,12,-1,3,0,0.75,9,12,-1,2,0,0,,,,0,0
NVDA_1h_1701700200_1704483000_42.png,train,NVDA,1h,2023-12-04T14:30:00+00:00,2024-01-05T19:30:00+00:00,160,960,640,0,,,,0,0,0,,,,0,0,0.75,9,12,-1,2,0,0.75,9,12,-1,3,0,0,,,,0,0
NVDA_1h_1702323000_1705426200_42.png,train,NVDA,1h,2023-12-11T19:30:00+00:00,2024-01-16T17:30:00+00:00,160,960,640,0,,,,0,0,0,,,,0,0,0.8333,5,6,-1,1,0,0.8333,5,6,-1,1,0,0,,,,0,0
NVDA_1h_1703007000_1706110200_42.png,train,NVDA,1h,2023-12-19T17:30:00+00:00,2024-01-24T15:30:00+00:00,160,960,640,0,,,,0,0,0,,,,0,0,0.8333,5,6,-1,1,0,0.8333,5,6,-1,1,0,0,,,,0,0
NVDA_1h_1703777400_1706733000_42.png,train,NVDA,1h,2023-12-28T15:30:00+00:00,2024-01-31T20:30:00+00:00,160,960,640,0,,,,0,0,0,,,,0,0,0.8333,5,6,-1,1,0,0.0,0,0,0,0,0,0,,,,0,0
NVDA_1h_1704486600_1707417000_42.png,train,NVDA,1h,2024-01-05T20:30:00+00:00,2024-02-08T18:30:00+00:00,160,960,640,0,,,,0,0,0,,,,0,0,0.8333,5,6,-1,1,0,0.0,0,0,0,0,0,0,,,,0,0
NVDA_1h_1705429800_1708101000_42.png,train,NVDA,1h,2024-01-16T18:30:00+00:00,2024-02-16T16:30:00+00:00,160,960,640,0,,,,0,0,0,,,,0,0,0.75,9,12,-1,2,0,0.0,0,0,0,0,0,0,,,,0,0
NVDA_1h_1706113800_1709044200_42.png,train,NVDA,1h,2024-01-24T16:30:00+00:00,2024-02-27T14:30:00+00:00,160,960,640,0,,,,0,0,0,,,,0,0,0.0,0,0,0,0,0,0.8333,5,6,-1,1,0,0,,,,0,0
NVDA_1h_1706797800_1709667000_42.png,train,NVDA,1h,2024-02-01T14:30:00+00:00,2024-03-05T19:30:00+00:00,160,960,640,0,,,,0,0,0,,,,0,0,0.0,0,0,0,0,0,0.8333,5,6,-1,1,0,0,,,,0,0
NVDA_1h_1707420600_1710347400_42.png,train,NVDA,1h,2024-02-08T19:30:00+00:00,2024-03-13T16:30:00+00:00,160,960,640,0,,,,0,0,0,,,,0,0,0.8333,5,6,-1,1,0,0.8333,5,6,-1,1,0,0,,,,0,0
NVDA_1h_1708104600_1711031400_42.png,train,NVDA,1h,2024-02-16T17:30:00+00:00,2024-03-21T14:30:00+00:00,160,960,640,0,,,,0,0,0,,,,0,0,0.8333,5,6,-1,1,0,0.8333,5,6,-1,1,0,0,,,,0,0
NVDA_1h_1709047800_1711654200_42.png,train,NVDA,1h,2024-02-27T15:30:00+00:00,2024-03-28T19:30:00+00:00,160,960,640,0,,,,0,0,0,,,,0,0,0.8333,5,6,-1,1,0,0.8333,5,6,-1,1,0,0,,,,0,0
NVDA_1h_1709670600_1712597400_42.png,train,NVDA,1h,2024-03-05T20:30:00+00:00,2024-04-08T17:30:00+00:00,160,960,640,0,,,,0,0,0,,,,0,0,0.8333,5,6,-1,1,0,0.8333,5,6,-1,1,0,0,,,,0,0
NVDA_1h_1710351000_1713281400_42.png,train,NVDA,1h,2024-03-13T17:30:00+00:00,2024-04-16T15:30:00+00:00,160,960,640,0,,,,0,0,0,,,,0,0,0.75,9,12,-1,2,0,0.8333,5,6,-1,1,0,0,,,,0,0
NVDA_1h_1711035000_1713965400_42.png,train,NVDA,1h,2024-03-21T15:30:00+00:00,2024-04-24T13:30:00+00:00,160,960,640,0,,,,0,0,0,,,,0,0,0.6667,4,6,-1,1,0,0.0,0,0,0,0,0,0,,,,0,0
NVDA_1h_1711978200_1714588200_42.png,train,NVDA,1h,2024-04-01T13:30:00+00:00,2024-05-01T18:30:00+00:00,160,960,640,0,,,,0,0,0,,,,0,0,0.8333,10,12,-1,2,0,0.6667,4,6,-1,1,0,0,,,,0,0
NVDA_1h_1712601000_1715272200_42.png,train,NVDA,1h,2024-04-08T18:30:00+00:00,2024-05-09T16:30:00+00:00,160,960,640,0,,,,0,0,0,,,,0,0,0.8333,10,12,-1,2,0,0.8333,5,6,-1,1,0,0,,,,0,0
NVDA_1h_1713285000_1715956200_42.png,train,NVDA,1h,2024-04-16T16:30:00+00:00,2024-05-17T14:30:00+00:00,160,960,640,0,,,,0,0,0,,,,0,0,0.8333,10,12,-1,3,0,0.8333,5,6,-1,1,0,0,,,,0,0
NVDA_1h_1713969000_1716579000_42.png,train,NVDA,1h,2024-04-24T14:30:00+00:00,2024-05-24T19:30:00+00:00,160,960,640,0,,,,0,0,0,,,,0,0,0.8333,10,12,-1,2,0,0.8333,5,6,-1,1,0,0,,,,0,0
NVDA_1h_1714591800_1717522200_42.png,train,NVDA,1h,2024-05-01T19:30:00+00:00,2024-06-04T17:30:00+00:00,160,960,640,0,,,,0,0,0,,,,0,0,0.8333,10,12,-1,2,0,0.8333,5,6,-1,1,0,0,,,,0,0
NVDA_1h_1715275800_1718206200_42.png,train,NVDA,1h,2024-05-09T17:30:00+00:00,2024-06-12T15:30:00+00:00,160,960,640,0,,,,0,0,0,,,,0,0,0.75,9,12,-1,2,0,0.0,0,0,0,0,0,0,,,,0,0
NVDA_1h_1715959800_1718976600_42.png,train,NVDA,1h,2024-05-17T15:30:00+00:00,2024-06-21T13:30:00+00:00,160,960,640,0,,,,0,0,0,,,,0,0,0.6667,4,6,-1,1,0,0.0,0,0,0,0,0,0,,,,0,0
NVDA_1h_1716903000_1719599400_42.png,train,NVDA,1h,2024-05-28T13:30:00+00:00,2024-06-28T18:30:00+00:00,160,960,640,0,,,,0,0,0,,,,0,0,0.0,0,0,0,0,0,0.0,0,0,0,0,0,0,,,,0,0
NVDA_1h_1717525800_1720618200_42.png,train,NVDA,1h,2024-06-04T18:30:00+00:00,2024-07-10T13:30:00+00:00,160,960,640,0,,,,0,0,0,,,,0,0,0.8333,5,6,-1,1,0,0.8333,5,6,-1,1,0,0,,,,0,0
NVDA_1h_1718209800_1721241000_42.png,train,NVDA,1h,2024-06-12T16:30:00+00:00,2024-07-17T18:30:00+00:00,160,960,640,0,,,,0,0,0,,,,0,0,0.8333,5,6,-1,1,0,0.8333,10,12,-1,2,0,0,,,,0,0
NVDA_1h_1718980200_1721925000_42.png,train,NVDA,1h,2024-06-21T14:30:00+00:00,2024-07-25T16:30:00+00:00,160,960,640,0,,,,0,0,0,,,,0,0,0.6667,4,6,-1,1,0,0.8333,10,12,-1,2,0,0,,,,0,0
NVDA_1h_1719603000_1722609000_42.png,train,NVDA,1h,2024-06-28T19:30:00+00:00,2024-08-02T14:30:00+00:00,160,960,640,0,,,,0,0,0,,,,0,0,0.0,0,0,0,0,0,0.0,0,0,0,0,0,0,,,,0,0
NVDA_1h_1720621800_1723231800_42.png,train,NVDA,1h,2024-07-10T14:30:00+00:00,2024-08-09T19:30:00+00:00,160,960,640,0,,,,0,0,0,,,,0,0,0.0,0,0,0,0,0,0.6667,4,6,-1,1,0,0,,,,0,0
NVDA_1h_1721244600_1724088600_42.png,train,NVDA,1h,2024-07-17T19:30:00+00:00,2024-08-19T17:30:00+00:00,160,960,640,0,,,,0,0,0,,,,0,0,0.0,0,0,0,0,0,0.6667,4,6,-1,1,0,0,,,,0,0
NVDA_1h_1721928600_1724772600_42.png,train,NVDA,1h,2024-07-25T17:30:00+00:00,2024-08-27T15:30:00+00:00,160,960,640,0,,,,0,0,0,,,,0,0,0.8333,10,12,-1,2,0,0.6667,4,6,-1,1,0,0,,,,0,0
NVDA_1h_1722612600_1725543000_42.png,train,NVDA,1h,2024-08-02T15:30:00+00:00,2024-09-05T13:30:00+00:00,160,960,640,0,,,,0,0,0,,,,0,0,0.8333,5,6,-1,1,0,0.0,0,0,0,0,0,0,,,,0,0
NVDA_1h_1723469400_1726165800_42.png,train,NVDA,1h,2024-08-12T13:30:00+00:00,2024-09-12T18:30:00+00:00,160,960,640,0,,,,0,0,0,,,,0,0,0.8333,5,6,-1,1,0,0.0,0,0,0,0,0,0,,,,0,0
NVDA_1h_1724092200_1726849800_42.png,train,NVDA,1h,2024-08-19T18:30:00+00:00,2024-09-20T16:30:00+00:00,160,960,640,0,,,,0,0,0,,,,0,0,0.75,9,12,-1,2,0,0.0,0,0,0,0,0,0,,,,0,0
NVDA_1h_1724776200_1727706600_42.png,train,NVDA,1h,2024-08-27T16:30:00+00:00,2024-09-30T14:30:00+00:00,160,960,640,0,,,,0,0,0,,,,0,0,0.8333,5,6,-1,1,0,0.0,0,0,0,0,0,0,,,,0,0
NVDA_1h_1725546600_1728329400_42.png,train,NVDA,1h,2024-09-05T14:30:00+00:00,2024-10-07T19:30:00+00:00,160,960,640,0,,,,0,0,0,,,,0,0,0.8333,10,12,-1,2,0,0.8333,5,6,-1,1,0,0,,,,0,0
NVDA_1h_1726169400_1729013400_42.png,train,NVDA,1h,2024-09-12T19:30:00+00:00,2024-10-15T17:30:00+00:00,160,960,640,0,,,,0,0,0,,,,0,0,0.8333,5,6,-1,1,0,0.8333,5,6,-1,1,0,0,,,,0,0
NVDA_1h_1726853400_1729697400_42.png,train,NVDA,1h,2024-09-20T17:30:00+00:00,2024-10-23T15:30:00+00:00,160,960,640,0,,,,0,0,0,,,,0,0,0.8333,5,6,-1,1,0,0.0,0,0,0,0,0,0,,,,0,0
NVDA_1h_1727710200_1730381400_42.png,train,NVDA,1h,2024-09-30T15:30:00+00:00,2024-10-31T13:30:00+00:00,160,960,640,0,,,,0,0,0,,,,0,0,0.8333,5,6,-1,1,0,0.6667,4,6,-1,1,0,1,,,,1,1
NVDA_1h_1728394200_1731007800_42.png,train,NVDA,1h,2024-10-08T13:30:00+00:00,2024-11-07T19:30:00+00:00,160,960,640,0,,,,0,0,0,,,,0,0,0.8333,10,12,-1,2,0,0.8333,5,6,-1,1,0,0,,,,0,0
NVDA_1h_1729017000_1731691800_42.png,train,NVDA,1h,2024-10-15T18:30:00+00:00,2024-11-15T17:30:00+00:00,160,960,640,0,,,,0,0,0,,,,0,0,0.8333,5,6,-1,1,0,0.8333,10,12,-1,2,0,0,,,,0,0
NVDA_1h_1729701000_1732548600_42.png,train,NVDA,1h,2024-10-23T16:30:00+00:00,2024-11-25T15:30:00+00:00,160,960,640,0,,,,0,0,0,,,,0,0,0.8333,10,12,-1,2,0,0.6667,4,6,-1,1,0,0,,,,0,0
NVDA_1h_1730385000_1733333400_42.png,train,NVDA,1h,2024-10-31T14:30:00+00:00,2024-12-04T17:30:00+00:00,160,960,640,0,,,,0,0,0,,,,0,0,0.8333,10,12,-1,3,0,0.75,9,12,-1,2,0,0,,,,0,0
NVDA_1h_1731011400_1734017400_42.png,train,NVDA,1h,2024-11-07T20:30:00+00:00,2024-12-12T15:30:00+00:00,160,960,640,0,,,,0,0,0,,,,0,0,0.8333,10,12,-1,4,0,0.75,9,12,-1,4,0,0,,,,0,0
NVDA_1h_1731695400_1734640200_42.png,train,NVDA,1h,2024-11-15T18:30:00+00:00,2024-12-19T20:30:00+00:00,160,960,640,0,,,,0,0,0,,,,0,0,0.8333,10,12,-1,3,0,0.8333,10,12,-1,2,0,0,,,,0,0
NVDA_1h_1732552200_1735659000_42.png,train,NVDA,1h,2024-11-25T16:30:00+00:00,2024-12-31T15:30:00+00:00,160,960,640,0,,,,0,0,0,,,,0,0,0.8333,10,12,-1,4,0,0.8333,10,12,-1,3,0,0,,,,0,0
NVDA_1h_1733337000_1736368200_42.png,train,NVDA,1h,2024-12-04T18:30:00+00:00,2025-01-08T20:30:00+00:00,160,960,640,0,,,,0,0,0,,,,0,0,0.8333,10,12,-1,3,0,0.8333,10,12,-1,2,0,0,,,,0,0
NVDA_1h_1734021000_1737138600_42.png,train,NVDA,1h,2024-12-12T16:30:00+00:00,2025-01-17T18:30:00+00:00,160,960,640,0,,,,0,0,0,,,,0,0,0.8333,10,12,-1,2,0,0.8333,10,12,-1,3,0,0,,,,0,0
NVDA_1h_1734705000_1738081800_42.png,train,NVDA,1h,2024-12-20T14:30:00+00:00,2025-01-28T16:30:00+00:00,160,960,640,0,,,,0,0,0,,,,0,0,0.8333,5,6,-1,1,0,0.8333,5,6,-1,1,0,0,,,,0,0
NVDA_1h_1735662600_1738765800_42.png,train,NVDA,1h,2024-12-31T16:30:00+00:00,2025-02-05T14:30:00+00:00,160,960,640,0,,,,0,0,0,,,,0,0,0.8333,5,6,-1,1,0,0.8333,5,6,-1,1,0,0,,,,0,0
NVDA_1h_1736519400_1739388600_42.png,train,NVDA,1h,2025-01-10T14:30:00+00:00,2025-02-12T19:30:00+00:00,160,960,640,0,,,,0,0,0,,,,0,0,0.6667,4,6,-1,1,0,0.8333,5,6,-1,1,0,0,,,,0,0
NVDA_1h_1737142200_1740159000_42.png,train,NVDA,1h,2025-01-17T19:30:00+00:00,2025-02-21T17:30:00+00:00,160,960,640,0,,,,0,0,0,,,,0,0,0.75,9,12,-1,2,0,0.8333,5,6,-1,1,0,0,,,,0,0
NVDA_1h_1738085400_1741015800_42.png,train,NVDA,1h,2025-01-28T17:30:00+00:00,2025-03-03T15:30:00+00:00,160,960,640,0,,,,0,0,0,,,,0,0,0.75,9,12,-1,2,0,0.8333,5,6,-1,1,0,0,,,,0,0
NVDA_1h_1738769400_1741635000_42.png,train,NVDA,1h,2025-02-05T15:30:00+00:00,2025-03-10T19:30:00+00:00,160,960,640,0,,,,0,0,0,,,,0,0,0.8333,5,6,-1,1,0,0.8333,5,6,-1,1,0,0,,,,0,0
NVDA_1h_1739392200_1742319000_42.png,train,NVDA,1h,2025-02-12T20:30:00+00:00,2025-03-18T17:30:00+00:00,160,960,640,0,,,,0,0,0,,,,0,0,0.8333,5,6,-1,1,0,0.8333,5,6,-1,1,0,0,,,,0,0
NVDA_1h_1740162600_1743003000_42.png,train,NVDA,1h,2025-02-21T18:30:00+00:00,2025-03-26T15:30:00+00:00,160,960,640,0,,,,0,0,0,,,,0,0,0.8333,10,12,-1,2,0,0.8333,5,6,-1,1,0,0,,,,0,0
QQQ_1h_1700058600_1703003400_42.png,train,QQQ,1h,2023-11-15T14:30:00+00:00,2023-12-19T16:30:00+00:00,160,960,640,0,,,,0,0,0,,,,0,0,0.8333,5,6,-1,1,0,0.8333,5,6,-1,1,0,0,,,,0,0
QQQ_1h_1700681400_1703773800_42.png,train,QQQ,1h,2023-11-22T19:30:00+00:00,2023-12-28T14:30:00+00:00,160,960,640,0,,,,0,0,0,,,,0,0,0.8333,10,12,-1,2,0,0.6667,4,6,-1,1,0,0,,,,0,0
QQQ_1h_1701700200_1704483000_42.png,train,QQQ,1h,2023-12-04T14:30:00+00:00,2024-01-05T19:30:00+00:00,160,960,640,0,,,,0,0,0,,,,0,0,0.8333,5,6,-1,1,0,0.0,0,0,0,0,0,0,,,,0,0
QQQ_1h_1702323000_1705426200_42.png,train,QQQ,1h,2023-12-11T19:30:00+00:00,2024-01-16T17:30:00+00:00,160,960,640,0,,,,0,0,0,,,,0,0,0.8333,10,12,-1,2,0,0.8333,5,6,-1,1,0,0,,,,0,0
QQQ_1h_1703007000_1706110200_42.png,train,QQQ,1h,2023-12-19T17:30:00+00:00,2024-01-24T15:30:00+00:00,160,960,640,0,,,,0,0,0,,,,0,0,0.8333,10,12,-1,3,0,0.8333,10,12,-1,2,0,0,,,,0,0
QQQ_1h_1703777400_1706733000_42.png,train,QQQ,1h,2023-12-28T15:30:00+00:00,2024-01-31T20:30:00+00:00,160,960,640,0,,,,0,0,0,,,,0,0,0.8333,10,12,-1,2,0,0.8333,10,12,-1,2,0,0,,,,0,0
QQQ_1h_1704486600_1707417000_42.png,train,QQQ,1h,2024-01-05T20:30:00+00:00,2024-02-08T18:30:00+00:00,160,960,640,0,,,,0,0,0,,,,0,0,0.8333,10,12,-1,4,0,0.8333,10,12,-1,2,0,0,,,,0,0
QQQ_1h_1705429800_1708101000_42.png,train,QQQ,1h,2024-01-16T18:30:00+00:00,2024-02-16T16:30:00+00:00,160,960,640,0,,,,0,0,0,,,,0,0,0.8333,10,12,-1,3,0,0.8333,5,6,-1,1,0,0,,,,0,0
QQQ_1h_1706113800_1709044200_42.png,train,QQQ,1h,2024-01-24T16:30:00+00:00,2024-02-27T14:30:00+00:00,160,960,640,0,,,,0,0,0,,,,0,0,0.8333,10,12,-1,3,0,0.8333,10,12,-1,3,0,0,,,,0,0
QQQ_1h_1706797800_1709667000_42.png,train,QQQ,1h,2024-02-01T14:30:00+00:00,2024-03-05T19:30:00+00:00,160,960,640,0,,,,0,0,0,,,,0,0,0.8333,10,12,-1,4,0,0.8333,10,12,-1,2,0,0,,,,0,0
QQQ_1h_1707420600_1710347400_42.png,train,QQQ,1h,2024-02-08T19:30:00+00:00,2024-03-13T16:30:00+00:00,160,960,640,0,,,,0,0,0,,,,0,0,0.8333,10,12,-1,4,0,0.8333,10,12,-1,4,0,1,,,,1,1
QQQ_1h_1708104600_1711031400_42.png,train,QQQ,1h,2024-02-16T17:30:00+00:00,2024-03-21T14:30:00+00:00,160,960,640,0,,,,0,0,0,,,,0,0,0.8333,10,12,-1,4,0,0.8333,10,12,-1,4,0,1,,,,1,1
QQQ_1h_1709047800_1711654200_42.png,train,QQQ,1h,2024-02-27T15:30:00+00:00,2024-03-28T19:30:00+00:00,160,960,640,0,,,,0,0,0,,,,0,0,0.8333,10,12,-1,3,0,0.8333,5,6,-1,1,0,0,,,,0,0
QQQ_1h_1709670600_1712597400_42.png,train,QQQ,1h,2024-03-05T20:30:00+00:00,2024-04-08T17:30:00+00:00,160,960,640,0,,,,0,0,0,,,,0,0,0.8333,10,12,-1,3,0,0.8333,10,12,-1,3,0,1,,,,1,1
QQQ_1h_1710351000_1713281400_42.png,train,QQQ,1h,2024-03-13T17:30:00+00:00,2024-04-16T15:30:00+00:00,160,960,640,0,,,,0,0,0,,,,0,0,0.8333,10,12,-1,4,0,0.8333,10,12,-1,2,0,0,,,,0,0
QQQ_1h_1711035000_1713965400_42.png,train,QQQ,1h,2024-03-21T15:30:00+00:00,2024-04-24T13:30:00+00:00,160,960,640,0,,,,0,0,0,,,,0,0,0.8333,10,12,-1,3,0,0.8333,10,12,-1,2,0,0,,,,0,0
QQQ_1h_1711978200_1714588200_42.png,train,QQQ,1h,2024-04-01T13:30:00+00:00,2024-05-01T18:30:00+00:00,160,960,640,0,,,,0,0,0,,,,0,0,0.8333,10,12,-1,3,0,0.8333,10,12,-1,4,0,0,,,,0,0
QQQ_1h_1712601000_1715272200_42.png,train,QQQ,1h,2024-04-08T18:30:00+00:00,2024-05-09T16:30:00+00:00,160,960,640,0,,,,0,0,0,,,,0,0,0.8333,10,12,-1,2,0,0.75,9,12,-1,3,0,0,,,,0,0
QQQ_1h_1713285000_1715956200_42.png,train,QQQ,1h,2024-04-16T16:30:00+00:00,2024-05-17T14:30:00+00:00,160,960,640,0,,,,0,0,0,,,,0,0,0.8333,10,12,-1,2,0,0.8333,5,6,-1,1,0,0,,,,0,0
QQQ_1h_1713969000_1716579000_42.png,train,QQQ,1h,2024-04-24T14:30:00+00:00,2024-05-24T19:30:00+00:00,160,960,640,0,,,,0,0,0,,,,0,0,0.0,0,0,0,0,0,0.8333,5,6,-1,1,0,0,,,,0,0
QQQ_1h_1714591800_1717522200_42.png,train,QQQ,1h,2024-05-01T19:30:00+00:00,2024-06-04T17:30:00+00:00,160,960,640,0,,,,0,0,0,,,,0,0,0.8333,5,6,-1,1,0,0.8333,5,6,-1,1,0,0,,,,0,0
QQQ_1h_1715275800_1718206200_42.png,train,QQQ,1h,2024-05-09T17:30:00+00:00,2024-06-12T15:30:00+00:00,160,960,640,0,,,,0,0,0,,,,0,0,0.8333,10,12,-1,2,0,0.8333,5,6,-1,1,0,0,,,,0,0
QQQ_1h_1715959800_1718976600_42.png,train,QQQ,1h,2024-05-17T15:30:00+00:00,2024-06-21T13:30:00+00:00,160,960,640,0,,,,0,0,0,,,,0,0,0.6667,4,6,-1,1,0,0.8333,5,6,-1,1,0,0,,,,0,0
QQQ_1h_1716903000_1719599400_42.png,train,QQQ,1h,2024-05-28T13:30:00+00:00,2024-06-28T18:30:00+00:00,160,960,640,0,,,,0,0,0,,,,0,0,0.75,9,12,-1,2,0,0.0,0,0,0,0,0,0,,,,0,0
QQQ_1h_1717525800_1720618200_42.png,train,QQQ,1h,2024-06-04T18:30:00+00:00,2024-07-10T13:30:00+00:00,160,960,640,0,,,,0,0,0,,,,0,0,0.8333,10,12,-1,2,0,0.8333,5,6,-1,1,0,0,,,,0,0
QQQ_1h_1718209800_1721241000_42.png,train,QQQ,1h,2024-06-12T16:30:00+00:00,2024-07-17T18:30:00+00:00,160,960,640,0,,,,0,0,0,,,,0,0,0.8333,10,12,-1,3,0,0.8333,10,12,-1,2,0,0,,,,0,0
QQQ_1h_1718980200_1721925000_42.png,train,QQQ,1h,2024-06-21T14:30:00+00:00,2024-07-25T16:30:00+00:00,160,960,640,0,,,,0,0,0,,,,0,0,0.8333,10,12,-1,4,0,0.8333,10,12,-1,4,0,0,,,,0,0
QQQ_1h_1719603000_1722609000_42.png,train,QQQ,1h,2024-06-28T19:30:00+00:00,2024-08-02T14:30:00+00:00,160,960,640,0,,,,0,0,0,,,,0,0,0.75,9,12,-1,2,0,0.8333,10,12,-1,2,0,0,,,,0,0
QQQ_1h_1720621800_1723231800_42.png,train,QQQ,1h,2024-07-10T14:30:00+00:00,2024-08-09T19:30:00+00:00,160,960,640,0,,,,0,0,0,,,,0,0,0.75,9,12,-1,3,0,0.75,9,12,-1,3,0,0,,,,0,0
QQQ_1h_1721244600_1724088600_42.png,train,QQQ,1h,2024-07-17T19:30:00+00:00,2024-08-19T17:30:00+00:00,160,960,640,0,,,,0,0,0,,,,0,0,0.8333,10,12,-1,2,0,0.75,9,12,-1,2,0,0,,,,0,0
QQQ_1h_1721928600_1724772600_42.png,train,QQQ,1h,2024-07-25T17:30:00+00:00,2024-08-27T15:30:00+00:00,160,960,640,0,,,,0,0,0,,,,0,0,0.75,9,12,-1,2,0,0.6667,4,6,-1,1,0,0,,,,0,0
QQQ_1h_1722612600_1725543000_42.png,train,QQQ,1h,2024-08-02T15:30:00+00:00,2024-09-05T13:30:00+00:00,160,960,640,0,,,,0,0,0,,,,0,0,0.8333,5,6,-1,1,0,0.0,0,0,0,0,0,0,,,,0,0
QQQ_1h_1723469400_1726165800_42.png,train,QQQ,1h,2024-08-12T13:30:00+00:00,2024-09-12T18:30:00+00:00,160,960,640,0,,,,0,0,0,,,,0,0,0.8333,10,12,-1,2,0,0.8333,5,6,-1,1,0,0,,,,0,0
QQQ_1h_1724092200_1726849800_42.png,train,QQQ,1h,2024-08-19T18:30:00+00:00,2024-09-20T16:30:00+00:00,160,960,640,0,,,,0,0,0,,,,0,0,0.8333,10,12,-1,2,0,0.8333,5,6,-1,1,0,0,,,,0,0
QQQ_1h_1724776200_1727706600_42.png,train,QQQ,1h,2024-08-27T16:30:00+00:00,2024-09-30T14:30:00+00:00,160,960,640,0,,,,0,0,0,,,,0,0,0.8333,10,12,-1,2,0,0.8333,5,6,-1,1,0,0,,,,0,0
QQQ_1h_1725546600_1728329400_42.png,train,QQQ,1h,2024-09-05T14:30:00+00:00,2024-10-07T19:30:00+00:00,160,960,640,0,,,,0,0,0,,,,0,0,0.75,9,12,-1,3,0,0.8333,5,6,-1,1,0,0,,,,0,0
QQQ_1h_1726169400_1729013400_42.png,train,QQQ,1h,2024-09-12T19:30:00+00:00,2024-10-15T17:30:00+00:00,160,960,640,0,,,,0,0,0,,,,0,0,0.8333,10,12,-1,2,0,0.8333,10,12,-1,2,0,0,,,,0,0
QQQ_1h_1726853400_1729697400_42.png,train,QQQ,1h,2024-09-20T17:30:00+00:00,2024-10-23T15:30:00+00:00,160,960,640,0,,,,0,0,0,,,,0,0,0.8333,10,12,-1,2,0,0.8333,5,6,-1,1,0,0,,,,0,0
QQQ_1h_1727710200_1730381400_42.png,train,QQQ,1h,2024-09-30T15:30:00+00:00,2024-10-31T13:30:00+00:00,160,960,640,0,,,,0,0,0,,,,0,0,0.8333,10,12,-1,2,0,0.8333,10,12,-1,2,0,0,,,,0,0
QQQ_1h_1728394200_1731007800_42.png,train,QQQ,1h,2024-10-08T13:30:00+00:00,2024-11-07T19:30:00+00:00,160,960,640,0,,,,0,0,0,,,,0,0,0.8333,10,12,-1,3,0,0.8333,10,12,-1,2,0,0,,,,0,0
QQQ_1h_1729017000_1731691800_42.png,train,QQQ,1h,2024-10-15T18:30:00+00:00,2024-11-15T17:30:00+00:00,160,960,640,0,,,,0,0,0,,,,0,0,0.8333,10,12,-1,2,0,0.8333,5,6,-1,1,0,0,,,,0,0
QQQ_1h_1729701000_1732548600_42.png,train,QQQ,1h,2024-10-23T16:30:00+00:00,2024-11-25T15:30:00+00:00,160,960,640,0,,,,0,0,0,,,,0,0,0.8333,10,12,-1,3,0,0.8333,5,6,-1,1,0,0,,,,0,0
QQQ_1h_1730385000_1733333400_42.png,train,QQQ,1h,2024-10-31T14:30:00+00:00,2024-12-04T17:30:00+00:00,160,960,640,0,,,,0,0,0,,,,0,0,0.75,9,12,-1,4,0,0.8333,10,12,-1,2,0,0,,,,0,0
QQQ_1h_1731011400_1734017400_42.png,train,QQQ,1h,2024-11-07T20:30:00+00:00,2024-12-12T15:30:00+00:00,160,960,640,0,,,,0,0,0,,,,0,0,0.75,9,12,-1,3,0,0.75,9,12,-1,3,0,0,,,,0,0
QQQ_1h_1731695400_1734640200_42.png,train,QQQ,1h,2024-11-15T18:30:00+00:00,2024-12-19T20:30:00+00:00,160,960,640,0,,,,0,0,0,,,,0,0,0.6667,8,12,-1,3,0,0.75,9,12,-1,2,0,0,,,,0,0
QQQ_1h_1732552200_1735659000_42.png,train,QQQ,1h,2024-11-25T16:30:00+00:00,2024-12-31T15:30:00+00:00,160,960,640,0,,,,0,0,0,,,,0,0,0.75,9,12,-1,2,0,0.8333,10,12,-1,3,0,0,,,,0,0
QQQ_1h_1733337000_1736368200_42.png,train,QQQ,1h,2024-12-04T18:30:00+00:00,2025-01-08T20:30:00+00:00,160,960,640,0,,,,0,0,0,,,,0,0,0.8333,10,12,-1,2,0,0.8333,10,12,-1,3,0,0,,,,0,0
QQQ_1h_1734021000_1737138600_42.png,train,QQQ,1h,2024-12-12T16:30:00+00:00,2025-01-17T18:30:00+00:00,160,960,640,0,,,,0,0,0,,,,0,0,0.8333,10,12,-1,2,0,0.8333,10,12,-1,2,0,0,,,,0,0
QQQ_1h_1734705000_1738081800_42.png,train,QQQ,1h,2024-12-20T14:30:00+00:00,2025-01-28T16:30:00+00:00,160,960,640,0,,,,0,0,0,,,,0,0,0.8333,10,12,-1,2,0,0.8333,5,6,-1,1,0,0,,,,0,0
QQQ_1h_1735662600_1738765800_42.png,train,QQQ,1h,2024-12-31T16:30:00+00:00,2025-02-05T14:30:00+00:00,160,960,640,0,,,,0,0,0,,,,0,0,0.8333,10,12,-1,2,0,0.8333,10,12,-1,2,0,1,,,,1,1
QQQ_1h_1736519400_1739388600_42.png,train,QQQ,1h,2025-01-10T14:30:00+00:00,2025-02-12T19:30:00+00:00,160,960,640,0,,,,0,0,0,,,,0,0,0.8333,10,12,-1,4,0,0.8333,10,12,-1,3,0,1,,,,2,2
QQQ_1h_1737142200_1740159000_42.png,train,QQQ,1h,2025-01-17T19:30:00+00:00,2025-02-21T17:30:00+00:00,160,960,640,0,,,,0,0,0,,,,0,0,0.8333,10,12,-1,3,0,0.8333,10,12,-1,2,0,0,,,,0,0
QQQ_1h_1738085400_1741015800_42.png,train,QQQ,1h,2025-01-28T17:30:00+00:00,2025-03-03T15:30:00+00:00,160,960,640,0,,,,0,0,0,,,,0,0,0.8333,10,12,-1,3,0,0.8333,10,12,-1,3,0,0,,,,0,0
QQQ_1h_1738769400_1741635000_42.png,train,QQQ,1h,2025-02-05T15:30:00+00:00,2025-03-10T19:30:00+00:00,160,960,640,0,,,,0,0,0,,,,0,0,0.75,9,12,-1,4,0,0.8333,10,12,-1,2,0,0,,,,0,0
QQQ_1h_1739392200_1742319000_42.png,train,QQQ,1h,2025-02-12T20:30:00+00:00,2025-03-18T17:30:00+00:00,160,960,640,0,,,,0,0,0,,,,0,0,0.75,9,12,-1,2,0,0.8333,5,6,-1,1,0,0,,,,0,0
QQQ_1h_1740162600_1743003000_42.png,train,QQQ,1h,2025-02-21T18:30:00+00:00,2025-03-26T15:30:00+00:00,160,960,640,0,,,,0,0,0,,,,0,0,0.8333,10,12,-1,4,0,0.8333,10,12,-1,2,0,0,,,,0,0
SPY_1h_1700058600_1703003400_42.png,train,SPY,1h,2023-11-15T14:30:00+00:00,2023-12-19T16:30:00+00:00,160,960,640,0,,,,0,0,0,,,,0,0,0.8333,5,6,-1,1,0,0.8333,5,6,-1,1,0,0,,,,0,0
SPY_1h_1700681400_1703773800_42.png,train,SPY,1h,2023-11-22T19:30:00+00:00,2023-12-28T14:30:00+00:00,160,960,640,0,,,,0,0,0,,,,0,0,0.8333,10,12,-1,3,0,0.8333,10,12,-1,2,0,0,,,,0,0
SPY_1h_1701700200_1704483000_42.png,train,SPY,1h,2023-12-04T14:30:00+00:00,2024-01-05T19:30:00+00:00,160,960,640,0,,,,0,0,0,,,,0,0,0.8333,10,12,-1,2,0,0.8333,5,6,-1,1,0,0,,,,0,0
SPY_1h_1702323000_1705426200_42.png,train,SPY,1h,2023-12-11T19:30:00+00:00,2024-01-16T17:30:00+00:00,160,960,640,0,,,,0,0,0,,,,0,0,0.8333,10,12,-1,3,0,0.8333,10,12,-1,2,0,0,,,,0,0
SPY_1h_1703007000_1706110200_42.png,train,SPY,1h,2023-12-19T17:30:00+00:00,2024-01-24T15:30:00+00:00,160,960,640,0,,,,0,0,0,,,,0,0,0.8333,10,12,-1,3,0,0.8333,10,12,-1,2,0,0,,,,0,0
SPY_1h_1703777400_1706733000_42.png,train,SPY,1h,2023-12-28T15:30:00+00:00,2024-01-31T20:30:00+00:00,160,960,640,0,,,,0,0,0,,,,0,0,0.8333,10,12,-1,2,0,0.8333,5,6,-1,1,0,0,,,,0,0
SPY_1h_1704486600_1707417000_42.png,train,SPY,1h,2024-01-05T20:30:00+00:00,2024-02-08T18:30:00+00:00,160,960,640,0,,,,0,0,0,,,,0,0,0.8333,10,12,-1,2,0,0.8333,5,6,-1,1,0,0,,,,0,0
SPY_1h_1705429800_1708101000_42.png,train,SPY,1h,2024-01-16T18:30:00+00:00,2024-02-16T16:30:00+00:00,160,960,640,0,,,,0,0,0,,,,0,0,0.8333,10,12,-1,3,0,0.8333,10,12,-1,2,0,0,,,,0,0
SPY_1h_1706113800_1709044200_42.png,train,SPY,1h,2024-01-24T16:30:00+00:00,2024-02-27T14:30:00+00:00,160,960,640,0,,,,0,0,0,,,,0,0,0.8333,10,12,-1,3,0,0.8333,10,12,-1,2,0,0,,,,0,0
SPY_1h_1706797800_1709667000_42.png,train,SPY,1h,2024-02-01T14:30:00+00:00,2024-03-05T19:30:00+00:00,160,960,640,0,,,,0,0,0,,,,0,0,0.8333,10,12,-1,3,0,0.8333,10,12,-1,2,0,0,,,,0,0
SPY_1h_1707420600_1710347400_42.png,train,SPY,1h,2024-02-08T19:30:00+00:00,2024-03-13T16:30:00+00:00,160,960,640,0,,,,0,0,0,,,,0,0,0.8333,10,12,-1,4,0,0.8333,10,12,-1,4,0,1,,,,2,2
SPY_1h_1708104600_1711031400_42.png,train,SPY,1h,2024-02-16T17:30:00+00:00,2024-03-21T14:30:00+00:00,160,960,640,0,,,,0,0,0,,,,0,0,0.8333,10,12,-1,4,0,0.8333,10,12,-1,4,0,0,,,,0,0
SPY_1h_1709047800_1711654200_42.png,train,SPY,1h,2024-02-27T15:30:00+00:00,2024-03-28T19:30:00+00:00,160,960,640,0,,,,0,0,0,,,,0,0,0.8333,10,12,-1,2,0,0.8333,10,12,-1,3,0,0,,,,0,0
SPY_1h_1709670600_1712597400_42.png,train,SPY,1h,2024-03-05T20:30:00+00:00,2024-04-08T17:30:00+00:00,160,960,640,0,,,,0,0,0,,,,0,0,0.8333,10,12,-1,3,0,0.8333,10,12,-1,4,0,0,,,,0,0
SPY_1h_1710351000_1713281400_42.png,train,SPY,1h,2024-03-13T17:30:00+00:00,2024-04-16T15:30:00+00:00,160,960,640,0,,,,0,0,0,,,,0,0,0.8333,10,12,-1,4,0,0.8333,10,12,-1,3,0,0,,,,0,0
SPY_1h_1711035000_1713965400_42.png,train,SPY,1h,2024-03-21T15:30:00+00:00,2024-04-24T13:30:00+00:00,160,960,640,0,,,,0,0,0,,,,0,0,0.8333,10,12,-1,3,0,0.8333,10,12,-1,2,0,0,,,,0,0
SPY_1h_1711978200_1714588200_42.png,train,SPY,1h,2024-04-01T13:30:00+00:00,2024-05-01T18:30:00+00:00,160,960,640,0,,,,0,0,0,,,,0,0,0.8333,10,12,-1,4,0,0.8333,10,12,-1,3,0,0,,,,0,0
SPY_1h_1712601000_1715272200_42.png,train,SPY,1h,2024-04-08T18:30:00+00:00,2024-05-09T16:30:00+00:00,160,960,640,0,,,,0,0,0,,,,0,0,0.8333,10,12,-1,3,0,0.8333,10,12,-1,2,0,0,,,,0,0
SPY_1h_1713285000_1715956200_42.png,train,SPY,1h,2024-04-16T16:30:00+00:00,2024-05-17T14:30:00+00:00,160,960,640,0,,,,0,0,0,,,,0,0,0.8333,10,12,-1,2,0,0.8333,5,6,-1,1,0,0,,,,0,0
SPY_1h_1713969000_1716579000_42.png,train,SPY,1h,2024-04-24T14:30:00+00:00,2024-05-24T19:30:00+00:00,160,960,640,0,,,,0,0,0,,,,0,0,0.0,0,0,0,0,0,0.8333,5,6,-1,1,0,0,,,,0,0
SPY_1h_1714591800_1717522200_42.png,train,SPY,1h,2024-05-01T19:30:00+00:00,2024-06-04T17:30:00+00:00,160,960,640,0,,,,0,0,0,,,,0,0,0.8333,5,6,-1,1,0,0.8333,5,6,-1,1,0,0,,,,0,0
SPY_1h_1715275800_1718206200_42.png,train,SPY,1h,2024-05-09T17:30:00+00:00,2024-06-12T15:30:00+00:00,160,960,640,0,,,,0,0,0,,,,0,0,0.8333,5,6,-1,1,0,0.8333,5,6,-1,1,0,0,,,,0,0
SPY_1h_1715959800_1718976600_42.png,train,SPY,1h,2024-05-17T15:30:00+00:00,2024-06-21T13:30:00+00:00,160,960,640,0,,,,0,0,0,,,,0,0,0.8333,10,12,-1,2,0,0.8333,10,12,-1,2,0,0,,,,0,0
SPY_1h_1716903000_1719599400_42.png,train,SPY,1h,2024-05-28T13:30:00+00:00,2024-06-28T18:30:00+00:00,160,960,640,0,,,,0,0,0,,,,0,0,0.8333,5,6,-1,1,0,0.8333,10,12,-1,2,0,0,,,,0,0
SPY_1h_1717525800_1720618200_42.png,train,SPY,1h,2024-06-04T18:30:00+00:00,2024-07-10T13:30:00+00:00,160,960,640,0,,,,0,0,0,,,,0,0,0.8333,5,6,-1,1,0,0.8333,5,6,-1,1,0,0,,,,0,0
SPY_1h_1718209800_1721241000_42.png,train,SPY,1h,2024-06-12T16:30:00+00:00,2024-07-17T18:30:00+00:00,160,960,640,0,,,,0,0,0,,,,0,0,0.8333,10,12,-1,2,0,0.8333,5,6,-1,1,0,0,,,,0,0
SPY_1h_1718980200_1721925000_42.png,train,SPY,1h,2024-06-21T14:30:00+00:00,2024-07-25T16:30:00+00:00,160,960,640,0,,,,0,0,0,,,,0,0,0.8333,10,12,-1,2,0,0.8333,10,12,-1,2,0,0,,,,0,0
SPY_1h_1719603000_1722609000_42.png,train,SPY,1h,2024-06-28T19:30:00+00:00,2024-08-02T14:30:00+00:00,160,960,640,0,,,,0,0,0,,,,0,0,0.8333,10,12,-1,2,0,0.8333,10,12,-1,2,0,0,,,,0,0
SPY_1h_1720621800_1723231800_42.png,train,SPY,1h,2024-07-10T14:30:00+00:00,2024-08-09T19:30:00+00:00,160,960,640,0,,,,0,0,0,,,,0,0,0.8333,10,12,-1,3,0,0.8333,10,12,-1,3,0,0,,,,0,0
SPY_1h_1721244600_1724088600_42.png,train,SPY,1h,2024-07-17T19:30:00+00:00,2024-08-19T17:30:00+00:00,160,960,640,0,,,,0,0,0,,,,0,0,0.75,9,12,-1,3,0,0.75,9,12,-1,2,0,0,,,,0,0
SPY_1h_1721928600_1724772600_42.png,train,SPY,1h,2024-07-25T17:30:00+00:00,2024-08-27T15:30:00+00:00,160,960,640,0,,,,0,0,0,,,,0,0,0.6667,4,6,-1,1,0,0.8333,5,6,-1,1,0,0,,,,0,0
SPY_1h_1722612600_1725543000_42.png,train,SPY,1h,2024-08-02T15:30:00+00:00,2024-09-05T13:30:00+00:00,160,960,640,0,,,,0,0,0,,,,0,0,0.6667,4,6,-1,1,0,0.0,0,0,0,0,0,0,,,,0,0
SPY_1h_1723469400_1726165800_42.png,train,SPY,1h,2024-08-12T13:30:00+00:00,2024-09-12T18:30:00+00:00,160,960,640,0,,,,0,0,0,,,,0,0,0.8333,5,6,-1,1,0,0.8333,5,6,-1,1,0,0,,,,0,0
SPY_1h_1724092200_1726849800_42.png,train,SPY,1h,2024-08-19T18:30:00+00:00,2024-09-20T16:30:00+00:00,160,960,640,0,,,,0,0,0,,,,0,0,0.8333,5,6,-1,1,0,0.8333,5,6,-1,1,0,0,,,,0,0
SPY_1h_1724776200_1727706600_42.png,train,SPY,1h,2024-08-27T16:30:00+00:00,2024-09-30T14:30:00+00:00,160,960,640,0,,,,0,0,0,,,,0,0,0.8333,5,6,-1,1,0,0.75,9,12,-1,2,0,0,,,,0,0
SPY_1h_1725546600_1728329400_42.png,train,SPY,1h,2024-09-05T14:30:00+00:00,2024-10-07T19:30:00+00:00,160,960,640,0,,,,0,0,0,,,,0,0,0.8333,5,6,-1,1,0,0.75,9,12,-1,2,0,0,,,,0,0
SPY_1h_1726169400_1729013400_42.png,train,SPY,1h,2024-09-12T19:30:00+00:00,2024-10-15T17:30:00+00:00,160,960,640,0,,,,0,0,0,,,,0,0,0.8333,5,6,-1,1,0,0.8333,5,6,-1,1,0,0,,,,0,0
SPY_1h_1726853400_1729697400_42.png,train,SPY,1h,2024-09-20T17:30:00+00:00,2024-10-23T15:30:00+00:00,160,960,640,0,,,,0,0,0,,,,0,0,0.8333,5,6,-1,1,0,0.8333,5,6,-1,1,0,0,,,,0,0
SPY_1h_1727710200_1730381400_42.png,train,SPY,1h,2024-09-30T15:30:00+00:00,2024-10-31T13:30:00+00:00,160,960,640,0,,,,0,0,0,,,,0,0,0.8333,10,12,-1,2,0,0.8333,10,12,-1,2,0,0,,,,0,0
SPY_1h_1728394200_1731007800_42.png,train,SPY,1h,2024-10-08T13:30:00+00:00,2024-11-07T19:30:00+00:00,160,960,640,0,,,,0,0,0,,,,0,0,0.8333,10,12,-1,3,0,0.8333,10,12,-1,2,0,0,,,,0,0
SPY_1h_1729017000_1731691800_42.png,train,SPY,1h,2024-10-15T18:30:00+00:00,2024-11-15T17:30:00+00:00,160,960,640,0,,,,0,0,0,,,,0,0,0.8333,10,12,-1,3,0,0.8333,5,6,-1,1,0,0,,,,0,0
SPY_1h_1729701000_1732548600_42.png,train,SPY,1h,2024-10-23T16:30:00+00:00,2024-11-25T15:30:00+00:00,160,960,640,0,,,,0,0,0,,,,0,0,0.8333,10,12,-1,3,0,0.8333,5,6,-1,1,0,0,,,,0,0
SPY_1h_1730385000_1733333400_42.png,train,SPY,1h,2024-10-31T14:30:00+00:00,2024-12-04T17:30:00+00:00,160,960,640,0,,,,0,0,0,,,,0,0,0.8333,10,12,-1,3,0,0.8333,5,6,-1,1,0,0,,,,0,0
SPY_1h_1731011400_1734017400_42.png,train,SPY,1h,2024-11-07T20:30:00+00:00,2024-12-12T15:30:00+00:00,160,960,640,0,,,,0,0,0,,,,0,0,0.8333,10,12,-1,2,0,0.8333,5,6,-1,1,0,0,,,,0,0
SPY_1h_1731695400_1734640200_42.png,train,SPY,1h,2024-11-15T18:30:00+00:00,2024-12-19T20:30:00+00:00,160,960,640,0,,,,0,0,0,,,,0,0,0.8333,5,6,-1,1,0,0.8333,5,6,-1,1,0,0,,,,0,0
SPY_1h_1732552200_1735659000_42.png,train,SPY,1h,2024-11-25T16:30:00+00:00,2024-12-31T15:30:00+00:00,160,960,640,0,,,,0,0,0,,,,0,0,0.8333,5,6,-1,1,0,0.8333,5,6,-1,1,0,0,,,,0,0
SPY_1h_1733337000_1736368200_42.png,train,SPY,1h,2024-12-04T18:30:00+00:00,2025-01-08T20:30:00+00:00,160,960,640,0,,,,0,0,0,,,,0,0,0.8333,10,12,-1,3,0,0.8333,10,12,-1,3,0,0,,,,0,0
SPY_1h_1734021000_1737138600_42.png,train,SPY,1h,2024-12-12T16:30:00+00:00,2025-01-17T18:30:00+00:00,160,960,640,0,,,,0,0,0,,,,0,0,0.8333,10,12,-1,2,0,0.8333,10,12,-1,2,0,0,,,,0,0
SPY_1h_1734705000_1738081800_42.png,train,SPY,1h,2024-12-20T14:30:00+00:00,2025-01-28T16:30:00+00:00,160,960,640,0,,,,0,0,0,,,,0,0,0.8333,10,12,-1,2,0,0.8333,10,12,-1,2,0,0,,,,0,0
SPY_1h_1735662600_1738765800_42.png,train,SPY,1h,2024-12-31T16:30:00+00:00,2025-02-05T14:30:00+00:00,160,960,640,0,,,,0,0,0,,,,0,0,0.8333,10,12,-1,2,0,0.8333,10,12,-1,2,0,1,,,,1,1
SPY_1h_1736519400_1739388600_42.png,train,SPY,1h,2025-01-10T14:30:00+00:00,2025-02-12T19:30:00+00:00,160,960,640,0,,,,0,0,0,,,,0,0,0.8333,10,12,-1,2,0,0.8333,10,12,-1,2,0,1,,,,2,2
SPY_1h_1737142200_1740159000_42.png,train,SPY,1h,2025-01-17T19:30:00+00:00,2025-02-21T17:30:00+00:00,160,960,640,0,,,,0,0,0,,,,0,0,0.8333,10,12,-1,3,0,0.8333,10,12,-1,2,0,1,,,,1,1
SPY_1h_1738085400_1741015800_42.png,train,SPY,1h,2025-01-28T17:30:00+00:00,2025-03-03T15:30:00+00:00,160,960,640,0,,,,0,0,0,,,,0,0,0.8333,10,12,-1,4,0,0.8333,10,12,-1,3,0,1,,,,1,1
SPY_1h_1738769400_1741635000_42.png,train,SPY,1h,2025-02-05T15:30:00+00:00,2025-03-10T19:30:00+00:00,160,960,640,0,,,,0,0,0,,,,0,0,0.75,9,12,-1,3,0,0.8333,10,12,-1,2,0,0,,,,0,0
SPY_1h_1739392200_1742319000_42.png,train,SPY,1h,2025-02-12T20:30:00+00:00,2025-03-18T17:30:00+00:00,160,960,640,0,,,,0,0,0,,,,0,0,0.6667,8,12,-1,2,0,0.75,9,12,-1,2,0,0,,,,0,0
SPY_1h_1740162600_1743003000_42.png,train,SPY,1h,2025-02-21T18:30:00+00:00,2025-03-26T15:30:00+00:00,160,960,640,0,,,,0,0,0,,,,0,0,0.75,9,12,-1,4,0,0.75,9,12,-1,3,0,1,,,,1,1
TSLA_1h_1700058600_1703003400_42.png,train,TSLA,1h,2023-11-15T14:30:00+00:00,2023-12-19T16:30:00+00:00,160,960,640,0,,,,0,0,0,,,,0,0,0.75,9,12,-1,4,0,0.8333,10,12,-1,2,0,0,,,,0,0
TSLA_1h_1700681400_1703773800_42.png,train,TSLA,1h,2023-11-22T19:30:00+00:00,2023-12-28T14:30:00+00:00,160,960,640,0,,,,0,0,0,,,,0,0,0.8333,10,12,-1,3,0,0.6667,4,6,-1,1,0,0,,,,0,0
TSLA_1h_1701700200_1704483000_42.png,train,TSLA,1h,2023-12-04T14:30:00+00:00,2024-01-05T19:30:00+00:00,160,960,640,0,,,,0,0,0,,,,0,0,0.8333,5,6,-1,1,0,0.0,0,0,0,0,0,0,,,,0,0
TSLA_1h_1702323000_1705426200_42.png,train,TSLA,1h,2023-12-11T19:30:00+00:00,2024-01-16T17:30:00+00:00,160,960,640,0,,,,0,0,0,,,,0,0,0.8333,5,6,-1,1,0,0.0,0,0,0,0,0,0,,,,0,0
TSLA_1h_1703007000_1706110200_42.png,train,TSLA,1h,2023-12-19T17:30:00+00:00,2024-01-24T15:30:00+00:00,160,960,640,0,,,,0,0,0,,,,0,0,0.8333,5,6,-1,1,0,0.0,0,0,0,0,0,0,,,,0,0
TSLA_1h_1703777400_1706733000_42.png,train,TSLA,1h,2023-12-28T15:30:00+00:00,2024-01-31T20:30:00+00:00,160,960,640,0,,,,0,0,0,,,,0,0,0.0,0,0,0,0,0,0.0,0,0,0,0,0,0,,,,0,0
TSLA_1h_1704486600_1707417000_42.png,train,TSLA,1h,2024-01-05T20:30:00+00:00,2024-02-08T18:30:00+00:00,160,960,640,0,,,,0,0,0,,,,0,0,0.8333,5,6,-1,1,0,0.8333,5,6,-1,1,0,0,,,,0,0
TSLA_1h_1705429800_1708101000_42.png,train,TSLA,1h,2024-01-16T18:30:00+00:00,2024-02-16T16:30:00+00:00,160,960,640,0,,,,0,0,0,,,,0,0,0.8333,10,12,-1,2,0,0.8333,10,12,-1,2,0,0,,,,0,0
TSLA_1h_1706113800_1709044200_42.png,train,TSLA,1h,2024-01-24T16:30:00+00:00,2024-02-27T14:30:00+00:00,160,960,640,0,,,,0,0,0,,,,0,0,0.8333,10,12,-1,2,0,0.75,9,12,-1,3,0,0,,,,0,0
TSLA_1h_1706797800_1709667000_42.png,train,TSLA,1h,2024-02-01T14:30:00+00:00,2024-03-05T19:30:00+00:00,160,960,640,0,,,,0,0,0,,,,0,0,0.6667,8,12,-1,4,0,0.6667,8,12,-1,2,0,0,,,,0,0
TSLA_1h_1707420600_1710347400_42.png,train,TSLA,1h,2024-02-08T19:30:00+00:00,2024-03-13T16:30:00+00:00,160,960,640,0,,,,0,0,0,,,,0,0,0.75,9,12,-1,3,0,0.75,9,12,-1,2,0,0,,,,0,0
TSLA_1h_1708104600_1711031400_42.png,train,TSLA,1h,2024-02-16T17:30:00+00:00,2024-03-21T14:30:00+00:00,160,960,640,0,,,,0,0,0,,,,0,0,0.8333,10,12,-1,2,0,0.0,0,0,0,0,0,0,,,,0,0
TSLA_1h_1709047800_1711654200_42.png,train,TSLA,1h,2024-02-27T15:30:00+00:00,2024-03-28T19:30:00+00:00,160,960,640,0,,,,0,0,0,,,,0,0,0.8333,5,6,-1,1,0,0.8333,5,6,-1,1,0,0,,,,0,0
TSLA_1h_1709670600_1712597400_42.png,train,TSLA,1h,2024-03-05T20:30:00+00:00,2024-04-08T17:30:00+00:00,160,960,640,0,,,,0,0,0,,,,0,0,0.8333,10,12,-1,2,0,0.8333,10,12,-1,3,0,0,,,,0,0
TSLA_1h_1710351000_1713281400_42.png,train,TSLA,1h,2024-03-13T17:30:00+00:00,2024-04-16T15:30:00+00:00,160,960,640,0,,,,0,0,0,,,,0,0,0.8333,10,12,-1,4,0,0.8333,10,12,-1,3,0,1,,,,1,1
TSLA_1h_1711035000_1713965400_42.png,train,TSLA,1h,2024-03-21T15:30:00+00:00,2024-04-24T13:30:00+00:00,160,960,640,0,,,,0,0,0,,,,0,0,0.8333,10,12,-1,2,0,0.8333,10,12,-1,2,0,0,,,,0,0
TSLA_1h_1711978200_1714588200_42.png,train,TSLA,1h,2024-04-01T13:30:00+00:00,2024-05-01T18:30:00+00:00,160,960,640,0,,,,0,0,0,,,,0,0,0.8333,5,6,-1,1,0,0.0,0,0,0,0,0,0,,,,0,0
TSLA_1h_1712601000_1715272200_42.png,train,TSLA,1h,2024-04-08T18:30:00+00:00,2024-05-09T16:30:00+00:00,160,960,640,0,,,,0,0,0,,,,0,0,0.8333,5,6,-1,1,0,0.8333,5,6,-1,1,0,0,,,,0,0
TSLA_1h_1713285000_1715956200_42.png,train,TSLA,1h,2024-04-16T16:30:00+00:00,2024-05-17T14:30:00+00:00,160,960,640,0,,,,0,0,0,,,,0,0,0.75,9,12,-1,2,0,0.0,0,0,0,0,0,0,,,,0,0
TSLA_1h_1713969000_1716579000_42.png,train,TSLA,1h,2024-04-24T14:30:00+00:00,2024-05-24T19:30:00+00:00,160,960,640,0,,,,0,0,0,,,,0,0,0.8333,10,12,-1,2,0,0.8333,5,6,-1,1,0,0,,,,0,0
TSLA_1h_1714591800_1717522200_42.png,train,TSLA,1h,2024-05-01T19:30:00+00:00,2024-06-04T17:30:00+00:00,160,960,640,0,,,,0,0,0,,,,0,0,0.8333,10,12,-1,3,0,0.8333,10,12,-1,2,0,0,,,,0,0
TSLA_1h_1715275800_1718206200_42.png,train,TSLA,1h,2024-05-09T17:30:00+00:00,2024-06-12T15:30:00+00:00,160,960,640,0,,,,0,0,0,,,,0,0,0.8333,10,12,-1,4,0,0.8333,10,12,-1,4,0,0,,,,0,0
TSLA_1h_1715959800_1718976600_42.png,train,TSLA,1h,2024-05-17T15:30:00+00:00,2024-06-21T13:30:00+00:00,160,960,640,0,,,,0,0,0,,,,0,0,0.8333,10,12,-1,3,0,0.8333,10,12,-1,3,0,0,,,,0,0
TSLA_1h_1716903000_1719599400_42.png,train,TSLA,1h,2024-05-28T13:30:00+00:00,2024-06-28T18:30:00+00:00,160,960,640,0,,,,0,0,0,,,,0,0,0.8333,5,6,-1,1,0,0.8333,5,6,-1,1,0,0,,,,0,0
TSLA_1h_1717525800_1720618200_42.png,train,TSLA,1h,2024-06-04T18:30:00+00:00,2024-07-10T13:30:00+00:00,160,960,640,0,,,,0,0,0,,,,0,0,0.8333,5,6,-1,1,0,0.0,0,0,0,0,0,0,,,,0,0
TSLA_1h_1718209800_1721241000_42.png,train,TSLA,1h,2024-06-12T16:30:00+00:00,2024-07-17T18:30:00+00:00,160,960,640,0,,,,0,0,0,,,,0,0,0.0,0,0,0,0,0,0.0,0,0,0,0,0,0,,,,0,0
TSLA_1h_1718980200_1721925000_42.png,train,TSLA,1h,2024-06-21T14:30:00+00:00,2024-07-25T16:30:00+00:00,160,960,640,0,,,,0,0,0,,,,0,0,0.6667,4,6,-1,1,0,0.8333,5,6,-1,1,0,0,,,,0,0
TSLA_1h_1719603000_1722609000_42.png,train,TSLA,1h,2024-06-28T19:30:00+00:00,2024-08-02T14:30:00+00:00,160,960,640,0,,,,0,0,0,,,,0,0,0.6667,4,6,-1,1,0,0.8333,5,6,-1,1,0,0,,,,0,0
TSLA_1h_1720621800_1723231800_42.png,train,TSLA,1h,2024-07-10T14:30:00+00:00,2024-08-09T19:30:00+00:00,160,960,640,0,,,,0,0,0,,,,0,0,0.6667,4,6,-1,1,0,0.8333,5,6,-1,1,0,0,,,,0,0
TSLA_1h_1721244600_1724088600_42.png,train,TSLA,1h,2024-07-17T19:30:00+00:00,2024-08-19T17:30:00+00:00,160,960,640,0,,,,0,0,0,,,,0,0,0.8333,10,12,-1,2,0,0.8333,10,12,-1,2,0,0,,,,0,0
TSLA_1h_1721928600_1724772600_42.png,train,TSLA,1h,2024-07-25T17:30:00+00:00,2024-08-27T15:30:00+00:00,160,960,640,0,,,,0,0,0,,,,0,0,0.75,9,12,-1,2,0,0.8333,5,6,-1,1,0,0,,,,0,0
TSLA_1h_1722612600_1725543000_42.png,train,TSLA,1h,2024-08-02T15:30:00+00:00,2024-09-05T13:30:00+00:00,160,960,640,0,,,,0,0,0,,,,0,0,0.75,9,12,-1,4,0,0.8333,10,12,-1,2,0,0,,,,0,0
TSLA_1h_1723469400_1726165800_42.png,train,TSLA,1h,2024-08-12T13:30:00+00:00,2024-09-12T18:30:00+00:00,160,960,640,0,,,,0,0,0,,,,0,0,0.8333,10,12,-1,3,0,0.8333,10,12,-1,2,0,0,,,,0,0
TSLA_1h_1724092200_1726849800_42.png,train,TSLA,1h,2024-08-19T18:30:00+00:00,2024-09-20T16:30:00+00:00,160,960,640,0,,,,0,0,0,,,,0,0,0.75,9,12,-1,2,0,0.8333,10,12,-1,2,0,0,,,,0,0
TSLA_1h_1724776200_1727706600_42.png,train,TSLA,1h,2024-08-27T16:30:00+00:00,2024-09-30T14:30:00+00:00,160,960,640,0,,,,0,0,0,,,,0,0,0.6667,4,6,-1,1,0,0.8333,5,6,-1,1,0,0,,,,0,0
TSLA_1h_1725546600_1728329400_42.png,train,TSLA,1h,2024-09-05T14:30:00+00:00,2024-10-07T19:30:00+00:00,160,960,640,0,,,,0,0,0,,,,0,0,0.75,9,12,-1,2,0,0.8333,5,6,-1,1,0,0,,,,0,0
TSLA_1h_1726169400_1729013400_42.png,train,TSLA,1h,2024-09-12T19:30:00+00:00,2024-10-15T17:30:00+00:00,160,960,640,0,,,,0,0,0,,,,0,0,0.8333,5,6,-1,1,0,0.8333,5,6,-1,1,0,0,,,,0,0
TSLA_1h_1726853400_1729697400_42.png,train,TSLA,1h,2024-09-20T17:30:00+00:00,2024-10-23T15:30:00+00:00,160,960,640,0,,,,0,0,0,,,,0,0,0.8333,5,6,-1,1,0,0.0,0,0,0,0,0,0,,,,0,0
TSLA_1h_1727710200_1730381400_42.png,train,TSLA,1h,2024-09-30T15:30:00+00:00,2024-10-31T13:30:00+00:00,160,960,640,0,,,,0,0,0,,,,0,0,0.8333,5,6,-1,1,0,0.0,0,0,0,0,0,0,,,,0,0
TSLA_1h_1728394200_1731007800_42.png,train,TSLA,1h,2024-10-08T13:30:00+00:00,2024-11-07T19:30:00+00:00,160,960,640,0,,,,0,0,0,,,,0,0,0.0,0,0,0,0,0,0.0,0,0,0,0,0,0,,,,0,0
TSLA_1h_1729017000_1731691800_42.png,train,TSLA,1h,2024-10-15T18:30:00+00:00,2024-11-15T17:30:00+00:00,160,960,640,0,,,,0,0,0,,,,0,0,0.0,0,0,0,0,0,0.0,0,0,0,0,0,0,,,,0,0
TSLA_1h_1729701000_1732548600_42.png,train,TSLA,1h,2024-10-23T16:30:00+00:00,2024-11-25T15:30:00+00:00,160,960,640,0,,,,0,0,0,,,,0,0,0.8333,5,6,-1,1,0,0.0,0,0,0,0,0,0,,,,0,0
TSLA_1h_1730385000_1733333400_42.png,train,TSLA,1h,2024-10-31T14:30:00+00:00,2024-12-04T17:30:00+00:00,160,960,640,0,,,,0,0,0,,,,0,0,0.8333,10,12,-1,2,0,0.8333,5,6,-1,1,0,0,,,,0,0
TSLA_1h_1731011400_1734017400_42.png,train,TSLA,1h,2024-11-07T20:30:00+00:00,2024-12-12T15:30:00+00:00,160,960,640,0,,,,0,0,0,,,,0,0,0.8333,5,6,-1,1,0,0.8333,5,6,-1,1,0,0,,,,0,0
TSLA_1h_1731695400_1734640200_42.png,train,TSLA,1h,2024-11-15T18:30:00+00:00,2024-12-19T20:30:00+00:00,160,960,640,0,,,,0,0,0,,,,0,0,0.0,0,0,0,0,0,0.0,0,0,0,0,0,0,,,,0,0
TSLA_1h_1732552200_1735659000_42.png,train,TSLA,1h,2024-11-25T16:30:00+00:00,2024-12-31T15:30:00+00:00,160,960,640,0,,,,0,0,0,,,,0,0,0.8333,5,6,-1,1,0,0.0,0,0,0,0,0,0,,,,0,0
TSLA_1h_1733337000_1736368200_42.png,train,TSLA,1h,2024-12-04T18:30:00+00:00,2025-01-08T20:30:00+00:00,160,960,640,0,,,,0,0,0,,,,0,0,0.8333,5,6,-1,1,0,0.0,0,0,0,0,0,0,,,,0,0
TSLA_1h_1734021000_1737138600_42.png,train,TSLA,1h,2024-12-12T16:30:00+00:00,2025-01-17T18:30:00+00:00,160,960,640,0,,,,0,0,0,,,,0,0,0.8333,10,12,-1,2,0,0.8333,10,12,-1,2,0,0,,,,0,0
TSLA_1h_1734705000_1738081800_42.png,train,TSLA,1h,2024-12-20T14:30:00+00:00,2025-01-28T16:30:00+00:00,160,960,640,0,,,,0,0,0,,,,0,0,0.8333,5,6,-1,1,0,0.8333,10,12,-1,2,0,0,,,,0,0
TSLA_1h_1735662600_1738765800_42.png,train,TSLA,1h,2024-12-31T16:30:00+00:00,2025-02-05T14:30:00+00:00,160,960,640,0,,,,0,0,0,,,,0,0,0.8333,10,12,-1,2,0,0.8333,10,12,-1,3,0,0,,,,0,0
TSLA_1h_1736519400_1739388600_42.png,train,TSLA,1h,2025-01-10T14:30:00+00:00,2025-02-12T19:30:00+00:00,160,960,640,0,,,,0,0,0,,,,0,0,0.8333,5,6,-1,1,0,0.0,0,0,0,0,0,0,,,,0,0
TSLA_1h_1737142200_1740159000_42.png,train,TSLA,1h,2025-01-17T19:30:00+00:00,2025-02-21T17:30:00+00:00,160,960,640,0,,,,0,0,0,,,,0,0,0.8333,5,6,-1,1,0,0.0,0,0,0,0,0,0,,,,0,0
TSLA_1h_1738085400_1741015800_42.png,train,TSLA,1h,2025-01-28T17:30:00+00:00,2025-03-03T15:30:00+00:00,160,960,640,0,,,,0,0,0,,,,0,0,0.0,0,0,0,0,0,0.0,0,0,0,0,0,0,,,,0,0
TSLA_1h_1738769400_1741635000_42.png,train,TSLA,1h,2025-02-05T15:30:00+00:00,2025-03-10T19:30:00+00:00,160,960,640,0,,,,0,0,0,,,,0,0,0.8333,5,6,-1,1,0,0.0,0,0,0,0,0,0,,,,0,0
TSLA_1h_1739392200_1742319000_42.png,train,TSLA,1h,2025-02-12T20:30:00+00:00,2025-03-18T17:30:00+00:00,160,960,640,0,,,,0,0,0,,,,0,0,0.0,0,0,0,0,0,0.0,0,0,0,0,0,0,,,,0,0
TSLA_1h_1740162600_1743003000_42.png,train,TSLA,1h,2025-02-21T18:30:00+00:00,2025-03-26T15:30:00+00:00,160,960,640,0,,,,0,0,0,,,,0,0,0.0,0,0,0,0,0,0.8333,5,6,-1,1,0,0,,,,0,0
AAPL_1h_1741019400_1743687000_42.png,val,AAPL,1h,2025-03-03T16:30:00+00:00,2025-04-03T13:30:00+00:00,160,960,640,0,,,,0,0,0,,,,0,0,0.8333,10,12,-1,2,0,0.8333,5,6,-1,1,0,0,,,,0,0
AAPL_1h_1741699800_1744309800_42.png,val,AAPL,1h,2025-03-11T13:30:00+00:00,2025-04-10T18:30:00+00:00,160,960,640,0,,,,0,0,0,,,,0,0,0.8333,10,12,-1,2,0,0.8333,5,6,-1,1,0,0,,,,0,0
AAPL_1h_1742322600_1745253000_42.png,val,AAPL,1h,2025-03-18T18:30:00+00:00,2025-04-21T16:30:00+00:00,160,960,640,0,,,,0,0,0,,,,0,0,0.8333,5,6,-1,1,0,0.0,0,0,0,0,0,0,,,,0,0
AAPL_1h_1743006600_1745937000_42.png,val,AAPL,1h,2025-03-26T16:30:00+00:00,2025-04-29T14:30:00+00:00,160,960,640,0,,,,0,0,0,,,,0,0,0.75,9,12,-1,2,0,0.8333,5,6,-1,1,0,0,,,,0,0
AAPL_1h_1743690600_1746559800_42.png,val,AAPL,1h,2025-04-03T14:30:00+00:00,2025-05-06T19:30:00+00:00,160,960,640,0,,,,0,0,0,,,,0,0,0.8333,10,12,-1,2,0,0.8333,5,6,-1,1,0,0,,,,0,0
AAPL_1h_1744313400_1747243800_42.png,val,AAPL,1h,2025-04-10T19:30:00+00:00,2025-05-14T17:30:00+00:00,160,960,640,0,,,,0,0,0,,,,0,0,0.8333,10,12,-1,2,0,0.8333,5,6,-1,1,0,0,,,,0,0
AAPL_1h_1745256600_1747927800_42.png,val,AAPL,1h,2025-04-21T17:30:00+00:00,2025-05-22T15:30:00+00:00,160,960,640,0,,,,0,0,0,,,,0,0,0.8333,5,6,-1,1,0,0.0,0,0,0,0,0,0,,,,0,0
AAPL_1h_1745940600_1748871000_42.png,val,AAPL,1h,2025-04-29T15:30:00+00:00,2025-06-02T13:30:00+00:00,160,960,640,0,,,,0,0,0,,,,0,0,0.75,9,12,-1,2,0,0.8333,5,6,-1,1,0,0,,,,0,0
AAPL_1h_1746624600_1749493800_42.png,val,AAPL,1h,2025-05-07T13:30:00+00:00,2025-06-09T18:30:00+00:00,160,960,640,0,,,,0,0,0,,,,0,0,0.75,9,12,-1,2,0,0.8333,5,6,-1,1,0,0,,,,0,0
AAPL_1h_1747247400_1750177800_42.png,val,AAPL,1h,2025-05-14T18:30:00+00:00,2025-06-17T16:30:00+00:00,160,960,640,0,,,,0,0,0,,,,0,0,0.75,9,12,-1,3,0,0.8333,5,6,-1,1,0,1,,,,1,1
AAPL_1h_1747931400_1750948200_42.png,val,AAPL,1h,2025-05-22T16:30:00+00:00,2025-06-26T14:30:00+00:00,160,960,640,0,,,,0,0,0,,,,0,0,0.8333,10,12,-1,2,0,0.8333,10,12,-1,2,0,0,,,,0,0
AAPL_1h_1748874600_1751905800_42.png,val,AAPL,1h,2025-06-02T14:30:00+00:00,2025-07-07T16:30:00+00:00,160,960,640,0,,,,0,0,0,,,,0,0,0.0,0,0,0,0,0,0.8333,5,6,-1,1,0,0,,,,0,0
AAPL_1h_1749497400_1752589800_42.png,val,AAPL,1h,2025-06-09T19:30:00+00:00,2025-07-15T14:30:00+00:00,160,960,640,0,,,,0,0,0,,,,0,0,0.8333,5,6,-1,1,0,0.0,0,0,0,0,0,0,,,,0,0
AAPL_1h_1750181400_1753212600_42.png,val,AAPL,1h,2025-06-17T17:30:00+00:00,2025-07-22T19:30:00+00:00,160,960,640,0,,,,0,0,0,,,,0,0,0.8333,10,12,-1,2,0,0.0,0,0,0,0,0,0,,,,0,0
AAPL_1h_1750951800_1753896600_42.png,val,AAPL,1h,2025-06-26T15:30:00+00:00,2025-07-30T17:30:00+00:00,160,960,640,0,,,,0,0,0,,,,0,0,0.8333,10,12,-1,2,0,0.0,0,0,0,0,0,0,,,,0,0
AAPL_1h_1751909400_1754580600_42.png,val,AAPL,1h,2025-07-07T17:30:00+00:00,2025-08-07T15:30:00+00:00,160,960,640,0,,,,0,0,0,,,,0,0,0.8333,10,12,-1,2,0,0.8333,5,6,-1,1,0,0,,,,0,0
AMZN_1h_1741019400_1743687000_42.png,val,AMZN,1h,2025-03-03T16:30:00+00:00,2025-04-03T13:30:00+00:00,160,960,640,0,,,,0,0,0,,,,0,0,0.75,9,12,-1,4,0,0.75,9,12,-1,2,0,0,,,,0,0
AMZN_1h_1741699800_1744309800_42.png,val,AMZN,1h,2025-03-11T13:30:00+00:00,2025-04-10T18:30:00+00:00,160,960,640,0,,,,0,0,0,,,,0,0,0.75,9,12,-1,3,0,0.8333,5,6,-1,1,0,0,,,,0,0
AMZN_1h_1742322600_1745253000_42.png,val,AMZN,1h,2025-03-18T18:30:00+00:00,2025-04-21T16:30:00+00:00,160,960,640,0,,,,0,0,0,,,,0,0,0.75,9,12,-1,2,0,0.8333,5,6,-1,1,0,0,,,,0,0
AMZN_1h_1743006600_1745937000_42.png,val,AMZN,1h,2025-03-26T16:30:00+00:00,2025-04-29T14:30:00+00:00,160,960,640,0,,,,0,0,0,,,,0,0,0.75,9,12,-1,3,0,0.75,9,12,-1,2,0,0,,,,0,0
AMZN_1h_1743690600_1746559800_42.png,val,AMZN,1h,2025-04-03T14:30:00+00:00,2025-05-06T19:30:00+00:00,160,960,640,0,,,,0,0,0,,,,0,0,0.8333,10,12,-1,4,0,0.8333,10,12,-1,2,0,0,,,,0,0
AMZN_1h_1744313400_1747243800_42.png,val,AMZN,1h,2025-04-10T19:30:00+00:00,2025-05-14T17:30:00+00:00,160,960,640,0,,,,0,0,0,,,,0,0,0.8333,10,12,-1,2,0,0.8333,5,6,-1,1,0,0,,,,0,0
AMZN_1h_1745256600_1747927800_42.png,val,AMZN,1h,2025-04-21T17:30:00+00:00,2025-05-22T15:30:00+00:00,160,960,640,0,,,,0,0,0,,,,0,0,0.8333,5,6,-1,1,0,0.8333,5,6,-1,1,0,0,,,,0,0
AMZN_1h_1745940600_1748871000_42.png,val,AMZN,1h,2025-04-29T15:30:00+00:00,2025-06-02T13:30:00+00:00,160,960,640,0,,,,0,0,0,,,,0,0,0.8333,5,6,-1,1,0,0.8333,5,6,-1,1,0,0,,,,0,0
AMZN_1h_1746624600_1749493800_42.png,val,AMZN,1h,2025-05-07T13:30:00+00:00,2025-06-09T18:30:00+00:00,160,960,640,0,,,,0,0,0,,,,0,0,0.0,0,0,0,0,0,0.0,0,0,0,0,0,0,,,,0,0
AMZN_1h_1747247400_1750177800_42.png,val,AMZN,1h,2025-05-14T18:30:00+00:00,2025-06-17T16:30:00+00:00,160,960,640,0,,,,0,0,0,,,,0,0,0.75,9,12,-1,3,0,0.75,9,12,-1,2,0,0,,,,0,0
AMZN_1h_1747931400_1750948200_42.png,val,AMZN,1h,2025-05-22T16:30:00+00:00,2025-06-26T14:30:00+00:00,160,960,640,0,,,,0,0,0,,,,0,0,0.75,9,12,-1,2,0,0.8333,10,12,-1,2,0,0,,,,0,0
AMZN_1h_1748874600_1751905800_42.png,val,AMZN,1h,2025-06-02T14:30:00+00:00,2025-07-07T16:30:00+00:00,160,960,640,0,,,,0,0,0,,,,0,0,0.8333,10,12,-1,2,0,0.8333,5,6,-1,1,0,0,,,,0,0
AMZN_1h_1749497400_1752589800_42.png,val,AMZN,1h,2025-06-09T19:30:00+00:00,2025-07-15T14:30:00+00:00,160,960,640,0,,,,0,0,0,,,,0,0,0.8333,10,12,-1,3,0,0.75,9,12,-1,2,0,0,,,,0,0
AMZN_1h_1750181400_1753212600_42.png,val,AMZN,1h,2025-06-17T17:30:00+00:00,2025-07-22T19:30:00+00:00,160,960,640,0,,,,0,0,0,,,,0,0,0.8333,10,12,-1,2,0,0.75,9,12,-1,2,0,0,,,,0,0
AMZN_1h_1750951800_1753896600_42.png,val,AMZN,1h,2025-06-26T15:30:00+00:00,2025-07-30T17:30:00+00:00,160,960,640,0,,,,0,0,0,,,,0,0,0.8333,10,12,-1,4,0,0.8333,10,12,-1,3,0,0,,,,0,0
AMZN_1h_1751909400_1754580600_42.png,val,AMZN,1h,2025-07-07T17:30:00+00:00,2025-08-07T15:30:00+00:00,160,960,640,0,,,,0,0,0,,,,0,0,0.8333,10,12,-1,5,0,0.8333,10,12,-1,2,0,0,,,,0,0
BTC-USD_1h_1742918400_1743490800_42.png,val,BTC-USD,1h,2025-03-25T16:00:00+00:00,2025-04-01T07:00:00+00:00,160,960,640,0,,,,0,0,0,,,,0,0,0.6667,8,12,-1,3,0,0.75,9,12,-1,2,0,1,,,,2,2
BTC-USD_1h_1743062400_1743634800_42.png,val,BTC-USD,1h,2025-03-27T08:00:00+00:00,2025-04-02T23:00:00+00:00,160,960,640,0,,,,0,0,0,,,,0,0,0.8333,10,12,-1,3,0,0.9167,11,12,1,2,1,0,,,,0,0
BTC-USD_1h_1743206400_1743778800_42.png,val,BTC-USD,1h,2025-03-29T00:00:00+00:00,2025-04-04T15:00:00+00:00,160,960,640,0,,,,0,0,0,,,,0,0,0.8333,10,12,-1,3,0,0.8333,10,12,-1,2,0,0,,,,0,0
BTC-USD_1h_1743350400_1743922800_42.png,val,BTC-USD,1h,2025-03-30T16:00:00+00:00,2025-04-06T07:00:00+00:00,160,960,640,0,,,,0,0,0,,,,0,0,0.8333,5,6,-1,1,0,0.0,0,0,0,0,0,0,,,,0,0
BTC-USD_1h_1743494400_1744066800_42.png,val,BTC-USD,1h,2025-04-01T08:00:00+00:00,2025-04-07T23:00:00+00:00,160,960,640,0,,,,0,0,0,,,,0,0,0.75,9,12,-1,2,0,0.0,0,0,0,0,0,0,,,,0,0
BTC-USD_1h_1743638400_1744210800_42.png,val,BTC-USD,1h,2025-04-03T00:00:00+00:00,2025-04-09T15:00:00+00:00,160,960,640,0,,,,0,0,0,,,,0,0,0.75,9,12,-1,3,0,0.8333,5,6,-1,1,0,0,,,,0,0
BTC-USD_1h_1743782400_1744354800_42.png,val,BTC-USD,1h,2025-04-04T16:00:00+00:00,2025-04-11T07:00:00+00:00,160,960,640,0,,,,0,0,0,,,,0,0,0.75,9,12,-1,3,0,0.6667,4,6,-1,1,0,0,,,,0,0
BTC-USD_1h_1743926400_1744498800_42.png,val,BTC-USD,1h,2025-04-06T08:00:00+00:00,2025-04-12T23:00:00+00:00,160,960,640,0,,,,0,0,0,,,,0,0,0.8333,10,12,-1,2,0,0.6667,4,6,-1,1,0,0,,,,0,0
BTC-USD_1h_1744070400_1744642800_42.png,val,BTC-USD,1h,2025-04-08T00:00:00+00:00,2025-04-14T15:00:00+00:00,160,960,640,0,,,,0,0,0,,,,0,0,0.8333,10,12,-1,3,0,0.75,9,12,-1,2,0,0,,,,0,0
BTC-USD_1h_1744214400_1744786800_42.png,val,BTC-USD,1h,2025-04-09T16:00:00+00:00,2025-04-16T07:00:00+00:00,160,960,640,0,,,,0,0,0,,,,0,0,0.8333,10,12,-1,2,0,0.6667,4,6,-1,1,0,0,,,,0,0
BTC-USD_1h_1744358400_1744930800_42.png,val,BTC-USD,1h,2025-04-11T08:00:00+00:00,2025-04-17T23:00:00+00:00,160,960,640,0,,,,0,0,0,,,,0,0,0.8333,10,12,-1,2,0,0.8333,5,6,-1,1,0,0,,,,0,0
BTC-USD_1h_1744502400_1745074800_42.png,val,BTC-USD,1h,2025-04-13T00:00:00+00:00,2025-04-19T15:00:00+00:00,160,960,640,0,,,,0,0,0,,,,0,0,0.8333,10,12,-1,2,0,0.8333,5,6,-1,1,0,0,,,,0,0
BTC-USD_1h_1744646400_1745218800_42.png,val,BTC-USD,1h,2025-04-14T16:00:00+00:00,2025-04-21T07:00:00+00:00,160,960,640,0,,,,0,0,0,,,,0,0,0.8333,10,12,-1,2,0,1.0,6,6,1,1,1,0,,,,0,0
BTC-USD_1h_1744790400_1745362800_42.png,val,BTC-USD,1h,2025-04-16T08:00:00+00:00,2025-04-22T23:00:00+00:00,160,960,640,0,,,,0,0,0,,,,0,0,0.0,0,0,0,0,0,0.0,0,0,0,0,0,0,,,,0,0
BTC-USD_1h_1744934400_1745506800_42.png,val,BTC-USD,1h,2025-04-18T00:00:00+00:00,2025-04-24T15:00:00+00:00,160,960,640,0,,,,0,0,0,,,,0,0,0.0,0,0,0,0,0,0.0,0,0,0,0,0,0,,,,0,0
BTC-USD_1h_1745078400_1745650800_42.png,val,BTC-USD,1h,2025-04-19T16:00:00+00:00,2025-04-26T07:00:00+00:00,160,960,640,0,,,,0,0,0,,,,0,0,0.8333,5,6,-1,1,0,0.0,0,0,0,0,0,0,,,,0,0
BTC-USD_1h_1745222400_1745794800_42.png,val,BTC-USD,1h,2025-04-21T08:00:00+00:00,2025-04-27T23:00:00+00:00,160,960,640,0,,,,0,0,0,,,,0,0,0.8333,5,6,-1,1,0,0.0,0,0,0,0,0,0,,,,0,0
BTC-USD_1h_1745366400_1745938800_42.png,val,BTC-USD,1h,2025-04-23T00:00:00+00:00,2025-04-29T15:00:00+00:00,160,960,640,0,,,,0,0,0,,,,0,0,0.8333,10,12,-1,2,0,0.8333,5,6,-1,1,0,1,,,,1,1
BTC-USD_1h_1745510400_1746082800_42.png,val,BTC-USD,1h,2025-04-24T16:00:00+00:00,2025-05-01T07:00:00+00:00,160,960,640,0,,,,0,0,0,,,,0,0,0.8333,10,12,-1,3,0,0.8333,5,6,-1,1,0,1,,,,2,2
BTC-USD_1h_1745654400_1746226800_42.png,val,BTC-USD,1h,2025-04-26T08:00:00+00:00,2025-05-02T23:00:00+00:00,160,960,640,0,,,,0,0,0,,,,0,0,0.8333,10,12,-1,2,0,0.8333,5,6,-1,1,0,0,,,,0,0
BTC-USD_1h_1745798400_1746370800_42.png,val,BTC-USD,1h,2025-04-28T00:00:00+00:00,2025-05-04T15:00:00+00:00,160,960,640,0,,,,0,0,0,,,,0,0,0.8333,10,12,-1,2,0,0.8333,5,6,-1,1,0,0,,,,0,0
BTC-USD_1h_1745942400_1746514800_42.png,val,BTC-USD,1h,2025-04-29T16:00:00+00:00,2025-05-06T07:00:00+00:00,160,960,640,0,,,,0,0,0,,,,0,0,0.8333,10,12,-1,2,0,0.0,0,0,0,0,0,0,,,,0,0
BTC-USD_1h_1746086400_1746658800_42.png,val,BTC-USD,1h,2025-05-01T08:00:00+00:00,2025-05-07T23:00:00+00:00,160,960,640,0,,,,0,0,0,,,,0,0,0.8333,10,12,-1,2,0,0.0,0,0,0,0,0,0,,,,0,0
BTC-USD_1h_1746230400_1746802800_42.png,val,BTC-USD,1h,2025-05-03T00:00:00+00:00,2025-05-09T15:00:00+00:00,160,960,640,0,,,,0,0,0,,,,0,0,0.0,0,0,0,0,0,0.0,0,0,0,0,0,0,,,,0,0
BTC-USD_1h_1746374400_1746946800_42.png,val,BTC-USD,1h,2025-05-04T16:00:00+00:00,2025-05-11T07:00:00+00:00,160,960,640,0,,,,0,0,0,,,,0,0,0.0,0,0,0,0,0,0.0,0,0,0,0,0,0,,,,0,0
BTC-USD_1h_1746518400_1747090800_42.png,val,BTC-USD,1h,2025-05-06T08:00:00+00:00,2025-05-12T23:00:00+00:00,160,960,640,0,,,,0,0,0,,,,0,0,0.0,0,0,0,0,0,0.0,0,0,0,0,0,0,,,,0,0
BTC-USD_1h_1746662400_1747234800_42.png,val,BTC-USD,1h,2025-05-08T00:00:00+00:00,2025-05-14T15:00:00+00:00,160,960,640,0,,,,0,0,0,,,,0,0,0.8333,5,6,-1,1,0,0.0,0,0,0,0,0,0,,,,0,0
BTC-USD_1h_1746806400_1747378800_42.png,val,BTC-USD,1h,2025-05-09T16:00:00+00:00,2025-05-16T07:00:00+00:00,160,960,640,0,,,,0,0,0,,,,0,0,0.8333,10,12,-1,2,0,0.8333,5,6,-1,1,0,0,,,,0,0
BTC-USD_1h_1746950400_1747522800_42.png,val,BTC-USD,1h,2025-05-11T08:00:00+00:00,2025-05-17T23:00:00+00:00,160,960,640,0,,,,0,0,0,,,,0,0,0.8333,10,12,-1,2,0,0.8333,5,6,-1,1,0,0,,,,0,0
BTC-USD_1h_1747094400_1747666800_42.png,val,BTC-USD,1h,2025-05-13T00:00:00+00:00,2025-05-19T15:00:00+00:00,160,960,640,0,,,,0,0,0,,,,0,0,0.9167,11,12,1,2,1,1.0,12,12,1,2,2,0,,,,0,0
BTC-USD_1h_1747238400_1747810800_42.png,val,BTC-USD,1h,2025-05-14T16:00:00+00:00,2025-05-21T07:00:00+00:00,160,960,640,0,,,,0,0,0,,,,0,0,0.8333,10,12,-1,4,0,0.8333,10,12,-1,3,0,0,,,,0,0
BTC-USD_1h_1747382400_1747954800_42.png,val,BTC-USD,1h,2025-05-16T08:00:00+00:00,2025-05-22T23:00:00+00:00,160,960,640,0,,,,0,0,0,,,,0,0,0.75,9,12,-1,3,0,0.8333,10,12,-1,2,0,0,,,,0,0
BTC-USD_1h_1747526400_1748098800_42.png,val,BTC-USD,1h,2025-05-18T00:00:00+00:00,2025-05-24T15:00:00+00:00,160,960,640,0,,,,0,0,0,,,,0,0,0.75,9,12,-1,4,0,0.8333,10,12,-1,2,0,0,,,,0,0
BTC-USD_1h_1747670400_1748242800_42.png,val,BTC-USD,1h,2025-05-19T16:00:00+00:00,2025-05-26T07:00:00+00:00,160,960,640,0,,,,0,0,0,,,,0,0,0.75,9,12,-1,2,0,0.8333,10,12,-1,2,0,0,,,,0,0
BTC-USD_1h_1747814400_1748386800_42.png,val,BTC-USD,1h,2025-05-21T08:00:00+00:00,2025-05-27T23:00:00+00:00,160,960,640,0,,,,0,0,0,,,,0,0,0.8333,10,12,-1,2,0,0.8333,10,12,-1,2,0,0,,,,0,0
BTC-USD_1h_1747958400_1748530800_42.png,val,BTC-USD,1h,2025-05-23T00:00:00+00:00,2025-05-29T15:00:00+00:00,160,960,640,0,,,,0,0,0,,,,0,0,0.8333,10,12,-1,3,0,0.8333,10,12,-1,2,0,0,,,,0,0
BTC-USD_1h_1748102400_1748674800_42.png,val,BTC-USD,1h,2025-05-24T16:00:00+00:00,2025-05-31T07:00:00+00:00,160,960,640,0,,,,0,0,0,,,,0,0,0.9167,11,12,1,2,1,0.8333,5,6,-1,1,0,0,,,,0,0
BTC-USD_1h_1748246400_1748818800_42.png,val,BTC-USD,1h,2025-05-26T08:00:00+00:00,2025-06-01T23:00:00+00:00,160,960,640,0,,,,0,0,0,,,,0,0,0.9167,11,12,1,3,1,0.8333,10,12,-1,2,0,0,,,,0,0
BTC-USD_1h_1748390400_1748962800_42.png,val,BTC-USD,1h,2025-05-28T00:00:00+00:00,2025-06-03T15:00:00+00:00,160,960,640,0,,,,0,0,0,,,,0,0,0.8333,10,12,-1,3,1,0.9167,11,12,1,2,1,0,,,,0,0
BTC-USD_1h_1748534400_1749106800_42.png,val,BTC-USD,1h,2025-05-29T16:00:00+00:00,2025-06-05T07:00:00+00:00,160,960,640,0,,,,0,0,0,,,,0,0,0.8333,10,12,-1,2,0,0.8333,5,6,-1,1,0,1,,,,1,1
BTC-USD_1h_1748678400_1749250800_42.png,val,BTC-USD,1h,2025-05-31T08:00:00+00:00,2025-06-06T23:00:00+00:00,160,960,640,0,,,,0,0,0,,,,0,0,0.8333,10,12,-1,3,0,0.8333,10,12,-1,2,0,0,,,,0,0
BTC-USD_1h_1748822400_1749394800_42.png,val,BTC-USD,1h,2025-06-02T00:00:00+00:00,2025-06-08T15:00:00+00:00,160,960,640,0,,,,0,0,0,,,,0,0,0.8333,5,6,-1,1,0,0.8333,5,6,-1,1,0,0,,,,0,0
BTC-USD_1h_1748966400_1749538800_42.png,val,BTC-USD,1h,2025-06-03T16:00:00+00:00,2025-06-10T07:00:00+00:00,160,960,640,0,,,,0,0,0,,,,0,0,0.8333,5,6,-1,1,0,1.0,6,6,1,1,1,0,,,,0,0
BTC-USD_1h_1749110400_1749682800_42.png,val,BTC-USD,1h,2025-06-05T08:00:00+00:00,2025-06-11T23:00:00+00:00,160,960,640,0,,,,0,0,0,,,,0,0,0.75,9,12,-1,2,0,0.9167,11,12,1,2,1,0,,,,0,0
BTC-USD_1h_1749254400_1749826800_42.png,val,BTC-USD,1h,2025-06-07T00:00:00+00:00,2025-06-13T15:00:00+00:00,160,960,640,0,,,,0,0,0,,,,0,0,0.75,9,12,-1,2,0,0.8333,10,12,-1,2,0,0,,,,0,0
BTC-USD_1h_1749398400_1749970800_42.png,val,BTC-USD,1h,2025-06-08T16:00:00+00:00,2025-06-15T07:00:00+00:00,160,960,640,0,,,,0,0,0,,,,0,0,0.8333,10,12,-1,3,0,0.8333,10,12,-1,2,0,0,,,,0,0
BTC-USD_1h_1749542400_1750114800_42.png,val,BTC-USD,1h,2025-06-10T08:00:00+00:00,2025-06-16T23:00:00+00:00,160,960,640,0,,,,0,0,0,,,,0,0,0.8333,10,12,-1,2,0,0.8333,5,6,-1,1,0,0,,,,0,0
BTC-USD_1h_1749686400_1750258800_42.png,val,BTC-USD,1h,2025-06-12T00:00:00+00:00,2025-06-18T15:00:00+00:00,160,960,640,0,,,,0,0,0,,,,0,0,0.8333,10,12,-1,3,0,0.8333,10,12,-1,2,0,0,,,,0,0
BTC-USD_1h_1749830400_1750402800_42.png,val,BTC-USD,1h,2025-06-13T16:00:00+00:00,2025-06-20T07:00:00+00:00,160,960,640,0,,,,0,0,0,,,,0,0,0.8333,10,12,-1,2,0,0.8333,10,12,-1,2,0,1,,,,1,1
BTC-USD_1h_1749974400_1750546800_42.png,val,BTC-USD,1h,2025-06-15T08:00:00+00:00,2025-06-21T23:00:00+00:00,160,960,640,0,,,,0,0,0,,,,0,0,0.9167,11,12,1,2,1,0.8333,5,6,-1,1,0,0,,,,0,0
BTC-USD_1h_1750118400_1750690800_42.png,val,BTC-USD,1h,2025-06-17T00:00:00+00:00,2025-06-23T15:00:00+00:00,160,960,640,0,,,,0,0,0,,,,0,0,0.9167,11,12,1,3,1,0.8333,10,12,-1,2,0,0,,,,0,0
BTC-USD_1h_1750262400_1750834800_42.png,val,BTC-USD,1h,2025-06-18T16:00:00+00:00,2025-06-25T07:00:00+00:00,160,960,640,0,,,,0,0,0,,,,0,0,0.0,0,0,0,0,0,0.0,0,0,0,0,0,0,,,,0,0
BTC-USD_1h_1750406400_1750978800_42.png,val,BTC-USD,1h,2025-06-20T08:00:00+00:00,2025-06-26T23:00:00+00:00,160,960,640,0,,,,0,0,0,,,,0,0,0.0,0,0,0,0,0,0.0,0,0,0,0,0,0,,,,0,0
BTC-USD_1h_1750550400_1751122800_42.png,val,BTC-USD,1h,2025-06-22T00:00:00+00:00,2025-06-28T15:00:00+00:00,160,960,640,0,,,,0,0,0,,,,0,0,0.8333,5,6,-1,1,0,0.0,0,0,0,0,0,0,,,,0,0
BTC-USD_1h_1750694400_1751266800_42.png,val,BTC-USD,1h,2025-06-23T16:00:00+00:00,2025-06-30T07:00:00+00:00,160,960,640,0,,,,0,0,0,,,,0,0,0.8333,5,6,-1,1,0,0.0,0,0,0,0,0,0,,,,0,0
BTC-USD_1h_1750838400_1751410800_42.png,val,BTC-USD,1h,2025-06-25T08:00:00+00:00,2025-07-01T23:00:00+00:00,160,960,640,0,,,,0,0,0,,,,0,0,0.8333,5,6,-1,1,0,0.8333,5,6,-1,1,0,0,,,,0,0
BTC-USD_1h_1750982400_1751554800_42.png,val,BTC-USD,1h,2025-06-27T00:00:00+00:00,2025-07-03T15:00:00+00:00,160,960,640,0,,,,0,0,0,,,,0,0,0.8333,5,6,-1,1,0,0.9167,11,12,1,2,1,0,,,,0,0
BTC-USD_1h_1751126400_1751698800_42.png,val,BTC-USD,1h,2025-06-28T16:00:00+00:00,2025-07-05T07:00:00+00:00,160,960,640,0,,,,0,0,0,,,,0,0,0.8333,10,12,-1,2,0,0.8333,10,12,-1,2,0,0,,,,0,0
BTC-USD_1h_1751270400_1751842800_42.png,val,BTC-USD,1h,2025-06-30T08:00:00+00:00,2025-07-06T23:00:00+00:00,160,960,640,0,,,,0,0,0,,,,0,0,0.8333,10,12,-1,3,0,0.8333,5,6,-1,1,0,0,,,,0,0
BTC-USD_1h_1751414400_1751986800_42.png,val,BTC-USD,1h,2025-07-02T00:00:00+00:00,2025-07-08T15:00:00+00:00,160,960,640,0,,,,0,0,0,,,,0,0,0.8333,10,12,-1,3,0,0.8333,10,12,-1,2,0,0,,,,0,0
BTC-USD_1h_1751558400_1752130800_42.png,val,BTC-USD,1h,2025-07-03T16:00:00+00:00,2025-07-10T07:00:00+00:00,160,960,640,0,,,,0,0,0,,,,0,0,0.8333,10,12,-1,2,0,0.8333,5,6,-1,1,0,0,,,,0,0
BTC-USD_1h_1751702400_1752274800_42.png,val,BTC-USD,1h,2025-07-05T08:00:00+00:00,2025-07-11T23:00:00+00:00,160,960,640,0,,,,0,0,0,,,,0,0,0.6667,4,6,-1,1,0,0.0,0,0,0,0,0,0,,,,0,0
BTC-USD_1h_1751846400_1752418800_42.png,val,BTC-USD,1h,2025-07-07T00:00:00+00:00,2025-07-13T15:00:00+00:00,160,960,640,0,,,,0,0,0,,,,0,0,0.75,9,12,-1,2,0,0.0,0,0,0,0,0,0,,,,0,0
BTC-USD_1h_1751990400_1752562800_42.png,val,BTC-USD,1h,2025-07-08T16:00:00+00:00,2025-07-15T07:00:00+00:00,160,960,640,0,,,,0,0,0,,,,0,0,0.0,0,0,0,0,0,0.0,0,0,0,0,0,0,,,,0,0
BTC-USD_1h_1752134400_1752706800_42.png,val,BTC-USD,1h,2025-07-10T08:00:00+00:00,2025-07-16T23:00:00+00:00,160,960,640,0,,,,0,0,0,,,,0,0,0.8333,5,6,-1,1,0,0.0,0,0,0,0,0,0,,,,0,0
BTC-USD_1h_1752278400_1752850800_42.png,val,BTC-USD,1h,2025-07-12T00:00:00+00:00,2025-07-18T15:00:00+00:00,160,960,640,0,,,,0,0,0,,,,0,0,0.8333,10,12,-1,2,0,0.8333,5,6,-1,1,0,0,,,,0,0
BTC-USD_1h_1752422400_1752994800_42.png,val,BTC-USD,1h,2025-07-13T16:00:00+00:00,2025-07-20T07:00:00+00:00,160,960,640,0,,,,0,0,0,,,,0,0,0.9167,11,12,1,2,1,0.8333,5,6,-1,1,0,0,,,,0,0
BTC-USD_1h_1752566400_1753138800_42.png,val,BTC-USD,1h,2025-07-15T08:00:00+00:00,2025-07-21T23:00:00+00:00,160,960,640,0,,,,0,0,0,,,,0,0,1.0,12,12,1,3,2,0.8333,10,12,-1,2,0,1,,,,1,1
BTC-USD_1h_1752710400_1753282800_42.png,val,BTC-USD,1h,2025-07-17T00:00:00+00:00,2025-07-23T15:00:00+00:00,160,960,640,0,,,,0,0,0,,,,0,0,0.9167,11,12,1,2,1,0.8333,5,6,-1,1,0,0,,,,0,0
BTC-USD_1h_1752854400_1753426800_42.png,val,BTC-USD,1h,2025-07-18T16:00:00+00:00,2025-07-25T07:00:00+00:00,160,960,640,0,,,,0,0,0,,,,0,0,0.8333,10,12,-1,2,0,0.8333,5,6,-1,1,0,1,,,,2,2
BTC-USD_1h_1752998400_1753570800_42.png,val,BTC-USD,1h,2025-07-20T08:00:00+00:00,2025-07-26T23:00:00+00:00,160,960,640,0,,,,0,0,0,,,,0,0,0.8333,10,12,-1,3,0,0.8333,10,12,-1,3,0,0,,,,0,0
BTC-USD_1h_1753142400_1753714800_42.png,val,BTC-USD,1h,2025-07-22T00:00:00+00:00,2025-07-28T15:00:00+00:00,160,960,640,0,,,,0,0,0,,,,0,0,0.8333,10,12,-1,2,0,0.8333,5,6,-1,1,0,0,,,,0,0
BTC-USD_1h_1753286400_1753858800_42.png,val,BTC-USD,1h,2025-07-23T16:00:00+00:00,2025-07-30T07:00:00+00:00,160,960,640,0,,,,0,0,0,,,,0,0,0.8333,10,12,-1,2,0,0.8333,10,12,-1,2,0,0,,,,0,0
BTC-USD_1h_1753430400_1754002800_42.png,val,BTC-USD,1h,2025-07-25T08:00:00+00:00,2025-07-31T23:00:00+00:00,160,960,640,0,,,,0,0,0,,,,0,0,0.9167,11,12,1,2,1,0.8333,5,6,-1,1,0,0,,,,0,0
BTC-USD_1h_1753574400_1754146800_42.png,val,BTC-USD,1h,2025-07-27T00:00:00+00:00,2025-08-02T15:00:00+00:00,160,960,640,0,,,,0,0,0,,,,0,0,0.9167,11,12,1,2,1,0.8333,5,6,-1,1,0,0,,,,0,0
BTC-USD_1h_1753718400_1754290800_42.png,val,BTC-USD,1h,2025-07-28T16:00:00+00:00,2025-08-04T07:00:00+00:00,160,960,640,0,,,,0,0,0,,,,0,0,0.9167,11,12,1,2,1,0.8333,5,6,-1,1,0,0,,,,0,0
BTC-USD_1h_1753862400_1754434800_42.png,val,BTC-USD,1h,2025-07-30T08:00:00+00:00,2025-08-05T23:00:00+00:00,160,960,640,0,,,,0,0,0,,,,0,0,0.8333,5,6,-1,1,0,0.8333,5,6,-1,1,0,0,,,,0,0
BTC-USD_1h_1754006400_1754578800_42.png,val,BTC-USD,1h,2025-08-01T00:00:00+00:00,2025-08-07T15:00:00+00:00,160,960,640,0,,,,0,0,0,,,,0,0,0.8333,10,12,-1,2,0,0.8333,5,6,-1,1,0,0,,,,0,0
BTC-USD_1h_1754150400_1754722800_42.png,val,BTC-USD,1h,2025-08-02T16:00:00+00:00,2025-08-09T07:00:00+00:00,160,960,640,0,,,,0,0,0,,,,0,0,0.8333,5,6,-1,1,0,1.0,6,6,1,1,1,0,,,,0,0
BTC-USD_1h_1754294400_1754866800_42.png,val,BTC-USD,1h,2025-08-04T08:00:00+00:00,2025-08-10T23:00:00+00:00,160,960,640,0,,,,0,0,0,,,,0,0,0.8333,10,12,-1,4,0,1.0,12,12,1,3,3,1,,,,1,1
BTC-USD_1h_1754438400_1755010800_42.png,val,BTC-USD,1h,2025-08-06T00:00:00+00:00,2025-08-12T15:00:00+00:00,160,960,640,0,,,,0,0,0,,,,0,0,0.75,9,12,-1,3,0,1.0,6,6,1,1,1,0,,,,0,0
BTC-USD_1h_1754582400_1755154800_42.png,val,BTC-USD,1h,2025-08-07T16:00:00+00:00,2025-08-14T07:00:00+00:00,160,960,640,0,,,,0,0,0,,,,0,0,0.8333,10,12,-1,2,0,0.8333,5,6,-1,1,0,0,,,,0,0
ETH-USD_1h_1742918400_1743490800_42.png,val,ETH-USD,1h,2025-03-25T16:00:00+00:00,2025-04-01T07:00:00+00:00,160,960,640,0,,,,0,0,0,,,,0,0,0.75,9,12,-1,3,0,0.75,9,12,-1,2,0,0,,,,0,0
ETH-USD_1h_1743062400_1743634800_42.png,val,ETH-USD,1h,2025-03-27T08:00:00+00:00,2025-04-02T23:00:00+00:00,160,960,640,0,,,,0,0,0,,,,0,0,1.0,6,6,1,1,1,0.8333,5,6,-1,1,0,0,,,,0,0
ETH-USD_1h_1743206400_1743778800_42.png,val,ETH-USD,1h,2025-03-29T00:00:00+00:00,2025-04-04T15:00:00+00:00,160,960,640,0,,,,0,0,0,,,,0,0,0.75,9,12,-1,2,0,0.8333,5,6,-1,1,0,0,,,,0,0
ETH-USD_1h_1743350400_1743922800_42.png,val,ETH-USD,1h,2025-03-30T16:00:00+00:00,2025-04-06T07:00:00+00:00,160,960,640,0,,,,0,0,0,,,,0,0,0.8333,10,12,-1,2,1,0.6667,4,6,-1,1,0,0,,,,0,0
ETH-USD_1h_1743494400_1744066800_42.png,val,ETH-USD,1h,2025-04-01T08:00:00+00:00,2025-04-07T23:00:00+00:00,160,960,640,0,,,,0,0,0,,,,0,0,0.8333,10,12,-1,2,1,0.6667,4,6,-1,1,0,0,,,,0,0
ETH-USD_1h_1743638400_1744210800_42.png,val,ETH-USD,1h,2025-04-03T00:00:00+00:00,2025-04-09T15:00:00+00:00,160,960,640,0,,,,0,0,0,,,,0,0,0.75,9,12,-1,2,0,0.6667,4,6,-1,1,0,0,,,,0,0
ETH-USD_1h_1743782400_1744354800_42.png,val,ETH-USD,1h,2025-04-04T16:00:00+00:00,2025-04-11T07:00:00+00:00,160,960,640,0,,,,0,0,0,,,,0,0,0.6667,8,12,-1,2,0,0.75,9,12,-1,2,1,0,,,,0,0
ETH-USD_1h_1743926400_1744498800_42.png,val,ETH-USD,1h,2025-04-06T08:00:00+00:00,2025-04-12T23:00:00+00:00,160,960,640,0,,,,0,0,0,,,,0,0,0.75,9,12,-1,2,0,0.75,9,12,-1,2,1,0,,,,0,0
ETH-USD_1h_1744070400_1744642800_42.png,val,ETH-USD,1h,2025-04-08T00:00:00+00:00,2025-04-14T15:00:00+00:00,160,960,640,0,,,,0,0,0,,,,0,0,0.75,9,12,-1,3,0,0.75,9,12,-1,2,0,0,,,,0,0
ETH-USD_1h_1744214400_1744786800_42.png,val,ETH-USD,1h,2025-04-09T16:00:00+00:00,2025-04-16T07:00:00+00:00,160,960,640,0,,,,0,0,0,,,,0,0,0.8333,10,12,-1,2,0,0.8333,5,6,-1,1,0,0,,,,0,0
ETH-USD_1h_1744358400_1744930800_42.png,val,ETH-USD,1h,2025-04-11T08:00:00+00:00,2025-04-17T23:00:00+00:00,160,960,640,0,,,,0,0,0,,,,0,0,0.8333,5,6,-1,1,0,0.0,0,0,0,0,0,0,,,,0,0
ETH-USD_1h_1744502400_1745074800_42.png,val,ETH-USD,1h,2025-04-13T00:00:00+00:00,2025-04-19T15:00:00+00:00,160,960,640,0,,,,0,0,0,,,,0,0,0.8333,5,6,-1,1,0,0.8333,5,6,-1,1,0,0,,,,0,0
ETH-USD_1h_1744646400_1745218800_42.png,val,ETH-USD,1h,2025-04-14T16:00:00+00:00,2025-04-21T07:00:00+00:00,160,960,640,0,,,,0,0,0,,,,0,0,0.8333,10,12,-1,2,0,1.0,6,6,1,1,1,0,,,,0,0
ETH-USD_1h_1744790400_1745362800_42.png,val,ETH-USD,1h,2025-04-16T08:00:00+00:00,2025-04-22T23:00:00+00:00,160,960,640,0,,,,0,0,0,,,,0,0,0.75,9,12,-1,2,0,0.8333,5,6,-1,1,0,0,,,,0,0
ETH-USD_1h_1744934400_1745506800_42.png,val,ETH-USD,1h,2025-04-18T00:00:00+00:00,2025-04-24T15:00:00+00:00,160,960,640,0,,,,0,0,0,,,,0,0,0.8333,5,6,-1,1,0,0.8333,5,6,-1,1,0,0,,,,0,0
ETH-USD_1h_1745078400_1745650800_42.png,val,ETH-USD,1h,2025-04-19T16:00:00+00:00,2025-04-26T07:00:00+00:00,160,960,640,0,,,,0,0,0,,,,0,0,0.8333,10,12,-1,2,0,0.8333,5,6,-1,1,0,0,,,,0,0
ETH-USD_1h_1745222400_1745794800_42.png,val,ETH-USD,1h,2025-04-21T08:00:00+00:00,2025-04-27T23:00:00+00:00,160,960,640,0,,,,0,0,0,,,,0,0,0.8333,5,6,-1,1,0,0.0,0,0,0,0,0,0,,,,0,0
ETH-USD_1h_1745366400_1745938800_42.png,val,ETH-USD,1h,2025-04-23T00:00:00+00:00,2025-04-29T15:00:00+00:00,160,960,640,0,,,,0,0,0,,,,0,0,0.8333,10,12,-1,2,0,0.8333,5,6,-1,1,0,0,,,,0,0
ETH-USD_1h_1745510400_1746082800_42.png,val,ETH-USD,1h,2025-04-24T16:00:00+00:00,2025-05-01T07:00:00+00:00,160,960,640,0,,,,0,0,0,,,,0,0,0.8333,10,12,-1,3,0,0.8333,5,6,-1,1,0,1,,,,1,1
ETH-USD_1h_1745654400_1746226800_42.png,val,ETH-USD,1h,2025-04-26T08:00:00+00:00,2025-05-02T23:00:00+00:00,160,960,640,0,,,,0,0,0,,,,0,0,0.8333,10,12,-1,2,0,0.8333,5,6,-1,1,0,0,,,,0,0
ETH-USD_1h_1745798400_1746370800_42.png,val,ETH-USD,1h,2025-04-28T00:00:00+00:00,2025-05-04T15:00:00+00:00,160,960,640,0,,,,0,0,0,,,,0,0,0.8333,10,12,-1,3,0,0.8333,10,12,-1,2,0,0,,,,0,0
ETH-USD_1h_1745942400_1746514800_42.png,val,ETH-USD,1h,2025-04-29T16:00:00+00:00,2025-05-06T07:00:00+00:00,160,960,640,0,,,,0,0,0,,,,0,0,0.8333,10,12,-1,3,0,0.8333,10,12,-1,2,0,0,,,,0,0
ETH-USD_1h_1746086400_1746658800_42.png,val,ETH-USD,1h,2025-05-01T08:00:00+00:00,2025-05-07T23:00:00+00:00,160,960,640,0,,,,0,0,0,,,,0,0,0.8333,10,12,-1,3,0,0.9167,11,12,1,2,1,0,,,,0,0
ETH-USD_1h_1746230400_1746802800_42.png,val,ETH-USD,1h,2025-05-03T00:00:00+00:00,2025-05-09T15:00:00+00:00,160,960,640,0,,,,0,0,0,,,,0,0,0.8333,5,6,-1,1,0,1.0,6,6,1,1,1,0,,,,0,0
ETH-USD_1h_1746374400_1746946800_42.png,val,ETH-USD,1h,2025-05-04T16:00:00+00:00,2025-05-11T07:00:00+00:00,160,960,640,0,,,,0,0,0,,,,0,0,0.8333,5,6,-1,1,0,1.0,6,6,1,1,1,0,,,,0,0
ETH-USD_1h_1746518400_1747090800_42.png,val,ETH-USD,1h,2025-05-06T08:00:00+00:00,2025-05-12T23:00:00+00:00,160,960,640,0,,,,0,0,0,,,,0,0,0.8333,5,6,-1,1,0,0.0,0,0,0,0,0,0,,,,0,0
ETH-USD_1h_1746662400_1747234800_42.png,val,ETH-USD,1h,2025-05-08T00:00:00+00:00,2025-05-14T15:00:00+00:00,160,960,640,0,,,,0,0,0,,,,0,0,0.6667,4,6,-1,1,0,0.8333,5,6,-1,1,0,0,,,,0,0
ETH-USD_1h_1746806400_1747378800_42.png,val,ETH-USD,1h,2025-05-09T16:00:00+00:00,2025-05-16T07:00:00+00:00,160,960,640,0,,,,0,0,0,,,,0,0,0.75,9,12,-1,2,0,0.8333,10,12,-1,2,0,0,,,,0,0
ETH-USD_1h_1746950400_1747522800_42.png,val,ETH-USD,1h,2025-05-11T08:00:00+00:00,2025-05-17T23:00:00+00:00,160,960,640,0,,,,0,0,0,,,,0,0,0.8333,10,12,-1,2,0,0.8333,5,6,-1,1,0,0,,,,0,0
ETH-USD_1h_1747094400_1747666800_42.png,val,ETH-USD,1h,2025-05-13T00:00:00+00:00,2025-05-19T15:00:00+00:00,160,960,640,0,,,,0,0,0,,,,0,0,0.75,9,12,-1,2,0,0.6667,4,6,-1,1,0,0,,,,0,0
ETH-USD_1h_1747238400_1747810800_42.png,val,ETH-USD,1h,2025-05-14T16:00:00+00:00,2025-05-21T07:00:00+00:00,160,960,640,0,,,,0,0,0,,,,0,0,0.8333,10,12,-1,4,1,0.75,9,12,-1,2,0,0,,,,0,0
ETH-USD_1h_1747382400_1747954800_42.png,val,ETH-USD,1h,2025-05-16T08:00:00+00:00,2025-05-22T23:00:00+00:00,160,960,640,0,,,,0,0,0,,,,0,0,0.8333,10,12,-1,4,0,0.75,9,12,-1,2,0,0,,,,0,0
ETH-USD_1h_1747526400_1748098800_42.png,val,ETH-USD,1h,2025-05-18T00:00:00+00:00,2025-05-24T15:00:00+00:00,160,960,640,0,,,,0,0,0,,,,0,0,0.75,9,12,-1,3,0,0.6667,4,6,-1,1,0,0,,,,0,0
ETH-USD_1h_1747670400_1748242800_42.png,val,ETH-USD,1h,2025-05-19T16:00:00+00:00,2025-05-26T07:00:00+00:00,160,960,640,0,,,,0,0,0,,,,0,0,0.6667,8,12,-1,2,0,0.8333,10,12,-1,2,0,0,,,,0,0
ETH-USD_1h_1747814400_1748386800_42.png,val,ETH-USD,1h,2025-05-21T08:00:00+00:00,2025-05-27T23:00:00+00:00,160,960,640,0,,,,0,0,0,,,,0,0,0.75,9,12,-1,2,0,0.8333,5,6,-1,1,0,0,,,,0,0
ETH-USD_1h_1747958400_1748530800_42.png,val,ETH-USD,1h,2025-05-23T00:00:00+00:00,2025-05-29T15:00:00+00:00,160,960,640,0,,,,0,0,0,,,,0,0,0.8333,10,12,-1,2,0,0.6667,4,6,-1,1,0,0,,,,0,0
ETH-USD_1h_1748102400_1748674800_42.png,val,ETH-USD,1h,2025-05-24T16:00:00+00:00,2025-05-31T07:00:00+00:00,160,960,640,0,,,,0,0,0,,,,0,0,0.75,9,12,-1,2,0,0.6667,4,6,-1,1,0,0,,,,0,0
ETH-USD_1h_1748246400_1748818800_42.png,val,ETH-USD,1h,2025-05-26T08:00:00+00:00,2025-06-01T23:00:00+00:00,160,960,640,0,,,,0,0,0,,,,0,0,0.75,9,12,-1,2,0,0.6667,4,6,-1,1,0,0,,,,0,0
ETH-USD_1h_1748390400_1748962800_42.png,val,ETH-USD,1h,2025-05-28T00:00:00+00:00,2025-06-03T15:00:00+00:00,160,960,640,0,,,,0,0,0,,,,0,0,0.75,9,12,-1,2,0,0.0,0,0,0,0,0,0,,,,0,0
ETH-USD_1h_1748534400_1749106800_42.png,val,ETH-USD,1h,2025-05-29T16:00:00+00:00,2025-06-05T07:00:00+00:00,160,960,640,0,,,,0,0,0,,,,0,0,0.8333,10,12,-1,2,0,0.0,0,0,0,0,0,0,,,,0,0
ETH-USD_1h_1748678400_1749250800_42.png,val,ETH-USD,1h,2025-05-31T08:00:00+00:00,2025-06-06T23:00:00+00:00,160,960,640,0,,,,0,0,0,,,,0,0,0.75,9,12,-1,3,0,0.8333,5,6,-1,1,0,0,,,,0,0
ETH-USD_1h_1748822400_1749394800_42.png,val,ETH-USD,1h,2025-06-02T00:00:00+00:00,2025-06-08T15:00:00+00:00,160,960,640,0,,,,0,0,0,,,,0,0,0.8333,5,6,-1,1,0,0.0,0,0,0,0,0,0,,,,0,0
ETH-USD_1h_1748966400_1749538800_42.png,val,ETH-USD,1h,2025-06-03T16:00:00+00:00,2025-06-10T07:00:00+00:00,160,960,640,0,,,,0,0,0,,,,0,0,0.75,9,12,-1,2,0,1.0,6,6,1,1,1,0,,,,0,0
ETH-USD_1h_1749110400_1749682800_42.png,val,ETH-USD,1h,2025-06-05T08:00:00+00:00,2025-06-11T23:00:00+00:00,160,960,640,0,,,,0,0,0,,,,0,0,0.8333,5,6,-1,1,0,1.0,6,6,1,1,1,0,,,,0,0
ETH-USD_1h_1749254400_1749826800_42.png,val,ETH-USD,1h,2025-06-07T00:00:00+00:00,2025-06-13T15:00:00+00:00,160,960,640,0,,,,0,0,0,,,,0,0,0.0,0,0,0,0,0,0.8333,5,6,-1,1,0,0,,,,0,0
ETH-USD_1h_1749398400_1749970800_42.png,val,ETH-USD,1h,2025-06-08T16:00:00+00:00,2025-06-15T07:00:00+00:00,160,960,640,0,,,,0,0,0,,,,0,0,0.0,0,0,0,0,0,0.8333,5,6,-1,1,0,0,,,,0,0
ETH-USD_1h_1749542400_1750114800_42.png,val,ETH-USD,1h,2025-06-10T08:00:00+00:00,2025-06-16T23:00:00+00:00,160,960,640,0,,,,0,0,0,,,,0,0,0.8333,5,6,-1,1,0,0.8333,5,6,-1,1,0,0,,,,0,0
ETH-USD_1h_1749686400_1750258800_42.png,val,ETH-USD,1h,2025-06-12T00:00:00+00:00,2025-06-18T15:00:00+00:00,160,960,640,0,,,,0,0,0,,,,0,0,0.6667,8,12,-1,3,0,0.8333,10,12,-1,2,0,0,,,,0,0
ETH-USD_1h_1749830400_1750402800_42.png,val,ETH-USD,1h,2025-06-13T16:00:00+00:00,2025-06-20T07:00:00+00:00,160,960,640,0,,,,0,0,0,,,,0,0,0.8333,10,12,-1,2,0,0.8333,10,12,-1,2,0,0,,,,0,0
ETH-USD_1h_1749974400_1750546800_42.png,val,ETH-USD,1h,2025-06-15T08:00:00+00:00,2025-06-21T23:00:00+00:00,160,960,640,0,,,,0,0,0,,,,0,0,0.8333,10,12,-1,3,2,0.8333,5,6,-1,1,0,0,,,,0,0
ETH-USD_1h_1750118400_1750690800_42.png,val,ETH-USD,1h,2025-06-17T00:00:00+00:00,2025-06-23T15:00:00+00:00,160,960,640,0,,,,0,0,0,,,,0,0,1.0,6,6,1,1,1,0.0,0,0,0,0,0,0,,,,0,0
ETH-USD_1h_1750262400_1750834800_42.png,val,ETH-USD,1h,2025-06-18T16:00:00+00:00,2025-06-25T07:00:00+00:00,160,960,640,0,,,,0,0,0,,,,0,0,0.0,0,0,0,0,0,0.0,0,0,0,0,0,0,,,,0,0
ETH-USD_1h_1750406400_1750978800_42.png,val,ETH-USD,1h,2025-06-20T08:00:00+00:00,2025-06-26T23:00:00+00:00,160,960,640,0,,,,0,0,0,,,,0,0,0.0,0,0,0,0,0,0.0,0,0,0,0,0,0,,,,0,0
ETH-USD_1h_1750550400_1751122800_42.png,val,ETH-USD,1h,2025-06-22T00:00:00+00:00,2025-06-28T15:00:00+00:00,160,960,640,0,,,,0,0,0,,,,0,0,0.0,0,0,0,0,0,0.0,0,0,0,0,0,0,,,,0,0
ETH-USD_1h_1750694400_1751266800_42.png,val,ETH-USD,1h,2025-06-23T16:00:00+00:00,2025-06-30T07:00:00+00:00,160,960,640,0,,,,0,0,0,,,,0,0,0.8333,10,12,-1,3,0,0.8333,5,6,-1,1,0,0,,,,0,0
ETH-USD_1h_1750838400_1751410800_42.png,val,ETH-USD,1h,2025-06-25T08:00:00+00:00,2025-07-01T23:00:00+00:00,160,960,640,0,,,,0,0,0,,,,0,0,0.8333,10,12,-1,3,0,0.8333,5,6,-1,1,0,0,,,,0,0
ETH-USD_1h_1750982400_1751554800_42.png,val,ETH-USD,1h,2025-06-27T00:00:00+00:00,2025-07-03T15:00:00+00:00,160,960,640,0,,,,0,0,0,,,,0,0,0.8333,10,12,-1,2,0,0.8333,10,12,-1,2,0,0,,,,0,0
ETH-USD_1h_1751126400_1751698800_42.png,val,ETH-USD,1h,2025-06-28T16:00:00+00:00,2025-07-05T07:00:00+00:00,160,960,640,0,,,,0,0,0,,,,0,0,0.8333,10,12,-1,3,0,0.8333,10,12,-1,2,0,0,,,,0,0
ETH-USD_1h_1751270400_1751842800_42.png,val,ETH-USD,1h,2025-06-30T08:00:00+00:00,2025-07-06T23:00:00+00:00,160,960,640,0,,,,0,0,0,,,,0,0,0.8333,10,12,-1,2,0,0.8333,5,6,-1,1,0,0,,,,0,0
ETH-USD_1h_1751414400_1751986800_42.png,val,ETH-USD,1h,2025-07-02T00:00:00+00:00,2025-07-08T15:00:00+00:00,160,960,640,0,,,,0,0,0,,,,0,0,0.8333,10,12,-1,2,0,0.8333,5,6,-1,1,0,0,,,,0,0
ETH-USD_1h_1751558400_1752130800_42.png,val,ETH-USD,1h,2025-07-03T16:00:00+00:00,2025-07-10T07:00:00+00:00,160,960,640,0,,,,0,0,0,,,,0,0,0.8333,5,6,-1,1,0,0.8333,5,6,-1,1,0,0,,,,0,0
ETH-USD_1h_1751702400_1752274800_42.png,val,ETH-USD,1h,2025-07-05T08:00:00+00:00,2025-07-11T23:00:00+00:00,160,960,640,0,,,,0,0,0,,,,0,0,0.0,0,0,0,0,0,0.0,0,0,0,0,0,0,,,,0,0
ETH-USD_1h_1751846400_1752418800_42.png,val,ETH-USD,1h,2025-07-07T00:00:00+00:00,2025-07-13T15:00:00+00:00,160,960,640,0,,,,0,0,0,,,,0,0,0.8333,5,6,-1,1,0,0.0,0,0,0,0,0,0,,,,0,0
ETH-USD_1h_1751990400_1752562800_42.png,val,ETH-USD,1h,2025-07-08T16:00:00+00:00,2025-07-15T07:00:00+00:00,160,960,640,0,,,,0,0,0,,,,0,0,0.8333,5,6,-1,1,0,0.0,0,0,0,0,0,0,,,,0,0
ETH-USD_1h_1752134400_1752706800_42.png,val,ETH-USD,1h,2025-07-10T08:00:00+00:00,2025-07-16T23:00:00+00:00,160,960,640,0,,,,0,0,0,,,,0,0,0.8333,5,6,-1,1,0,1.0,6,6,1,1,1,0,,,,0,0
ETH-USD_1h_1752278400_1752850800_42.png,val,ETH-USD,1h,2025-07-12T00:00:00+00:00,2025-07-18T15:00:00+00:00,160,960,640,0,,,,0,0,0,,,,0,0,0.0,0,0,0,0,0,0.0,0,0,0,0,0,0,,,,0,0
ETH-USD_1h_1752422400_1752994800_42.png,val,ETH-USD,1h,2025-07-13T16:00:00+00:00,2025-07-20T07:00:00+00:00,160,960,640,0,,,,0,0,0,,,,0,0,0.8333,5,6,-1,1,0,0.0,0,0,0,0,0,0,,,,0,0
ETH-USD_1h_1752566400_1753138800_42.png,val,ETH-USD,1h,2025-07-15T08:00:00+00:00,2025-07-21T23:00:00+00:00,160,960,640,0,,,,0,0,0,,,,0,0,0.6667,4,6,-1,1,0,0.0,0,0,0,0,0,0,,,,0,0
ETH-USD_1h_1752710400_1753282800_42.png,val,ETH-USD,1h,2025-07-17T00:00:00+00:00,2025-07-23T15:00:00+00:00,160,960,640,0,,,,0,0,0,,,,0,0,0.75,9,12,-1,2,0,0.8333,5,6,-1,1,0,0,,,,0,0
ETH-USD_1h_1752854400_1753426800_42.png,val,ETH-USD,1h,2025-07-18T16:00:00+00:00,2025-07-25T07:00:00+00:00,160,960,640,0,,,,0,0,0,,,,0,0,0.8333,5,6,-1,1,0,0.8333,5,6,-1,1,0,0,,,,0,0
ETH-USD_1h_1752998400_1753570800_42.png,val,ETH-USD,1h,2025-07-20T08:00:00+00:00,2025-07-26T23:00:00+00:00,160,960,640,0,,,,0,0,0,,,,0,0,0.8333,10,12,-1,2,0,0.8333,10,12,-1,2,0,1,,,,1,1
ETH-USD_1h_1753142400_1753714800_42.png,val,ETH-USD,1h,2025-07-22T00:00:00+00:00,2025-07-28T15:00:00+00:00,160,960,640,0,,,,0,0,0,,,,0,0,0.75,9,12,-1,3,0,0.8333,10,12,-1,2,0,0,,,,0,0
ETH-USD_1h_1753286400_1753858800_42.png,val,ETH-USD,1h,2025-07-23T16:00:00+00:00,2025-07-30T07:00:00+00:00,160,960,640,0,,,,0,0,0,,,,0,0,0.8333,10,12,-1,2,0,0.8333,5,6,-1,1,0,0,,,,0,0
ETH-USD_1h_1753430400_1754002800_42.png,val,ETH-USD,1h,2025-07-25T08:00:00+00:00,2025-07-31T23:00:00+00:00,160,960,640,0,,,,0,0,0,,,,0,0,0.75,9,12,-1,2,0,0.8333,10,12,-1,2,0,0,,,,0,0
ETH-USD_1h_1753574400_1754146800_42.png,val,ETH-USD,1h,2025-07-27T00:00:00+00:00,2025-08-02T15:00:00+00:00,160,960,640,0,,,,0,0,0,,,,0,0,0.8333,5,6,-1,1,0,0.8333,5,6,-1,1,0,0,,,,0,0
ETH-USD_1h_1753718400_1754290800_42.png,val,ETH-USD,1h,2025-07-28T16:00:00+00:00,2025-08-04T07:00:00+00:00,160,960,640,0,,,,0,0,0,,,,0,0,0.8333,5,6,-1,1,0,0.0,0,0,0,0,0,0,,,,0,0
ETH-USD_1h_1753862400_1754434800_42.png,val,ETH-USD,1h,2025-07-30T08:00:00+00:00,2025-08-05T23:00:00+00:00,160,960,640,0,,,,0,0,0,,,,0,0,0.0,0,0,0,0,0,0.0,0,0,0,0,0,0,,,,0,0
ETH-USD_1h_1754006400_1754578800_42.png,val,ETH-USD,1h,2025-08-01T00:00:00+00:00,2025-08-07T15:00:00+00:00,160,960,640,0,,,,0,0,0,,,,0,0,0.8333,10,12,-1,2,0,0.8333,5,6,-1,1,0,0,,,,0,0
ETH-USD_1h_1754150400_1754722800_42.png,val,ETH-USD,1h,2025-08-02T16:00:00+00:00,2025-08-09T07:00:00+00:00,160,960,640,0,,,,0,0,0,,,,0,0,0.0,0,0,0,0,0,0.0,0,0,0,0,0,0,,,,0,0
ETH-USD_1h_1754294400_1754866800_42.png,val,ETH-USD,1h,2025-08-04T08:00:00+00:00,2025-08-10T23:00:00+00:00,160,960,640,0,,,,0,0,0,,,,0,0,0.0,0,0,0,0,0,0.0,0,0,0,0,0,0,,,,0,0
ETH-USD_1h_1754438400_1755010800_42.png,val,ETH-USD,1h,2025-08-06T00:00:00+00:00,2025-08-12T15:00:00+00:00,160,960,640,0,,,,0,0,0,,,,0,0,0.8333,10,12,-1,2,0,0.8333,5,6,-1,1,0,0,,,,0,0
ETH-USD_1h_1754582400_1755154800_42.png,val,ETH-USD,1h,2025-08-07T16:00:00+00:00,2025-08-14T07:00:00+00:00,160,960,640,0,,,,0,0,0,,,,0,0,0.8333,5,6,-1,1,0,0.8333,5,6,-1,1,0,0,,,,0,0
GOOGL_1h_1741019400_1743687000_42.png,val,GOOGL,1h,2025-03-03T16:30:00+00:00,2025-04-03T13:30:00+00:00,160,960,640,0,,,,0,0,0,,,,0,0,0.8333,10,12,-1,2,0,0.8333,10,12,-1,2,0,0,,,,0,0
GOOGL_1h_1741699800_1744309800_42.png,val,GOOGL,1h,2025-03-11T13:30:00+00:00,2025-04-10T18:30:00+00:00,160,960,640,0,,,,0,0,0,,,,0,0,0.8333,10,12,-1,2,0,0.75,9,12,-1,2,0,0,,,,0,0
GOOGL_1h_1742322600_1745253000_42.png,val,GOOGL,1h,2025-03-18T18:30:00+00:00,2025-04-21T16:30:00+00:00,160,960,640,0,,,,0,0,0,,,,0,0,0.8333,5,6,-1,1,0,0.6667,4,6,-1,1,0,0,,,,0,0
GOOGL_1h_1743006600_1745937000_42.png,val,GOOGL,1h,2025-03-26T16:30:00+00:00,2025-04-29T14:30:00+00:00,160,960,640,0,,,,0,0,0,,,,0,0,0.8333,10,12,-1,3,0,0.75,9,12,-1,2,0,0,,,,0,0
GOOGL_1h_1743690600_1746559800_42.png,val,GOOGL,1h,2025-04-03T14:30:00+00:00,2025-05-06T19:30:00+00:00,160,960,640,0,,,,0,0,0,,,,0,0,0.8333,10,12,-1,4,0,0.8333,10,12,-1,2,0,0,,,,0,0
GOOGL_1h_1744313400_1747243800_42.png,val,GOOGL,1h,2025-04-10T19:30:00+00:00,2025-05-14T17:30:00+00:00,160,960,640,0,,,,0,0,0,,,,0,0,0.8333,10,12,-1,3,0,0.8333,10,12,-1,2,0,0,,,,0,0
GOOGL_1h_1745256600_1747927800_42.png,val,GOOGL,1h,2025-04-21T17:30:00+00:00,2025-05-22T15:30:00+00:00,160,960,640,0,,,,0,0,0,,,,0,0,0.8333,5,6,-1,1,0,0.8333,5,6,-1,1,0,0,,,,0,0
GOOGL_1h_1745940600_1748871000_42.png,val,GOOGL,1h,2025-04-29T15:30:00+00:00,2025-06-02T13:30:00+00:00,160,960,640,0,,,,0,0,0,,,,0,0,0.75,9,12,-1,2,0,0.8333,5,6,-1,1,0,0,,,,0,0
GOOGL_1h_1746624600_1749493800_42.png,val,GOOGL,1h,2025-05-07T13:30:00+00:00,2025-06-09T18:30:00+00:00,160,960,640,0,,,,0,0,0,,,,0,0,0.8333,5,6,-1,1,0,0.8333,5,6,-1,1,0,0,,,,0,0
GOOGL_1h_1747247400_1750177800_42.png,val,GOOGL,1h,2025-05-14T18:30:00+00:00,2025-06-17T16:30:00+00:00,160,960,640,0,,,,0,0,0,,,,0,0,0.8333,5,6,-1,1,0,0.8333,5,6,-1,1,0,0,,,,0,0
GOOGL_1h_1747931400_1750948200_42.png,val,GOOGL,1h,2025-05-22T16:30:00+00:00,2025-06-26T14:30:00+00:00,160,960,640,0,,,,0,0,0,,,,0,0,0.75,9,12,-1,2,0,0.8333,10,12,-1,2,0,0,,,,0,0
GOOGL_1h_1748874600_1751905800_42.png,val,GOOGL,1h,2025-06-02T14:30:00+00:00,2025-07-07T16:30:00+00:00,160,960,640,0,,,,0,0,0,,,,0,0,0.8333,5,6,-1,1,0,0.8333,5,6,-1,1,0,0,,,,0,0
GOOGL_1h_1749497400_1752589800_42.png,val,GOOGL,1h,2025-06-09T19:30:00+00:00,2025-07-15T14:30:00+00:00,160,960,640,0,,,,0,0,0,,,,0,0,0.8333,10,12,-1,2,0,0.8333,5,6,-1,1,0,0,,,,0,0
GOOGL_1h_1750181400_1753212600_42.png,val,GOOGL,1h,2025-06-17T17:30:00+00:00,2025-07-22T19:30:00+00:00,160,960,640,0,,,,0,0,0,,,,0,0,0.8333,5,6,-1,1,0,0.8333,5,6,-1,1,0,0,,,,0,0
GOOGL_1h_1750951800_1753896600_42.png,val,GOOGL,1h,2025-06-26T15:30:00+00:00,2025-07-30T17:30:00+00:00,160,960,640,0,,,,0,0,0,,,,0,0,0.8333,5,6,-1,1,0,0.8333,5,6,-1,1,0,0,,,,0,0
GOOGL_1h_1751909400_1754580600_42.png,val,GOOGL,1h,2025-07-07T17:30:00+00:00,2025-08-07T15:30:00+00:00,160,960,640,0,,,,0,0,0,,,,0,0,0.8333,10,12,-1,2,0,0.8333,5,6,-1,1,0,0,,,,0,0
NVDA_1h_1741019400_1743687000_42.png,val,NVDA,1h,2025-03-03T16:30:00+00:00,2025-04-03T13:30:00+00:00,160,960,640,0,,,,0,0,0,,,,0,0,0.8333,10,12,-1,2,0,0.8333,5,6,-1,1,0,0,,,,0,0
NVDA_1h_1741699800_1744309800_42.png,val,NVDA,1h,2025-03-11T13:30:00+00:00,2025-04-10T18:30:00+00:00,160,960,640,0,,,,0,0,0,,,,0,0,0.8333,10,12,-1,2,0,0.0,0,0,0,0,0,0,,,,0,0
NVDA_1h_1742322600_1745253000_42.png,val,NVDA,1h,2025-03-18T18:30:00+00:00,2025-04-21T16:30:00+00:00,160,960,640,0,,,,0,0,0,,,,0,0,0.8333,10,12,-1,2,0,0.8333,5,6,-1,1,0,0,,,,0,0
NVDA_1h_1743006600_1745937000_42.png,val,NVDA,1h,2025-03-26T16:30:00+00:00,2025-04-29T14:30:00+00:00,160,960,640,0,,,,0,0,0,,,,0,0,0.8333,10,12,-1,3,0,0.8333,10,12,-1,2,0,0,,,,0,0
NVDA_1h_1743690600_1746559800_42.png,val,NVDA,1h,2025-04-03T14:30:00+00:00,2025-05-06T19:30:00+00:00,160,960,640,0,,,,0,0,0,,,,0,0,0.8333,10,12,-1,3,0,0.8333,10,12,-1,2,0,0,,,,0,0
NVDA_1h_1744313400_1747243800_42.png,val,NVDA,1h,2025-04-10T19:30:00+00:00,2025-05-14T17:30:00+00:00,160,960,640,0,,,,0,0,0,,,,0,0,0.8333,5,6,-1,1,0,0.0,0,0,0,0,0,0,,,,0,0
NVDA_1h_1745256600_1747927800_42.png,val,NVDA,1h,2025-04-21T17:30:00+00:00,2025-05-22T15:30:00+00:00,160,960,640,0,,,,0,0,0,,,,0,0,0.0,0,0,0,0,0,0.0,0,0,0,0,0,0,,,,0,0
NVDA_1h_1745940600_1748871000_42.png,val,NVDA,1h,2025-04-29T15:30:00+00:00,2025-06-02T13:30:00+00:00,160,960,640,0,,,,0,0,0,,,,0,0,0.8333,5,6,-1,1,0,0.0,0,0,0,0,0,0,,,,0,0
NVDA_1h_1746624600_1749493800_42.png,val,NVDA,1h,2025-05-07T13:30:00+00:00,2025-06-09T18:30:00+00:00,160,960,640,0,,,,0,0,0,,,,0,0,0.75,9,12,-1,3,0,0.8333,5,6,-1,1,0,0,,,,0,0
NVDA_1h_1747247400_1750177800_42.png,val,NVDA,1h,2025-05-14T18:30:00+00:00,2025-06-17T16:30:00+00:00,160,960,640,0,,,,0,0,0,,,,0,0,0.8333,10,12,-1,2,0,0.8333,10,12,-1,2,0,1,,,,1,1
NVDA_1h_1747931400_1750948200_42.png,val,NVDA,1h,2025-05-22T16:30:00+00:00,2025-06-26T14:30:00+00:00,160,960,640,0,,,,0,0,0,,,,0,0,0.8333,10,12,-1,3,0,0.8333,10,12,-1,2,0,0,,,,0,0
NVDA_1h_1748874600_1751905800_42.png,val,NVDA,1h,2025-06-02T14:30:00+00:00,2025-07-07T16:30:00+00:00,160,960,640,0,,,,0,0,0,,,,0,0,0.8333,5,6,-1,1,0,0.8333,5,6,-1,1,0,0,,,,0,0
NVDA_1h_1749497400_1752589800_42.png,val,NVDA,1h,2025-06-09T19:30:00+00:00,2025-07-15T14:30:00+00:00,160,960,640,0,,,,0,0,0,,,,0,0,0.6667,4,6,-1,1,0,0.8333,5,6,-1,1,0,0,,,,0,0
NVDA_1h_1750181400_1753212600_42.png,val,NVDA,1h,2025-06-17T17:30:00+00:00,2025-07-22T19:30:00+00:00,160,960,640,0,,,,0,0,0,,,,0,0,0.75,9,12,-1,2,0,0.0,0,0,0,0,0,1,,,,1,1
NVDA_1h_1750951800_1753896600_42.png,val,NVDA,1h,2025-06-26T15:30:00+00:00,2025-07-30T17:30:00+00:00,160,960,640,0,,,,0,0,0,,,,0,0,0.75,9,12,-1,3,0,0.8333,5,6,-1,1,0,0,,,,0,0
NVDA_1h_1751909400_1754580600_42.png,val,NVDA,1h,2025-07-07T17:30:00+00:00,2025-08-07T15:30:00+00:00,160,960,640,0,,,,0,0,0,,,,0,0,0.8333,10,12,-1,3,0,0.75,9,12,-1,2,0,0,,,,0,0
QQQ_1h_1741019400_1743687000_42.png,val,QQQ,1h,2025-03-03T16:30:00+00:00,2025-04-03T13:30:00+00:00,160,960,640,0,,,,0,0,0,,,,0,0,0.75,9,12,-1,4,0,0.8333,10,12,-1,3,0,0,,,,0,0
QQQ_1h_1741699800_1744309800_42.png,val,QQQ,1h,2025-03-11T13:30:00+00:00,2025-04-10T18:30:00+00:00,160,960,640,0,,,,0,0,0,,,,0,0,0.75,9,12,-1,3,0,0.8333,5,6,-1,1,0,0,,,,0,0
QQQ_1h_1742322600_1745253000_42.png,val,QQQ,1h,2025-03-18T18:30:00+00:00,2025-04-21T16:30:00+00:00,160,960,640,0,,,,0,0,0,,,,0,0,0.75,9,12,-1,2,0,0.6667,4,6,-1,1,0,0,,,,0,0
QQQ_1h_1743006600_1745937000_42.png,val,QQQ,1h,2025-03-26T16:30:00+00:00,2025-04-29T14:30:00+00:00,160,960,640,0,,,,0,0,0,,,,0,0,0.8333,10,12,-1,3,0,0.75,9,12,-1,2,0,0,,,,0,0
QQQ_1h_1743690600_1746559800_42.png,val,QQQ,1h,2025-04-03T14:30:00+00:00,2025-05-06T19:30:00+00:00,160,960,640,0,,,,0,0,0,,,,0,0,0.75,9,12,-1,2,0,0.8333,5,6,-1,1,0,0,,,,0,0
QQQ_1h_1744313400_1747243800_42.png,val,QQQ,1h,2025-04-10T19:30:00+00:00,2025-05-14T17:30:00+00:00,160,960,640,0,,,,0,0,0,,,,0,0,0.6667,4,6,-1,1,0,0.0,0,0,0,0,0,0,,,,0,0
QQQ_1h_1745256600_1747927800_42.png,val,QQQ,1h,2025-04-21T17:30:00+00:00,2025-05-22T15:30:00+00:00,160,960,640,0,,,,0,0,0,,,,0,0,0.0,0,0,0,0,0,0.8333,5,6,-1,1,0,0,,,,0,0
QQQ_1h_1745940600_1748871000_42.png,val,QQQ,1h,2025-04-29T15:30:00+00:00,2025-06-02T13:30:00+00:00,160,960,640,0,,,,0,0,0,,,,0,0,0.8333,5,6,-1,1,0,0.75,9,12,-1,2,0,0,,,,0,0
QQQ_1h_1746624600_1749493800_42.png,val,QQQ,1h,2025-05-07T13:30:00+00:00,2025-06-09T18:30:00+00:00,160,960,640,0,,,,0,0,0,,,,0,0,0.75,9,12,-1,3,0,0.8333,10,12,-1,2,0,1,,,,1,1
QQQ_1h_1747247400_1750177800_42.png,val,QQQ,1h,2025-05-14T18:30:00+00:00,2025-06-17T16:30:00+00:00,160,960,640,0,,,,0,0,0,,,,0,0,0.8333,10,12,-1,3,0,0.8333,10,12,-1,3,0,1,,,,2,2
QQQ_1h_1747931400_1750948200_42.png,val,QQQ,1h,2025-05-22T16:30:00+00:00,2025-06-26T14:30:00+00:00,160,960,640,0,,,,0,0,0,,,,0,0,0.8333,10,12,-1,3,0,0.8333,10,12,-1,4,0,0,,,,0,0
QQQ_1h_1748874600_1751905800_42.png,val,QQQ,1h,2025-06-02T14:30:00+00:00,2025-07-07T16:30:00+00:00,160,960,640,0,,,,0,0,0,,,,0,0,0.8333,10,12,-1,2,0,0.8333,10,12,-1,2,0,0,,,,0,0
QQQ_1h_1749497400_1752589800_42.png,val,QQQ,1h,2025-06-09T19:30:00+00:00,2025-07-15T14:30:00+00:00,160,960,640,0,,,,0,0,0,,,,0,0,0.8333,5,6,-1,1,0,0.8333,10,12,-1,2,0,0,,,,0,0
QQQ_1h_1750181400_1753212600_42.png,val,QQQ,1h,2025-06-17T17:30:00+00:00,2025-07-22T19:30:00+00:00,160,960,640,0,,,,0,0,0,,,,0,0,0.8333,10,12,-1,2,0,0.8333,10,12,-1,2,0,0,,,,0,0
QQQ_1h_1750951800_1753896600_42.png,val,QQQ,1h,2025-06-26T15:30:00+00:00,2025-07-30T17:30:00+00:00,160,960,640,0,,,,0,0,0,,,,0,0,0.8333,10,12,-1,2,0,0.8333,10,12,-1,2,0,0,,,,0,0
QQQ_1h_1751909400_1754580600_42.png,val,QQQ,1h,2025-07-07T17:30:00+00:00,2025-08-07T15:30:00+00:00,160,960,640,0,,,,0,0,0,,,,0,0,0.8333,10,12,-1,4,0,0.8333,10,12,-1,2,0,0,,,,0,0
SPY_1h_1741019400_1743687000_42.png,val,SPY,1h,2025-03-03T16:30:00+00:00,2025-04-03T13:30:00+00:00,160,960,640,0,,,,0,0,0,,,,0,0,0.8333,10,12,-1,3,0,0.8333,10,12,-1,2,0,0,,,,0,0
SPY_1h_1741699800_1744309800_42.png,val,SPY,1h,2025-03-11T13:30:00+00:00,2025-04-10T18:30:00+00:00,160,960,640,0,,,,0,0,0,,,,0,0,0.75,9,12,-1,4,0,0.8333,5,6,-1,1,0,0,,,,0,0
SPY_1h_1742322600_1745253000_42.png,val,SPY,1h,2025-03-18T18:30:00+00:00,2025-04-21T16:30:00+00:00,160,960,640,0,,,,0,0,0,,,,0,0,0.75,9,12,-1,3,0,0.8333,5,6,-1,1,0,0,,,,0,0
SPY_1h_1743006600_1745937000_42.png,val,SPY,1h,2025-03-26T16:30:00+00:00,2025-04-29T14:30:00+00:00,160,960,640,0,,,,0,0,0,,,,0,0,0.75,9,12,-1,3,0,0.8333,5,6,-1,1,0,0,,,,0,0
SPY_1h_1743690600_1746559800_42.png,val,SPY,1h,2025-04-03T14:30:00+00:00,2025-05-06T19:30:00+00:00,160,960,640,0,,,,0,0,0,,,,0,0,0.75,9,12,-1,2,0,0.8333,5,6,-1,1,0,0,,,,0,0
SPY_1h_1744313400_1747243800_42.png,val,SPY,1h,2025-04-10T19:30:00+00:00,2025-05-14T17:30:00+00:00,160,960,640,0,,,,0,0,0,,,,0,0,0.75,9,12,-1,2,0,0.0,0,0,0,0,0,0,,,,0,0
SPY_1h_1745256600_1747927800_42.png,val,SPY,1h,2025-04-21T17:30:00+00:00,2025-05-22T15:30:00+00:00,160,960,640,0,,,,0,0,0,,,,0,0,0.8333,10,12,-1,2,0,0.8333,5,6,-1,1,0,0,,,,0,0
SPY_1h_1745940600_1748871000_42.png,val,SPY,1h,2025-04-29T15:30:00+00:00,2025-06-02T13:30:00+00:00,160,960,640,0,,,,0,0,0,,,,0,0,0.8333,10,12,-1,4,0,0.8333,10,12,-1,2,0,0,,,,0,0
SPY_1h_1746624600_1749493800_42.png,val,SPY,1h,2025-05-07T13:30:00+00:00,2025-06-09T18:30:00+00:00,160,960,640,0,,,,0,0,0,,,,0,0,0.8333,10,12,-1,2,0,0.8333,5,6,-1,1,0,0,,,,0,0
SPY_1h_1747247400_1750177800_42.png,val,SPY,1h,2025-05-14T18:30:00+00:00,2025-06-17T16:30:00+00:00,160,960,640,0,,,,0,0,0,,,,0,0,0.8333,10,12,-1,3,0,0.8333,10,12,-1,2,0,0,,,,0,0
SPY_1h_1747931400_1750948200_42.png,val,SPY,1h,2025-05-22T16:30:00+00:00,2025-06-26T14:30:00+00:00,160,960,640,0,,,,0,0,0,,,,0,0,0.8333,10,12,-1,2,0,0.8333,10,12,-1,4,0,1,,,,1,1
SPY_1h_1748874600_1751905800_42.png,val,SPY,1h,2025-06-02T14:30:00+00:00,2025-07-07T16:30:00+00:00,160,960,640,0,,,,0,0,0,,,,0,0,0.8333,5,6,-1,1,0,0.8333,5,6,-1,1,0,0,,,,0,0
SPY_1h_1749497400_1752589800_42.png,val,SPY,1h,2025-06-09T19:30:00+00:00,2025-07-15T14:30:00+00:00,160,960,640,0,,,,0,0,0,,,,0,0,0.8333,10,12,-1,3,0,0.8333,10,12,-1,2,0,0,,,,0,0
SPY_1h_1750181400_1753212600_42.png,val,SPY,1h,2025-06-17T17:30:00+00:00,2025-07-22T19:30:00+00:00,160,960,640,0,,,,0,0,0,,,,0,0,0.8333,10,12,-1,2,0,0.8333,5,6,-1,1,0,0,,,,0,0
SPY_1h_1750951800_1753896600_42.png,val,SPY,1h,2025-06-26T15:30:00+00:00,2025-07-30T17:30:00+00:00,160,960,640,0,,,,0,0,0,,,,0,0,0.8333,10,12,-1,2,0,0.0,0,0,0,0,0,0,,,,0,0
SPY_1h_1751909400_1754580600_42.png,val,SPY,1h,2025-07-07T17:30:00+00:00,2025-08-07T15:30:00+00:00,160,960,640,0,,,,0,0,0,,,,0,0,0.8333,10,12,-1,2,0,0.8333,5,6,-1,1,0,0,,,,0,0
TSLA_1h_1741019400_1743687000_42.png,val,TSLA,1h,2025-03-03T16:30:00+00:00,2025-04-03T13:30:00+00:00,160,960,640,0,,,,0,0,0,,,,0,0,0.8333,5,6,-1,1,0,0.8333,5,6,-1,1,0,0,,,,0,0
TSLA_1h_1741699800_1744309800_42.png,val,TSLA,1h,2025-03-11T13:30:00+00:00,2025-04-10T18:30:00+00:00,160,960,640,0,,,,0,0,0,,,,0,0,0.8333,5,6,-1,1,0,0.8333,5,6,-1,1,0,0,,,,0,0
TSLA_1h_1742322600_1745253000_42.png,val,TSLA,1h,2025-03-18T18:30:00+00:00,2025-04-21T16:30:00+00:00,160,960,640,0,,,,0,0,0,,,,0,0,0.8333,10,12,-1,3,0,0.6667,4,6,-1,1,0,0,,,,0,0
TSLA_1h_1743006600_1745937000_42.png,val,TSLA,1h,2025-03-26T16:30:00+00:00,2025-04-29T14:30:00+00:00,160,960,640,0,,,,0,0,0,,,,0,0,0.8333,10,12,-1,3,0,0.75,9,12,-1,2,0,0,,,,0,0
TSLA_1h_1743690600_1746559800_42.png,val,TSLA,1h,2025-04-03T14:30:00+00:00,2025-05-06T19:30:00+00:00,160,960,640,0,,,,0,0,0,,,,0,0,0.8333,10,12,-1,2,0,0.8333,5,6,-1,1,0,0,,,,0,0
TSLA_1h_1744313400_1747243800_42.png,val,TSLA,1h,2025-04-10T19:30:00+00:00,2025-05-14T17:30:00+00:00,160,960,640,0,,,,0,0,0,,,,0,0,0.8333,5,6,-1,1,0,0.8333,5,6,-1,1,0,0,,,,0,0
TSLA_1h_1745256600_1747927800_42.png,val,TSLA,1h,2025-04-21T17:30:00+00:00,2025-05-22T15:30:00+00:00,160,960,640,0,,,,0,0,0,,,,0,0,0.8333,5,6,-1,1,0,0.8333,5,6,-1,1,0,0,,,,0,0
TSLA_1h_1745940600_1748871000_42.png,val,TSLA,1h,2025-04-29T15:30:00+00:00,2025-06-02T13:30:00+00:00,160,960,640,0,,,,0,0,0,,,,0,0,0.8333,5,6,-1,1,0,0.8333,5,6,-1,1,0,0,,,,0,0
TSLA_1h_1746624600_1749493800_42.png,val,TSLA,1h,2025-05-07T13:30:00+00:00,2025-06-09T18:30:00+00:00,160,960,640,0,,,,0,0,0,,,,0,0,0.8333,10,12,-1,2,0,0.8333,5,6,-1,1,0,0,,,,0,0
TSLA_1h_1747247400_1750177800_42.png,val,TSLA,1h,2025-05-14T18:30:00+00:00,2025-06-17T16:30:00+00:00,160,960,640,0,,,,0,0,0,,,,0,0,0.75,9,12,-1,2,0,0.8333,10,12,-1,2,0,0,,,,0,0
TSLA_1h_1747931400_1750948200_42.png,val,TSLA,1h,2025-05-22T16:30:00+00:00,2025-06-26T14:30:00+00:00,160,960,640,0,,,,0,0,0,,,,0,0,0.75,9,12,-1,3,0,0.6667,4,6,-1,1,0,0,,,,0,0
TSLA_1h_1748874600_1751905800_42.png,val,TSLA,1h,2025-06-02T14:30:00+00:00,2025-07-07T16:30:00+00:00,160,960,640,0,,,,0,0,0,,,,0,0,0.75,9,12,-1,3,0,0.8333,5,6,-1,1,0,0,,,,0,0
TSLA_1h_1749497400_1752589800_42.png,val,TSLA,1h,2025-06-09T19:30:00+00:00,2025-07-15T14:30:00+00:00,160,960,640,0,,,,0,0,0,,,,0,0,0.75,9,12,-1,3,0,0.8333,5,6,-1,1,0,0,,,,0,0
TSLA_1h_1750181400_1753212600_42.png,val,TSLA,1h,2025-06-17T17:30:00+00:00,2025-07-22T19:30:00+00:00,160,960,640,0,,,,0,0,0,,,,0,0,0.0,0,0,0,0,0,0.8333,5,6,-1,1,0,0,,,,0,0
TSLA_1h_1750951800_1753896600_42.png,val,TSLA,1h,2025-06-26T15:30:00+00:00,2025-07-30T17:30:00+00:00,160,960,640,0,,,,0,0,0,,,,0,0,0.75,9,12,-1,3,0,0.8333,10,12,-1,2,0,0,,,,0,0
TSLA_1h_1751909400_1754580600_42.png,val,TSLA,1h,2025-07-07T17:30:00+00:00,2025-08-07T15:30:00+00:00,160,960,640,0,,,,0,0,0,,,,0,0,0.8333,10,12,-1,2,0,0.8333,10,12,-1,2,0,1,,,,1,1
