image,image_path,split,symbol,timeframe,start_ts,end_ts,bars,ret_mean,ret_std,abs_ret_mean,atr_mean,atr_std,roc_5,roc_10,roc_20,rel_close_ma10,rel_close_ma20,rel_close_ma50,body_pct_mean,body_pct_std,up_wick_pct_mean,dn_wick_pct_mean,bull_frac,bear_frac,n_piv_hi,n_piv_lo,piv_hi_spacing_mean,piv_lo_spacing_mean,piv_hi_val_std,piv_lo_val_std,dt_peak_similarity,dt_valley_depth,dt_span_bars,db_trough_similarity,db_peak_height,db_span_bars,hs_head_rel,hs_time_sym,seg_slope,tri_conv_rate,cv_has_lines,cv_num_lines,cv_theta_mean,cv_theta_std,cv_accumulator_max,cv_frac_horizontal,cv_frac_upward,cv_frac_downward,hs_neckline_slope_deg,hs_head_to_shoulder_ratio,hs_shoulder_similarity,hs_temporal_symmetry,hs_breakout_confirmed,hs_span_bars,tri_support_slope_deg,tri_resistance_slope_deg,tri_convergence_ratio,tri_breakout_confirmed,tri_span_bars,dt_breakout_confirmed,dt_score,db_breakout_confirmed,db_score,y_head_and_shoulders,y_ascending_triangle,y_double_top,y_double_bottom
AAPL_1h_1700058600_1703003400_42.png,C:\Users\afierro\CV_chart_pattern_detector\data\images\rendered\train\AAPL_1h_1700058600_1703003400_42.png,train,AAPL,1h,2023-11-15T14:30:00+00:00,2023-12-19T16:30:00+00:00,160,0.00027232628946732384,0.003960421401713291,0.0024489075694263352,0.8955470371635611,0.11354010877109208,0.0001528989794266078,0.004427559747414822,-0.008413595638975813,0.0015146238125298694,-0.003002092616370078,0.0024953495985673424,0.4552587706319856,0.2658713628844892,0.2560719944370923,0.28866923493092217,0.525,0.475,15.0,15.0,10.071428571428571,10.714285714285714,3.0134216135431893,2.85940554578128,0.0,0.0,0.0,0.977477786002427,0.032459990417483355,41.0,0.010887439567509476,1.0,0.0879419454654185,0.010726970832070547,1.0,493.0,17.180522979393935,64.01652566762611,709.0,0.2231237322515213,0.5415821501014199,0.23529411764705882,0.0,0.0,0.0,0.0,0.0,0.0,0.0,0.0,0.0,0.0,0.0,0.0,0.0,1.0,7.02082508525644,0,0,0,1
AAPL_1h_1700681400_1703773800_42.png,C:\Users\afierro\CV_chart_pattern_detector\data\images\rendered\train\AAPL_1h_1700681400_1703773800_42.png,train,AAPL,1h,2023-11-22T19:30:00+00:00,2023-12-28T14:30:00+00:00,160,9.695073800250318e-05,0.003927148282670844,0.0023987049737839014,0.8717211711878704,0.11444651262517815,0.006597202866320817,0.004327576406527367,0.0010260070938230559,0.007136795255531014,0.005720181071059649,-0.0022672874600677684,0.4623207091316486,0.2697636241540957,0.25447960384468643,0.28319968702366494,0.51875,0.48125,15.0,16.0,10.214285714285714,9.8,2.7800989570398182,2.733945627882674,0.0,0.0,0.0,0.977477786002427,0.032459990417483355,41.0,0.006169999071886891,1.0,-0.04030207416232091,0.004015295299864898,1.0,480.0,15.124995707223812,62.53673148915635,713.0,0.25625,0.5166666666666667,0.22708333333333333,0.0,0.0,0.0,0.0,0.0,0.0,0.0,0.0,0.0,0.0,0.0,0.0,0.0,1.0,7.208643189156325,0,0,0,1
AAPL_1h_1701700200_1704483000_42.png,C:\Users\afierro\CV_chart_pattern_detector\data\images\rendered\train\AAPL_1h_1701700200_1704483000_42.png,train,AAPL,1h,2023-12-04T14:30:00+00:00,2024-01-05T19:30:00+00:00,160,-0.00025777673089731043,0.004728788692543564,0.002668615686748962,1.0289569432791288,0.25088188198236383,-0.00992710059159696,-0.014405568726200801,-0.019997400446602254,-0.008326858827400807,-0.013198363208706043,-0.040212833896501765,0.44695615989628745,0.26652975545421803,0.2677736675268386,0.2852701725768739,0.525,0.475,17.0,14.0,9.125,10.23076923076923,5.302252688531076,4.182395477003145,0.9449454394495074,0.03268730639672016,47.0,0.9974786349685827,0.019675708897437753,28.0,0.007251492063686678,1.0,-0.20969568566430855,-0.007906936413000215,1.0,515.0,-7.413597226142883,69.51679194897191,710.0,0.21553398058252426,0.3300970873786408,0.45436893203883494,0.0,0.0,0.0,0.0,0.0,0.0,0.0,0.0,0.0,0.0,0.0,1.0,6.212278104795691,1.0,3.772533541980753,0,0,1,1
AAPL_1h_1702323000_1705426200_42.png,C:\Users\afierro\CV_chart_pattern_detector\data\images\rendered\train\AAPL_1h_1702323000_1705426200_42.png,train,AAPL,1h,2023-12-11T19:30:00+00:00,2024-01-16T17:30:00+00:00,160,-0.00032841847616575686,0.0046744488332544,0.0028220286349014013,0.9261739241941583,0.2079725686858904,-0.01713101113361426,-0.01689307001828344,-0.01662852893118183,-0.010206818780936655,-0.01162316884039738,-0.007055135458437278,0.44648849791660583,0.2675061348916375,0.2722591530431604,0.2812523490402338,0.53125,0.46875,18.0,14.0,8.176470588235293,9.615384615384615,5.839783211549864,5.853436858836572,0.9449454394495074,0.03268730639672016,47.0,0.0,0.0,0.0,0.009680272895227608,1.0,-0.08277351586851103,0.009830942401318757,1.0,636.0,-24.46384206864069,62.5004432300581,717.0,0.17767295597484276,0.20911949685534592,0.6132075471698113,0.0,0.0,0.0,0.0,0.0,0.0,0.0,0.0,0.0,0.0,0.0,1.0,6.882724692021658,0.0,0.0,0,0,1,0
AAPL_1h_1703007000_1706110200_42.png,C:\Users\afierro\CV_chart_pattern_detector\data\images\rendered\train\AAPL_1h_1703007000_1706110200_42.png,train,AAPL,1h,2023-12-19T17:30:00+00:00,2024-01-24T15:30:00+00:00,160,-1.2920714125233215e-05,0.005323656078860431,0.0030957111698572876,0.9829393389321345,0.25801209721545443,0.003420051908437749,0.007891880217833824,0.023384902689306264,0.002959575417387228,0.00776478989489493,0.035360996749783435,0.4541929581252764,0.2715503964139365,0.2622851474860113,0.28352189438871234,0.53125,0.4625,17.0,13.0,8.8125,9.833333333333334,4.988287527233746,4.6390720685285975,0.9449454394495074,0.03268730639672016,47.0,0.9992786923606832,0.0327627750398095,44.0,0.010743199561685979,1.0,0.14953951256631717,-0.002163713477154154,1.0,950.0,-12.985268437360462,63.27571999335907,727.0,0.14842105263157895,0.3094736842105263,0.5421052631578948,0.0,0.0,0.0,0.0,0.0,0.0,0.0,0.0,0.0,0.0,0.0,1.0,6.4951127803284185,1.0,6.167490539255522,0,0,1,1
AAPL_1h_1703777400_1706733000_42.png,C:\Users\afierro\CV_chart_pattern_detector\data\images\rendered\train\AAPL_1h_1703777400_1706733000_42.png,train,AAPL,1h,2023-12-28T15:30:00+00:00,2024-01-31T20:30:00+00:00,160,-0.0003068267892945742,0.005521022241319792,0.00329868454933732,1.0626509759156315,0.17121653383535074,-0.009296554148982006,-0.018552533140112515,-0.03319524752221725,-0.01011039127334501,-0.020983090590266706,-0.03949525528399778,0.4474204380680714,0.2698748967077922,0.25869039326146037,0.2938891686704682,0.49375,0.5,18.0,14.0,8.529411764705882,11.153846153846153,4.80301562132756,4.571800487945276,0.0,0.0,0.0,0.9992786923606832,0.0327627750398095,44.0,0.010743199561685979,1.0,0.0409983873255534,0.003334482152451923,1.0,757.0,13.192862419423843,61.811597538141974,749.0,0.18229854689564068,0.5402906208718626,0.2774108322324967,0.0,0.0,0.0,0.0,0.0,0.0,0.0,0.0,0.0,0.0,0.0,0.0,0.0,1.0,5.71685630854368,0,0,0,1
AAPL_1h_1704486600_1707417000_42.png,C:\Users\afierro\CV_chart_pattern_detector\data\images\rendered\train\AAPL_1h_1704486600_1707417000_42.png,train,AAPL,1h,2024-01-05T20:30:00+00:00,2024-02-08T18:30:00+00:00,160,0.00024738604699196137,0.005286329776918758,0.0033199338578235975,1.1373994203070263,0.18343973422326504,0.0011906633597198457,-0.005158818328083292,0.0018650082961078063,-0.003299766811496019,-0.003632432706221267,0.00342194820772046,0.45850810540548415,0.2722644011031965,0.24490750406458198,0.2965843905299339,0.54375,0.45,18.0,16.0,8.647058823529411,9.8,4.104507809168656,3.7028199848551653,0.9507461011111704,0.03467079278666755,40.0,0.9866127169437666,0.025479987965467042,35.0,0.010284458714804772,1.0,-0.0912937006925778,0.0018409962304518713,1.0,934.0,9.380081218621461,64.7016720453997,720.0,0.1873661670235546,0.48394004282655245,0.3286937901498929,0.0,0.0,0.0,0.0,0.0,0.0,0.0,0.0,0.0,0.0,0.0,1.0,5.987733127473872,1.0,4.193566341833864,0,0,1,1
AAPL_1h_1705429800_1708101000_42.png,C:\Users\afierro\CV_chart_pattern_detector\data\images\rendered\train\AAPL_1h_1705429800_1708101000_42.png,train,AAPL,1h,2024-01-16T18:30:00+00:00,2024-02-16T16:30:00+00:00,160,2.9460103315406915e-05,0.005082691467121925,0.0032239809424089495,1.087070621154053,0.19752749046599793,0.003070497107625192,0.00582850826296788,-0.007297987580338727,0.0024724001688654074,-0.000679302175009,-0.016731192089251445,0.449901415318816,0.27198795673695936,0.2460402715830023,0.3040583130981817,0.5,0.49375,15.0,16.0,9.428571428571429,10.066666666666666,4.090508153398657,3.881312428859797,0.9507461011111704,0.03467079278666755,40.0,0.0,0.0,0.0,0.010284458714804772,1.0,-0.05666832081096835,0.00474323043394932,1.0,1154.0,-11.184580685929161,61.64204426632316,729.0,0.14904679376083188,0.3275563258232236,0.5233968804159446,0.0,0.0,0.0,0.0,0.0,0.0,0.0,0.0,0.0,0.0,0.0,1.0,6.258216810528443,0.0,0.0,0,0,1,0
AAPL_1h_1706113800_1709044200_42.png,C:\Users\afierro\CV_chart_pattern_detector\data\images\rendered\train\AAPL_1h_1706113800_1709044200_42.png,train,AAPL,1h,2024-01-24T16:30:00+00:00,2024-02-27T14:30:00+00:00,160,-0.0004770819330366739,0.004380772011627578,0.0029726109794837936,1.0221748588069475,0.22810685291932872,0.0010221706659108154,-0.007749861669306579,-0.010324480579343875,-0.0018150114192012623,-0.007371500524487984,-0.005670490820399832,0.46160611708711147,0.27742518147853445,0.23684801989207122,0.30154586302081726,0.45625,0.54375,15.0,17.0,10.714285714285714,9.3125,4.082985086397815,4.244728383098502,0.9513188062047105,0.03438738893744325,31.0,0.0,0.0,0.0,0.008152081991556101,1.0,-0.08685333244799513,0.0009389650369459667,1.0,1940.0,-17.51804713785034,59.58388634968849,719.0,0.09484536082474226,0.29329896907216496,0.6118556701030928,0.0,0.0,0.0,0.0,0.0,0.0,0.0,0.0,0.0,0.0,0.0,1.0,6.55854492301876,0.0,0.0,0,0,1,0
AAPL_1h_1706797800_1709667000_42.png,C:\Users\afierro\CV_chart_pattern_detector\data\images\rendered\train\AAPL_1h_1706797800_1709667000_42.png,train,AAPL,1h,2024-02-01T14:30:00+00:00,2024-03-05T19:30:00+00:00,160,-0.0005544787218665652,0.005522275272040193,0.0033463084694695805,1.1691273838442473,0.35596315951639984,-0.003692660925846525,-0.022569811559810526,-0.04670840911732077,-0.01207965286047663,-0.027850967766083423,-0.04848770448909301,0.48396698795098436,0.2844209596197066,0.22515069424839887,0.2908823178006168,0.475,0.525,15.0,18.0,10.214285714285714,8.647058823529411,4.034589435992583,4.679663590917297,0.9675458574732306,0.03474741407067125,80.0,0.0,0.0,0.0,0.007374052659292798,1.0,-0.11640407116939504,-0.01805305557120981,1.0,1038.0,-20.455689377120923,64.78539941888691,712.0,0.1396917148362235,0.27842003853564545,0.581888246628131,0.0,0.0,0.0,0.0,0.0,0.0,0.0,0.0,0.0,0.0,0.0,1.0,5.847400562805077,0.0,0.0,0,0,1,0
AAPL_1h_1707420600_1710347400_42.png,C:\Users\afierro\CV_chart_pattern_detector\data\images\rendered\train\AAPL_1h_1707420600_1710347400_42.png,train,AAPL,1h,2024-02-08T19:30:00+00:00,2024-03-13T16:30:00+00:00,160,-0.0005762544676462062,0.005466665236076492,0.003342287043869781,1.0039805002214013,0.21219893452146693,-0.010304835755283626,-0.007209313628029235,0.00020422207325454522,-0.005355024864654778,-0.005511765469408347,-0.00011647605308395814,0.4699475418558722,0.2798970703468857,0.2353495844085795,0.29470287373554827,0.46875,0.53125,15.0,20.0,10.785714285714286,7.7368421052631575,5.273209619077321,5.574474400148116,0.9675458574732306,0.03474741407067125,80.0,0.0,0.0,0.0,0.009632491101851742,1.0,-0.15041834656419747,0.004401488271984596,1.0,945.0,-23.237042476954283,61.83149146667658,726.0,0.14179894179894179,0.23915343915343915,0.6190476190476191,0.0,0.0,0.0,0.0,0.0,0.0,0.0,0.0,0.0,0.0,0.0,1.0,6.7613996397375296,0.0,0.0,0,0,1,0
AAPL_1h_1708104600_1711031400_42.png,C:\Users\afierro\CV_chart_pattern_detector\data\images\rendered\train\AAPL_1h_1708104600_1711031400_42.png,train,AAPL,1h,2024-02-16T17:30:00+00:00,2024-03-21T14:30:00+00:00,160,-0.00032781674719431584,0.006312880706259848,0.0038236576085687356,1.051018866311204,0.20971215799462303,-0.023649861331937472,-0.018506914333703217,-0.014673735787673059,-0.019582159285596812,-0.016853131107577024,-0.006104942524063572,0.49226942862501344,0.27273944794524985,0.22529090154908876,0.2824396698258978,0.5,0.5,16.0,20.0,9.133333333333333,7.7894736842105265,4.321809577011143,4.463591673666414,0.9479047419367885,0.03422654478080327,47.0,0.974726033671441,0.025707801137042557,50.0,0.015197908743719436,1.0,0.0852279004947832,-0.01357105452397093,1.0,1457.0,-21.577905780539254,60.50073361501165,781.0,0.12216884008236102,0.24365133836650651,0.6341798215511325,0.0,0.0,0.0,0.0,0.0,0.0,0.0,0.0,0.0,0.0,0.0,1.0,6.043782364835557,1.0,4.411054655773726,0,0,1,1
AAPL_1h_1709047800_1711654200_42.png,C:\Users\afierro\CV_chart_pattern_detector\data\images\rendered\train\AAPL_1h_1709047800_1711654200_42.png,train,AAPL,1h,2024-02-27T15:30:00+00:00,2024-03-28T19:30:00+00:00,160,-0.00031258990113330784,0.0064572617495070326,0.003918522581196488,1.1029720188493364,0.17830720490448673,0.00204943150339032,-0.007120091042194243,0.005092283613489013,-0.002067883764170775,-0.0002161490965194579,-0.005783569648138198,0.4857059582747086,0.26711405230561514,0.2341842277005337,0.28010981402475765,0.53125,0.46875,18.0,20.0,8.647058823529411,7.631578947368421,3.6927528092004063,3.4270895704781266,0.9539585962274963,0.031225036724553457,28.0,0.974726033671441,0.025707801137042557,50.0,0.015197908743719436,1.0,-0.03320681629636906,0.008746328124427247,1.0,1694.0,-7.86895475583206,62.019007080707645,725.0,0.12750885478158205,0.3707201889020071,0.5017709563164109,0.0,0.0,0.0,0.0,0.0,0.0,0.0,0.0,0.0,0.0,0.0,1.0,5.191479729458734,1.0,4.211845461074056,0,0,1,1
AAPL_1h_1709670600_1712597400_42.png,C:\Users\afierro\CV_chart_pattern_detector\data\images\rendered\train\AAPL_1h_1709670600_1712597400_42.png,train,AAPL,1h,2024-03-05T20:30:00+00:00,2024-04-08T17:30:00+00:00,160,-3.704475641114656e-05,0.005326284052111462,0.003366097315194174,0.9905122713961573,0.20927340891422275,-0.00017715451525279757,-0.008108938626884665,-0.005127334349146917,-0.0028273556311887438,-0.005435990010922875,-0.007801540460226408,0.4554030863721902,0.26227759161892794,0.2628894318272921,0.28170748180051775,0.53125,0.46875,18.0,18.0,8.647058823529411,8.176470588235293,2.398892572232683,1.8377874678361046,0.0,0.0,0.0,0.974726033671441,0.025707801137042557,50.0,0.007655750275895973,1.0,-0.03748584985174228,0.0017330606285414732,1.0,795.0,-18.086797796555285,60.324042212116915,726.0,0.24528301886792453,0.26666666666666666,0.4880503144654088,0.0,0.0,0.0,0.0,0.0,0.0,0.0,0.0,0.0,0.0,0.0,0.0,0.0,1.0,4.669402488021048,0,0,0,1
AAPL_1h_1710351000_1713281400_42.png,C:\Users\afierro\CV_chart_pattern_detector\data\images\rendered\train\AAPL_1h_1710351000_1713281400_42.png,train,AAPL,1h,2024-03-13T17:30:00+00:00,2024-04-16T15:30:00+00:00,160,-6.562858942240219e-05,0.005338324510405262,0.0035329173488789045,1.0050153470590502,0.21074282625858623,-0.020326140857697017,-0.03125006543968134,-0.027356755023626667,-0.02000600594673818,-0.027801008875774746,-0.00981868815227882,0.4602125159319673,0.2552912220950058,0.2720802114487325,0.2677072726193003,0.51875,0.48125,18.0,15.0,8.588235294117647,9.714285714285714,2.834160691092017,2.4368765008286966,0.9871798479114283,0.014123212055323417,25.0,0.9933190622589083,0.024155822113764686,42.0,0.006362251444453156,1.0,0.05530117641186072,-0.021243820538126585,1.0,883.0,-29.29558868147644,55.792163565136015,783.0,0.232163080407701,0.159682899207248,0.608154020385051,0.0,0.0,0.0,0.0,0.0,0.0,0.0,0.0,0.0,0.0,0.0,1.0,2.491467115530228,1.0,4.182724483478507,0,0,1,1
AAPL_1h_1711035000_1713965400_42.png,C:\Users\afierro\CV_chart_pattern_detector\data\images\rendered\train\AAPL_1h_1711035000_1713965400_42.png,train,AAPL,1h,2024-03-21T15:30:00+00:00,2024-04-24T13:30:00+00:00,160,-0.00015998288661010486,0.0041956207904021575,0.002972494526984503,1.0328074324367218,0.2169735225708855,0.00963385765322844,0.00801026896522039,0.022101155495711344,0.008251064379841466,0.011977085572136836,-0.0012463691864857962,0.4413297498913078,0.26047930304855155,0.2862380925217204,0.2724321575869718,0.49375,0.50625,15.0,14.0,9.928571428571429,10.76923076923077,2.5106514467688883,2.3955292968581214,0.9871798479114283,0.014123212055323417,25.0,0.9933190622589083,0.024155822113764686,42.0,0.00697712488116956,1.0,-0.07397268074418355,0.007561389243417289,1.0,1137.0,-17.067727555071144,62.13682477141501,722.0,0.14599824098504838,0.28935795954265614,0.5646437994722955,0.0,0.0,0.0,0.0,0.0,0.0,0.0,0.0,0.0,0.0,0.0,1.0,2.426869871669463,1.0,4.074280234303491,0,0,1,1
AAPL_1h_1711978200_1714588200_42.png,C:\Users\afierro\CV_chart_pattern_detector\data\images\rendered\train\AAPL_1h_1711978200_1714588200_42.png,train,AAPL,1h,2024-04-01T13:30:00+00:00,2024-05-01T18:30:00+00:00,160,9.483122410420652e-05,0.004720016074304941,0.0030108842736912018,1.064793592919934,0.20217168962200463,0.007010556529058354,-0.005224656716365295,-0.013675895312270425,0.0035728948397584226,-0.0035669563935465387,0.0123981772201196,0.4254232707725005,0.2506959722668917,0.3013824068554913,0.27319432237200825,0.45625,0.54375,14.0,14.0,10.846153846153847,11.076923076923077,2.86420240656604,2.6183974183814427,0.9871798479114283,0.014123212055323417,25.0,0.9933190622589083,0.024155822113764686,42.0,0.01663758412972261,1.0,0.08175016869081336,-0.009327251649731291,1.0,743.0,-13.74159357974539,63.84291017399179,753.0,0.20457604306864063,0.2812920592193809,0.5141318977119784,0.0,0.0,0.0,0.0,0.0,0.0,0.0,0.0,0.0,0.0,0.0,1.0,2.356698134242875,1.0,3.9564776637335304,0,0,1,1
AAPL_1h_1712601000_1715272200_42.png,C:\Users\afierro\CV_chart_pattern_detector\data\images\rendered\train\AAPL_1h_1712601000_1715272200_42.png,train,AAPL,1h,2024-04-08T18:30:00+00:00,2024-05-09T16:30:00+00:00,160,0.0005809059315748723,0.007143322189959628,0.0036965460575575358,1.1684508093334243,0.34269140898043954,0.008974495678833572,0.011492998209476912,0.015976356186771623,0.0073840617929710195,0.009787756827108529,0.030472014033700923,0.44189127283084534,0.24903292688576237,0.2882922461022015,0.2698164810669531,0.48125,0.51875,13.0,13.0,11.583333333333334,11.166666666666666,5.662846879235443,5.752317187231997,0.0,0.0,0.0,0.969807024565922,0.0496713216834265,54.0,0.01663758412972261,1.0,0.22517034152389123,-0.005141698924032428,1.0,327.0,-7.318047727649001,64.53022330820505,710.0,0.3363914373088685,0.2874617737003058,0.3761467889908257,0.0,0.0,0.0,0.0,0.0,0.0,0.0,0.0,0.0,0.0,0.0,0.0,0.0,1.0,7.278385258827211,0,0,0,1
AAPL_1h_1713285000_1715956200_42.png,C:\Users\afierro\CV_chart_pattern_detector\data\images\rendered\train\AAPL_1h_1713285000_1715956200_42.png,train,AAPL,1h,2024-04-16T16:30:00+00:00,2024-05-17T14:30:00+00:00,160,0.000735439399674517,0.006878215581561787,0.0032716012590381384,1.0959759626803007,0.3102528379984532,-0.0012130553972409253,-0.00022662204244361384,0.016978542148795572,-0.0016896457970425605,0.0013027303002348667,0.017989749146921197,0.44119989804914805,0.25050815319718617,0.28176980773107435,0.2770302942197776,0.48125,0.51875,14.0,14.0,11.307692307692308,10.0,8.029017991204187,8.263185279647317,0.0,0.0,0.0,0.969807024565922,0.0496713216834265,54.0,0.004946191045428781,1.0,0.1789583044324873,0.03250865890435217,1.0,375.0,6.213329132080078,64.92307160159316,712.0,0.25866666666666666,0.45866666666666667,0.2826666666666667,0.0,0.0,0.0,0.0,0.0,0.0,0.0,0.0,0.0,0.0,0.0,0.0,0.0,1.0,7.746706142276984,0,0,0,1
AAPL_1h_1713969000_1716579000_42.png,C:\Users\afierro\CV_chart_pattern_detector\data\images\rendered\train\AAPL_1h_1713969000_1716579000_42.png,train,AAPL,1h,2024-04-24T14:30:00+00:00,2024-05-24T19:30:00+00:00,160,0.0008004835601297543,0.006899255653210743,0.003197320794092119,1.063143435046189,0.33242680718108236,-0.0019954736562932673,0.012226622341214632,-0.011137708943720015,0.0037456185723121482,0.0007308314154388373,-0.002621490749870725,0.4359678987406312,0.24967922379541987,0.2678152932447043,0.29621680801466443,0.475,0.525,16.0,15.0,10.133333333333333,10.357142857142858,7.9493972994397835,7.959658372148988,0.0,0.0,0.0,0.9943135564667245,0.03700070167761531,26.0,0.005510236373309486,1.0,0.08580549448463017,-0.0022079074859919475,1.0,304.0,4.990127703076915,63.48044148547623,706.0,0.3125,0.4144736842105263,0.2730263157894737,0.0,0.0,0.0,0.0,0.0,0.0,0.0,0.0,0.0,0.0,0.0,0.0,0.0,1.0,5.963413512873073,0,0,0,1
AAPL_1h_1714591800_1717522200_42.png,C:\Users\afierro\CV_chart_pattern_detector\data\images\rendered\train\AAPL_1h_1714591800_1717522200_42.png,train,AAPL,1h,2024-05-01T19:30:00+00:00,2024-06-04T17:30:00+00:00,160,0.0009165328740693689,0.006303498992297632,0.0030160100501045576,1.222480181393696,0.6124068258879852,0.006210389314207809,0.010065748226117721,0.02062317665680391,0.0062552974713894205,0.012264612856771162,0.019547510275823354,0.4478067637540223,0.25832815365609696,0.2506209786912292,0.3015722575547485,0.5,0.5,16.0,15.0,9.066666666666666,9.571428571428571,3.5632100571322196,3.8553133683005134,0.0,0.0,0.0,0.9949869084087076,0.017046468233770817,48.0,0.00794104313437783,1.0,0.03291579871126303,-0.003606023984751142,1.0,369.0,10.86449429207055,69.15214839551176,709.0,0.2601626016260163,0.46070460704607047,0.2791327913279133,0.0,0.0,0.0,0.0,0.0,0.0,0.0,0.0,0.0,0.0,0.0,0.0,0.0,1.0,2.8167552690377793,0,0,0,1
AAPL_1h_1715275800_1718206200_42.png,C:\Users\afierro\CV_chart_pattern_detector\data\images\rendered\train\AAPL_1h_1715275800_1718206200_42.png,train,AAPL,1h,2024-05-09T17:30:00+00:00,2024-06-12T15:30:00+00:00,160,0.0009990105118670904,0.005974049344386702,0.0031735905481410902,0.9634286643581472,0.30958706235206607,0.046760368326245194,0.0719263944551276,0.09945377787278442,0.03499323508118013,0.06829922954251799,0.08943836520939263,0.43487632768378803,0.26845345012346117,0.2530443157662562,0.3120793565499557,0.4875,0.5125,14.0,15.0,9.615384615384615,10.142857142857142,2.4807547959319676,3.1844102279391224,0.0,0.0,0.0,0.9708270398758462,0.03966733321521897,75.0,0.009120132554574206,1.0,0.18093201001932194,-0.04265384878058085,1.0,516.0,17.813948970316915,67.60364081884013,779.0,0.20930232558139536,0.5271317829457365,0.26356589147286824,0.0,0.0,0.0,0.0,0.0,0.0,0.0,0.0,0.0,0.0,0.0,0.0,0.0,1.0,8.070395357729852,0,0,0,1
AAPL_1h_1715959800_1718976600_42.png,C:\Users\afierro\CV_chart_pattern_detector\data\images\rendered\train\AAPL_1h_1715959800_1718976600_42.png,train,AAPL,1h,2024-05-17T15:30:00+00:00,2024-06-21T13:30:00+00:00,160,0.0006824448405356219,0.006564389730673944,0.0037252129794766286,1.286916449209142,0.593504324838421,0.0068778964588649405,-0.017842511662861882,-0.02641495606597488,-0.00047453981231315723,-0.01186954336378232,-0.00829649135188304,0.4329987053527202,0.27492016453732543,0.2513441459343858,0.31565714871289396,0.48125,0.51875,14.0,14.0,11.153846153846153,11.076923076923077,10.855152596939437,9.40519863830442,0.0,0.0,0.0,0.9708270398758462,0.03966733321521897,75.0,0.010625497828240084,1.0,0.31661773159422285,-0.010913068291430452,1.0,673.0,24.818718064592993,59.152432792379486,714.0,0.20208023774145617,0.6196136701337296,0.17830609212481427,0.0,0.0,0.0,0.0,0.0,0.0,0.0,0.0,0.0,0.0,0.0,0.0,0.0,1.0,6.11032220972485,0,0,0,1
AAPL_1h_1716903000_1719599400_42.png,C:\Users\afierro\CV_chart_pattern_detector\data\images\rendered\train\AAPL_1h_1716903000_1719599400_42.png,train,AAPL,1h,2024-05-28T13:30:00+00:00,2024-06-28T18:30:00+00:00,160,0.000689734281942324,0.006858749992002085,0.004105657602922631,1.658966013641841,0.4576112163744213,-0.005995165083812259,-0.004415922075788559,0.003272707023131316,-0.0036122873430705082,-0.0028121470876314447,0.006793329041572704,0.4509493438041797,0.26902630237605807,0.2486014572037485,0.30044919899207173,0.46875,0.53125,14.0,15.0,11.307692307692308,10.214285714285714,10.615945941879703,9.371442892450016,0.0,0.0,0.0,0.9840000640368852,0.032918000768442625,62.0,0.011468937537132693,1.0,-0.03202000281311146,0.015903954410419884,1.0,594.0,16.1750800520282,62.551687105743355,708.0,0.22053872053872053,0.5505050505050505,0.22895622895622897,0.0,0.0,0.0,0.0,0.0,0.0,0.0,0.0,0.0,0.0,0.0,0.0,0.0,1.0,4.007927389915784,0,0,0,1
AAPL_1h_1717525800_1720618200_42.png,C:\Users\afierro\CV_chart_pattern_detector\data\images\rendered\train\AAPL_1h_1717525800_1720618200_42.png,train,AAPL,1h,2024-06-04T18:30:00+00:00,2024-07-10T13:30:00+00:00,160,0.001110432577132281,0.0072039469741239145,0.004417545043811802,1.68345036900265,0.3889793980809963,0.013552088378244509,0.018847169460114443,0.026107827239777004,0.011883423615137279,0.017261809281496898,0.04549821125114151,0.46429330237875205,0.27135400211575306,0.24294055996074918,0.2927661376604987,0.49375,0.50625,12.0,14.0,13.272727272727273,10.0,8.551442286007003,8.10866889358089,0.0,0.0,0.0,0.0,0.0,0.0,0.011468937537132693,1.0,0.2769941540095268,0.007365418012118908,1.0,1012.0,13.113632159094093,63.2454910130044,717.0,0.15019762845849802,0.5474308300395256,0.30237154150197626,0.0,0.0,0.0,0.0,0.0,0.0,0.0,0.0,0.0,0.0,0.0,0.0,0.0,0.0,0.0,0,0,0,0
AAPL_1h_1718209800_1721241000_42.png,C:\Users\afierro\CV_chart_pattern_detector\data\images\rendered\train\AAPL_1h_1718209800_1721241000_42.png,train,AAPL,1h,2024-06-12T16:30:00+00:00,2024-07-17T18:30:00+00:00,160,0.00036485274506001096,0.00638303125150227,0.004275776806927507,1.771531163141789,0.3112796844890848,0.0022745354018329778,-0.018861456309632985,-0.024064475911283134,-0.00787972506683976,-0.015326179552341501,-0.007484206927772297,0.47902191116235243,0.2508296818470914,0.24216465112385474,0.2788134377137928,0.5,0.5,13.0,16.0,12.0,9.866666666666667,9.138593329435485,8.452272963461303,0.0,0.0,0.0,0.0,0.0,0.0,0.01565829651847552,1.0,0.21992586692956798,-0.004696757703041643,1.0,419.0,16.718372700464755,58.964631123414684,709.0,0.26252983293556087,0.5393794749403341,0.19809069212410502,0.0,0.0,0.0,0.0,0.0,0.0,0.0,0.0,0.0,0.0,0.0,0.0,0.0,0.0,0.0,0,0,0,0
AAPL_1h_1718980200_1721925000_42.png,C:\Users\afierro\CV_chart_pattern_detector\data\images\rendered\train\AAPL_1h_1718980200_1721925000_42.png,train,AAPL,1h,2024-06-21T14:30:00+00:00,2024-07-25T16:30:00+00:00,160,0.00027281939253355627,0.0065232269776380695,0.004343590971329115,1.6308363691303924,0.22853267657453116,0.0038888722891687877,0.003406859983036803,-0.0234110498411233,0.00497963571997273,-0.00917721648399028,-0.0234418999084961,0.4803679806943997,0.2484529525984941,0.24555667078238058,0.27407534852321974,0.5,0.5,14.0,17.0,10.461538461538462,9.4375,7.5580974007407065,7.921134787822891,0.9918814087664198,0.028906547985022225,28.0,0.0,0.0,0.0,0.01565829651847552,1.0,-0.17562467983726926,0.005634636927480894,1.0,523.0,17.90248149154747,59.49009087926337,716.0,0.21032504780114722,0.5850860420650096,0.2045889101338432,0.0,0.0,0.0,0.0,0.0,0.0,0.0,0.0,0.0,0.0,0.0,1.0,4.249996084703512,0.0,0.0,0,0,1,0
AAPL_1h_1719603000_1722609000_42.png,C:\Users\afierro\CV_chart_pattern_detector\data\images\rendered\train\AAPL_1h_1719603000_1722609000_42.png,train,AAPL,1h,2024-06-28T19:30:00+00:00,2024-08-02T14:30:00+00:00,160,0.0003756910977794192,0.006461237138199714,0.004197363425087723,1.902223894233702,0.3528596324699459,0.02314159833000362,0.0037839376418074,0.025684703480113535,0.012454068298425991,0.010718145524827749,0.01665354677881492,0.4601681066632297,0.2493403554890225,0.25907054946050423,0.28076134387626606,0.55,0.45,16.0,16.0,9.4,9.933333333333334,5.819834421296646,5.262540736536174,0.9918814087664198,0.028906547985022225,28.0,0.0,0.0,0.0,0.01202585262473291,1.0,-0.0843967407341008,-0.0012903041871093206,1.0,697.0,-26.241038528371234,58.66571857054898,777.0,0.19368723098995697,0.2065997130559541,0.599713055954089,0.0,0.0,0.0,0.0,0.0,0.0,0.0,0.0,0.0,0.0,0.0,1.0,3.6581815574205434,0.0,0.0,0,0,1,0
AAPL_1h_1720621800_1723231800_42.png,C:\Users\afierro\CV_chart_pattern_detector\data\images\rendered\train\AAPL_1h_1720621800_1723231800_42.png,train,AAPL,1h,2024-07-10T14:30:00+00:00,2024-08-09T19:30:00+00:00,160,-0.00037794761939749456,0.008364114305585573,0.005203914169212111,2.1359510613810913,0.7464706180649819,0.008250112291061207,0.01558835285388005,0.014730715592526478,0.007351305940073383,0.013742031388511933,0.009091252478751866,0.444882466640707,0.24700644830156046,0.25731467109108397,0.29780286226820907,0.525,0.475,17.0,18.0,9.4375,8.470588235294118,6.610411760497094,8.048608027869816,0.9941219959964941,0.04620688952890255,57.0,0.0,0.0,0.0,0.017164019033194276,1.0,-0.11663453718669249,-0.014153715324486813,1.0,881.0,-17.482411614747107,64.90347393382437,712.0,0.1543700340522134,0.2905788876276958,0.5550510783200908,0.0,0.0,0.0,0.0,0.0,0.0,0.0,0.0,0.0,0.0,0.0,1.0,5.102048651724178,0.0,0.0,0,0,1,0
AAPL_1h_1721244600_1724088600_42.png,C:\Users\afierro\CV_chart_pattern_detector\data\images\rendered\train\AAPL_1h_1721244600_1724088600_42.png,train,AAPL,1h,2024-07-17T19:30:00+00:00,2024-08-19T17:30:00+00:00,160,-8.637667346194955e-05,0.00787761317191611,0.004845850288402353,2.1197128982992686,0.7561673775740573,0.002141308528271546,-0.007510811061887446,0.013626948556081375,-0.002761331020768587,-0.0008706883203986049,0.01706004741771827,0.4353348220767096,0.25495810739209707,0.25100842815240054,0.31365674977088986,0.54375,0.45,18.0,17.0,8.411764705882353,8.625,4.168071572078156,6.0763203269387285,0.9941219959964941,0.04620688952890255,57.0,0.9888795794705444,0.033986651352259103,40.0,0.017164019033194276,1.0,0.2007902947491557,0.0494259123293338,1.0,666.0,-8.531536243072859,63.391958491066205,710.0,0.2132132132132132,0.3213213213213213,0.46546546546546547,0.0,0.0,0.0,0.0,0.0,0.0,23.117993527897912,1.0042893332361549,0.9790955142523818,0.0,70.0,1.0,5.139545319208719,1.0,3.6058283962518978,0,1,1,1
AAPL_1h_1721928600_1724772600_42.png,C:\Users\afierro\CV_chart_pattern_detector\data\images\rendered\train\AAPL_1h_1721928600_1724772600_42.png,train,AAPL,1h,2024-07-25T17:30:00+00:00,2024-08-27T15:30:00+00:00,160,0.00025377908484586453,0.007353850237525917,0.004420974914086926,1.9461009034951455,0.8513051099695754,0.006668296121056239,0.013291867231507437,0.013697901348889596,0.005891053924595546,0.007458090360974889,0.008176158933031585,0.4579892902486421,0.24436554818106934,0.219817758349168,0.32219295140219,0.5625,0.43125,17.0,18.0,8.875,8.647058823529411,4.62040907805246,6.703491852782283,0.9763412721010345,0.025620907043940145,24.0,0.9949647229270682,0.03085806837861858,26.0,0.012142640142450593,1.0,0.1021404565023362,0.005184351408925582,1.0,450.0,17.631106989913516,61.608491270458174,718.0,0.28444444444444444,0.49777777777777776,0.21777777777777776,0.0,0.0,0.0,0.0,0.0,0.0,23.11799352789796,1.004289333236136,0.9790955142523847,0.0,70.0,1.0,3.022630043853489,1.0,3.527050055503544,0,1,1,1
AAPL_1h_1722612600_1725543000_42.png,C:\Users\afierro\CV_chart_pattern_detector\data\images\rendered\train\AAPL_1h_1722612600_1725543000_42.png,train,AAPL,1h,2024-08-02T15:30:00+00:00,2024-09-05T13:30:00+00:00,160,4.178551744509654e-05,0.00763836926896361,0.004574556282691515,2.037348599717883,1.0037293652677457,0.022442315786788347,0.01173297660668804,-0.013024607449030001,0.01842859794603835,0.0067632851758374635,-0.005737045572864918,0.4692188403925018,0.261538609871268,0.21121932035115054,0.31956183925634757,0.53125,0.4625,16.0,16.0,8.2,9.8,5.66781430094623,7.3743855112621075,0.9934088052660289,0.020842855021023753,48.0,0.9766526350833057,0.0255516677449192,63.0,0.012142640142450593,1.0,-0.028989844449628537,-0.020986294917621454,1.0,538.0,19.704456781920005,64.45949205486902,718.0,0.24349442379182157,0.5353159851301115,0.2211895910780669,0.0,0.0,0.0,0.0,0.0,0.0,0.0,0.0,0.0,0.0,0.0,1.0,2.51827489640218,1.0,3.0170320279337215,0,0,1,1
AAPL_1h_1723469400_1726165800_42.png,C:\Users\afierro\CV_chart_pattern_detector\data\images\rendered\train\AAPL_1h_1723469400_1726165800_42.png,train,AAPL,1h,2024-08-12T13:30:00+00:00,2024-09-12T18:30:00+00:00,160,0.0001420934025614049,0.005318454768658864,0.003564465039575589,1.668462251030879,0.38990805724301364,0.0046868344908879145,0.007821993752034517,0.0143780311204873,0.0032130483950969513,0.008432644654848831,0.008625103510329746,0.46603955263248187,0.26575727799692106,0.2219868068677246,0.31197364049979354,0.5375,0.45625,18.0,17.0,8.411764705882353,9.4375,3.32740649144967,3.168028297243551,0.966603392858142,0.045532961488685984,34.0,0.9766526350833057,0.0255516677449192,63.0,0.015453349591199933,1.0,-0.12909509933335767,0.011722047975284424,1.0,1414.0,-6.105379857934348,65.80849299983497,742.0,0.13932107496463933,0.3826025459688826,0.4780763790664781,0.0,0.0,0.0,0.0,0.0,0.0,0.0,0.0,0.0,0.0,0.0,1.0,6.374906314830051,1.0,3.633428005156974,0,0,1,1
AAPL_1h_1724092200_1726849800_42.png,C:\Users\afierro\CV_chart_pattern_detector\data\images\rendered\train\AAPL_1h_1724092200_1726849800_42.png,train,AAPL,1h,2024-08-19T18:30:00+00:00,2024-09-20T16:30:00+00:00,160,0.0001812763953496335,0.006435085579870898,0.0038454804201076788,1.5361672605075354,0.39457248293524483,0.00843454511845465,0.009890999398236566,0.06527860832743437,0.00496634037095367,0.02418219319066428,0.03883337999798209,0.45309751034805323,0.27275236529449703,0.2193493005507956,0.32755318910115105,0.51875,0.48125,17.0,17.0,8.75,9.25,3.4143379877036026,3.9051027485967773,0.966603392858142,0.045532961488685984,34.0,0.9897036259244992,0.03698251767824939,37.0,0.021839757171992515,1.0,0.054443002406610985,-0.013338823602877522,1.0,1476.0,-18.35569659392362,61.652736538368615,768.0,0.13075880758807587,0.2777777777777778,0.5914634146341463,0.0,0.0,0.0,0.0,0.0,0.0,12.384731557902894,1.8455549046004687,0.852480738867313,0.0,45.0,1.0,6.913266765682776,1.0,5.325256690342277,0,1,1,1
AAPL_1h_1724776200_1727706600_42.png,C:\Users\afierro\CV_chart_pattern_detector\data\images\rendered\train\AAPL_1h_1724776200_1727706600_42.png,train,AAPL,1h,2024-08-27T16:30:00+00:00,2024-09-30T14:30:00+00:00,160,0.00011428960383529565,0.006514483677245559,0.003832292893523063,1.6487622263802357,0.2860440072789995,0.017573836850040214,0.018803263646031576,0.02902020442146025,0.013874629767063551,0.018639995719215374,0.017452038211207777,0.4214464157935282,0.28191153091065996,0.24337522324804245,0.33517836095842934,0.4875,0.50625,16.0,16.0,9.8,9.866666666666667,3.8183042863843895,4.098065104233411,0.966603392858142,0.045532961488685984,34.0,0.9897036259244992,0.03698251767824939,37.0,0.021839757171992515,1.0,0.13841221018459082,0.01118084435619887,1.0,1915.0,-2.489300233141249,61.46871168769359,723.0,0.11018276762402089,0.42245430809399476,0.46736292428198434,0.0,0.0,0.0,0.0,0.0,0.0,12.384731557903107,1.8455549046004858,0.852480738867324,0.0,45.0,1.0,6.449598814552531,1.0,4.970779892476336,0,1,1,1
AAPL_1h_1725546600_1728329400_42.png,C:\Users\afierro\CV_chart_pattern_detector\data\images\rendered\train\AAPL_1h_1725546600_1728329400_42.png,train,AAPL,1h,2024-09-05T14:30:00+00:00,2024-10-07T19:30:00+00:00,160,-1.4621862186801814e-06,0.006335255319243807,0.0035733262165776767,1.7463590596589753,0.3839734534453256,-0.011326109642151971,-0.014971767613024767,-0.014026532303352157,-0.012138896462005055,-0.012505393815038679,-0.021156142627661412,0.42675521638958536,0.28380860555684584,0.2501624540492738,0.3230823295611409,0.5,0.49375,17.0,16.0,9.3125,8.733333333333333,3.882101266901961,4.049702064039567,0.9946134542597534,0.03323170430384658,38.0,0.9897036259244992,0.03698251767824939,37.0,0.021526572613059722,1.0,-0.045215668032216584,-0.002457118338257157,1.0,1220.0,10.67540519960591,65.98233495212025,726.0,0.14754098360655737,0.5327868852459017,0.319672131147541,0.0,0.0,0.0,0.0,0.0,0.0,12.384731557902954,1.8238121255243516,0.829714582505104,0.0,38.0,1.0,4.412791856705571,1.0,4.700502618438653,0,1,1,1
AAPL_1h_1726169400_1729013400_42.png,C:\Users\afierro\CV_chart_pattern_detector\data\images\rendered\train\AAPL_1h_1726169400_1729013400_42.png,train,AAPL,1h,2024-09-12T19:30:00+00:00,2024-10-15T17:30:00+00:00,160,0.0003250869563937824,0.006355472821893707,0.0034432565288370913,1.4390067199783811,0.2704191017762074,-0.007972202630914915,0.01602829121533844,0.021438255635851666,0.0050551451819516036,0.014077498446935621,0.02550677308330007,0.4219820846019813,0.27311997985833164,0.26095117089374115,0.3170667445042776,0.525,0.46875,16.0,15.0,10.066666666666666,9.785714285714286,3.0749844002779594,4.068129006631315,0.0,0.0,0.0,0.9853335507703193,0.032412444427136027,80.0,0.021526572613059722,1.0,0.06473973931922071,0.008717931810474536,1.0,428.0,-2.3224344072497893,66.3431243531564,759.0,0.29205607476635514,0.3621495327102804,0.34579439252336447,0.0,0.0,0.0,0.0,0.0,0.0,0.0,0.0,0.0,0.0,0.0,0.0,0.0,1.0,5.374278292629112,0,0,0,1
AAPL_1h_1726853400_1729697400_42.png,C:\Users\afierro\CV_chart_pattern_detector\data\images\rendered\train\AAPL_1h_1726853400_1729697400_42.png,train,AAPL,1h,2024-09-20T17:30:00+00:00,2024-10-23T15:30:00+00:00,160,1.1489355421596862e-05,0.005253655259133427,0.0031125276679090765,1.383349265214666,0.21238402821179922,-0.025498492085919255,-0.01804113186539491,-0.02479512744940393,-0.019304234138198373,-0.022721078364849157,-0.016508022556573465,0.4282500982498393,0.263839903408552,0.2758651371178582,0.29588476463230257,0.5375,0.45625,16.0,15.0,9.6,10.0,3.5702492030064876,3.6870859545441332,0.9842111221010034,0.02714397781955917,34.0,0.9853335507703193,0.032412444427136027,80.0,0.010517002106957406,1.0,0.12633442903314018,-0.0027562446576049836,1.0,1723.0,12.910616233918947,64.21429427244823,780.0,0.10911201392919327,0.5647127103888566,0.3261752756819501,0.0,0.0,0.0,0.0,0.0,0.0,12.355336029766502,1.1457617457817182,0.8338857887420432,0.0,32.0,1.0,4.659735317865173,1.0,5.578801762230328,0,1,1,1
AAPL_1h_1727710200_1730381400_42.png,C:\Users\afierro\CV_chart_pattern_detector\data\images\rendered\train\AAPL_1h_1727710200_1730381400_42.png,train,AAPL,1h,2024-09-30T15:30:00+00:00,2024-10-31T13:30:00+00:00,160,-8.744496628350197e-05,0.00506869689662957,0.003010942325924918,1.2669785622079168,0.15488848538929495,-0.00780093897037204,-0.024572970533792482,-0.02503134494205983,-0.012245450543696856,-0.01747803812650295,-0.016454348649849182,0.4250370096779532,0.2611158515899812,0.27658326814894363,0.29837972217310327,0.5625,0.4375,16.0,16.0,9.733333333333333,9.133333333333333,3.5905635202835597,3.786458746039825,0.0,0.0,0.0,0.9808601922627094,0.01973935818287427,49.0,0.006627036784347305,1.0,-0.018339613151281235,-0.0005739072276570356,1.0,1210.0,28.17272302124126,57.94271148591643,709.0,0.14214876033057852,0.671900826446281,0.1859504132231405,0.0,0.0,0.0,0.0,0.0,0.0,10.75799662148961,3.0583157802304273,0.9083160103029159,0.0,35.0,0.0,0.0,1.0,3.686534253500534,0,1,0,1
AAPL_1h_1728394200_1731007800_42.png,C:\Users\afierro\CV_chart_pattern_detector\data\images\rendered\train\AAPL_1h_1728394200_1731007800_42.png,train,AAPL,1h,2024-10-08T13:30:00+00:00,2024-11-07T19:30:00+00:00,160,8.205693529611779e-05,0.004229405093128756,0.002819319896627932,1.4148660344677202,0.26507428555876505,0.00541307590712603,0.014908491587297235,0.018855940179732134,0.008845584620077673,0.013027232570622882,0.008510310226558016,0.42444191916173624,0.24319251488226382,0.27375664096519137,0.3018014398730723,0.55,0.44375,13.0,16.0,11.333333333333334,10.0,3.8471943684438954,4.264610892611938,0.9892607818528548,0.029564749021312432,44.0,0.0,0.0,0.0,0.00681006649121584,1.0,-0.13423159707056337,-0.006662804541775245,1.0,863.0,1.3047460832159323,64.54108351311491,737.0,0.21320973348783315,0.3962920046349942,0.3904982618771727,0.0,0.0,0.0,0.0,0.0,0.0,10.757996621489605,3.0583157802306142,0.9083160103029281,0.0,35.0,1.0,5.082735741055485,0.0,0.0,0,1,1,0
AAPL_1h_1729017000_1731691800_42.png,C:\Users\afierro\CV_chart_pattern_detector\data\images\rendered\train\AAPL_1h_1729017000_1731691800_42.png,train,AAPL,1h,2024-10-15T18:30:00+00:00,2024-11-15T17:30:00+00:00,160,-0.00022412080520221335,0.004346498702566214,0.002926567829439893,1.2810921380508304,0.14976371906546757,-0.015140899224723281,-0.0074419113692266725,0.000601044092464198,-0.007844051611933578,-0.004689374266191315,-0.003185081902860154,0.4390904381145592,0.25654431479642537,0.2716035248177107,0.28930603706773006,0.51875,0.475,14.0,18.0,11.076923076923077,8.941176470588236,4.1555268312056475,4.475983642477392,0.9892607818528548,0.029564749021312432,44.0,0.0,0.0,0.0,0.010439144606486999,1.0,0.02695326556971742,0.0009030506986641384,1.0,1089.0,-17.13131852134638,63.90076609939913,749.0,0.15794306703397612,0.2727272727272727,0.5693296602387512,0.0,0.0,0.0,0.0,0.0,0.0,10.757996621489523,3.0583157802305294,0.9083160103029272,0.0,35.0,1.0,5.596776473608593,0.0,0.0,0,1,1,0
AAPL_1h_1729701000_1732548600_42.png,C:\Users\afierro\CV_chart_pattern_detector\data\images\rendered\train\AAPL_1h_1729701000_1732548600_42.png,train,AAPL,1h,2024-10-23T16:30:00+00:00,2024-11-25T15:30:00+00:00,160,5.473233072016477e-05,0.004390327796172094,0.0030172238324996086,1.3131066119003623,0.13362836733865757,0.009893672630345574,0.014003817268200658,0.021589181049318062,0.007557477120192946,0.011216283229395163,0.015817686650013707,0.4556984150644173,0.2720253030895575,0.27816503137173626,0.2661365535638464,0.5125,0.48125,15.0,19.0,10.785714285714286,8.333333333333334,3.1088419838275345,3.2910235336448195,0.0,0.0,0.0,0.0,0.0,0.0,0.010439144606486999,1.0,0.06947552483796074,0.0014145249269559364,1.0,1393.0,12.12275195096092,62.74497523586647,728.0,0.1464465183058148,0.5197415649676956,0.3338119167264896,0.0,0.0,0.0,0.0,0.0,0.0,0.0,0.0,0.0,0.0,0.0,0.0,0.0,0.0,0.0,0,0,0,0
AAPL_1h_1730385000_1733333400_42.png,C:\Users\afierro\CV_chart_pattern_detector\data\images\rendered\train\AAPL_1h_1730385000_1733333400_42.png,train,AAPL,1h,2024-10-31T14:30:00+00:00,2024-12-04T17:30:00+00:00,160,0.0004104051828779809,0.004446632988555037,0.0029725947594477684,1.3676898049640296,0.20493122936440478,-0.0015303440035218108,0.003848239637279205,0.024783010848328013,0.0004481411330383711,0.006719982986156836,0.027407246276045072,0.46480642270655165,0.2726610020887812,0.28451197270656614,0.2506816045868822,0.53125,0.4625,16.0,18.0,8.933333333333334,8.117647058823529,5.3114119755604285,4.507565489508305,0.0,0.0,0.0,0.9764872758748969,0.0197196210152947,49.0,0.009113842134592454,1.0,0.21457416911780242,0.0036033855504763357,1.0,520.0,26.024995620319476,60.59904020568465,713.0,0.2,0.6153846153846154,0.18461538461538463,0.0,0.0,0.0,0.0,0.0,0.0,0.0,0.0,0.0,0.0,0.0,0.0,0.0,1.0,3.428187542207174,0,0,0,1
AAPL_1h_1731011400_1734017400_42.png,C:\Users\afierro\CV_chart_pattern_detector\data\images\rendered\train\AAPL_1h_1731011400_1734017400_42.png,train,AAPL,1h,2024-11-07T20:30:00+00:00,2024-12-12T15:30:00+00:00,160,0.0005583107210127369,0.004204681531713874,0.002763178965498551,1.213863712595585,0.11798582563105918,0.0007692696295891199,0.0027077884663877505,0.006340880202150734,-2.513478659815771e-05,0.003240317879747767,0.014526246171129076,0.46310986846572905,0.282078803859853,0.2798892885183272,0.25700084301594384,0.55625,0.44375,18.0,18.0,8.647058823529411,7.9411764705882355,7.72133755896021,8.433442633253236,0.0,0.0,0.0,0.9764872758748969,0.0197196210152947,49.0,0.009113842134592454,1.0,0.21964311738334072,0.0006994720595788479,1.0,514.0,26.536960891016726,56.36498344560632,710.0,0.21595330739299612,0.6284046692607004,0.1556420233463035,0.0,0.0,0.0,0.0,0.0,0.0,0.0,0.0,0.0,0.0,0.0,0.0,0.0,1.0,3.8400424115095064,0,0,0,1
AAPL_1h_1731695400_1734640200_42.png,C:\Users\afierro\CV_chart_pattern_detector\data\images\rendered\train\AAPL_1h_1731695400_1734640200_42.png,train,AAPL,1h,2024-11-15T18:30:00+00:00,2024-12-19T20:30:00+00:00,160,0.0006828453510597945,0.003732281116250264,0.002539726646311817,1.1695401770933012,0.17450524362124234,-0.0029132242086550297,-0.010299032981409106,-0.010690940073712296,-0.0018955132603027947,-0.007634874612674314,-0.0003720941022626878,0.4497902113947145,0.26813723754573154,0.2860841780744468,0.26412561053083883,0.56875,0.43125,19.0,16.0,8.333333333333334,9.533333333333333,8.493584584022106,8.630745404868977,0.0,0.0,0.0,0.9673278446599048,0.0217068735483895,42.0,0.0035435290820196685,1.0,0.12514604549703157,-0.009309611570258156,1.0,541.0,20.650642711992845,60.516981405163875,709.0,0.2088724584103512,0.5914972273567468,0.19963031423290203,0.0,0.0,0.0,0.0,0.0,0.0,0.0,0.0,0.0,0.0,0.0,0.0,0.0,1.0,4.714354840859618,0,0,0,1
AAPL_1h_1732552200_1735659000_42.png,C:\Users\afierro\CV_chart_pattern_detector\data\images\rendered\train\AAPL_1h_1732552200_1735659000_42.png,train,AAPL,1h,2024-11-25T16:30:00+00:00,2024-12-31T15:30:00+00:00,160,0.000555781609957343,0.0038070413314704576,0.002507065857145782,1.3071135481424423,0.21667752589607528,-0.006944072430509762,-0.017753826541724194,-0.029514520613070805,-0.005249062065351029,-0.012893559228894791,-0.010442618905163625,0.4470933646277378,0.2617724138396402,0.2901044062488455,0.2628022291234168,0.58125,0.41875,18.0,15.0,8.470588235294118,9.785714285714286,6.778803094151555,5.298748597516217,0.0,0.0,0.0,0.9928802831873017,0.03042663362207482,48.0,0.010571254405794848,1.0,0.09382387832806095,-0.006495987802756687,1.0,761.0,30.613662293251803,55.69577183296309,714.0,0.15374507227332457,0.6859395532194481,0.16031537450722733,0.0,0.0,0.0,0.0,0.0,0.0,11.4386377301693,2.2048108088532627,0.7475590246371151,0.0,40.0,0.0,0.0,1.0,5.905952681765702,0,1,0,1
AAPL_1h_1733337000_1736368200_42.png,C:\Users\afierro\CV_chart_pattern_detector\data\images\rendered\train\AAPL_1h_1733337000_1736368200_42.png,train,AAPL,1h,2024-12-04T18:30:00+00:00,2025-01-08T20:30:00+00:00,160,-8.858938608652144e-07,0.004036333943112738,0.002730606855477881,1.3410947358959395,0.19376769552617384,0.005593098275782804,0.0010806353060690554,-0.016292470547798144,0.0015693326381804873,-0.0032631264084101996,-0.013258129179905542,0.46045423561873805,0.2547582957251514,0.2692004062535182,0.27034535812774374,0.55,0.45,17.0,17.0,8.8125,9.4375,4.531241518409705,4.151947184313331,0.9969273868337039,0.016916561018356258,46.0,0.9928802831873017,0.03042663362207482,48.0,0.010571254405794848,1.0,-0.21427621622349247,0.006374409375647837,1.0,1668.0,4.2631847747295595,62.81220186068123,747.0,0.11510791366906475,0.48860911270983215,0.3962829736211031,0.0,0.0,0.0,0.0,0.0,0.0,11.43863773016934,2.2048108088532214,0.7475590246371143,0.0,40.0,1.0,3.369838995131715,1.0,5.760728023233424,0,1,1,1
AAPL_1h_1734021000_1737138600_42.png,C:\Users\afierro\CV_chart_pattern_detector\data\images\rendered\train\AAPL_1h_1734021000_1737138600_42.png,train,AAPL,1h,2024-12-12T16:30:00+00:00,2025-01-17T18:30:00+00:00,160,-0.0004823709500960797,0.005676767899721889,0.003557185366336701,1.4765568816989034,0.380180760322081,-0.005230383313957199,-0.007535100930890493,-0.01757547207205956,-0.002509376748837444,-0.015814168648657256,-0.02621221865832357,0.46898581050237353,0.2502230536536649,0.2721839768446322,0.2588302126529943,0.525,0.46875,17.0,16.0,8.8125,9.8,7.795297102650093,8.179635057795066,0.9391923284531701,0.06357183140801839,66.0,0.9965338128618351,0.02855096360008627,26.0,0.016049285127981774,1.0,-0.2358446735537647,-0.0016949073402290384,1.0,463.0,-14.645793280771432,64.82090211592853,735.0,0.23758099352051837,0.24838012958963282,0.5140388768898488,0.0,0.0,0.0,0.0,0.0,0.0,11.438637730169242,2.204810808853205,0.7475590246371062,0.0,40.0,1.0,10.832167865891572,1.0,4.8641516898060075,0,1,1,1
AAPL_1h_1734705000_1738081800_42.png,C:\Users\afierro\CV_chart_pattern_detector\data\images\rendered\train\AAPL_1h_1734705000_1738081800_42.png,train,AAPL,1h,2024-12-20T14:30:00+00:00,2025-01-28T16:30:00+00:00,160,-0.0002589302859355928,0.007152914801682475,0.0042774848913878704,1.8234109241387657,0.3664870596293015,0.03411657111953259,0.04952964011131167,0.07069120190425293,0.0259702843588967,0.04814386969445694,0.05415806171036275,0.4840470499259794,0.26414727710047764,0.2578421877631657,0.25811076231085484,0.5375,0.45625,16.0,15.0,8.933333333333334,10.428571428571429,11.191761490728556,10.646158084878882,0.9391923284531701,0.06357183140801839,66.0,0.9631591892862351,0.05477402258921756,61.0,0.019435773272059705,1.0,-0.13614484212010564,-0.003235908123912361,1.0,989.0,-22.0910062507262,60.71818170756331,778.0,0.13751263902932254,0.23559150657229525,0.6268958543983822,0.0,0.0,0.0,0.0,0.0,0.0,0.0,0.0,0.0,0.0,0.0,1.0,8.817297715751732,1.0,6.997637266536054,0,0,1,1
AAPL_1h_1735662600_1738765800_42.png,C:\Users\afierro\CV_chart_pattern_detector\data\images\rendered\train\AAPL_1h_1735662600_1738765800_42.png,train,AAPL,1h,2024-12-31T16:30:00+00:00,2025-02-05T14:30:00+00:00,160,-0.0005265801151505296,0.007645670425352217,0.004714523623914823,1.821026060878599,0.38286579539337984,-0.011713035941800842,0.0041562240311106,-0.04271296095159238,-0.0059293765417154365,-0.008116368785541672,-0.020836899659440133,0.4781776027975548,0.26598841319644934,0.2562714270208595,0.26555097018158574,0.5375,0.45625,17.0,15.0,8.4375,9.642857142857142,7.838170984278,7.08534766195964,0.9638174465052043,0.05168046103671456,42.0,0.9631591892862351,0.05477402258921756,61.0,0.01762488111936544,1.0,0.17582473254125588,-0.001989685423556369,1.0,708.0,-15.963282212951762,62.93278549277693,721.0,0.19491525423728814,0.2669491525423729,0.538135593220339,0.0,0.0,0.0,0.0,0.0,0.0,0.0,0.0,0.0,0.0,0.0,1.0,7.047188008628978,1.0,7.006511056065943,0,0,1,1
AAPL_1h_1736519400_1739388600_42.png,C:\Users\afierro\CV_chart_pattern_detector\data\images\rendered\train\AAPL_1h_1736519400_1739388600_42.png,train,AAPL,1h,2025-01-10T14:30:00+00:00,2025-02-12T19:30:00+00:00,160,3.902476483414641e-06,0.007655488036920508,0.004713961892765848,2.141545662135614,0.5805581696913297,0.005934355597087437,0.012502936015923671,0.028707138253608155,0.008415729361074709,0.017562555012266667,0.02209722145330084,0.4794868253274126,0.2741075076921048,0.2679063376956799,0.25260683697690756,0.55,0.4375,17.0,15.0,8.375,10.428571428571429,5.379559181849096,4.966810491261085,0.0,0.0,0.0,0.970541139723981,0.024648865198866048,34.0,0.01762488111936544,1.0,-0.08507117223583194,0.0010405137518648864,1.0,513.0,5.473679585879774,65.01944419159467,736.0,0.2826510721247563,0.4171539961013645,0.3001949317738791,0.0,0.0,0.0,0.0,0.0,0.0,0.0,0.0,0.0,0.0,0.0,0.0,0.0,1.0,2.7101294352127003,0,0,0,1
AAPL_1h_1737142200_1740159000_42.png,C:\Users\afierro\CV_chart_pattern_detector\data\images\rendered\train\AAPL_1h_1737142200_1740159000_42.png,train,AAPL,1h,2025-01-17T19:30:00+00:00,2025-02-21T17:30:00+00:00,160,0.0004980429216245346,0.006762147095456982,0.004023834636473875,1.727291622205622,0.37389618480121545,0.006431269879916268,0.005324785506138463,0.016102120095665695,0.004869241967309312,0.008315247817833882,0.0222233220875383,0.4413143694047864,0.2718550819483583,0.28309317602611833,0.27559245456909515,0.575,0.4125,16.0,15.0,9.4,10.714285714285714,7.4445447435043945,7.552741533184421,0.0,0.0,0.0,0.9934203695112612,0.029873481861510932,39.0,0.008148365546460848,1.0,0.2680896041877285,0.008906033672421333,1.0,681.0,13.723931021364775,61.900590064111,711.0,0.19823788546255505,0.5256975036710719,0.27606461086637296,0.0,0.0,0.0,0.0,0.0,0.0,10.932731449537739,0.25814637876840196,0.7119188247125826,0.0,91.0,0.0,0.0,1.0,4.058353932168224,0,1,0,1
AAPL_1h_1738085400_1741015800_42.png,C:\Users\afierro\CV_chart_pattern_detector\data\images\rendered\train\AAPL_1h_1738085400_1741015800_42.png,train,AAPL,1h,2025-01-28T17:30:00+00:00,2025-03-03T15:30:00+00:00,160,8.017564061470832e-05,0.005665481613750096,0.0037775093637918136,1.726373500588809,0.3452981558526847,0.013744133732461306,0.01605020423044734,0.003535407596574114,0.009562365204492496,0.006031798054937143,-0.010668024913050744,0.43827217049486744,0.26563452558400047,0.28280423325611476,0.2789235962490178,0.53125,0.45625,15.0,16.0,9.785714285714286,9.6,6.393501655612035,6.643240553923667,0.9860400310825238,0.016509233516829633,29.0,0.9265444434998091,0.04881295932197876,64.0,0.00941348244357491,1.0,-0.02857612810166309,-0.010380126735015323,1.0,545.0,19.75228919184536,55.668870431789095,733.0,0.28440366972477066,0.5431192660550459,0.1724770642201835,0.0,0.0,0.0,0.0,0.0,0.0,11.993145006634938,0.9111979048467227,0.796125015838836,0.0,105.0,1.0,2.4687956527280654,1.0,6.9034721611665635,0,1,1,1
AAPL_1h_1738769400_1741635000_42.png,C:\Users\afierro\CV_chart_pattern_detector\data\images\rendered\train\AAPL_1h_1738769400_1741635000_42.png,train,AAPL,1h,2025-02-05T15:30:00+00:00,2025-03-10T19:30:00+00:00,160,-4.8577422623838824e-05,0.006528052839306012,0.004013855715928119,1.8334400604913725,0.4728346712358592,0.009140521011727909,-0.050527827409433845,-0.03901933634900312,-0.012570554467702388,-0.02574808860958655,-0.035814046021864,0.4288809406986426,0.2602971245448552,0.2795186543427764,0.2916004049585811,0.53125,0.45625,17.0,15.0,9.0,10.571428571428571,5.816699036504786,6.9360164541611296,0.9649536958551712,0.061162078466045565,57.0,0.9265444434998091,0.04881295932197876,64.0,0.023062687948939366,1.0,-0.21403542119351074,-0.029117309622523457,1.0,419.0,-3.6563291815698573,62.09897665615284,762.0,0.3460620525059666,0.315035799522673,0.33890214797136037,0.0,0.0,0.0,0.0,0.0,0.0,0.0,0.0,0.0,0.0,0.0,1.0,8.402791997829581,1.0,6.5139237256418205,0,0,1,1
AAPL_1h_1739392200_1742319000_42.png,C:\Users\afierro\CV_chart_pattern_detector\data\images\rendered\train\AAPL_1h_1739392200_1742319000_42.png,train,AAPL,1h,2025-02-12T20:30:00+00:00,2025-03-18T17:30:00+00:00,160,-0.0006738138479710387,0.006934042316268952,0.004586957975451724,2.0822526801455665,0.5917845181590763,-0.011915147891936151,0.0037641959300791505,0.01089594358955881,-0.005997055646405514,-0.002567440621763728,-0.026928541760602,0.4346414664775957,0.25584922647730296,0.2792912835692359,0.2860672499531684,0.5,0.49375,17.0,15.0,9.0625,9.285714285714286,11.136835239976444,13.058798509462274,0.9649536958551712,0.061162078466045565,57.0,0.9886931314211418,0.01737638037414101,24.0,0.023062687948939366,1.0,-0.4429375404826473,0.01411330487470321,1.0,812.0,-15.637936184485557,63.266770785992165,709.0,0.16995073891625614,0.2746305418719212,0.5554187192118226,0.0,0.0,0.0,0.0,0.0,0.0,0.0,0.0,0.0,0.0,0.0,1.0,7.423492684841723,1.0,2.116899741015869,0,0,1,1
AAPL_1h_1740162600_1743003000_42.png,C:\Users\afierro\CV_chart_pattern_detector\data\images\rendered\train\AAPL_1h_1740162600_1743003000_42.png,train,AAPL,1h,2025-02-21T18:30:00+00:00,2025-03-26T15:30:00+00:00,160,-0.000583870585479162,0.007294364618874473,0.004932525139248824,2.250833976167539,0.4226883379319072,0.001141369997772923,0.0013654830157932007,0.04194812949933291,0.0008145856013290764,0.012001746795899715,0.031486853837960904,0.45234581684353276,0.25867210272071434,0.28430578974671794,0.26334839340974925,0.475,0.525,16.0,15.0,9.6,10.214285714285714,12.223220743551018,11.883098662776023,0.9649536958551712,0.061162078466045565,57.0,0.0,0.0,0.0,0.01360925763285792,1.0,0.06673654483843428,0.01012883982353554,1.0,1038.0,-23.208098208973173,59.056316463708534,725.0,0.13680154142581888,0.21483622350674375,0.6483622350674374,0.0,0.0,0.0,0.0,0.0,0.0,0.0,0.0,0.0,0.0,0.0,1.0,6.883017587296789,0.0,0.0,0,0,1,0
AMZN_1h_1700058600_1703003400_42.png,C:\Users\afierro\CV_chart_pattern_detector\data\images\rendered\train\AMZN_1h_1700058600_1703003400_42.png,train,AMZN,1h,2023-11-15T14:30:00+00:00,2023-12-19T16:30:00+00:00,160,0.0003945504274069308,0.0061377374786476275,0.00366501237530495,1.210384803712295,0.3416815310159914,-0.007370835444465151,0.006020447587126387,0.04521918961702909,-0.0005055514800142991,0.015799670477517402,0.03378018566782126,0.4490824532219794,0.2663457396424998,0.26569660169478204,0.2852209450832385,0.5875,0.4125,16.0,13.0,10.0,10.916666666666666,2.2810649459895815,1.6862197049850256,0.0,0.0,0.0,0.9834401571879889,0.03121425332084155,53.0,0.011365578524629246,1.0,0.09361351610515484,-0.0012691655060833847,1.0,1695.0,13.483771156033935,63.92919899568807,751.0,0.11386430678466077,0.5616519174041298,0.32448377581120946,0.0,0.0,0.0,0.0,0.0,0.0,0.0,0.0,0.0,0.0,0.0,0.0,0.0,1.0,3.9146818441998947,0,0,0,1
AMZN_1h_1700681400_1703773800_42.png,C:\Users\afierro\CV_chart_pattern_detector\data\images\rendered\train\AMZN_1h_1700681400_1703773800_42.png,train,AMZN,1h,2023-11-22T19:30:00+00:00,2023-12-28T14:30:00+00:00,160,0.0002970598382267559,0.005352804696168153,0.0032628646649587004,0.9772961473371368,0.16948636612102277,-0.0016911861697318509,-0.0001302258334652251,-0.00026051712400620985,-0.0004690119037359386,0.00014512246690023822,-0.0004615105408304343,0.4397420244841032,0.25182028009367785,0.2740301759022574,0.2862277996136393,0.5375,0.4625,17.0,14.0,9.0,10.461538461538462,3.1497934372820056,3.531293835461913,0.9864083272783806,0.02389496448364329,33.0,0.9834401571879889,0.03121425332084155,53.0,0.010788152167841032,1.0,0.10599779557354626,0.013528040191051688,1.0,653.0,19.644712615798113,60.51243201482435,718.0,0.1990811638591118,0.5849923430321593,0.21592649310872894,0.0,0.0,0.0,0.0,0.0,0.0,0.0,0.0,0.0,0.0,0.0,1.0,3.7447846753482423,1.0,4.802381435073913,0,0,1,1
AMZN_1h_1701700200_1704483000_42.png,C:\Users\afierro\CV_chart_pattern_detector\data\images\rendered\train\AMZN_1h_1701700200_1704483000_42.png,train,AMZN,1h,2023-12-04T14:30:00+00:00,2024-01-05T19:30:00+00:00,160,9.676886713036093e-05,0.0054200361620661,0.003351544784098285,1.111751200155932,0.3368680688640228,-0.004324877399132232,-0.0039488526960790304,-0.03313113394238976,-0.002469065476861876,-0.013118122657323261,-0.034228888613264785,0.45093755369285005,0.25977145662182566,0.27900646872027074,0.27005597758687927,0.50625,0.49375,17.0,15.0,9.1875,9.928571428571429,3.2167395952129296,3.4784461488876977,0.9701317222345199,0.030325474221289554,55.0,0.9834401571879889,0.03121425332084155,53.0,0.00875696322982263,1.0,-0.10988284100739568,-0.006189633682896192,1.0,639.0,17.507037995939896,58.701464585821775,736.0,0.2597809076682316,0.5446009389671361,0.19561815336463223,0.0,0.0,0.0,0.0,0.0,0.0,0.0,0.0,0.0,0.0,0.0,1.0,4.382687940206522,1.0,4.244890430083079,0,0,1,1
AMZN_1h_1702323000_1705426200_42.png,C:\Users\afierro\CV_chart_pattern_detector\data\images\rendered\train\AMZN_1h_1702323000_1705426200_42.png,train,AMZN,1h,2023-12-11T19:30:00+00:00,2024-01-16T17:30:00+00:00,160,0.0003223173441163322,0.004962211774102056,0.0031960017439459617,0.9478654459239632,0.17601054684170053,-0.013259187915820703,-0.016186300684032928,-0.008223626944547036,-0.00971728162383445,-0.011428116574112801,0.010686210469144086,0.4479315240540524,0.2532852765888331,0.2919846164563071,0.2600838594896406,0.525,0.475,14.0,13.0,10.538461538461538,10.75,2.805218113841916,3.3044971357416415,0.9701317222345199,0.030325474221289554,55.0,0.9571914055066806,0.028842831792509023,31.0,0.009704796345691036,1.0,0.049424709314703615,0.006760552705428681,1.0,683.0,-2.4978083630431973,62.31191092495397,718.0,0.24011713030746706,0.3689604685212299,0.39092240117130306,0.0,0.0,0.0,0.0,0.0,0.0,0.0,0.0,0.0,0.0,0.0,1.0,5.105873884736348,1.0,4.612149442928352,0,0,1,1
AMZN_1h_1703007000_1706110200_42.png,C:\Users\afierro\CV_chart_pattern_detector\data\images\rendered\train\AMZN_1h_1703007000_1706110200_42.png,train,AMZN,1h,2023-12-19T17:30:00+00:00,2024-01-24T15:30:00+00:00,160,0.00017506011726781926,0.00462118279347442,0.0031147764962216455,0.9087990789090199,0.1861640225748615,0.012354547662307036,0.017718929851575194,0.017258732359551443,0.012024767760208555,0.014199042667621065,0.02321619297404487,0.45351884545120963,0.2586123149014614,0.2871002184677026,0.25938093608108775,0.525,0.475,13.0,16.0,11.5,9.533333333333333,2.4278574300016498,3.0249840722352066,0.9701317222345199,0.030325474221289554,55.0,0.9571914055066806,0.028842831792509023,31.0,0.008062824911415188,1.0,0.06963673040333639,0.007201845616218009,1.0,931.0,3.0418859193967824,63.11329796576335,716.0,0.17830290010741137,0.44360902255639095,0.37808807733619765,0.0,0.0,0.0,0.0,0.0,0.0,0.0,0.0,0.0,0.0,0.0,1.0,5.316761719196094,1.0,4.805565217586993,0,0,1,1
AMZN_1h_1703777400_1706733000_42.png,C:\Users\afierro\CV_chart_pattern_detector\data\images\rendered\train\AMZN_1h_1703777400_1706733000_42.png,train,AMZN,1h,2023-12-28T15:30:00+00:00,2024-01-31T20:30:00+00:00,160,8.40306774320505e-05,0.0047787051016315975,0.0034076512068334855,0.9908965506923033,0.12464011713430503,-0.008817261979797486,-0.024548158149349075,-0.02489151767071207,-0.012774330773132836,-0.022128001767106387,-0.01717977411232552,0.4618495729460902,0.2667608393607885,0.2758975383315705,0.26225288872233943,0.55,0.45,15.0,18.0,10.928571428571429,8.588235294117647,3.9517730868752357,4.230844683229393,0.0,0.0,0.0,0.9341688600470914,0.05848280775401941,86.0,0.008062824911415188,1.0,0.10065417551290069,-0.005993282399261921,1.0,1069.0,26.39943457491717,59.84386069975211,712.0,0.11880261927034612,0.6632366697848456,0.21796071094480823,0.0,0.0,0.0,0.0,0.0,0.0,0.0,0.0,0.0,0.0,0.0,0.0,0.0,1.0,9.14361471958626,0,0,0,1
AMZN_1h_1704486600_1707417000_42.png,C:\Users\afierro\CV_chart_pattern_detector\data\images\rendered\train\AMZN_1h_1704486600_1707417000_42.png,train,AMZN,1h,2024-01-05T20:30:00+00:00,2024-02-08T18:30:00+00:00,160,0.0010041547931546953,0.006865244275587137,0.00384436741845117,1.1199277611693705,0.2702710907410697,-0.007599245899919782,-0.0015877971320402695,-0.0029950347104298336,-0.004030499490111583,3.126545085474497e-05,0.023844051177027037,0.45602924297178526,0.2618425664852385,0.2509093924317486,0.29306136459646615,0.5875,0.4125,16.0,16.0,9.6,8.2,6.6602137597033675,4.83091885916544,0.0,0.0,0.0,0.9678393680962517,0.05851268870057431,76.0,0.013358955779722632,1.0,0.21079312256116864,-0.005211465628156675,1.0,435.0,19.721834696846447,64.2940329021415,709.0,0.21839080459770116,0.5563218390804597,0.22528735632183908,0.0,0.0,0.0,0.0,0.0,0.0,0.0,0.0,0.0,0.0,0.0,0.0,0.0,1.0,8.236692503311481,0,0,0,1
AMZN_1h_1705429800_1708101000_42.png,C:\Users\afierro\CV_chart_pattern_detector\data\images\rendered\train\AMZN_1h_1705429800_1708101000_42.png,train,AMZN,1h,2024-01-16T18:30:00+00:00,2024-02-16T16:30:00+00:00,160,0.0007090554584855064,0.0071288179314467825,0.004161338496706414,1.1384511048969814,0.30675807451811765,0.0014149599108186361,0.005475496878241559,0.007748257230552502,0.0033680144472005846,0.0023937491706427227,-0.005378262242959231,0.47789325186902687,0.2506735277083546,0.2455145084165931,0.27659223971438013,0.55,0.45,17.0,18.0,8.875,8.529411764705882,6.9527391276117045,6.217305449548994,0.0,0.0,0.0,0.9941044754799147,0.044831708467409775,54.0,0.009637983981858757,1.0,0.07049176233562619,0.044162168872720606,1.0,483.0,16.538298226167942,60.21455916940829,709.0,0.22567287784679088,0.5548654244306418,0.2194616977225673,0.0,0.0,0.0,0.0,0.0,0.0,0.0,0.0,0.0,0.0,0.0,0.0,0.0,1.0,6.274796112891914,0,0,0,1
AMZN_1h_1706113800_1709044200_42.png,C:\Users\afierro\CV_chart_pattern_detector\data\images\rendered\train\AMZN_1h_1706113800_1709044200_42.png,train,AMZN,1h,2024-01-24T16:30:00+00:00,2024-02-27T14:30:00+00:00,160,0.0006274957754228991,0.007359809637268519,0.004158298054877985,1.2825189980358935,0.2279332611612041,-0.0028612303290415086,-0.0002294640408135873,0.00571398779032628,-0.0034007945322264144,-0.0019253514601629274,0.018863633607542285,0.445217603519815,0.24507560233308046,0.2655513060884848,0.28923109039170025,0.55625,0.44375,19.0,16.0,8.333333333333334,9.733333333333333,6.366455475079258,6.402016157564154,0.0,0.0,0.0,0.9983197383199346,0.042636060578005876,34.0,0.013671267954515147,1.0,0.027788076208502734,0.010695700346948077,1.0,1506.0,16.89707415718165,63.99901027155,716.0,0.11088977423638778,0.6055776892430279,0.28353253652058436,0.0,0.0,0.0,0.0,0.0,0.0,0.0,0.0,0.0,0.0,0.0,0.0,0.0,1.0,5.265819695845245,0,0,0,1
AMZN_1h_1706797800_1709667000_42.png,C:\Users\afierro\CV_chart_pattern_detector\data\images\rendered\train\AMZN_1h_1706797800_1709667000_42.png,train,AMZN,1h,2024-02-01T14:30:00+00:00,2024-03-05T19:30:00+00:00,160,0.0006035445169128974,0.0071419974122419955,0.003833886741319524,1.3873589423799644,0.5523236501385854,-0.008170476867611742,-0.02649973935455019,-0.023016630343789646,-0.013492638082634123,-0.020743600669219098,-0.011656984119711944,0.4492554659843154,0.247252093095539,0.2559442290828656,0.29480030493281895,0.5375,0.4625,15.0,13.0,9.857142857142858,10.916666666666666,2.8988477789874505,3.463646460342135,0.0,0.0,0.0,0.0,0.0,0.0,0.013671267954515147,1.0,0.12033271253025285,0.0024809708522082283,1.0,328.0,2.399385602190727,67.82664180799868,709.0,0.3201219512195122,0.3597560975609756,0.3201219512195122,0.0,0.0,0.0,0.0,0.0,0.0,0.0,0.0,0.0,0.0,0.0,0.0,0.0,0.0,0.0,0,0,0,0
AMZN_1h_1707420600_1710347400_42.png,C:\Users\afierro\CV_chart_pattern_detector\data\images\rendered\train\AMZN_1h_1707420600_1710347400_42.png,train,AMZN,1h,2024-02-08T19:30:00+00:00,2024-03-13T16:30:00+00:00,160,0.00027961717065860044,0.00553480691157628,0.0036287170951821174,1.1129178940357949,0.19407255179422206,0.012087320397770718,0.005209797768980007,0.014603713235066484,0.007051780695602083,0.015855492758499734,0.01240110561457497,0.46227665805196744,0.2618136702917129,0.26946930526932833,0.2682540366787042,0.53125,0.4625,16.0,16.0,9.6,8.933333333333334,3.191192721965215,3.1349830661731137,0.0,0.0,0.0,0.0,0.0,0.0,0.010198814412772261,1.0,0.0064192196487884165,-0.012827225969236154,1.0,1040.0,17.464418745384766,61.77647962116671,745.0,0.1951923076923077,0.5548076923076923,0.25,0.0,0.0,0.0,0.0,0.0,0.0,0.0,0.0,0.0,0.0,0.0,0.0,0.0,0.0,0.0,0,0,0,0
AMZN_1h_1708104600_1711031400_42.png,C:\Users\afierro\CV_chart_pattern_detector\data\images\rendered\train\AMZN_1h_1708104600_1711031400_42.png,train,AMZN,1h,2024-02-16T17:30:00+00:00,2024-03-21T14:30:00+00:00,160,0.0003610424609303593,0.005474965419237961,0.0034387647012722993,1.0492799819945204,0.16312582147202728,0.016483179492973843,0.02081811018478419,0.026931613411314448,0.014787301069810521,0.020095038292357925,0.018645004753128358,0.4358622427108476,0.2698105294843323,0.2632834578041763,0.3008542994849762,0.525,0.46875,16.0,19.0,9.2,8.166666666666666,2.639176413886295,2.4757887209540255,0.0,0.0,0.0,0.9816821347932441,0.03400654200024556,51.0,0.010198814412772261,1.0,0.019050706701552848,0.0031911548366488005,1.0,1066.0,15.923072495782577,65.9795705554944,773.0,0.1529080675422139,0.5572232645403377,0.2898686679174484,0.0,0.0,0.0,0.0,0.0,0.0,0.0,0.0,0.0,0.0,0.0,0.0,0.0,1.0,5.794064484856975,0,0,0,1
AMZN_1h_1709047800_1711654200_42.png,C:\Users\afierro\CV_chart_pattern_detector\data\images\rendered\train\AMZN_1h_1709047800_1711654200_42.png,train,AMZN,1h,2024-02-27T15:30:00+00:00,2024-03-28T19:30:00+00:00,160,0.00023281557294041187,0.004960185693037914,0.0031962160623006737,1.0108271044839219,0.1997879997665529,0.00147403958313852,0.006814507227959732,0.0020847810979847115,0.0006668534915881263,0.003532184269098959,0.007332702445130401,0.4636694362790984,0.27312915365119106,0.24002856478440063,0.2963019989365009,0.4875,0.50625,17.0,18.0,9.125,8.294117647058824,2.433138039221057,2.2038170130901533,0.0,0.0,0.0,0.0,0.0,0.0,0.009525647861670072,1.0,0.061164918015163085,0.008666535598475633,1.0,1011.0,18.26112314442617,58.246272264154555,751.0,0.20079129574678536,0.5499505440158259,0.24925816023738873,0.0,0.0,0.0,0.0,0.0,0.0,0.0,0.0,0.0,0.0,0.0,0.0,0.0,0.0,0.0,0,0,0,0
AMZN_1h_1709670600_1712597400_42.png,C:\Users\afierro\CV_chart_pattern_detector\data\images\rendered\train\AMZN_1h_1709670600_1712597400_42.png,train,AMZN,1h,2024-03-05T20:30:00+00:00,2024-04-08T17:30:00+00:00,160,0.00040652365539349875,0.0053189650539212895,0.003441120006590793,1.1008088562602176,0.1270310342059005,-0.0063334021064873625,-0.0029399550605110347,0.015776028481733873,-0.0005060031632027062,0.005041336036276878,0.01723137971877664,0.4590595978292703,0.2741951634669853,0.2516998584903989,0.2892405436803308,0.4875,0.50625,21.0,19.0,7.55,8.055555555555555,3.5186871078020623,3.306417831545133,0.0,0.0,0.0,0.9849425165721741,0.03380849072340029,41.0,0.004529217529475723,1.0,0.08506231473412174,-0.013710538225426493,1.0,1360.0,22.36396641507745,61.00433275627162,743.0,0.1323529411764706,0.6227941176470588,0.24485294117647058,0.0,0.0,0.0,0.0,0.0,0.0,0.0,0.0,0.0,0.0,0.0,0.0,0.0,1.0,5.636014716925235,0,0,0,1
AMZN_1h_1710351000_1713281400_42.png,C:\Users\afierro\CV_chart_pattern_detector\data\images\rendered\train\AMZN_1h_1710351000_1713281400_42.png,train,AMZN,1h,2024-03-13T17:30:00+00:00,2024-04-16T15:30:00+00:00,160,0.00023476529020045363,0.004633432964931265,0.003196220709538471,1.068605178833827,0.16681225410861794,0.00040799121561296836,-0.018388503595355044,-0.0282542786710408,-0.004859357544077847,-0.010959982121399148,-0.010046497625725181,0.4534868968089726,0.2532712519982229,0.25367773099878077,0.29283537219224665,0.475,0.525,19.0,16.0,7.944444444444445,10.0,3.928872966950939,3.6633584514884494,0.9868460993297842,0.020739147028345315,27.0,0.9849425165721741,0.03380849072340029,41.0,0.004958564387208661,1.0,0.07676758638749562,-0.00539319735056417,1.0,1421.0,29.668539191659782,57.24347636255781,749.0,0.11893033075299085,0.6931738212526389,0.18789584799437017,0.0,0.0,0.0,0.0,0.0,0.0,0.0,0.0,0.0,0.0,0.0,1.0,3.7571106103991645,1.0,5.801369637405324,0,0,1,1
AMZN_1h_1711035000_1713965400_42.png,C:\Users\afierro\CV_chart_pattern_detector\data\images\rendered\train\AMZN_1h_1711035000_1713965400_42.png,train,AMZN,1h,2024-03-21T15:30:00+00:00,2024-04-24T13:30:00+00:00,160,-5.932866792423479e-05,0.0046044527437729445,0.0031823275095599186,1.1493208968352115,0.20802795020498513,-0.004196273809256468,0.0026759293071210166,0.020937267585309893,-0.0026782449424090915,0.0062809474218523675,-0.012028277812661248,0.46355299203748146,0.26346033552519055,0.25444093731786244,0.28200607064465605,0.4625,0.5375,18.0,14.0,8.058823529411764,10.615384615384615,3.025162479541723,2.9659667063386,0.9603127455073677,0.026319435341613413,30.0,0.9849425165721741,0.03380849072340029,41.0,0.008070227991969995,1.0,-0.15084930863449544,-0.008369392210137216,1.0,1084.0,14.354239083854035,62.920863789325814,727.0,0.1466789667896679,0.5488929889298892,0.3044280442804428,0.0,0.0,0.0,0.0,0.0,0.0,0.0,0.0,0.0,0.0,0.0,1.0,4.370262285676139,1.0,5.404415455891592,0,0,1,1
AMZN_1h_1711978200_1714588200_42.png,C:\Users\afierro\CV_chart_pattern_detector\data\images\rendered\train\AMZN_1h_1711978200_1714588200_42.png,train,AMZN,1h,2024-04-01T13:30:00+00:00,2024-05-01T18:30:00+00:00,160,0.0001501930597251536,0.006454508426567694,0.004112582267884883,1.489192493268505,0.302697802442515,0.03620902072177845,0.027750310379241583,0.021121633740414536,0.02909485845681603,0.025904929052324777,0.03576116846202693,0.4536168864082434,0.2648940599965624,0.2606932249304169,0.2856898886613397,0.44375,0.55625,18.0,14.0,8.705882352941176,11.538461538461538,3.343721013092246,4.105948119187882,0.9603127455073677,0.026319435341613413,30.0,0.9495532395413593,0.060319355936487136,27.0,0.018630879821815233,1.0,-0.01970187015953623,-0.012067120608050609,1.0,303.0,-14.557761100259158,59.62680302475146,780.0,0.3927392739273927,0.1848184818481848,0.42244224422442245,0.0,0.0,0.0,0.0,0.0,0.0,0.0,0.0,0.0,0.0,0.0,1.0,3.3977546179419083,1.0,7.01132826827182,0,0,1,1
AMZN_1h_1712601000_1715272200_42.png,C:\Users\afierro\CV_chart_pattern_detector\data\images\rendered\train\AMZN_1h_1712601000_1715272200_42.png,train,AMZN,1h,2024-04-08T18:30:00+00:00,2024-05-09T16:30:00+00:00,160,0.000194851798916026,0.006713718452112415,0.004163887580479443,1.45121562549885,0.42217139286349603,0.01584314292256206,0.016708686506532233,0.017390849675753772,0.011587523103789632,0.012402373256984678,0.030448708244855904,0.4344607288903797,0.2661311963395345,0.2736532412968936,0.2918860298127267,0.48125,0.51875,16.0,11.0,9.066666666666666,14.3,3.7760739691871614,5.185178709983482,0.9603127455073677,0.026319435341613413,30.0,0.9495532395413593,0.060319355936487136,27.0,0.027106437696106593,1.0,0.20756268490104207,0.02008353184069007,1.0,449.0,-6.821831142185525,57.93175865367828,709.0,0.24944320712694878,0.30957683741648107,0.44097995545657015,0.0,0.0,0.0,0.0,0.0,0.0,0.0,0.0,0.0,0.0,0.0,1.0,3.483815672285205,1.0,7.192238426620674,0,0,1,1
AMZN_1h_1713285000_1715956200_42.png,C:\Users\afierro\CV_chart_pattern_detector\data\images\rendered\train\AMZN_1h_1713285000_1715956200_42.png,train,AMZN,1h,2024-04-16T16:30:00+00:00,2024-05-17T14:30:00+00:00,160,5.8742083527224086e-05,0.006914189729117361,0.00431208142995403,1.4664687964112257,0.4004064997157249,0.0034153109029049222,-0.006777392257661163,-0.009253440457221318,-0.0016687589110391254,-0.0031188231946240874,-0.010642019989918206,0.44707550901219195,0.2719288167954083,0.2606652151740597,0.29225927581374833,0.46875,0.53125,16.0,11.0,9.266666666666667,13.5,4.167956278061612,5.5311920398254015,0.9886299916059579,0.039116875920339855,27.0,0.9495532395413593,0.060319355936487136,27.0,0.01179026423778474,1.0,0.0004240768368241135,0.0042491455158729895,1.0,436.0,13.220179117874268,61.84912263204898,718.0,0.286697247706422,0.4701834862385321,0.24311926605504589,0.0,0.0,0.0,0.0,0.0,0.0,0.0,0.0,0.0,0.0,0.0,1.0,4.935653837620709,1.0,7.118451068733897,0,0,1,1
AMZN_1h_1713969000_1716579000_42.png,C:\Users\afierro\CV_chart_pattern_detector\data\images\rendered\train\AMZN_1h_1713969000_1716579000_42.png,train,AMZN,1h,2024-04-24T14:30:00+00:00,2024-05-24T19:30:00+00:00,160,0.00014495659596666568,0.006726086419077506,0.0042057805281431665,1.4454450893372608,0.3922182046146383,-0.006732013680542548,0.0009614149540291272,-0.021493157254078965,-0.0029052594008665,-0.008224759061782994,-0.014053130471792019,0.4652825946769741,0.2677955548038899,0.25178854889565494,0.28292885642737103,0.4875,0.5125,18.0,12.0,8.941176470588236,13.090909090909092,3.46500828616702,4.640181081894451,0.9882433871780113,0.020203370250557507,38.0,0.9495532395413593,0.060319355936487136,27.0,0.01179026423778474,1.0,-0.08883214379161576,0.0007210192916559643,1.0,303.0,-8.84818990631859,67.35858045502737,711.0,0.3564356435643564,0.2706270627062706,0.37293729372937295,0.0,0.0,0.0,0.0,0.0,0.0,0.0,0.0,0.0,0.0,0.0,1.0,2.7775089496990977,1.0,7.2205594680032466,0,0,1,1
AMZN_1h_1714397400_1715956200_42.png,C:\Users\afierro\CV_chart_pattern_detector\data\images\rendered\train\AMZN_1h_1714397400_1715956200_42.png,train,AMZN,1h,2024-04-29T13:30:00+00:00,2024-05-17T14:30:00+00:00,100,0.0002553504223910648,0.00704329825529963,0.004360320551396534,1.888824427469632,0.8008653810478069,0.0034153109029049222,-0.006777392257661163,-0.009253440457221318,-0.0016687589110391254,-0.0031188231946240874,-0.010642019989918206,0.44955783025056006,0.2675076143656388,0.2651898912258771,0.28525227852356283,0.49,0.51,11.0,7.0,8.5,11.833333333333334,3.086776945210429,3.8083679069553273,0.9882433871780113,0.020203370250557507,38.0,0.0,0.0,0.0,0.01179026423778474,1.0,-0.10003907275800887,-0.0021939104872009166,1.0,293.0,-5.027308246584883,68.4605915033851,675.0,0.3515358361774744,0.30716723549488056,0.3412969283276451,6.479015882029957,0.7723897989814299,0.9652381413778163,0.85,1.0,40.0,0.0,0.0,0.0,0.0,0.0,1.0,2.157957921203223,0.0,0.0,1,0,1,0
AMZN_1h_1714591800_1717522200_42.png,C:\Users\afierro\CV_chart_pattern_detector\data\images\rendered\train\AMZN_1h_1714591800_1717522200_42.png,train,AMZN,1h,2024-05-01T19:30:00+00:00,2024-06-04T17:30:00+00:00,160,4.4671126679959294e-05,0.004971339908541355,0.0035109631110298105,1.610869396845559,0.9519925425565364,0.012164922796851219,0.019716906577716076,0.0026779497479838543,0.010432103027866457,0.016298695328654134,0.0008283739016621272,0.4825648666630696,0.26667683066254255,0.24511142383699075,0.2723237094999398,0.5125,0.4875,16.0,13.0,9.733333333333333,11.416666666666666,3.401857558863262,3.904969270227892,0.9882433871780113,0.020203370250557507,38.0,0.0,0.0,0.0,0.012768986800184264,1.0,-0.10031965786003451,-0.007799876358905116,1.0,747.0,-33.62918882452979,58.525596664728475,705.0,0.1753681392235609,0.16331994645247658,0.6613119143239625,0.0,0.0,0.0,0.0,0.0,0.0,0.0,0.0,0.0,0.0,0.0,1.0,2.5064696811686464,0.0,0.0,0,0,1,0
AMZN_1h_1715275800_1718206200_42.png,C:\Users\afierro\CV_chart_pattern_detector\data\images\rendered\train\AMZN_1h_1715275800_1718206200_42.png,train,AMZN,1h,2024-05-09T17:30:00+00:00,2024-06-12T15:30:00+00:00,160,-0.00011322307664939072,0.0047620846668727426,0.0034388451975863555,1.1230361042902193,0.16341581190325588,0.003651735617127283,0.0036247612895126124,0.009206770390286945,0.00249178529487204,0.0037352336405431785,0.020629402248522277,0.5031817755651727,0.2603088708105989,0.22100092259865756,0.2758173018361697,0.5,0.5,15.0,14.0,10.142857142857142,11.307692307692308,2.932924019017302,3.641917855690983,0.0,0.0,0.0,0.0,0.0,0.0,0.012768986800184264,1.0,0.1027581423702689,0.0066340140620946226,1.0,1328.0,-9.171691877969417,64.3676201575464,723.0,0.12349397590361445,0.36596385542168675,0.5105421686746988,0.0,0.0,0.0,0.0,0.0,0.0,0.0,0.0,0.0,0.0,0.0,0.0,0.0,0.0,0.0,0,0,0,0
AMZN_1h_1715959800_1718976600_42.png,C:\Users\afierro\CV_chart_pattern_detector\data\images\rendered\train\AMZN_1h_1715959800_1718976600_42.png,train,AMZN,1h,2024-05-17T15:30:00+00:00,2024-06-21T13:30:00+00:00,160,0.00011422549643531663,0.0045713559356321464,0.0034015299729898345,1.1315387471919753,0.15569065573764995,0.013851055141260282,0.023548494634319184,0.02855210634318417,0.01311930211083645,0.018163893736740766,0.015070332719512969,0.48768010730442957,0.264940392474689,0.2325753219281837,0.2797445707673868,0.54375,0.45625,15.0,14.0,10.571428571428571,10.307692307692308,2.691213374405126,3.2605669828118033,0.9781958976453146,0.01612427092139976,27.0,0.0,0.0,0.0,0.004619716203244142,1.0,0.013953592092064036,-0.0028877310897595897,1.0,1007.0,12.440908820176906,62.814557557933405,775.0,0.1717974180734856,0.5074478649453823,0.32075471698113206,0.0,0.0,0.0,0.0,0.0,0.0,0.0,0.0,0.0,0.0,0.0,1.0,2.745022462405823,0.0,0.0,0,0,1,0
AMZN_1h_1716903000_1719599400_42.png,C:\Users\afierro\CV_chart_pattern_detector\data\images\rendered\train\AMZN_1h_1716903000_1719599400_42.png,train,AMZN,1h,2024-05-28T13:30:00+00:00,2024-06-28T18:30:00+00:00,160,0.0004299330578807513,0.005012524415126227,0.00373599242681623,1.3774608427780848,0.2529677511289456,-0.0089084754016725,-0.02317696018014148,0.025639739220360003,-0.012606100922996188,-0.005633236403673303,0.02126816263083775,0.469300892524826,0.2574271011896932,0.23641398094597896,0.294285126529195,0.53125,0.46875,15.0,13.0,10.214285714285714,9.5,4.740459088218475,3.7568645128431974,0.9781958976453146,0.01612427092139976,27.0,0.97757467971009,0.03571139404637065,32.0,0.006602735622326109,1.0,0.1745820869485147,-0.012612349893350215,1.0,492.0,16.477638057576932,61.10418235133738,733.0,0.23780487804878048,0.532520325203252,0.22967479674796748,0.0,0.0,0.0,0.0,0.0,0.0,0.0,0.0,0.0,0.0,0.0,1.0,2.272474294287101,1.0,4.867864074764319,0,0,1,1
AMZN_1h_1717525800_1720618200_42.png,C:\Users\afierro\CV_chart_pattern_detector\data\images\rendered\train\AMZN_1h_1717525800_1720618200_42.png,train,AMZN,1h,2024-06-04T18:30:00+00:00,2024-07-10T13:30:00+00:00,160,0.0006692243701215163,0.004640776286719267,0.003500820652165213,1.3376882299398885,0.2502618225641488,-0.0029825370824646535,0.0007546862716194536,-0.006245316203439377,-0.0032823352343449574,-0.0034309286175486786,0.003446496704315294,0.4501418497935955,0.25809552589455786,0.24495494027747028,0.30490320992893427,0.54375,0.45625,17.0,16.0,9.125,8.466666666666667,6.538936512783175,6.176077902409241,0.9781958976453146,0.01612427092139976,27.0,0.97757467971009,0.03571139404637065,32.0,0.006602735622326109,1.0,0.18992663605694982,0.01723378125572303,1.0,526.0,18.024710832326583,57.63429909201454,710.0,0.21673003802281368,0.5817490494296578,0.20152091254752852,0.0,0.0,0.0,0.0,0.0,0.0,14.909465372725775,2.241568178480695,0.8315480357625232,0.0,35.0,1.0,2.337121116254746,1.0,5.009137342411686,0,1,1,1
AMZN_1h_1718209800_1721241000_42.png,C:\Users\afierro\CV_chart_pattern_detector\data\images\rendered\train\AMZN_1h_1718209800_1721241000_42.png,train,AMZN,1h,2024-06-12T16:30:00+00:00,2024-07-17T18:30:00+00:00,160,4.438977430893286e-05,0.005811689574438175,0.004043327360870101,1.367902544130729,0.294808809818709,0.0007293656071925003,-0.028162208002369682,-0.039407694962015904,-0.008383603730591882,-0.01842326085139101,-0.0364337502114197,0.4560985147808568,0.2546112906532831,0.2411448688032737,0.3027566164158695,0.5375,0.4625,16.0,16.0,9.2,9.866666666666667,6.425927989992448,6.436321016926945,0.0,0.0,0.0,0.97757467971009,0.03571139404637065,32.0,0.007477678275080893,1.0,-0.11200833327324183,-0.01329847990687199,1.0,1256.0,26.103498997202344,56.54517823407929,765.0,0.14888535031847133,0.6695859872611465,0.18152866242038215,0.0,0.0,0.0,0.0,0.0,0.0,14.909465372725826,2.241568178480784,0.8315480357625202,0.0,35.0,0.0,0.0,1.0,4.901065460643849,0,1,0,1
AMZN_1h_1718980200_1721925000_42.png,C:\Users\afierro\CV_chart_pattern_detector\data\images\rendered\train\AMZN_1h_1718980200_1721925000_42.png,train,AMZN,1h,2024-06-21T14:30:00+00:00,2024-07-25T16:30:00+00:00,160,-0.00013346676556454917,0.006630471164961221,0.0043518723681969865,1.540959449260158,0.2611180355689236,0.010284201062007003,-0.0014755137677233687,-0.0057136802924652175,0.005412461498262244,-0.007413457459514272,-0.01247554120538552,0.45989540322430694,0.25509956513732734,0.23487932061515368,0.30522527616053946,0.46875,0.53125,13.0,15.0,11.416666666666666,10.285714285714286,4.842012962607804,6.791139988685281,0.9441895469650865,0.04599618759008648,44.0,0.0,0.0,0.0,0.007477678275080893,1.0,-0.22296141272579206,-0.0010211372338683733,1.0,299.0,-11.254185444734567,59.10618216693311,755.0,0.44816053511705684,0.18729096989966554,0.36454849498327757,0.0,0.0,0.0,0.0,0.0,0.0,14.90946537272579,2.2415681784805916,0.8315480357625337,0.0,35.0,1.0,5.984297393305635,0.0,0.0,0,1,1,0
AMZN_1h_1719603000_1722609000_42.png,C:\Users\afierro\CV_chart_pattern_detector\data\images\rendered\train\AMZN_1h_1719603000_1722609000_42.png,train,AMZN,1h,2024-06-28T19:30:00+00:00,2024-08-02T14:30:00+00:00,160,-0.0008850377585271681,0.012057957854569791,0.005213368033191488,1.6157937989944267,0.3427691065074741,-0.09235653820770806,-0.11284028816335312,-0.07895230443074774,-0.08253026428066079,-0.09164209263009504,-0.09070116851435406,0.45872396067533394,0.25683797863633595,0.24383970873083957,0.29743633059382646,0.4625,0.5375,16.0,16.0,9.733333333333333,9.266666666666667,6.764282702693414,7.423517069448261,0.9936313761079226,0.05703519953901183,48.0,0.0,0.0,0.0,0.06606021363762597,1.0,-0.035880874726786034,-0.043337071589686534,1.0,850.0,-12.880005179503385,66.29456427677947,771.0,0.16,0.3270588235294118,0.5129411764705882,0.0,0.0,0.0,0.0,0.0,0.0,0.0,0.0,0.0,0.0,0.0,1.0,6.8810960675075385,0.0,0.0,0,0,1,0
AMZN_1h_1720621800_1723231800_42.png,C:\Users\afierro\CV_chart_pattern_detector\data\images\rendered\train\AMZN_1h_1720621800_1723231800_42.png,train,AMZN,1h,2024-07-10T14:30:00+00:00,2024-08-09T19:30:00+00:00,160,-0.000992448516057132,0.013409251859118862,0.006416250197593622,2.0424816484617945,0.690351843071612,0.0028832952825978975,0.00421034662672537,0.004029186690635678,0.0015131768210088214,0.00884850178489005,-0.004543701913884757,0.46465455611926176,0.2535703222744833,0.2337995964953401,0.3015458473853982,0.45625,0.5375,14.0,16.0,11.615384615384615,8.866666666666667,9.919389029225693,11.479778717552636,0.9936313761079226,0.05703519953901183,48.0,0.0,0.0,0.0,0.06606021363762597,1.0,-0.3362069773327503,7.695551735358198e-05,1.0,298.0,-17.734903921816972,60.725316389695024,710.0,0.33221476510067116,0.19463087248322147,0.47315436241610737,0.0,0.0,0.0,0.0,0.0,0.0,0.0,0.0,0.0,0.0,0.0,1.0,5.480053536455208,0.0,0.0,0,0,1,0
AMZN_1h_1721244600_1724088600_42.png,C:\Users\afierro\CV_chart_pattern_detector\data\images\rendered\train\AMZN_1h_1721244600_1724088600_42.png,train,AMZN,1h,2024-07-17T19:30:00+00:00,2024-08-19T17:30:00+00:00,160,-0.0002557329312218311,0.013206788465689415,0.006012455156647773,1.9740916962327717,0.729529974432596,0.004733591876282972,-0.002006324337237575,0.045288045975175883,0.0022231138395933936,0.005448804423144216,0.036245515068974665,0.4375388283411164,0.2519461101459413,0.24959769089496725,0.3128634807639163,0.45,0.5375,13.0,16.0,10.583333333333334,10.133333333333333,8.379866959528234,9.65166478606688,0.9936313761079226,0.05703519953901183,48.0,0.0,0.0,0.0,0.03141950368037672,1.0,0.20967658588822652,0.03257682264355503,1.0,912.0,-11.860750897869206,63.41987443041946,710.0,0.17763157894736842,0.30701754385964913,0.5153508771929824,0.0,0.0,0.0,0.0,0.0,0.0,0.0,0.0,0.0,0.0,0.0,1.0,5.663856267080604,0.0,0.0,0,0,1,0
AMZN_1h_1721928600_1724772600_42.png,C:\Users\afierro\CV_chart_pattern_detector\data\images\rendered\train\AMZN_1h_1721928600_1724772600_42.png,train,AMZN,1h,2024-07-25T17:30:00+00:00,2024-08-27T15:30:00+00:00,160,-0.000241679455939694,0.012869904637703383,0.005719912956992587,1.826578683419973,0.7943732077638109,-0.012202071673326542,-0.01276493212282126,-0.023669955424110767,-0.009669521014580962,-0.015277711709924868,-0.023538638267883383,0.43339250968123155,0.2502933676610571,0.244336499602522,0.32227099071624654,0.46875,0.51875,16.0,14.0,9.466666666666667,10.461538461538462,7.004439707101628,8.886586572305102,0.0,0.0,0.0,0.0,0.0,0.0,0.011659107780458994,1.0,0.11427420782919985,0.0002326718941451822,1.0,663.0,5.280538402621383,64.61856865678205,715.0,0.19909502262443438,0.45852187028657615,0.34238310708898945,0.0,0.0,0.0,0.0,0.0,0.0,0.0,0.0,0.0,0.0,0.0,0.0,0.0,0.0,0.0,0,0,0,0
AMZN_1h_1722612600_1725543000_42.png,C:\Users\afierro\CV_chart_pattern_detector\data\images\rendered\train\AMZN_1h_1722612600_1725543000_42.png,train,AMZN,1h,2024-08-02T15:30:00+00:00,2024-09-05T13:30:00+00:00,160,0.0004521992982169425,0.008223586257170186,0.004796805738012116,1.691778345137103,0.6531593229478209,0.03397759821096802,0.016856055984544982,0.02654867643165093,0.024503267806217366,0.02041147355412809,0.029056557384633086,0.43779208937429004,0.2539305314264173,0.2336302682373855,0.32857764238832443,0.475,0.5125,13.0,14.0,10.333333333333334,10.923076923076923,4.991658359177831,6.277948971454842,0.0,0.0,0.0,0.9744553082977676,0.022943960262774274,30.0,0.011659107780458994,1.0,-0.06362307334359804,-0.01233753406779785,1.0,561.0,19.279852980492162,62.53180457146633,716.0,0.22994652406417113,0.5561497326203209,0.21390374331550802,0.0,0.0,0.0,0.0,0.0,0.0,0.0,0.0,0.0,0.0,0.0,0.0,0.0,1.0,2.4557302325696964,0,0,0,1
AMZN_1h_1723469400_1726165800_42.png,C:\Users\afierro\CV_chart_pattern_detector\data\images\rendered\train\AMZN_1h_1723469400_1726165800_42.png,train,AMZN,1h,2024-08-12T13:30:00+00:00,2024-09-12T18:30:00+00:00,160,0.0006934135385751385,0.00652169746588409,0.004270516922533188,1.492500199208303,0.2753367537063615,0.013770883212850249,0.039296872707386354,0.04756512084910991,0.014171678474295124,0.029777806669573526,0.05323568477535057,0.44985990401771037,0.2697476062479612,0.23316449442666168,0.316975601555628,0.49375,0.5,14.0,16.0,10.153846153846153,9.533333333333333,2.9349379251981325,2.9947792538559703,0.0,0.0,0.0,0.9744553082977676,0.022943960262774274,30.0,0.022830345570958394,1.0,0.1287967322412599,-0.00967611168408442,1.0,1270.0,-5.22362698264948,66.44010172875183,766.0,0.1236220472440945,0.3952755905511811,0.4811023622047244,0.0,0.0,0.0,0.0,0.0,0.0,0.0,0.0,0.0,0.0,0.0,0.0,0.0,1.0,2.769052759289976,0,0,0,1
AMZN_1h_1724092200_1726849800_42.png,C:\Users\afierro\CV_chart_pattern_detector\data\images\rendered\train\AMZN_1h_1724092200_1726849800_42.png,train,AMZN,1h,2024-08-19T18:30:00+00:00,2024-09-20T16:30:00+00:00,160,0.00046083218454700777,0.0066310693266546095,0.004410885855897423,1.3941666501248957,0.27440100106121734,0.0022117611439382845,0.0058665005600373465,0.01824409392380022,0.0042300679146081155,0.009943077112980259,0.01875753571760752,0.44832506109522746,0.2679041000414748,0.2180980882688671,0.3335768506359054,0.4875,0.50625,14.0,17.0,10.76923076923077,7.9375,5.089875358299149,5.503334658994179,0.0,0.0,0.0,0.9221864926160376,0.05897043499141095,50.0,0.015812978362976956,1.0,0.22368589563097102,0.017679852347420994,1.0,522.0,5.0727928260277055,60.85003384741192,713.0,0.23754789272030652,0.4616858237547893,0.3007662835249042,0.0,0.0,0.0,0.0,0.0,0.0,0.0,0.0,0.0,0.0,0.0,0.0,0.0,1.0,7.718578363165878,0,0,0,1
AMZN_1h_1724776200_1727706600_42.png,C:\Users\afierro\CV_chart_pattern_detector\data\images\rendered\train\AMZN_1h_1724776200_1727706600_42.png,train,AMZN,1h,2024-08-27T16:30:00+00:00,2024-09-30T14:30:00+00:00,160,0.0004454827534861339,0.006639148858978908,0.004357603009241519,1.4287432958987885,0.23399605393939304,-0.011557245953496609,-0.029447562560954155,-0.03795326136769317,-0.013397021690738309,-0.02301883794458226,-0.02773346291953982,0.4462272987550938,0.27436914063336226,0.2334369708914165,0.3203357303534896,0.50625,0.4875,14.0,17.0,11.0,8.6875,7.054599033319839,7.78357767209853,0.9955591227557451,0.0172147968441758,39.0,0.9221864926160376,0.05897043499141095,50.0,0.015812978362976956,1.0,0.06668975264937908,-0.0018340520056738848,1.0,569.0,20.553598795393857,57.8322928951544,711.0,0.210896309314587,0.6028119507908611,0.18629173989455183,0.0,0.0,0.0,0.0,0.0,0.0,0.0,0.0,0.0,0.0,0.0,1.0,2.448039445220511,1.0,7.536183185654788,0,0,1,1
AMZN_1h_1725546600_1728329400_42.png,C:\Users\afierro\CV_chart_pattern_detector\data\images\rendered\train\AMZN_1h_1725546600_1728329400_42.png,train,AMZN,1h,2024-09-05T14:30:00+00:00,2024-10-07T19:30:00+00:00,160,0.00014553939760235347,0.006348180664445073,0.004145896441555147,1.5708876229820408,0.3207080020006619,-0.0013250454739365258,-0.022136936547243358,-0.006971916155736779,-0.009151112774430703,-0.01089100572320889,-0.021213507805734277,0.43806844568597947,0.2823051598056355,0.2470047564535906,0.31492679786043,0.525,0.4625,15.0,15.0,10.5,9.785714285714286,5.4065801529793,6.581905859034084,0.9955591227557451,0.0172147968441758,39.0,0.9221864926160376,0.05897043499141095,50.0,0.016000980113226683,1.0,-0.16221920698392034,-0.00915199618616016,1.0,341.0,6.117297701297268,61.380963602051374,722.0,0.3284457478005865,0.4222873900293255,0.24926686217008798,0.0,0.0,0.0,0.0,0.0,0.0,0.0,0.0,0.0,0.0,0.0,1.0,2.2393572551036183,1.0,6.870711480803927,0,0,1,1
AMZN_1h_1726169400_1729013400_42.png,C:\Users\afierro\CV_chart_pattern_detector\data\images\rendered\train\AMZN_1h_1726169400_1729013400_42.png,train,AMZN,1h,2024-09-12T19:30:00+00:00,2024-10-15T17:30:00+00:00,160,9.613853336687685e-06,0.005617552577986702,0.0035966872342103836,1.2879983453177077,0.17561946882842994,0.0021793361068305206,-0.008428745120790393,0.0012128717929853483,-0.0009434918330440967,-0.005405990176524322,0.007581745188487643,0.42235459341537507,0.2566207800023769,0.2521453297156071,0.32550007686901783,0.50625,0.48125,15.0,16.0,9.357142857142858,10.2,3.161871464537712,3.36054828126128,0.9955591227557451,0.0172147968441758,39.0,0.9781535560855044,0.029155493096094567,28.0,0.016000980113226683,1.0,0.04733912811780017,0.00360805834702371,1.0,995.0,-17.36683971300796,60.942127863236095,741.0,0.1407035175879397,0.27738693467336684,0.5819095477386935,0.0,0.0,0.0,0.0,0.0,0.0,0.0,0.0,0.0,0.0,0.0,1.0,2.7000498603942455,1.0,4.298245273165963,0,0,1,1
AMZN_1h_1726853400_1729697400_42.png,C:\Users\afierro\CV_chart_pattern_detector\data\images\rendered\train\AMZN_1h_1726853400_1729697400_42.png,train,AMZN,1h,2024-09-20T17:30:00+00:00,2024-10-23T15:30:00+00:00,160,-0.00011983677792037208,0.00508666070920029,0.0034227851271417704,1.2694565929848094,0.12887917617468173,-0.02172601096012805,-0.023528237233936045,-0.02557991091265477,-0.01753116294138979,-0.017667615085436905,-0.013159325371276287,0.4457911552527204,0.2514701544335947,0.2690763680881306,0.2851324766591491,0.525,0.46875,18.0,14.0,8.529411764705882,10.307692307692308,2.925275902759461,3.5388154753346233,0.0,0.0,0.0,0.9670968335504359,0.03396723937602697,58.0,0.010020813798285169,1.0,0.06309624236903048,-0.0034558555455279833,1.0,1164.0,-5.160658494457347,63.96915290157914,737.0,0.13402061855670103,0.3711340206185567,0.4948453608247423,0.0,0.0,0.0,0.0,0.0,0.0,0.0,0.0,0.0,0.0,0.0,0.0,0.0,1.0,5.114586883372307,0,0,0,1
AMZN_1h_1727710200_1730381400_42.png,C:\Users\afierro\CV_chart_pattern_detector\data\images\rendered\train\AMZN_1h_1727710200_1730381400_42.png,train,AMZN,1h,2024-09-30T15:30:00+00:00,2024-10-31T13:30:00+00:00,160,5.547202876618595e-05,0.0055850069854744494,0.0035119528765707605,1.2948196289498894,0.15800770358100574,-0.03397903874114394,-0.02148833603184419,-0.012069163949691597,-0.027200303129661374,-0.019322826280959826,-0.009332428807976356,0.43375384564888986,0.2490310435527268,0.25992622100220786,0.30631993334890223,0.5,0.49375,17.0,15.0,9.375,9.928571428571429,2.5250225756653077,2.4297848925324983,0.0,0.0,0.0,0.9670968335504359,0.03396723937602697,58.0,0.011966699516048148,1.0,0.049453508758904446,-0.012173685072492757,1.0,1149.0,25.27153596066723,61.6311875023916,780.0,0.13054830287206268,0.6422976501305483,0.22715404699738903,0.0,0.0,0.0,0.0,0.0,0.0,0.0,0.0,0.0,0.0,0.0,0.0,0.0,1.0,5.018533229696794,0,0,0,1
AMZN_1h_1728394200_1731007800_42.png,C:\Users\afierro\CV_chart_pattern_detector\data\images\rendered\train\AMZN_1h_1728394200_1731007800_42.png,train,AMZN,1h,2024-10-08T13:30:00+00:00,2024-11-07T19:30:00+00:00,160,0.0009265462634113198,0.00793557068556148,0.003831716125414578,1.3949891240972436,0.27675056761800426,-0.00455044180837294,0.021101747345403155,0.06755849548197035,0.007786569149773603,0.027031976450374584,0.061184277247746666,0.42339267463856345,0.2406356606510436,0.2642085997942841,0.31239872556715237,0.49375,0.5,16.0,14.0,9.2,11.461538461538462,6.897013381021177,5.524006325836108,0.0,0.0,0.0,0.9438090003820752,0.05781396110180536,54.0,0.014681508516320626,1.0,0.2851421111187796,-0.023869953082997858,1.0,387.0,10.067179027915925,69.67366330022176,726.0,0.23255813953488372,0.46770025839793283,0.2997416020671835,0.0,0.0,0.0,0.0,0.0,0.0,0.0,0.0,0.0,0.0,0.0,0.0,0.0,1.0,8.029286163921737,0,0,0,1
AMZN_1h_1729017000_1731691800_42.png,C:\Users\afierro\CV_chart_pattern_detector\data\images\rendered\train\AMZN_1h_1729017000_1731691800_42.png,train,AMZN,1h,2024-10-15T18:30:00+00:00,2024-11-15T17:30:00+00:00,160,0.0004982642123898617,0.00838296168107231,0.004051507122495022,1.4356174102086423,0.27855784707754755,-0.046821760287145464,-0.0507718496727283,-0.034817585638202586,-0.03449672312134622,-0.04243010334158115,-0.035387086865234396,0.41217950114453633,0.25330076996537154,0.2852645908944128,0.30255590796105086,0.475,0.51875,15.0,12.0,10.071428571428571,11.454545454545455,9.695455368618765,8.62200941038867,0.9829499290037741,0.03739338894377674,35.0,0.9438090003820752,0.05781396110180536,54.0,0.014681508516320626,1.0,0.26067063751435415,0.02298677698659976,1.0,646.0,17.054175503759563,62.76864452847345,715.0,0.16873065015479877,0.5882352941176471,0.24303405572755418,0.0,0.0,0.0,0.0,0.0,0.0,0.0,0.0,0.0,0.0,0.0,1.0,5.703263633415367,1.0,7.807612746425498,0,0,1,1
AMZN_1h_1729701000_1732548600_42.png,C:\Users\afierro\CV_chart_pattern_detector\data\images\rendered\train\AMZN_1h_1729701000_1732548600_42.png,train,AMZN,1h,2024-10-23T16:30:00+00:00,2024-11-25T15:30:00+00:00,160,0.0005419200200873211,0.008783841625846136,0.004382748675747745,1.6025395829353268,0.279630200649572,0.01612490526606547,0.010386716783013616,-0.004669416172914387,0.011523203746024224,0.007534185528438764,-0.00965439908872967,0.4093636416681147,0.2641720961548504,0.2807808860553358,0.3098554722765495,0.4625,0.53125,15.0,12.0,10.214285714285714,12.818181818181818,8.37031841025667,7.76893492235943,0.9829499290037741,0.03739338894377674,35.0,0.9876596035752134,0.04206462111180968,26.0,0.013588902740414108,1.0,-0.17089369944211685,-0.0024609223053524425,1.0,529.0,7.453681794592023,64.83072581318874,717.0,0.22684310018903592,0.4839319470699433,0.2892249527410208,0.0,0.0,0.0,0.0,0.0,0.0,0.0,0.0,0.0,0.0,0.0,1.0,5.122462680310219,1.0,4.986782782577528,0,0,1,1
AMZN_1h_1730226600_1731961800_42.png,C:\Users\afierro\CV_chart_pattern_detector\data\images\rendered\train\AMZN_1h_1730226600_1731961800_42.png,train,AMZN,1h,2024-10-29T18:30:00+00:00,2024-11-18T20:30:00+00:00,100,0.0005783793667889839,0.010074710762235978,0.00477974808380996,1.5785653194420626,0.31378619186802553,-0.003925038161139871,0.004181999080643983,-0.05015309088374509,-0.002788344382359753,-0.018573834447792925,-0.029067920596352437,0.41073424210268883,0.26057680633744695,0.2848224489649146,0.3044433089323966,0.44,0.55,9.0,6.0,11.125,15.4,6.507680644447565,7.77672387464727,0.9829499290037741,0.03739338894377674,35.0,0.0,0.0,0.0,0.008139551513609577,1.0,-0.10912763176559698,-0.010849117678701389,1.0,254.0,-1.051185364798298,70.21503464221895,659.0,0.27165354330708663,0.3858267716535433,0.3425196850393701,0.0,0.0,0.0,0.0,0.0,0.0,0.0,0.0,0.0,0.0,0.0,1.0,5.1983265034020345,0.0,0.0,0,0,1,0
AMZN_1h_1730385000_1732120200_42.png,C:\Users\afierro\CV_chart_pattern_detector\data\images\rendered\train\AMZN_1h_1730385000_1732120200_42.png,train,AMZN,1h,2024-10-31T14:30:00+00:00,2024-11-20T16:30:00+00:00,100,0.0007908351519655152,0.009761541842007535,0.004597147553579268,1.6593682392222695,0.24072544719892902,-0.0129857845845186,-0.000991949970666095,0.002787999387095841,-0.007294309826479828,-0.005735939066134899,-0.02521439010796256,0.40373956750955814,0.26391224441861655,0.3033619078771095,0.2928985246133323,0.48,0.51,9.0,7.0,11.125,14.0,5.133236965154637,7.207740862611166,0.9829499290037741,0.03739338894377674,35.0,0.0,0.0,0.0,0.011269269952344192,1.0,-0.1811092923497537,-0.007054130986894584,1.0,304.0,-3.7796100325098165,70.4609887725816,667.0,0.24671052631578946,0.3782894736842105,0.375,0.0,0.0,0.0,0.0,0.0,0.0,0.0,0.0,0.0,0.0,0.0,1.0,4.951391590591036,0.0,0.0,0,0,1,0
AMZN_1h_1730385000_1733333400_42.png,C:\Users\afierro\CV_chart_pattern_detector\data\images\rendered\train\AMZN_1h_1730385000_1733333400_42.png,train,AMZN,1h,2024-10-31T14:30:00+00:00,2024-12-04T17:30:00+00:00,160,0.0009885230766341698,0.00883468550173437,0.004573242118016175,1.687825582997385,0.2138208021433299,0.019727245128320137,0.021306519838180105,0.0538968139189413,0.011910636545091169,0.02380800126251481,0.0534940526887846,0.42760943080962843,0.2592421551638637,0.2960270271244135,0.27636354206595815,0.5,0.4875,15.0,13.0,10.642857142857142,11.833333333333334,5.643663922388248,6.307954895917823,0.9829499290037741,0.03739338894377674,35.0,0.9314257814220213,0.04628366428043893,43.0,0.013641584536564446,1.0,0.17876725123066198,-0.0075137609150945205,1.0,646.0,-2.6981467140532867,65.2601156664256,713.0,0.1996904024767802,0.39164086687306504,0.4086687306501548,0.0,0.0,0.0,0.0,0.0,0.0,0.0,0.0,0.0,0.0,0.0,1.0,4.870055218937234,1.0,5.714816300493549,0,0,1,1
AMZN_1h_1730482200_1732217400_42.png,C:\Users\afierro\CV_chart_pattern_detector\data\images\rendered\train\AMZN_1h_1730482200_1732217400_42.png,train,AMZN,1h,2024-11-01T17:30:00+00:00,2024-11-21T19:30:00+00:00,100,4.199336628223517e-05,0.006809395978951916,0.004208386318764745,1.5490346866545166,0.27461603469548784,0.0006967655667688977,-0.012624476395953432,-0.014044186160561023,-0.004444459048734473,-0.012417680465695247,-0.03109462150131581,0.4254473641664474,0.27624580193065096,0.2928345917882099,0.28171804404534256,0.5,0.49,9.0,7.0,10.125,13.666666666666666,4.756077906330965,4.05895059537441,0.9408188634856293,0.043515545835071695,35.0,0.0,0.0,0.0,0.013588902740414108,1.0,-0.31069460059414333,0.006737671118143141,1.0,612.0,-9.535952588214593,69.194693992044,754.0,0.16666666666666666,0.35784313725490197,0.47549019607843135,0.0,0.0,0.0,0.0,0.0,0.0,0.0,0.0,0.0,0.0,0.0,1.0,6.018033243625599,0.0,0.0,0,0,1,0
AMZN_1h_1730817000_1732548600_42.png,C:\Users\afierro\CV_chart_pattern_detector\data\images\rendered\train\AMZN_1h_1730817000_1732548600_42.png,train,AMZN,1h,2024-11-05T14:30:00+00:00,2024-11-25T15:30:00+00:00,100,0.0002109678489974724,0.006953478314725854,0.004307301892209702,1.6553126522502382,0.22535112565614038,0.01612490526606547,0.010386716783013616,-0.004669416172914387,0.011523203746024224,0.007534185528438764,-0.00965439908872967,0.43823445291640156,0.2692962758664017,0.2905631094154975,0.27120243766810104,0.51,0.49,9.0,7.0,10.0,13.166666666666666,4.8290705518602195,3.57791805495152,0.9829499290037741,0.03739338894377674,35.0,0.0,0.0,0.0,0.013588902740414108,1.0,-0.24523608149314252,0.010179761606968532,1.0,393.0,-19.25445795286703,67.49503058575776,684.0,0.21628498727735368,0.26208651399491095,0.5216284987277354,0.0,0.0,0.0,0.0,0.0,0.0,0.0,0.0,0.0,0.0,0.0,1.0,4.963210888647513,0.0,0.0,0,0,1,0
AMZN_1h_1731011400_1734017400_42.png,C:\Users\afierro\CV_chart_pattern_detector\data\images\rendered\train\AMZN_1h_1731011400_1734017400_42.png,train,AMZN,1h,2024-11-07T20:30:00+00:00,2024-12-12T15:30:00+00:00,160,0.000590940864536059,0.006520809782805992,0.004082765008187849,1.604549421171253,0.2851998630548643,0.0002390713870477068,0.022185256546234156,0.0044736783219168075,0.0024938348367544716,0.008053809500880416,0.029491220371467675,0.43731457052025496,0.2657233255563138,0.291916044990021,0.270769384489724,0.51875,0.46875,13.0,14.0,10.416666666666666,10.615384615384615,9.53002949870628,10.316903722630022,0.0,0.0,0.0,0.0,0.0,0.0,0.013641584536564446,1.0,0.4048849527007606,0.008263483162380472,1.0,794.0,9.750625427709119,60.98245538740995,741.0,0.15994962216624686,0.5403022670025189,0.29974811083123426,0.0,0.0,0.0,0.0,0.0,0.0,0.0,0.0,0.0,0.0,0.0,0.0,0.0,0.0,0.0,0,0,0,0
AMZN_1h_1731695400_1734640200_42.png,C:\Users\afierro\CV_chart_pattern_detector\data\images\rendered\train\AMZN_1h_1731695400_1734640200_42.png,train,AMZN,1h,2024-11-15T18:30:00+00:00,2024-12-19T20:30:00+00:00,160,0.0006868542604495479,0.006506074203531151,0.0042131909746754995,1.720970663772316,0.1796710695445766,-0.005433830688531982,-0.02124392620038751,-0.033708552235973355,-0.00481600164203666,-0.019188316568729213,-0.024046998158631427,0.4506989257112274,0.26903253827995327,0.272617157761118,0.2766839165276546,0.5375,0.45,15.0,16.0,10.785714285714286,9.666666666666666,11.924276987535094,11.465624964275122,0.0,0.0,0.0,0.0,0.0,0.0,0.01085523992961134,1.0,0.07711166385412835,-0.009056376261402264,1.0,715.0,28.180415578238613,54.80143152041572,750.0,0.17202797202797201,0.676923076923077,0.15104895104895105,0.0,0.0,0.0,0.0,0.0,0.0,0.0,0.0,0.0,0.0,0.0,0.0,0.0,0.0,0.0,0,0,0,0
AMZN_1h_1732552200_1735659000_42.png,C:\Users\afierro\CV_chart_pattern_detector\data\images\rendered\train\AMZN_1h_1732552200_1735659000_42.png,train,AMZN,1h,2024-11-25T16:30:00+00:00,2024-12-31T15:30:00+00:00,160,0.0006689734656169625,0.00654057935735111,0.004180596524758093,1.7097497212939978,0.17586243492014184,-0.006351013189529575,-0.01469468620796699,-0.032222689616780764,-0.0033006899378122956,-0.01046510941063139,-0.01700533403944038,0.47117160943614633,0.2689924369531702,0.2730659239873027,0.2557624665765509,0.5625,0.425,17.0,17.0,9.0625,8.625,7.809916225092934,7.131328351606503,0.0,0.0,0.0,0.0,0.0,0.0,0.01319154173845928,1.0,-0.10827947706892069,-0.0010541316538722955,1.0,434.0,2.2488435475232964,68.14522923274718,717.0,0.2534562211981567,0.42626728110599077,0.32027649769585254,0.0,0.0,0.0,0.0,0.0,0.0,0.0,0.0,0.0,0.0,0.0,0.0,0.0,0.0,0.0,0,0,0,0
AMZN_1h_1733337000_1736368200_42.png,C:\Users\afierro\CV_chart_pattern_detector\data\images\rendered\train\AMZN_1h_1733337000_1736368200_42.png,train,AMZN,1h,2024-12-04T18:30:00+00:00,2025-01-08T20:30:00+00:00,160,0.00014016773195699354,0.006342948683186566,0.004214437998178355,1.6652608844234287,0.28522291019642365,0.007480999154595658,-0.0050595040859312546,-0.027186724038431365,0.0007888724039655237,-0.0076609752525576,-0.002102049870777667,0.46314303788797123,0.2733235113899341,0.2572224882002206,0.2796344739118083,0.55625,0.4375,16.0,16.0,9.266666666666667,9.733333333333333,3.362707659846414,3.246318732751679,0.0,0.0,0.0,0.0,0.0,0.0,0.01319154173845928,1.0,-0.035030596948148626,-0.003406552566911075,1.0,1972.0,-13.81491426011249,62.52416840738396,738.0,0.14705882352941177,0.31490872210953347,0.5380324543610547,0.0,0.0,0.0,0.0,0.0,0.0,0.0,0.0,0.0,0.0,0.0,0.0,0.0,0.0,0.0,0,0,0,0
AMZN_1h_1734021000_1737138600_42.png,C:\Users\afierro\CV_chart_pattern_detector\data\images\rendered\train\AMZN_1h_1734021000_1737138600_42.png,train,AMZN,1h,2024-12-12T16:30:00+00:00,2025-01-17T18:30:00+00:00,160,-9.163062919099922e-05,0.006648151542052901,0.004520783454544478,1.771275809113297,0.2547521061822804,0.008242868273287574,0.014208122051932337,0.03625220092163706,0.010855884843723462,0.013181770265496162,0.02170532362103228,0.4782426611020464,0.27239132941855293,0.23964244819998398,0.2821148906979697,0.525,0.475,18.0,16.0,7.705882352941177,9.866666666666667,3.8028423250973407,3.8525963782710555,0.0,0.0,0.0,0.9825553555097709,0.02259562549472906,32.0,0.015267329818152731,1.0,-0.01505894846498092,0.0004314604258194599,1.0,1853.0,-21.813821125564484,60.61995325268463,762.0,0.12304371289800324,0.26227738801942796,0.6146788990825688,0.0,0.0,0.0,0.0,0.0,0.0,0.0,0.0,0.0,0.0,0.0,0.0,0.0,1.0,2.902489621488571,0,0,0,1
AMZN_1h_1734705000_1738081800_42.png,C:\Users\afierro\CV_chart_pattern_detector\data\images\rendered\train\AMZN_1h_1734705000_1738081800_42.png,train,AMZN,1h,2024-12-20T14:30:00+00:00,2025-01-28T16:30:00+00:00,160,0.0005146710642725214,0.006615695578741431,0.004494775084727588,2.0242967781036656,0.4663933270321971,0.03569893290734405,0.03895709186487917,0.03228427825994018,0.024930945763120382,0.02721835354423119,0.04229123174932359,0.47404303287155747,0.2803505258078293,0.25349885537632477,0.2724581117521178,0.5375,0.4625,19.0,15.0,7.777777777777778,9.857142857142858,5.291330819979377,5.896241311023928,0.0,0.0,0.0,0.9559517249071782,0.06482662026862566,51.0,0.015267329818152731,1.0,0.2840590454187404,-0.007124680940472313,1.0,698.0,4.919765877689536,64.65307011288193,776.0,0.20057306590257878,0.46275071633237824,0.336676217765043,0.0,0.0,0.0,0.0,0.0,0.0,0.0,0.0,0.0,0.0,0.0,0.0,0.0,1.0,7.265022321904599,0,0,0,1
AMZN_1h_1735662600_1738765800_42.png,C:\Users\afierro\CV_chart_pattern_detector\data\images\rendered\train\AMZN_1h_1735662600_1738765800_42.png,train,AMZN,1h,2024-12-31T16:30:00+00:00,2025-02-05T14:30:00+00:00,160,0.00047938398771666063,0.00645732360659855,0.004511592823875833,1.8703461086390933,0.28610976277381917,-0.016323431914892828,-0.0030298125374006446,-0.010464123713386786,-0.013307279666816108,-0.008112300366085345,-0.0010414863704840682,0.4558152285452225,0.2720876935047612,0.2512956529103886,0.29288911854438887,0.51875,0.48125,19.0,15.0,8.222222222222221,10.5,7.672463638219649,7.663448063882182,0.0,0.0,0.0,0.9559517249071782,0.06482662026862566,51.0,0.010723321170853516,1.0,0.12325977427379425,-0.0038231565361020966,1.0,690.0,29.96231471973917,51.768451267553544,746.0,0.20434782608695654,0.6681159420289855,0.12753623188405797,0.0,0.0,0.0,0.0,0.0,0.0,0.0,0.0,0.0,0.0,0.0,0.0,0.0,1.0,7.847750937571,0,0,0,1
AMZN_1h_1736519400_1739388600_42.png,C:\Users\afierro\CV_chart_pattern_detector\data\images\rendered\train\AMZN_1h_1736519400_1739388600_42.png,train,AMZN,1h,2025-01-10T14:30:00+00:00,2025-02-12T19:30:00+00:00,160,0.00034663145515963966,0.00667566520410688,0.00433654937156081,2.2337359113788806,0.6534253728370275,0.001067005428928347,-0.00854060400279355,-0.015821054489131736,-0.0050896060382497055,-0.008411110729722338,-0.02024237447364552,0.4533172198285603,0.2643875829029257,0.2623082114897738,0.284374568681666,0.5,0.5,20.0,16.0,7.842105263157895,9.8,7.156252131849112,6.330603388361893,0.9912339993134922,0.02802048366786589,53.0,0.9559517249071782,0.06482662026862566,51.0,0.021789910686766886,1.0,-0.10611019984020269,-0.0025279198596859557,1.0,498.0,21.69879086836275,57.5407460683891,710.0,0.26506024096385544,0.5682730923694779,0.16666666666666666,0.0,0.0,0.0,0.0,0.0,0.0,0.0,0.0,0.0,0.0,0.0,1.0,3.212309536888782,1.0,6.601229197789247,0,0,1,1
AMZN_1h_1737142200_1740159000_42.png,C:\Users\afierro\CV_chart_pattern_detector\data\images\rendered\train\AMZN_1h_1737142200_1740159000_42.png,train,AMZN,1h,2025-01-17T19:30:00+00:00,2025-02-21T17:30:00+00:00,160,-0.0002552141598682072,0.006547052697026098,0.00420863054281394,1.7902253188522903,0.35712957171780346,-0.030602133040047663,-0.029469937183360884,-0.038026174812636704,-0.021611399160432754,-0.030961906314342258,-0.04611805858633433,0.4469901472456977,0.2547616968402963,0.2718216595256798,0.28118819322862243,0.51875,0.475,21.0,18.0,7.55,8.470588235294118,4.994012651089994,4.326726953691577,0.9912339993134922,0.02802048366786589,53.0,0.0,0.0,0.0,0.021789910686766886,1.0,-0.20102990852853103,0.0002684376879202884,1.0,356.0,-5.71910627789042,64.2318468581714,710.0,0.3539325842696629,0.2808988764044944,0.3651685393258427,0.0,0.0,0.0,0.0,0.0,0.0,0.0,0.0,0.0,0.0,0.0,1.0,3.960381137182997,0.0,0.0,0,0,1,0
AMZN_1h_1738085400_1741015800_42.png,C:\Users\afierro\CV_chart_pattern_detector\data\images\rendered\train\AMZN_1h_1738085400_1741015800_42.png,train,AMZN,1h,2025-01-28T17:30:00+00:00,2025-03-03T15:30:00+00:00,160,-0.0008388258071319574,0.006876119051213062,0.004544982897426798,1.878463995007909,0.3035173147102567,0.0022454042610793312,-0.0007183658175077268,-0.02799513094782191,-0.004519771239388182,-0.013249502599286922,-0.025089180114064247,0.46333002145595364,0.2483237030609122,0.25592592798343106,0.28074405056061524,0.48125,0.5125,19.0,19.0,7.666666666666667,7.944444444444445,8.558278060103401,10.086306195071945,0.9328605819672542,0.04096191857562823,50.0,0.0,0.0,0.0,0.010566218434910124,1.0,-0.29133522652484267,-0.012128269766523845,1.0,734.0,-25.435972395726054,60.74757436073547,742.0,0.1784741144414169,0.1989100817438692,0.6226158038147139,0.0,0.0,0.0,0.0,0.0,0.0,0.0,0.0,0.0,0.0,0.0,1.0,5.094235181258839,0.0,0.0,0,0,1,0
AMZN_1h_1738769400_1741635000_42.png,C:\Users\afierro\CV_chart_pattern_detector\data\images\rendered\train\AMZN_1h_1738769400_1741635000_42.png,train,AMZN,1h,2025-02-05T15:30:00+00:00,2025-03-10T19:30:00+00:00,160,-0.0011686778243834859,0.008298245257109118,0.005516862999900841,2.087907058959568,0.5043406833734477,0.00526752879403003,-0.028327565635412166,-0.04501191036649166,-0.003431406706452589,-0.012714520809748997,-0.04091841881445368,0.4614473496523872,0.25502513074079136,0.25288633987348996,0.2856663104741227,0.4875,0.50625,19.0,17.0,7.666666666666667,8.9375,10.545745908180772,12.670967607091033,0.9384707607486706,0.08444686386961756,60.0,0.0,0.0,0.0,0.018729179919118336,1.0,-0.26549493992658335,-0.011893013707785068,1.0,409.0,-28.87286599836606,54.07952636710434,710.0,0.24205378973105135,0.13202933985330073,0.6259168704156479,0.0,0.0,0.0,0.0,0.0,0.0,0.0,0.0,0.0,0.0,0.0,1.0,8.980540497436163,0.0,0.0,0,0,1,0
AMZN_1h_1739392200_1742319000_42.png,C:\Users\afierro\CV_chart_pattern_detector\data\images\rendered\train\AMZN_1h_1739392200_1742319000_42.png,train,AMZN,1h,2025-02-12T20:30:00+00:00,2025-03-18T17:30:00+00:00,160,-0.0010500385739178589,0.008519077676175917,0.00610191651206033,2.2467781575886603,0.5888552182710933,0.009144717797974877,-0.01103159533978948,-0.006936213683161996,-0.008387650297363325,-0.01457445839345306,-0.016670788201827214,0.4805122133971099,0.2611316380681123,0.24975463246546914,0.26973315413742094,0.48125,0.5125,16.0,18.0,9.666666666666666,8.941176470588236,10.879015144682278,13.164259578160266,0.9384707607486706,0.08444686386961756,60.0,0.0,0.0,0.0,0.018729179919118336,1.0,-0.1552672737146605,0.018944765737971565,1.0,1181.0,-25.616432406052404,58.983338232061385,709.0,0.12701100762066045,0.21591871295512277,0.6570702794242168,0.0,0.0,0.0,0.0,0.0,0.0,0.0,0.0,0.0,0.0,0.0,1.0,8.360948596360648,0.0,0.0,0,0,1,0
AMZN_1h_1740162600_1743003000_42.png,C:\Users\afierro\CV_chart_pattern_detector\data\images\rendered\train\AMZN_1h_1740162600_1743003000_42.png,train,AMZN,1h,2025-02-21T18:30:00+00:00,2025-03-26T15:30:00+00:00,160,-0.0003233262338299509,0.008901293107654052,0.006272016728337982,2.3898085864254854,0.4277406754637195,-0.011256823457950316,-0.010919398946225622,0.03851564374400196,-0.008056860791708975,0.002008160216062427,0.02660862364140093,0.4781458266336253,0.26479791985089424,0.26670661192995826,0.2551475614364165,0.51875,0.48125,13.0,15.0,12.5,9.285714285714286,6.763169521321695,7.994035464386372,0.9535294542896965,0.07733453884688271,32.0,0.0,0.0,0.0,0.019000038604640446,1.0,0.08193522639750786,0.00607433338235381,1.0,1090.0,-22.370648082407243,58.60608934398585,743.0,0.15871559633027524,0.21651376146788992,0.6247706422018349,0.0,0.0,0.0,0.0,0.0,0.0,0.0,0.0,0.0,0.0,0.0,1.0,7.072984541083044,0.0,0.0,0,0,1,0
BTC-USD_1h_1700006400_1700578800_42.png,C:\Users\afierro\CV_chart_pattern_detector\data\images\rendered\train\BTC-USD_1h_1700006400_1700578800_42.png,train,BTC-USD,1h,2023-11-15T00:00:00+00:00,2023-11-21T15:00:00+00:00,160,0.0002655764300916528,0.0042354087872764614,0.0028372257746606512,224.2663842050444,68.54650991210542,-0.005378081004503876,-0.010568376006623525,-0.015277497031188081,-0.005242413888657205,-0.008972561086456499,-0.006023114369149818,0.4283249753999498,0.2740390000486607,0.26026887495440676,0.31140614964564356,0.5,0.5,16.0,14.0,9.4,11.384615384615385,521.2603546273689,665.7596647592951,0.9960228579214961,0.01281233765680751,27.0,0.9775042357050984,0.03007550514832888,72.0,0.005924773723293943,1.0,14.042927332395916,-0.006413606880938018,1.0,1202.0,18.20215839702952,57.11709643582689,780.0,0.18302828618968386,0.5507487520798668,0.26622296173044924,0.0,0.0,0.0,0.0,0.0,0.0,0.0,0.0,0.0,0.0,0.0,1.0,2.2448254255440387,1.0,5.125721454110125,0,0,1,1
BTC-USD_1h_1700150400_1700722800_42.png,C:\Users\afierro\CV_chart_pattern_detector\data\images\rendered\train\BTC-USD_1h_1700150400_1700722800_42.png,train,BTC-USD,1h,2023-11-16T16:00:00+00:00,2023-11-23T07:00:00+00:00,160,0.00014602540880656443,0.004251130072673,0.0029065710454841006,236.71253936494605,68.87745710249001,0.0018638224607228082,-0.0020480212786980756,0.022202533321443285,0.0005003678529680311,0.0068431350363209464,0.012804164231404291,0.4429528769587498,0.2734559613500606,0.2590616830066267,0.29798544003462346,0.5,0.5,16.0,14.0,9.266666666666667,10.692307692307692,448.31695044493983,520.1336831404448,0.9823927450071281,0.019345490896623126,73.0,0.9775042357050984,0.03007550514832888,72.0,0.006938151141159938,1.0,-5.676527543366103,-0.009640710869014725,1.0,604.0,17.47847192453233,59.905427240952825,744.0,0.31125827814569534,0.49503311258278143,0.19370860927152317,0.0,0.0,0.0,0.0,0.0,0.0,0.0,0.0,0.0,0.0,0.0,1.0,3.303422039400012,1.0,4.869981327405779,0,0,1,1
BTC-USD_1h_1700294400_1700866800_42.png,C:\Users\afierro\CV_chart_pattern_detector\data\images\rendered\train\BTC-USD_1h_1700294400_1700866800_42.png,train,BTC-USD,1h,2023-11-18T08:00:00+00:00,2023-11-24T23:00:00+00:00,160,0.00022307222701379515,0.004092323172131067,0.002759904767994395,212.641398717126,74.91134151425169,-0.001391194380358507,-0.0020679132889427354,0.00978820820391979,-0.0026166207264045616,0.0007759724413820557,0.006681543892221642,0.44040503424917654,0.26880873187624493,0.27700134281349154,0.28259362293733187,0.50625,0.49375,13.0,14.0,11.75,10.461538461538462,431.89688796417147,501.16710393218665,0.9823927450071281,0.019345490896623126,73.0,0.9909808586657473,0.023211738386017096,49.0,0.012242293893710619,1.0,17.64743588842037,0.021224239574405748,1.0,652.0,18.92330840833348,60.79367967268025,751.0,0.25920245398773006,0.5153374233128835,0.2254601226993865,0.0,0.0,0.0,0.0,0.0,0.0,88.16630592214658,5.538330378741744,0.8627202117743905,0.0,56.0,1.0,3.6473218786196884,1.0,4.163835623664151,0,1,1,1
BTC-USD_1h_1700438400_1701010800_42.png,C:\Users\afierro\CV_chart_pattern_detector\data\images\rendered\train\BTC-USD_1h_1700438400_1701010800_42.png,train,BTC-USD,1h,2023-11-20T00:00:00+00:00,2023-11-26T15:00:00+00:00,160,3.1008233660207616e-05,0.003953931213060458,0.0025772020887243736,223.76018036756787,72.34202642680927,-0.006427930872407117,-0.009239344597225085,-0.00931170692839367,-0.00535941179046151,-0.006849763872506798,-0.008099082865941631,0.43486101232417573,0.2653279121301976,0.256901405754713,0.3082375819211113,0.49375,0.50625,13.0,16.0,11.75,9.466666666666667,355.68580514584494,529.7620443707337,0.9933554817275747,0.016295548172757544,24.0,0.0,0.0,0.0,0.012242293893710619,1.0,5.922339428035875,0.00867630688049576,1.0,482.0,18.933605499411026,61.79302077707012,709.0,0.2883817427385892,0.5020746887966805,0.2095435684647303,0.0,0.0,0.0,0.0,0.0,0.0,88.16630592214658,5.5383303787450675,0.8627202117743962,0.0,56.0,1.0,2.8273491742653896,0.0,0.0,0,1,1,0
BTC-USD_1h_1700582400_1701154800_42.png,C:\Users\afierro\CV_chart_pattern_detector\data\images\rendered\train\BTC-USD_1h_1700582400_1701154800_42.png,train,BTC-USD,1h,2023-11-21T16:00:00+00:00,2023-11-28T07:00:00+00:00,160,-7.987956159500986e-06,0.003792573041863717,0.0024664731197689086,227.4683946270614,105.16443698097798,-0.0006585049755504224,0.0005900241160221587,0.003610878725595068,-0.0004098024796228561,0.002352773372640282,-0.004616841929679594,0.4382385712700307,0.2641587124582183,0.26526588263163,0.2964955460983393,0.4875,0.5125,12.0,14.0,12.272727272727273,10.846153846153847,384.45680576265244,564.0980614242095,0.9825109634725979,0.02243848638428621,55.0,0.0,0.0,0.0,0.006528162200724787,1.0,-12.194822315986693,-0.009869352171455391,1.0,550.0,8.639995375329798,64.81737678460388,710.0,0.25272727272727274,0.4636363636363636,0.28363636363636363,0.0,0.0,0.0,0.0,0.0,0.0,0.0,0.0,0.0,0.0,0.0,1.0,3.956477911583888,0.0,0.0,0,0,1,0
BTC-USD_1h_1700726400_1701298800_42.png,C:\Users\afierro\CV_chart_pattern_detector\data\images\rendered\train\BTC-USD_1h_1700726400_1701298800_42.png,train,BTC-USD,1h,2023-11-23T08:00:00+00:00,2023-11-29T23:00:00+00:00,160,6.450112454794097e-05,0.003255806847300278,0.0022822111913112756,182.54010369602616,47.79391579892012,-0.0005164465520063333,0.0008150950419854031,-0.0020357556945533872,0.0014735333068318646,-0.0027746600194531457,0.004634056992196767,0.4344754365706853,0.2612861510470367,0.25542085943346937,0.3101037039958453,0.51875,0.48125,12.0,16.0,12.545454545454545,9.933333333333334,384.7741202848397,391.56660746449086,0.9825109634725979,0.02243848638428621,55.0,0.9740791527383713,0.027474936463041392,31.0,0.007545101656299495,1.0,12.128782934833533,-0.00020372335662280694,1.0,2856.0,1.4509753808170474,62.334490966298674,745.0,0.12570028011204482,0.46043417366946776,0.41386554621848737,0.0,0.0,0.0,0.0,0.0,0.0,0.0,0.0,0.0,0.0,0.0,1.0,4.881053547679151,1.0,5.710209575583239,0,0,1,1
BTC-USD_1h_1700870400_1701442800_42.png,C:\Users\afierro\CV_chart_pattern_detector\data\images\rendered\train\BTC-USD_1h_1700870400_1701442800_42.png,train,BTC-USD,1h,2023-11-25T00:00:00+00:00,2023-12-01T15:00:00+00:00,160,0.00011970085767766544,0.0030924418448556625,0.0022188305653632573,168.70604625766182,54.20103457532106,-0.004320095012541381,0.00521454965859558,0.018090193353253348,0.00018387542213615937,0.007018615786476667,0.012718650579519597,0.4365900332233763,0.25868063227838245,0.2448237706496097,0.318586196127014,0.5125,0.4875,13.0,16.0,11.166666666666666,9.333333333333334,426.6325653271594,370.57267731849925,0.9962980591252842,0.015640171346977715,26.0,0.9740791527383713,0.027474936463041392,31.0,0.007545101656299495,1.0,6.803292662916253,0.006510439942342051,1.0,2192.0,9.902823653126502,63.81432130485987,760.0,0.08667883211678833,0.5479014598540146,0.3654197080291971,0.0,0.0,0.0,0.0,0.0,0.0,0.0,0.0,0.0,0.0,0.0,1.0,3.600525311939813,1.0,6.169208487629763,0,0,1,1
BTC-USD_1h_1701014400_1701586800_42.png,C:\Users\afierro\CV_chart_pattern_detector\data\images\rendered\train\BTC-USD_1h_1701014400_1701586800_42.png,train,BTC-USD,1h,2023-11-26T16:00:00+00:00,2023-12-03T07:00:00+00:00,160,0.0003751653191018262,0.003368001825605445,0.00238738666138473,207.93230550860844,43.79661656580382,0.002478599511288593,0.003296398054233096,0.01802541020172943,0.0014776586884934773,0.006636956314594045,0.015711597093355012,0.4363481689976668,0.2562674722303753,0.27033627443031755,0.2933155565720157,0.525,0.475,16.0,18.0,9.466666666666667,8.352941176470589,669.8329829187724,765.2907296109087,0.0,0.0,0.0,0.9740791527383713,0.027474936463041392,31.0,0.007234320337042186,1.0,24.260247421472314,0.0006792650801921718,1.0,583.0,14.262431405114064,65.14228931290607,731.0,0.18696397941680962,0.5403087478559176,0.2727272727272727,0.0,0.0,0.0,0.0,0.0,0.0,0.0,0.0,0.0,0.0,0.0,0.0,0.0,1.0,5.026658263396244,0,0,0,1
BTC-USD_1h_1701158400_1701730800_42.png,C:\Users\afierro\CV_chart_pattern_detector\data\images\rendered\train\BTC-USD_1h_1701158400_1701730800_42.png,train,BTC-USD,1h,2023-11-28T08:00:00+00:00,2023-12-04T23:00:00+00:00,160,0.0008139463620855841,0.003918581927381268,0.0028207682623311863,205.1331220066192,54.267263131440984,9.09799348756124e-05,0.008288204873801552,0.026515629323891288,0.005475928928625917,0.007960761084295553,0.03759858800146665,0.46343766007202836,0.2585431973049439,0.26587310918259704,0.2706892307453746,0.5625,0.4375,14.0,18.0,10.538461538461538,8.0,1053.915997773668,959.0874593874754,0.0,0.0,0.0,0.9700429147604251,0.019959706362111362,46.0,0.00980804756647476,1.0,45.79127168307561,-0.020351437367976486,1.0,435.0,13.218386410570693,66.52270015691188,712.0,0.23448275862068965,0.5011494252873563,0.26436781609195403,0.0,0.0,0.0,0.0,0.0,0.0,0.0,0.0,0.0,0.0,0.0,0.0,0.0,1.0,3.942577234045714,0,0,0,1
BTC-USD_1h_1701302400_1701874800_42.png,C:\Users\afierro\CV_chart_pattern_detector\data\images\rendered\train\BTC-USD_1h_1701302400_1701874800_42.png,train,BTC-USD,1h,2023-11-30T00:00:00+00:00,2023-12-06T15:00:00+00:00,160,0.0009368221072442278,0.004115801982261632,0.002959424996161187,228.02904016022762,94.82984382494212,-0.0012320021277756332,0.0026140893370067975,0.00012380144441115348,-0.0025511656338632616,-0.0026783606849565267,0.023803480013370848,0.45506530238829257,0.2521054581045887,0.26064824706246725,0.28428645054924023,0.55,0.45,15.0,16.0,10.785714285714286,9.466666666666667,2127.09317838991,1642.114072499228,0.0,0.0,0.0,0.9273265762555299,0.04673886859303351,58.0,0.00980804756647476,1.0,62.654784927332535,-0.00047113857442969247,1.0,582.0,18.642607613220246,63.83871027435708,709.0,0.17525773195876287,0.584192439862543,0.24054982817869416,0.0,0.0,0.0,0.0,0.0,0.0,0.0,0.0,0.0,0.0,0.0,0.0,0.0,1.0,8.443040396119104,0,0,0,1
BTC-USD_1h_1701446400_1702018800_42.png,C:\Users\afierro\CV_chart_pattern_detector\data\images\rendered\train\BTC-USD_1h_1701446400_1702018800_42.png,train,BTC-USD,1h,2023-12-01T16:00:00+00:00,2023-12-08T07:00:00+00:00,160,0.0006789237789918016,0.0040952338826631424,0.002977842900536321,298.99614567047354,86.36332245773251,-0.004611906882832861,0.0006957066023738356,-0.005574778842609596,-0.004178545766966191,-0.004874387667130886,-0.010859294054525015,0.4585944724766568,0.25117815772133306,0.2639667979509014,0.2774387295724418,0.5625,0.4375,14.0,16.0,11.461538461538462,9.533333333333333,2134.0858192985397,1950.7689077762343,0.0,0.0,0.0,0.9273265762555299,0.04673886859303351,58.0,0.006893468973023464,1.0,17.694277074543166,0.010923374951910234,1.0,693.0,24.55555166327764,58.57737640458486,710.0,0.16161616161616163,0.6479076479076479,0.19047619047619047,0.0,0.0,0.0,0.0,0.0,0.0,0.0,0.0,0.0,0.0,0.0,0.0,0.0,1.0,6.489133834544556,0,0,0,1
BTC-USD_1h_1701590400_1702162800_42.png,C:\Users\afierro\CV_chart_pattern_detector\data\images\rendered\train\BTC-USD_1h_1701590400_1702162800_42.png,train,BTC-USD,1h,2023-12-03T08:00:00+00:00,2023-12-09T23:00:00+00:00,160,0.0006625505587017603,0.004228783012557685,0.003198869039722419,276.4557477881989,77.45737795387832,-0.004798928340268405,-0.0050523971687639335,-0.011719574841551395,-0.0050046353041397484,-0.005884345704210037,-0.0022022192454642653,0.46040438617661844,0.25352853934861364,0.2743459892234916,0.26524962459989,0.55625,0.44375,15.0,15.0,10.642857142857142,10.642857142857142,1277.312832367841,1522.160121079981,0.0,0.0,0.0,0.9496837317597772,0.04065382978770805,43.0,0.006793217980575247,1.0,5.243437529301583,0.0014134753213125317,1.0,551.0,20.73320799243861,62.22306074021707,710.0,0.1996370235934664,0.588021778584392,0.21234119782214156,0.0,0.0,0.0,0.0,0.0,0.0,0.0,0.0,0.0,0.0,0.0,0.0,0.0,1.0,6.096988901490085,0,0,0,1
BTC-USD_1h_1701734400_1702306800_42.png,C:\Users\afierro\CV_chart_pattern_detector\data\images\rendered\train\BTC-USD_1h_1701734400_1702306800_42.png,train,BTC-USD,1h,2023-12-05T00:00:00+00:00,2023-12-11T15:00:00+00:00,160,-8.631819320121565e-06,0.004340194788382695,0.002883861731053996,272.45286230815566,76.1241501748052,-0.012766150395297937,-0.007751246142891022,-0.04905754116070493,-0.008171802015874419,-0.018866247961219718,-0.03584785263114787,0.4368205787799736,0.2537684914498779,0.27738929297858406,0.28579012824144223,0.525,0.475,16.0,14.0,9.933333333333334,10.692307692307692,662.6790997899648,722.8720655690755,0.9836199570199798,0.016466652592604658,42.0,0.0,0.0,0.0,0.006793217980575247,1.0,-19.631340131270377,-0.004383775373096792,1.0,1205.0,-1.5518721488501521,67.82640829761944,732.0,0.16099585062240665,0.41327800829875516,0.42572614107883816,0.0,0.0,0.0,0.0,0.0,0.0,0.0,0.0,0.0,0.0,0.0,1.0,2.832383466517781,0.0,0.0,0,0,1,0
BTC-USD_1h_1701878400_1702450800_42.png,C:\Users\afierro\CV_chart_pattern_detector\data\images\rendered\train\BTC-USD_1h_1701878400_1702450800_42.png,train,BTC-USD,1h,2023-12-06T16:00:00+00:00,2023-12-13T07:00:00+00:00,160,-0.0003942224322373144,0.004713128154545128,0.0031916956721846066,281.6786211825312,79.84981548427379,0.0070025589428781565,-0.002787519827699092,-0.017556037647798783,0.0006412190458240374,-0.00229384763560736,-0.009768013832049616,0.45866256054557,0.2660706583212312,0.26813323623287993,0.27320420322155015,0.5,0.5,17.0,16.0,9.25,10.066666666666666,972.8966612684341,1257.0764967002808,0.9617763683647739,0.03130587056074734,45.0,0.0,0.0,0.0,0.009407267606033172,1.0,-43.40457454289738,-0.00834836069051055,1.0,377.0,-13.968175074940335,63.47872173490578,718.0,0.32360742705570295,0.22546419098143236,0.4509283819628647,0.0,0.0,0.0,0.0,0.0,0.0,86.41295884979404,1.275575239724556,0.9828818523484207,0.0,75.0,1.0,4.976994204952308,0.0,0.0,0,1,1,0
BTC-USD_1h_1702022400_1702594800_42.png,C:\Users\afierro\CV_chart_pattern_detector\data\images\rendered\train\BTC-USD_1h_1702022400_1702594800_42.png,train,BTC-USD,1h,2023-12-08T08:00:00+00:00,2023-12-14T23:00:00+00:00,160,-1.4223493017427164e-05,0.00520503594632634,0.0035317076068783013,291.34647660184123,90.236956042968,-0.001667744539685434,0.008602916870822597,0.007301970316824669,0.003219344112299183,0.00318817300010954,0.019030954838219705,0.46604959183632444,0.2722693897214749,0.2528344028860684,0.28111600527760716,0.49375,0.50625,18.0,16.0,8.647058823529411,9.466666666666667,1020.2789028884807,1255.196987022698,0.9617763683647739,0.03130587056074734,45.0,0.0,0.0,0.0,0.011131599275532632,1.0,25.46280473511478,0.0056410394034191996,1.0,593.0,-22.22766167397845,55.813081222441696,755.0,0.2596964586846543,0.18887015177065766,0.551433389544688,0.0,0.0,0.0,0.0,0.0,0.0,0.0,0.0,0.0,0.0,0.0,1.0,4.817270812261892,0.0,0.0,0,0,1,0
BTC-USD_1h_1702166400_1702738800_42.png,C:\Users\afierro\CV_chart_pattern_detector\data\images\rendered\train\BTC-USD_1h_1702166400_1702738800_42.png,train,BTC-USD,1h,2023-12-10T00:00:00+00:00,2023-12-16T15:00:00+00:00,160,-0.00015689152863761135,0.005128863253073683,0.0034906943565006566,302.3281416181113,88.55715612982283,0.0064256369710000705,0.009452660285913517,0.009094976528901677,0.006734301990185987,0.008786032892808215,0.002977409678298848,0.4625414365185754,0.2715969245555058,0.2338634609780046,0.3035951025034201,0.475,0.525,16.0,15.0,9.333333333333334,10.214285714285714,835.2975724180583,842.2470696295453,0.9637605873563072,0.030326094619097976,27.0,0.0,0.0,0.0,0.011131599275532632,1.0,1.2725802859824655,0.014422933446959232,1.0,2054.0,5.361728102520122,62.43650150245011,711.0,0.10370009737098344,0.49951314508276534,0.3967867575462512,0.0,0.0,0.0,0.0,0.0,0.0,0.0,0.0,0.0,0.0,0.0,1.0,4.4380358356663905,0.0,0.0,0,0,1,0
BTC-USD_1h_1702310400_1702882800_42.png,C:\Users\afierro\CV_chart_pattern_detector\data\images\rendered\train\BTC-USD_1h_1702310400_1702882800_42.png,train,BTC-USD,1h,2023-12-11T16:00:00+00:00,2023-12-18T07:00:00+00:00,160,-9.059523712367334e-05,0.004645326115409409,0.003415801191097645,316.87607848259904,83.53883662913408,0.0008542033130434223,-0.014186729616524008,-0.019623726019220467,-0.0017039429058242073,-0.01109919543583282,-0.019688163733612374,0.4599619453517817,0.2681580547599827,0.2268317320176701,0.31320632263054826,0.44375,0.55625,14.0,17.0,10.461538461538462,9.4375,606.7243452885472,684.8450529823981,0.9823458709820841,0.023448850441983846,66.0,0.0,0.0,0.0,0.003810364238402668,1.0,-15.624710970463932,-0.003056240406061567,1.0,971.0,5.42430008274151,63.1104936230662,731.0,0.20288362512873326,0.4624098867147271,0.33470648815653964,0.0,0.0,0.0,0.0,0.0,0.0,0.0,0.0,0.0,0.0,0.0,1.0,3.407342277164372,0.0,0.0,0,0,1,0
BTC-USD_1h_1702454400_1703026800_42.png,C:\Users\afierro\CV_chart_pattern_detector\data\images\rendered\train\BTC-USD_1h_1702454400_1703026800_42.png,train,BTC-USD,1h,2023-12-13T08:00:00+00:00,2023-12-19T23:00:00+00:00,160,0.0001624421891525328,0.0046171227225916146,0.003379804943372414,276.9913720902417,55.95181387296234,-0.0015580289622870724,-0.002148840737715152,-0.015038627521378078,-0.00047283443354406707,-0.008562384748076135,0.005487868270840579,0.46228854992856905,0.258009983311772,0.2438044097322387,0.2939070403391923,0.4625,0.5375,13.0,15.0,11.083333333333334,10.714285714285714,633.7353052717896,645.2744734658777,0.9823458709820841,0.023448850441983846,66.0,0.9741425012170118,0.03725072561171057,58.0,0.009783231673094495,1.0,8.175594233474149,-0.013402950735601875,1.0,933.0,-22.231516486451046,59.49937711975119,753.0,0.1982851018220793,0.21864951768488747,0.5830653804930332,0.0,0.0,0.0,0.0,0.0,0.0,0.0,0.0,0.0,0.0,0.0,1.0,3.8634161101343194,1.0,5.734673201155562,0,0,1,1
BTC-USD_1h_1702598400_1703170800_42.png,C:\Users\afierro\CV_chart_pattern_detector\data\images\rendered\train\BTC-USD_1h_1702598400_1703170800_42.png,train,BTC-USD,1h,2023-12-15T00:00:00+00:00,2023-12-21T15:00:00+00:00,160,0.00014646594760486903,0.004655190203051814,0.003402982164282023,278.0318347279649,56.63669811455178,-0.002449489661200621,0.0003640884184727966,0.008797283355071128,-0.00047759227805821425,0.003012069460020639,0.014808754818999681,0.45753483014231033,0.2497926030584728,0.25357633038513566,0.288888839472554,0.475,0.525,14.0,14.0,10.923076923076923,10.76923076923077,799.1150891777299,857.7984334805187,0.9859038693791954,0.021696095044610533,56.0,0.9598044349334789,0.04690151280505987,40.0,0.009783231673094495,1.0,30.884942686357316,0.009282383732158308,1.0,957.0,5.614415393665418,65.22154853084983,710.0,0.15673981191222572,0.4785788923719958,0.36468129571577845,0.0,0.0,0.0,0.0,0.0,0.0,73.30059906908002,7.146713130786575,0.2417698641883097,0.0,117.0,1.0,3.5376790314731976,1.0,7.12496105376023,0,1,1,1
BTC-USD_1h_1702742400_1703314800_42.png,C:\Users\afierro\CV_chart_pattern_detector\data\images\rendered\train\BTC-USD_1h_1702742400_1703314800_42.png,train,BTC-USD,1h,2023-12-16T16:00:00+00:00,2023-12-23T07:00:00+00:00,160,0.00015307288657528113,0.004717624992654022,0.0035119206665965713,293.51043341939055,48.72710576620904,0.0008245564821189877,-0.005426484018264843,-0.00012830544315767245,-0.0021089062236889777,-0.0023478387804851675,-0.004544410365743934,0.4693956579774536,0.24605701259229124,0.2567967795009552,0.2738075625215911,0.5,0.5,17.0,16.0,7.8125,9.6,908.2550950260784,1022.467559119963,0.0,0.0,0.0,0.9598044349334789,0.04690151280505987,40.0,0.00832719701509983,1.0,10.129144514767937,0.009783181564517046,1.0,1121.0,25.81533913384794,59.275516421030616,711.0,0.1471900089206066,0.647636039250669,0.20517395182872436,0.0,0.0,0.0,0.0,0.0,0.0,0.0,0.0,0.0,0.0,0.0,0.0,0.0,1.0,6.756889026310728,0,0,0,1
BTC-USD_1h_1702886400_1703458800_42.png,C:\Users\afierro\CV_chart_pattern_detector\data\images\rendered\train\BTC-USD_1h_1702886400_1703458800_42.png,train,BTC-USD,1h,2023-12-18T08:00:00+00:00,2023-12-24T23:00:00+00:00,160,0.00027872401490339015,0.004564698153770684,0.003229563773175654,274.1459042585325,71.4144083583321,-0.014364918025946527,-0.016798910489285057,-0.018342584429524855,-0.011535841059957086,-0.013237284741345334,-0.015037558361513437,0.45619844296113526,0.2396643722350039,0.2669298735642851,0.27687168347457963,0.5375,0.4625,20.0,16.0,7.526315789473684,8.266666666666667,619.5661874850422,450.12970371006423,0.9878956302314215,0.014528506722119451,56.0,0.0,0.0,0.0,0.006553591421002865,1.0,-3.341012306610104,0.004060820172907861,1.0,954.0,20.29559326965354,62.91639242071799,778.0,0.16037735849056603,0.59958071278826,0.240041928721174,0.0,0.0,0.0,0.0,0.0,0.0,0.0,0.0,0.0,0.0,0.0,1.0,2.54239098313034,0.0,0.0,0,0,1,0
BTC-USD_1h_1703030400_1703602800_42.png,C:\Users\afierro\CV_chart_pattern_detector\data\images\rendered\train\BTC-USD_1h_1703030400_1703602800_42.png,train,BTC-USD,1h,2023-12-20T00:00:00+00:00,2023-12-26T15:00:00+00:00,160,3.0002861940374045e-06,0.003935321355719709,0.002649418774104184,239.3311119715212,61.873061593059596,-0.006888748065797534,-0.0070032023540617105,-0.02364226818370263,-0.005789202591414133,-0.014844288565485808,-0.01949203074375616,0.4300128554064024,0.24064341490806795,0.2701328974018854,0.2998542471917121,0.53125,0.46875,20.0,18.0,7.842105263157895,8.058823529411764,367.3337411687086,323.5662947050202,0.9944032178310237,0.022847456268878706,62.0,0.0,0.0,0.0,0.002993816040819443,1.0,-11.66682348804489,-0.009808235925784756,1.0,971.0,-14.656030041979959,62.34642270955187,780.0,0.24407826982492276,0.28321318228630277,0.4727085478887745,0.0,0.0,0.0,0.0,0.0,0.0,0.0,0.0,0.0,0.0,0.0,1.0,4.418724662878398,0.0,0.0,0,0,1,0
BTC-USD_1h_1703174400_1703746800_42.png,C:\Users\afierro\CV_chart_pattern_detector\data\images\rendered\train\BTC-USD_1h_1703174400_1703746800_42.png,train,BTC-USD,1h,2023-12-21T16:00:00+00:00,2023-12-28T07:00:00+00:00,160,-8.425327310557229e-05,0.003329578505700531,0.002326615026800536,237.69390144955378,58.893155519177824,-0.0082758156771926,-0.006339239323595924,0.0031600734126928653,-0.006089016937978253,-0.0036103791961684673,0.006244558577970016,0.42003996400791116,0.2432868078643224,0.26664383542740666,0.31331620056468223,0.525,0.475,19.0,17.0,8.166666666666666,8.3125,418.8952908362239,539.8477789642145,0.9944032178310237,0.022847456268878706,62.0,0.0,0.0,0.0,0.0074584074573578255,1.0,-3.8999574542896704,-0.0029114976991482964,1.0,510.0,-27.956868116177766,59.3112281693659,742.0,0.27450980392156865,0.1607843137254902,0.5647058823529412,0.0,0.0,0.0,0.0,0.0,0.0,0.0,0.0,0.0,0.0,0.0,1.0,4.447607465154058,0.0,0.0,0,0,1,0
BTC-USD_1h_1703318400_1703890800_42.png,C:\Users\afierro\CV_chart_pattern_detector\data\images\rendered\train\BTC-USD_1h_1703318400_1703890800_42.png,train,BTC-USD,1h,2023-12-23T08:00:00+00:00,2023-12-29T23:00:00+00:00,160,-0.00022133188818274644,0.003658968046714522,0.0024959417093515053,219.81708371871923,66.57721303995868,-0.0011767356791909656,-0.02219615279391629,-0.013947085412859606,-0.0008629967946682804,-0.007274770490867111,-0.014229077809233881,0.4118805505291815,0.24364583525406983,0.26527117269140793,0.32284827677941064,0.5,0.5,17.0,17.0,9.1875,9.375,510.55525116963133,616.4959226136929,0.9787112856815273,0.02890605929476506,77.0,0.0,0.0,0.0,0.01113421435912707,1.0,-3.6158522034691027,-0.0048089748397033795,1.0,1076.0,-23.723983296674422,56.46740638774234,777.0,0.19981412639405205,0.22397769516728624,0.5762081784386617,0.0,0.0,0.0,0.0,0.0,0.0,0.0,0.0,0.0,0.0,0.0,1.0,5.968775316481503,0.0,0.0,0,0,1,0
BTC-USD_1h_1703462400_1704034800_42.png,C:\Users\afierro\CV_chart_pattern_detector\data\images\rendered\train\BTC-USD_1h_1703462400_1704034800_42.png,train,BTC-USD,1h,2023-12-25T00:00:00+00:00,2023-12-31T15:00:00+00:00,160,-6.123657412141723e-05,0.0037892149646454997,0.0027460109413189244,266.2116453541633,30.388752394452627,-0.0014391429961080338,0.0048396930088221435,0.004096589840826059,-0.0011630662225506905,0.0023514215092061974,0.0062420029416550005,0.43486963678506935,0.24397820690714508,0.27466664597716334,0.2904637172377673,0.525,0.475,18.0,17.0,8.647058823529411,9.25,512.6435426863623,490.6590250245705,0.9787112856815273,0.02890605929476506,77.0,0.0,0.0,0.0,0.01113421435912707,1.0,-6.022363689638979,0.00332462983496944,1.0,839.0,-23.17998163641849,57.377614050813484,753.0,0.24195470798569726,0.20858164481525626,0.5494636471990465,0.0,0.0,0.0,0.0,0.0,0.0,0.0,0.0,0.0,0.0,0.0,1.0,4.977352733522864,0.0,0.0,0,0,1,0
BTC-USD_1h_1703606400_1704178800_42.png,C:\Users\afierro\CV_chart_pattern_detector\data\images\rendered\train\BTC-USD_1h_1703606400_1704178800_42.png,train,BTC-USD,1h,2023-12-26T16:00:00+00:00,2024-01-02T07:00:00+00:00,160,0.00045867605243927296,0.004237402140038924,0.0030398367808227313,268.5275394052775,41.533546656459855,0.001170643477280242,0.04423623010650379,0.06582078850357265,0.011502263286418346,0.033527039803434855,0.05470416518434362,0.451022042697354,0.2524679397324615,0.27721213212805446,0.27176582517459147,0.54375,0.45625,17.0,16.0,9.25,8.8,759.4649279550507,367.6686412191513,0.9771891046255253,0.01958237192705617,27.0,0.9747991386475435,0.016560939735054438,53.0,0.012090569257142353,1.0,31.011854664791514,-0.017384192014165217,1.0,1119.0,-8.487940729356856,68.5579519589026,767.0,0.10991957104557641,0.38427167113494193,0.5058087578194816,0.0,0.0,0.0,0.0,0.0,0.0,0.0,0.0,0.0,0.0,0.0,1.0,3.2553812692238346,1.0,2.786092562344614,0,0,1,1
BTC-USD_1h_1703750400_1704322800_42.png,C:\Users\afierro\CV_chart_pattern_detector\data\images\rendered\train\BTC-USD_1h_1703750400_1704322800_42.png,train,BTC-USD,1h,2023-12-28T08:00:00+00:00,2024-01-03T23:00:00+00:00,160,3.978292357990935e-06,0.0057451753351247005,0.0038084003218858335,297.10522323718726,109.41375240057273,0.005835197915705637,0.015771459405277355,-0.051749479068110005,0.0030145053449068815,-0.017961197309858457,-0.03811270432547442,0.46703187514203603,0.2510803974328195,0.26423859257514576,0.26872953228281815,0.5,0.5,17.0,18.0,8.5625,8.647058823529411,1367.209183332069,1088.2797289312964,0.9916911460464439,0.019731640410450415,24.0,0.9747991386475435,0.016560939735054438,53.0,0.012090569257142353,1.0,21.419167838724757,-0.021591398606831028,1.0,496.0,8.935479261942449,66.87994747341271,763.0,0.21975806451612903,0.48185483870967744,0.29838709677419356,0.0,0.0,0.0,0.0,0.0,0.0,0.0,0.0,0.0,0.0,0.0,1.0,3.1216690605888986,1.0,2.536644328147238,0,0,1,1
BTC-USD_1h_1703894400_1704466800_42.png,C:\Users\afierro\CV_chart_pattern_detector\data\images\rendered\train\BTC-USD_1h_1703894400_1704466800_42.png,train,BTC-USD,1h,2023-12-30T00:00:00+00:00,2024-01-05T15:00:00+00:00,160,0.0002244338252342057,0.005963030068838494,0.003973159085377265,341.25653177086105,132.86616372164255,-0.006198804971472072,-0.007864326960402512,-0.013911104219824777,-0.006701770198612067,-0.007688496199253825,0.0020959603922376946,0.44818267525797795,0.24779986491472433,0.28442162139376903,0.2673957033482531,0.55,0.45,17.0,16.0,9.25,9.733333333333333,1267.5422636601534,1091.0366683684865,0.9916911460464439,0.019731640410450415,24.0,0.9842183618441199,0.021409642672429334,44.0,0.010226546978021564,1.0,-23.86738314580413,0.0025469232245346743,1.0,515.0,17.04853906492585,64.9385043839542,731.0,0.23689320388349513,0.5203883495145631,0.24271844660194175,0.0,0.0,0.0,0.0,0.0,0.0,0.0,0.0,0.0,0.0,0.0,1.0,2.7290829669822054,1.0,2.785605421676224,0,0,1,1
BTC-USD_1h_1704038400_1704610800_42.png,C:\Users\afierro\CV_chart_pattern_detector\data\images\rendered\train\BTC-USD_1h_1704038400_1704610800_42.png,train,BTC-USD,1h,2023-12-31T16:00:00+00:00,2024-01-07T07:00:00+00:00,160,0.000233613317197507,0.005935065559881997,0.0038742641887997563,375.38731304271874,115.02561167108696,0.0031768024012519547,0.004589707832586276,0.010824629264932328,0.0022921748994388924,0.003810391830942006,0.0057060769415524515,0.42484851305461513,0.25231233164399297,0.27813431795921223,0.29701716898617275,0.5375,0.4625,16.0,16.0,9.533333333333333,9.466666666666667,976.8561677647331,962.6032401157028,0.9916911460464439,0.019731640410450415,24.0,0.0,0.0,0.0,0.010226546978021564,1.0,8.765442217534128,0.01234746167655881,1.0,690.0,13.202893908559412,64.37469182497833,710.0,0.21594202898550724,0.5057971014492754,0.2782608695652174,0.0,0.0,0.0,0.0,0.0,0.0,0.0,0.0,0.0,0.0,0.0,1.0,2.4888855913105954,0.0,0.0,0,0,1,0
BTC-USD_1h_1704182400_1704754800_42.png,C:\Users\afierro\CV_chart_pattern_detector\data\images\rendered\train\BTC-USD_1h_1704182400_1704754800_42.png,train,BTC-USD,1h,2024-01-02T08:00:00+00:00,2024-01-08T23:00:00+00:00,160,0.00018167440811545787,0.006312254510533169,0.004105544369147359,403.0284362740941,116.86564330334039,-0.000602605187172589,0.048390817148390886,0.0768769928663926,0.01607800155236827,0.03926177614115445,0.05603882300492202,0.4231381194643524,0.24593019568595553,0.2733183164827596,0.30354356405288796,0.5375,0.4625,17.0,17.0,8.9375,8.3125,758.4447886135719,736.2932685815326,0.0,0.0,0.0,0.983065693430657,0.03729775182481746,73.0,0.007533537760991012,1.0,23.276102906704207,-0.030312002594956478,1.0,673.0,5.310545132206241,67.56220118682488,758.0,0.20356612184249628,0.4427934621099554,0.3536404160475483,0.0,0.0,0.0,0.0,0.0,0.0,0.0,0.0,0.0,0.0,0.0,0.0,0.0,1.0,4.22748267121694,0,0,0,1
BTC-USD_1h_1704326400_1704898800_42.png,C:\Users\afierro\CV_chart_pattern_detector\data\images\rendered\train\BTC-USD_1h_1704326400_1704898800_42.png,train,BTC-USD,1h,2024-01-04T00:00:00+00:00,2024-01-10T15:00:00+00:00,160,0.00039927816835361456,0.00615333835827784,0.004111340302992476,373.7221310077715,112.27469795442441,0.0006703153558020869,-0.00999000130417771,-0.02350086423252251,0.003175681927602758,-0.0036652158586640837,-0.014182833466632183,0.42501020030466,0.24557046305699565,0.2792262465238533,0.2957635531714867,0.55625,0.44375,17.0,17.0,8.875,9.3125,1252.8718977938893,1047.8326853292428,0.0,0.0,0.0,0.983065693430657,0.03729775182481746,73.0,0.01047040812046472,1.0,33.37274390529763,-0.006766313666722377,1.0,447.0,10.286349018814846,65.8397720609442,725.0,0.2751677852348993,0.4541387024608501,0.27069351230425054,0.0,0.0,0.0,0.0,0.0,0.0,0.0,0.0,0.0,0.0,0.0,0.0,0.0,1.0,4.538174482307288,0,0,0,1
BTC-USD_1h_1704470400_1705042800_42.png,C:\Users\afierro\CV_chart_pattern_detector\data\images\rendered\train\BTC-USD_1h_1704470400_1705042800_42.png,train,BTC-USD,1h,2024-01-05T16:00:00+00:00,2024-01-12T07:00:00+00:00,160,0.0004205219094014333,0.007501136453639635,0.00470720309672187,439.9725880747825,168.93007545050315,0.00030851850241342405,-0.008443967337061875,-0.03037831907224553,-0.0032141919804831165,-0.010470094234009797,-0.004761429398615125,0.4398528479346238,0.2526245268022948,0.24720996105826387,0.31293719100711226,0.5,0.5,16.0,18.0,9.333333333333334,8.352941176470589,1415.9572204453257,1116.7321415923489,0.0,0.0,0.0,0.9807577497790394,0.03805170860925997,33.0,0.0322334808006633,1.0,-1.4275548523204302,-0.012180109306088262,1.0,408.0,8.700975963736282,62.768122119471684,718.0,0.3553921568627451,0.4019607843137255,0.2426470588235294,0.0,0.0,0.0,0.0,0.0,0.0,0.0,0.0,0.0,0.0,0.0,0.0,0.0,1.0,4.027754816097261,0,0,0,1
BTC-USD_1h_1704614400_1705186800_42.png,C:\Users\afierro\CV_chart_pattern_detector\data\images\rendered\train\BTC-USD_1h_1704614400_1705186800_42.png,train,BTC-USD,1h,2024-01-07T08:00:00+00:00,2024-01-13T23:00:00+00:00,160,-0.00013648678659632053,0.008110056936768494,0.005297089719651535,486.0031567534619,157.647623386391,0.0014429869408980611,-0.00020836775017896159,0.0001862744663223559,-0.0013740898094173337,-0.0013344522330546171,-0.027246348489485706,0.44734233128508044,0.2478080354770835,0.24194850365798723,0.3107091650569324,0.4875,0.5125,16.0,18.0,9.733333333333333,8.647058823529411,1461.420146957741,1435.1094696178163,0.9659522143780873,0.05296847505777102,57.0,0.9807577497790394,0.03805170860925997,33.0,0.0322334808006633,1.0,-64.29675269573313,0.021836488037603123,1.0,938.0,0.764387535324483,64.64748611893043,717.0,0.19509594882729211,0.4072494669509595,0.3976545842217484,0.0,0.0,0.0,0.0,0.0,0.0,0.0,0.0,0.0,0.0,0.0,1.0,5.3481241091649165,1.0,3.657641630735685,0,0,1,1
BTC-USD_1h_1704758400_1705330800_42.png,C:\Users\afierro\CV_chart_pattern_detector\data\images\rendered\train\BTC-USD_1h_1704758400_1705330800_42.png,train,BTC-USD,1h,2024-01-09T00:00:00+00:00,2024-01-15T15:00:00+00:00,160,-0.0005917978623790998,0.007643412852536438,0.004918520693897486,515.9143987985277,178.24461040203806,-0.00981310829854054,-0.008724511208386243,-0.0053855846157609966,-0.007663028863636456,-0.0051688454452174515,-0.010275774001327287,0.45121446863860726,0.2517985565049677,0.23291637092876055,0.3158691604326322,0.475,0.525,17.0,18.0,9.375,8.352941176470589,1942.6831367664718,1653.0092853839126,0.9659522143780873,0.05296847505777102,57.0,0.9855955678670361,0.03939900277008304,32.0,0.00992531591289885,1.0,-26.518556844819663,0.028079140680769294,1.0,826.0,-22.098068273096338,61.30352707518127,708.0,0.1937046004842615,0.22033898305084745,0.585956416464891,0.0,0.0,0.0,0.0,0.0,0.0,0.0,0.0,0.0,0.0,0.0,1.0,5.050072241724137,1.0,3.562439194906607,0,0,1,1
BTC-USD_1h_1704902400_1705474800_42.png,C:\Users\afierro\CV_chart_pattern_detector\data\images\rendered\train\BTC-USD_1h_1704902400_1705474800_42.png,train,BTC-USD,1h,2024-01-10T16:00:00+00:00,2024-01-17T07:00:00+00:00,160,-0.0003561398814905681,0.006854593177840093,0.004268701577601542,424.5619467859868,167.78249105692294,-0.004505589395318421,-0.012731102161736785,-0.011590013189322845,-0.006503271596129401,-0.008429730645424738,-0.004354210525583602,0.4453911237961764,0.26286435639706035,0.24435352538285154,0.3102553508209721,0.46875,0.53125,18.0,19.0,8.411764705882353,7.833333333333333,1799.4779099635864,1607.6550023305872,0.9717222472471062,0.02389202517958102,31.0,0.9920745439341134,0.02702211642744455,38.0,0.00992531591289885,1.0,4.075609118612431,0.0009705558882866569,1.0,633.0,-21.96367046119289,63.12872349756374,709.0,0.21958925750394945,0.21484992101105846,0.5655608214849921,0.0,0.0,0.0,0.0,0.0,0.0,0.0,0.0,0.0,0.0,0.0,1.0,2.7593728529690904,1.0,2.8039765474737335,0,0,1,1
BTC-USD_1h_1705046400_1705618800_42.png,C:\Users\afierro\CV_chart_pattern_detector\data\images\rendered\train\BTC-USD_1h_1705046400_1705618800_42.png,train,BTC-USD,1h,2024-01-12T08:00:00+00:00,2024-01-18T23:00:00+00:00,160,-0.0006414147463700163,0.005060892175270117,0.003486209686154605,318.4711205911254,95.74123049761913,0.007439364716573804,-0.0330192542122244,-0.0313488808156569,-0.007258668071305707,-0.019370025413211867,-0.02757003140510561,0.45655334153948657,0.2635050779824785,0.2531411142548867,0.2903055442056267,0.48125,0.51875,17.0,18.0,7.875,8.352941176470589,188.7617234086977,471.08558208739277,0.9850184971310749,0.020662248501612874,35.0,0.9920745439341134,0.02702211642744455,38.0,0.007069136168058569,1.0,-12.563745428973272,-0.012463030406909081,1.0,506.0,-20.09486716585197,65.1100539702212,751.0,0.26679841897233203,0.22924901185770752,0.5039525691699605,0.0,0.0,0.0,0.0,0.0,0.0,0.0,0.0,0.0,0.0,0.0,1.0,2.933571139326956,1.0,3.6920205395680274,0,0,1,1
BTC-USD_1h_1705190400_1705762800_42.png,C:\Users\afierro\CV_chart_pattern_detector\data\images\rendered\train\BTC-USD_1h_1705190400_1705762800_42.png,train,BTC-USD,1h,2024-01-14T00:00:00+00:00,2024-01-20T15:00:00+00:00,160,-0.00015612911912294173,0.004618286992765512,0.003118520744780089,277.01606892858126,53.00799270831155,-0.00025781111151468306,-0.0024455257988452717,-0.0011987025468525037,-0.0005369725327994956,-0.0009020218185403772,0.0022913520399576726,0.44967379354251114,0.2721016592826867,0.25405142659453783,0.2962747798629509,0.4875,0.5125,19.0,19.0,7.833333333333333,8.277777777777779,639.4171151140949,727.7613614209573,0.9480389410116657,0.038585504243722736,51.0,0.9920745439341134,0.02702211642744455,38.0,0.005826262820657782,1.0,-20.209817041725046,0.001106562591431114,1.0,1234.0,-18.719616590336425,61.435060892775205,733.0,0.17017828200972449,0.24716369529983792,0.5826580226904376,0.0,0.0,0.0,0.0,0.0,0.0,0.0,0.0,0.0,0.0,0.0,1.0,6.101717837828872,1.0,4.223847333462057,0,0,1,1
BTC-USD_1h_1705334400_1705906800_42.png,C:\Users\afierro\CV_chart_pattern_detector\data\images\rendered\train\BTC-USD_1h_1705334400_1705906800_42.png,train,BTC-USD,1h,2024-01-15T16:00:00+00:00,2024-01-22T07:00:00+00:00,160,-0.00021371574414165298,0.004219816703334007,0.0027871590843257343,257.4996289493524,74.56236027951358,-0.003722112074071471,-0.014163871834601993,-0.01658736260958471,-0.006023140814498507,-0.01108917490962813,-0.013144314609122243,0.4428581951616438,0.266474315310666,0.27022943367100255,0.2869123711673537,0.48125,0.51875,18.0,19.0,8.117647058823529,8.277777777777779,689.1449512081017,745.0756262208321,0.9480389410116657,0.038585504243722736,51.0,0.0,0.0,0.0,0.005826262820657782,1.0,3.1288716596346156,0.004564705398190134,1.0,935.0,-23.43636926571953,60.18538243773605,718.0,0.17326203208556148,0.21390374331550802,0.6128342245989304,0.0,0.0,0.0,0.0,0.0,0.0,0.0,0.0,0.0,0.0,0.0,1.0,6.550123910948492,0.0,0.0,0,0,1,0
BTC-USD_1h_1705478400_1706050800_42.png,C:\Users\afierro\CV_chart_pattern_detector\data\images\rendered\train\BTC-USD_1h_1705478400_1706050800_42.png,train,BTC-USD,1h,2024-01-17T08:00:00+00:00,2024-01-23T23:00:00+00:00,160,-0.00041985489461858055,0.004738216134189998,0.00322511999825761,264.9619767365626,88.35160995331071,0.019146026866714072,0.029144334954784634,-0.004190886375838088,0.016023191169387108,0.01425477202528258,-0.005909325095063256,0.43875242944199283,0.2598323320637873,0.2701402815678926,0.2911072889901145,0.49375,0.50625,17.0,19.0,8.625,8.11111111111111,855.7728953699268,1059.0779018475077,0.9586633889624896,0.0355062139469806,55.0,0.0,0.0,0.0,0.008687557941947215,1.0,-40.29330661040772,-0.019779798601031403,1.0,1047.0,-20.942698977965907,64.9225434103731,709.0,0.12989493791786055,0.271251193887297,0.5988538681948424,0.0,0.0,0.0,0.0,0.0,0.0,0.0,0.0,0.0,0.0,0.0,1.0,5.697505785323478,0.0,0.0,0,0,1,0
BTC-USD_1h_1705622400_1706194800_42.png,C:\Users\afierro\CV_chart_pattern_detector\data\images\rendered\train\BTC-USD_1h_1705622400_1706194800_42.png,train,BTC-USD,1h,2024-01-19T00:00:00+00:00,2024-01-25T15:00:00+00:00,160,-0.0002196182548223411,0.004674240162997148,0.003237287284863074,274.35346613237243,85.45460990101532,-0.009304329451364945,-0.005763956538029302,0.006570841889117052,-0.005296009617713149,-0.004139448908694998,-0.000467876849927662,0.4385356833745882,0.24946792594030628,0.2724518067983247,0.28901250982708704,0.50625,0.49375,19.0,19.0,8.277777777777779,8.11111111111111,785.6708776464341,952.2733648543789,0.9586633889624896,0.0355062139469806,55.0,0.0,0.0,0.0,0.008687557941947215,1.0,-3.6615866150960374,0.00921086478420063,1.0,626.0,-20.910548491504628,61.617223059315535,710.0,0.2523961661341853,0.2012779552715655,0.5463258785942492,0.0,0.0,0.0,0.0,0.0,0.0,0.0,0.0,0.0,0.0,0.0,1.0,5.5093187432054895,0.0,0.0,0,0,1,0
BTC-USD_1h_1705766400_1706338800_42.png,C:\Users\afierro\CV_chart_pattern_detector\data\images\rendered\train\BTC-USD_1h_1705766400_1706338800_42.png,train,BTC-USD,1h,2024-01-20T16:00:00+00:00,2024-01-27T07:00:00+00:00,160,3.2844303782617936e-05,0.0046326215421020655,0.003288100008777843,258.7464718136437,93.99358894365028,-0.0025079510922035864,-0.004680444076639589,0.013858285401486148,-0.0021715076975238334,-0.0011981750268486024,0.023882500807062668,0.45395060052752073,0.24547329695713882,0.270932596654667,0.27511680281781226,0.5,0.5,18.0,17.0,8.823529411764707,9.0,836.8777512380678,916.8021948110634,0.9586633889624896,0.0355062139469806,55.0,0.9657920069178748,0.028718255683996705,65.0,0.009120931559713628,1.0,27.10416068917023,-0.0012756904353147715,1.0,1522.0,-7.624184178342643,60.83802206608611,723.0,0.1307490144546649,0.35151116951379763,0.5177398160315374,0.0,0.0,0.0,0.0,0.0,0.0,61.17062928784168,5.710593137495297,0.13743436406265075,0.0,50.0,1.0,5.829564684650472,1.0,4.59004618942019,0,1,1,1
BTC-USD_1h_1705910400_1706482800_42.png,C:\Users\afierro\CV_chart_pattern_detector\data\images\rendered\train\BTC-USD_1h_1705910400_1706482800_42.png,train,BTC-USD,1h,2024-01-22T08:00:00+00:00,2024-01-28T23:00:00+00:00,160,0.00017340619523215957,0.004671125907238515,0.0033684050925094963,283.575411135028,71.9750464275603,0.005866569409025857,-0.006075955353764706,-0.01613424244013162,-0.0006259304994830073,-0.005900880789105112,1.4132425862900533e-06,0.4405627318632221,0.24578175038932124,0.2760944887839487,0.28334277935282914,0.50625,0.49375,17.0,17.0,8.8125,9.0,1036.4352476084177,1123.2961071617344,0.0,0.0,0.0,0.9657920069178748,0.028718255683996705,65.0,0.009120931559713628,1.0,32.440545358650006,0.0029534791263756367,1.0,1144.0,15.40209349640808,64.33533995017362,709.0,0.14160839160839161,0.5629370629370629,0.29545454545454547,0.0,0.0,0.0,0.0,0.0,0.0,61.170629287837315,5.710593137489384,0.13743436406262088,1.0,50.0,0.0,0.0,1.0,4.208851926131478,0,1,0,1
BTC-USD_1h_1706054400_1706626800_42.png,C:\Users\afierro\CV_chart_pattern_detector\data\images\rendered\train\BTC-USD_1h_1706054400_1706626800_42.png,train,BTC-USD,1h,2024-01-24T00:00:00+00:00,2024-01-30T15:00:00+00:00,160,0.0004900904945735261,0.004157184785362307,0.002923459550023233,264.0239278875607,62.6749597701588,-0.003726422179929356,0.0008034022539562535,0.005281869675254347,-0.0005801982692390517,0.00027970611417638125,0.01580848634308496,0.4396725014040964,0.23310861377361516,0.2841376415404027,0.2761898570555009,0.5125,0.4875,18.0,17.0,8.529411764705882,9.375,1264.7880743033593,1241.6954950431207,0.0,0.0,0.0,0.9445668163974922,0.0502214495307472,93.0,0.008894149254679365,1.0,21.71716221284576,-0.0027736359671977867,1.0,1106.0,18.87250936688825,64.64759877350778,725.0,0.12929475587703435,0.6012658227848101,0.2694394213381555,0.0,0.0,0.0,0.0,0.0,0.0,0.0,0.0,0.0,0.0,0.0,0.0,0.0,1.0,8.075662342560632,0,0,0,1
BTC-USD_1h_1706198400_1706770800_42.png,C:\Users\afierro\CV_chart_pattern_detector\data\images\rendered\train\BTC-USD_1h_1706198400_1706770800_42.png,train,BTC-USD,1h,2024-01-25T16:00:00+00:00,2024-02-01T07:00:00+00:00,160,0.00039097044832671286,0.004458597995381862,0.003010759524949743,248.7564219158191,50.6972645615437,0.004153452344543007,-0.010922478324890128,-0.01015066815163046,-0.0013814919838859296,-0.01103833150727318,-0.018182995790783307,0.4316842288486546,0.2461767167848894,0.2887149256544939,0.2796008454968516,0.5,0.5,16.0,17.0,9.466666666666667,9.0625,1082.1518311619254,973.468107638318,0.9968674206844041,0.032615457230478005,30.0,0.9532925377825583,0.04576305125522447,79.0,0.008894149254679365,1.0,1.9071590482888592,-0.010367412724458265,1.0,988.0,21.53238433695998,63.65826342441032,736.0,0.14473684210526316,0.6072874493927125,0.2479757085020243,0.0,0.0,0.0,0.0,0.0,0.0,0.0,0.0,0.0,0.0,0.0,1.0,5.853686320917434,1.0,7.802495794087209,0,0,1,1
BTC-USD_1h_1706342400_1706914800_42.png,C:\Users\afierro\CV_chart_pattern_detector\data\images\rendered\train\BTC-USD_1h_1706342400_1706914800_42.png,train,BTC-USD,1h,2024-01-27T08:00:00+00:00,2024-02-02T23:00:00+00:00,160,0.0002658834550431439,0.004197686843442199,0.00296426665161647,266.3549525212567,41.111523684087935,0.0032053805248575262,0.009219641937281198,0.005430956334738557,0.0033382829806933856,0.0035102183473305626,0.010347327147428809,0.4395321112571217,0.2467441155560748,0.2965095633252638,0.2639583254176145,0.5,0.5,18.0,19.0,8.470588235294118,8.277777777777779,552.3176759196951,536.8722074744129,0.9839718595347868,0.01511088192756659,30.0,0.0,0.0,0.0,0.0067435067003545615,1.0,-0.821637834036502,0.011195182852174206,1.0,1324.0,16.910871736727813,58.11181525994913,753.0,0.19637462235649547,0.5506042296072508,0.25302114803625375,0.0,0.0,0.0,0.0,0.0,0.0,0.0,0.0,0.0,0.0,0.0,1.0,2.5734903647293916,0.0,0.0,0,0,1,0
BTC-USD_1h_1706486400_1707058800_42.png,C:\Users\afierro\CV_chart_pattern_detector\data\images\rendered\train\BTC-USD_1h_1706486400_1707058800_42.png,train,BTC-USD,1h,2024-01-29T00:00:00+00:00,2024-02-04T15:00:00+00:00,160,0.0001519438539800805,0.003993794857947065,0.0027012459896320626,243.6083881655446,65.01912251121901,-0.0027145779967998607,0.004610475848924933,-0.0028315238655850505,0.0006797076043245642,-0.000392166607319,-0.0022536972031846902,0.4387327520106785,0.2514993221315745,0.29557232613477524,0.2656949218545462,0.46875,0.53125,18.0,18.0,8.941176470588236,8.411764705882353,413.86378199166523,449.8164346519865,0.9839718595347868,0.01511088192756659,30.0,0.9798819129338106,0.018130492238236373,27.0,0.0067435067003545615,1.0,4.4507947726211174,0.010221076472896863,1.0,2218.0,0.7195620546478533,63.33669120985448,709.0,0.13570784490532012,0.43733092876465285,0.42696122633002703,0.0,0.0,0.0,0.0,0.0,0.0,85.53831537062645,1.8001319585152211,0.5523841068051261,0.0,35.0,1.0,2.803599932129711,1.0,3.282472826555683,0,1,1,1
BTC-USD_1h_1706630400_1707202800_42.png,C:\Users\afierro\CV_chart_pattern_detector\data\images\rendered\train\BTC-USD_1h_1706630400_1707202800_42.png,train,BTC-USD,1h,2024-01-30T16:00:00+00:00,2024-02-06T07:00:00+00:00,160,-8.121076785654282e-05,0.003859648107867796,0.002618359927958441,235.43651283309495,68.23068800024154,0.0009075610876825291,0.009063930281657973,-0.008446583267368468,0.003345005806370871,0.0023565076646618888,0.0016983001775399131,0.43685940661348477,0.2630186250308358,0.28161342949257057,0.2815271638939447,0.475,0.525,16.0,16.0,10.0,9.333333333333334,324.60759280377147,322.75422312242455,0.9927536926786047,0.013444570162539835,59.0,0.9923370381953075,0.019951092849148793,57.0,0.00514397579936941,1.0,-5.456885607126133,-0.010778343178956576,1.0,3187.0,2.1449586986597704,61.75312304278547,735.0,0.1342955757765924,0.44901160966426107,0.41669281455914653,0.0,0.0,0.0,0.0,0.0,0.0,85.53831537062628,1.8001319585011937,0.5523841068051101,0.0,35.0,1.0,2.685806148134061,1.0,3.7989628598880927,0,1,1,1
BTC-USD_1h_1706774400_1707346800_42.png,C:\Users\afierro\CV_chart_pattern_detector\data\images\rendered\train\BTC-USD_1h_1706774400_1707346800_42.png,train,BTC-USD,1h,2024-02-01T08:00:00+00:00,2024-02-07T23:00:00+00:00,160,0.0003115324349786678,0.003360799209040269,0.0023830764756368346,199.33857279809592,43.53484889981598,0.01683187181062129,0.030700510823034044,0.03308751762786977,0.015017473448814433,0.02317339062602297,0.028849917109906587,0.437338902781195,0.26340721461103717,0.28869304190733003,0.27396805531147483,0.50625,0.49375,16.0,18.0,8.933333333333334,8.411764705882353,158.81193604656798,255.71002859443334,0.9927536926786047,0.013444570162539835,59.0,0.9866839195388778,0.022177861428067245,53.0,0.005256593108379572,1.0,10.23450597749635,-0.003272882454997106,1.0,1017.0,-3.220261009159107,67.60125702884342,775.0,0.1592920353982301,0.40117994100294985,0.43952802359882004,0.0,0.0,0.0,0.0,0.0,0.0,85.53831537062628,1.8001319585135178,0.5523841068051042,0.0,35.0,1.0,3.1333232496955694,1.0,4.921716683897586,0,1,1,1
BTC-USD_1h_1706918400_1707490800_42.png,C:\Users\afierro\CV_chart_pattern_detector\data\images\rendered\train\BTC-USD_1h_1706918400_1707490800_42.png,train,BTC-USD,1h,2024-02-03T00:00:00+00:00,2024-02-09T15:00:00+00:00,160,0.0005542952940438398,0.00368293273040902,0.0025581275318762617,211.73394366456859,56.07666307568579,-0.00042454411846371,0.020869379994895576,0.03656963953700765,0.006549209008173351,0.01938365124647179,0.044029574592437726,0.44276771490943584,0.2800225187928467,0.2904075133000381,0.26682477179052605,0.51875,0.48125,14.0,16.0,9.923076923076923,8.733333333333333,1120.1356557159156,935.7474663735987,0.9934086697776485,0.008851238056880576,28.0,0.9491047849248364,0.03119493229062853,81.0,0.011116215637019883,1.0,55.919536685419736,-0.015236165043478545,1.0,383.0,3.2715355307252847,69.53684510502453,718.0,0.2454308093994778,0.42036553524804177,0.3342036553524804,0.0,0.0,0.0,0.0,0.0,0.0,77.52934468011426,1.0710571884872981,0.21878053116974633,1.0,46.0,1.0,1.9047175818537139,1.0,6.677579637014882,0,1,1,1
BTC-USD_1h_1707062400_1707634800_42.png,C:\Users\afierro\CV_chart_pattern_detector\data\images\rendered\train\BTC-USD_1h_1707062400_1707634800_42.png,train,BTC-USD,1h,2024-02-04T16:00:00+00:00,2024-02-11T07:00:00+00:00,160,0.000736482680761268,0.004053411438233983,0.0029155733731992058,248.22119594950763,67.8156037315185,-0.007009330866427077,0.007393901630706301,0.0200706942710962,0.0034248409811949987,0.009591476515527164,0.01688886451445648,0.4472994627827024,0.2820857895421826,0.2890299538791054,0.2636705833381922,0.53125,0.46875,17.0,17.0,8.375,9.0625,2049.7371712719946,1920.5098695611184,0.0,0.0,0.0,0.9491047849248364,0.03119493229062853,81.0,0.011116215637019883,1.0,48.79774671823695,-0.004070663711056678,1.0,539.0,16.855283506062566,60.922481473809775,710.0,0.20037105751391465,0.5807050092764379,0.2189239332096475,0.0,0.0,0.0,0.0,0.0,0.0,0.0,0.0,0.0,0.0,0.0,0.0,0.0,1.0,5.739306103732385,0,0,0,1
BTC-USD_1h_1707206400_1707778800_42.png,C:\Users\afierro\CV_chart_pattern_detector\data\images\rendered\train\BTC-USD_1h_1707206400_1707778800_42.png,train,BTC-USD,1h,2024-02-06T08:00:00+00:00,2024-02-12T23:00:00+00:00,160,0.0009391761477185589,0.004633462705897335,0.003170491800723617,278.47837267043343,61.63279277608046,0.00777759360963004,0.02293680068855264,0.038428749739962464,0.003676467705275188,0.021228370465532276,0.030391962516352455,0.44988647109329616,0.2874927678509973,0.2909264858007165,0.25918704310598734,0.51875,0.475,19.0,19.0,8.277777777777779,8.38888888888889,2098.2036910642323,2104.630976954975,0.0,0.0,0.0,0.9807425689617427,0.028547134848467274,48.0,0.014792286222256056,1.0,27.372669714017967,-0.01280107010846407,1.0,778.0,20.61182119185943,63.36135827251873,741.0,0.14010282776349614,0.6195372750642674,0.2403598971722365,0.0,0.0,0.0,0.0,0.0,0.0,0.0,0.0,0.0,0.0,0.0,0.0,0.0,1.0,5.018709786101895,0,0,0,1
BTC-USD_1h_1707350400_1707922800_42.png,C:\Users\afierro\CV_chart_pattern_detector\data\images\rendered\train\BTC-USD_1h_1707350400_1707922800_42.png,train,BTC-USD,1h,2024-02-08T00:00:00+00:00,2024-02-14T15:00:00+00:00,160,0.0009188164653287645,0.005194895002226395,0.003554721293633476,331.30945764707,60.35524141019262,0.0006765574398817087,0.03932827039377029,0.044344456745536,0.008600297000431745,0.025139962951294725,0.03336964301948209,0.4609947145413666,0.2818450273455654,0.2770991033603217,0.2619061820983117,0.51875,0.475,18.0,18.0,7.529411764705882,8.352941176470589,1453.6260546575656,1563.9143616276585,0.0,0.0,0.0,0.9687419469248575,0.035848344592078196,42.0,0.014792286222256056,1.0,36.37597292545702,-0.020842499113659266,1.0,1036.0,19.39864461549691,62.88285393461968,747.0,0.12355212355212356,0.6148648648648649,0.26158301158301156,0.0,0.0,0.0,0.0,0.0,0.0,0.0,0.0,0.0,0.0,0.0,0.0,0.0,1.0,5.397008593095917,0,0,0,1
BTC-USD_1h_1707494400_1708066800_42.png,C:\Users\afierro\CV_chart_pattern_detector\data\images\rendered\train\BTC-USD_1h_1707494400_1708066800_42.png,train,BTC-USD,1h,2024-02-09T16:00:00+00:00,2024-02-16T07:00:00+00:00,160,0.0005799046480956317,0.005153113958202973,0.0035462862867375786,353.2448819317026,67.02922122091094,-0.01048694296603403,0.0016960212530303664,-0.011464317967191828,-0.004495129102951356,-0.005067182739924014,-0.0012959024092701332,0.4506895018369533,0.2671533816080857,0.2658961929607092,0.2834143052023375,0.5375,0.45625,17.0,16.0,8.9375,9.4,1715.68412197624,1535.4959801228506,0.0,0.0,0.0,0.9687419469248575,0.035848344592078196,42.0,0.010336006119465408,1.0,42.430810947023275,0.0031292598207918595,1.0,849.0,23.806827593256923,59.52632414798047,717.0,0.13898704358068315,0.6442873969375736,0.21672555948174324,0.0,0.0,0.0,0.0,0.0,0.0,0.0,0.0,0.0,0.0,0.0,0.0,0.0,1.0,5.0713547996108055,0,0,0,1
BTC-USD_1h_1707638400_1708210800_42.png,C:\Users\afierro\CV_chart_pattern_detector\data\images\rendered\train\BTC-USD_1h_1707638400_1708210800_42.png,train,BTC-USD,1h,2024-02-11T08:00:00+00:00,2024-02-17T23:00:00+00:00,160,0.000454881229071721,0.005118096676674268,0.003517881094194058,347.6397151341676,74.5622985740487,0.004829511680545906,0.015765791016675745,-0.007094183953508915,0.006048038364081965,0.0019741607100691727,-0.0033778976126502824,0.44371146904693204,0.25699930552611594,0.24938452932455854,0.30690400162850934,0.54375,0.45,16.0,16.0,9.133333333333333,9.666666666666666,1603.1532592975893,1558.1932220552696,0.0,0.0,0.0,0.9687419469248575,0.035848344592078196,42.0,0.010336006119465408,1.0,-5.557834388185067,-0.0007474307995943244,1.0,390.0,3.83845745294522,64.48829862154565,710.0,0.2948717948717949,0.4205128205128205,0.2846153846153846,0.0,0.0,0.0,0.0,0.0,0.0,0.0,0.0,0.0,0.0,0.0,0.0,0.0,1.0,5.150660260129,0,0,0,1
BTC-USD_1h_1707782400_1708354800_42.png,C:\Users\afierro\CV_chart_pattern_detector\data\images\rendered\train\BTC-USD_1h_1707782400_1708354800_42.png,train,BTC-USD,1h,2024-02-13T00:00:00+00:00,2024-02-19T15:00:00+00:00,160,0.0002589355219222566,0.004371473701065821,0.003082152571303336,329.3377550793778,71.8852440827185,-0.003978697735526282,-0.004954232428976968,0.006798323547589469,-0.0022941420713662453,-0.0006224159603053225,0.006179535570538075,0.44003848012512525,0.25113813822892145,0.25620241060373206,0.3037591092711428,0.575,0.425,14.0,16.0,10.923076923076923,9.933333333333334,815.1399259952441,1015.8840578407562,0.0,0.0,0.0,0.0,0.0,0.0,0.005984923840226262,1.0,2.622020276605842,0.004886903951042164,1.0,357.0,11.478987060007261,63.37751174060806,710.0,0.35294117647058826,0.4173669467787115,0.22969187675070027,0.0,0.0,0.0,0.0,0.0,0.0,0.0,0.0,0.0,0.0,0.0,0.0,0.0,0.0,0.0,0,0,0,0
BTC-USD_1h_1707926400_1708498800_42.png,C:\Users\afierro\CV_chart_pattern_detector\data\images\rendered\train\BTC-USD_1h_1707926400_1708498800_42.png,train,BTC-USD,1h,2024-02-14T16:00:00+00:00,2024-02-21T07:00:00+00:00,160,6.5184721990207066e-06,0.004015732661938241,0.002889862606585228,330.7351864742571,80.3723447586927,-0.0083333349358361,-0.011501351865536136,-0.011695910915749064,-0.008051899508563998,-0.007309471108372878,-0.007733826840318203,0.4339402524835648,0.24699496530537834,0.26488414150567313,0.30117560601076204,0.51875,0.48125,16.0,16.0,9.333333333333334,8.666666666666666,275.08114534340075,307.9752007511888,0.9905904567552671,0.02193256200095989,30.0,0.986540574478104,0.027979124156333402,59.0,0.013936799502166615,1.0,2.582161509610845,-0.008999252388085206,1.0,898.0,-7.46659737666094,64.317745365074,765.0,0.24164810690423164,0.3351893095768374,0.42316258351893093,0.0,0.0,0.0,0.0,0.0,0.0,0.0,0.0,0.0,0.0,0.0,1.0,3.606314812995129,1.0,4.526272958359136,0,0,1,1
BTC-USD_1h_1708070400_1708642800_42.png,C:\Users\afierro\CV_chart_pattern_detector\data\images\rendered\train\BTC-USD_1h_1708070400_1708642800_42.png,train,BTC-USD,1h,2024-02-16T08:00:00+00:00,2024-02-22T23:00:00+00:00,160,-5.766787555867472e-05,0.004075512541777141,0.0030332067745594657,310.86958388050203,58.5059865856719,-0.0043014956904475765,-0.0016658231790399602,-0.002842249605858771,-0.005611825816911553,-0.006200490452938134,-0.004992935911221297,0.45360322836443234,0.24137281057427934,0.24515879924614667,0.30123797238942096,0.49375,0.50625,18.0,17.0,8.882352941176471,8.875,350.74790017982394,389.4708040929785,0.9905904567552671,0.02193256200095989,30.0,0.986540574478104,0.027979124156333402,59.0,0.013936799502166615,1.0,-6.592927215189626,-0.002028866512104988,1.0,655.0,-13.499241586131904,62.37441487236186,778.0,0.29923664122137406,0.2595419847328244,0.44122137404580153,0.0,0.0,0.0,0.0,0.0,0.0,0.0,0.0,0.0,0.0,0.0,1.0,3.829799077325884,1.0,4.801806717609934,0,0,1,1
BTC-USD_1h_1708214400_1708786800_42.png,C:\Users\afierro\CV_chart_pattern_detector\data\images\rendered\train\BTC-USD_1h_1708214400_1708786800_42.png,train,BTC-USD,1h,2024-02-18T00:00:00+00:00,2024-02-24T15:00:00+00:00,160,-6.314471930992535e-05,0.0038842665894102436,0.0029229457474680195,301.2792693316343,65.19347550267143,-0.0004000407669907391,0.002541308276409193,0.0003940938005893013,0.00039914679533747943,0.0024220280671984895,-0.001097641710810504,0.47356550867877445,0.2537044831987246,0.24328072969468678,0.2831537616265388,0.5125,0.4875,17.0,17.0,8.0,9.0,453.4481775466912,436.8012621524726,0.9905904567552671,0.02193256200095989,30.0,0.9956437784995256,0.018883279963899352,37.0,0.007989089529156444,1.0,-6.081957805906989,0.010608934195779414,1.0,1830.0,-27.93060717296079,53.27518187101465,708.0,0.15191256830601094,0.18415300546448088,0.6639344262295082,0.0,0.0,0.0,0.0,0.0,0.0,0.0,0.0,0.0,0.0,0.0,1.0,3.9482365714059595,1.0,3.3575850023847913,0,0,1,1
BTC-USD_1h_1708358400_1708930800_42.png,C:\Users\afierro\CV_chart_pattern_detector\data\images\rendered\train\BTC-USD_1h_1708358400_1708930800_42.png,train,BTC-USD,1h,2024-02-19T16:00:00+00:00,2024-02-26T07:00:00+00:00,160,-5.1860993207866064e-05,0.0037470302528823185,0.002759093570978771,313.2362784450239,99.00817992549496,-0.005088294014286232,-0.007905882189106372,-0.007031066395180696,-0.004959232595114549,-0.0056725595707538545,-0.0036563739612878177,0.472889649016892,0.25033987608571495,0.2407744268980642,0.28633592408504377,0.49375,0.50625,16.0,16.0,9.533333333333333,9.533333333333333,421.81267760358895,310.29556736720326,0.0,0.0,0.0,0.0,0.0,0.0,0.0044076487218014495,1.0,9.49457243319289,0.002531911599975317,1.0,734.0,-20.076299696429874,59.63713813223296,709.0,0.24250681198910082,0.21798365122615804,0.5395095367847411,0.0,0.0,0.0,0.0,0.0,0.0,84.34731494197732,5.246640181967661,0.6310470141106559,0.0,93.0,0.0,0.0,0.0,0.0,0,1,0,0
BTC-USD_1h_1708502400_1709074800_42.png,C:\Users\afierro\CV_chart_pattern_detector\data\images\rendered\train\BTC-USD_1h_1708502400_1709074800_42.png,train,BTC-USD,1h,2024-02-21T08:00:00+00:00,2024-02-27T23:00:00+00:00,160,0.0006329925814081574,0.004694844923824396,0.003291401459180992,314.8488839910595,122.2406866050176,-0.005272788407608919,0.0010707955391300317,0.023311748414322153,0.001403100698569304,0.006297841072895993,0.05001019812897045,0.47753465269825346,0.2552746867473091,0.23924724562998906,0.28321810167175754,0.55625,0.44375,16.0,15.0,10.066666666666666,10.357142857142858,2104.5359099453763,1428.8061350549517,0.9949728213026576,0.00867856396918474,27.0,0.9924979126907221,0.02081630061355249,58.0,0.010418086577220388,1.0,85.53264603844356,-0.022029542931716124,1.0,1009.0,8.738350266566716,66.56769264583264,718.0,0.14568880079286423,0.5242814667988107,0.33002973240832506,0.0,0.0,0.0,0.0,0.0,0.0,84.34731494197734,5.246640181978464,0.6310470141106429,0.0,93.0,1.0,1.5267878030541377,1.0,3.5636921359649882,0,1,1,1
BTC-USD_1h_1708646400_1709218800_42.png,C:\Users\afierro\CV_chart_pattern_detector\data\images\rendered\train\BTC-USD_1h_1708646400_1709218800_42.png,train,BTC-USD,1h,2024-02-23T00:00:00+00:00,2024-02-29T15:00:00+00:00,160,0.001268875473527793,0.006063551199089633,0.003870360568577566,421.0880129747082,294.54065637341506,-0.0026693775678856557,-0.0036822222222222534,0.039150402768329595,-0.0006391684902751216,0.009322943963241848,0.047806937506689406,0.4479453095609916,0.2749034283131841,0.24825548855637494,0.30379920188263343,0.55625,0.44375,17.0,15.0,9.3125,10.642857142857142,4578.5901912220015,3972.533841194839,0.0,0.0,0.0,0.9566439530411021,0.05221993055374247,25.0,0.020430849601904152,1.0,147.4916372480074,0.009820033913047903,1.0,731.0,19.2270821577547,59.61075709935378,714.0,0.18194254445964433,0.6101231190150479,0.2079343365253078,0.0,0.0,0.0,0.0,0.0,0.0,0.0,0.0,0.0,0.0,0.0,0.0,0.0,1.0,7.215951617779125,0,0,0,1
BTC-USD_1h_1708790400_1709362800_42.png,C:\Users\afierro\CV_chart_pattern_detector\data\images\rendered\train\BTC-USD_1h_1708790400_1709362800_42.png,train,BTC-USD,1h,2024-02-24T16:00:00+00:00,2024-03-02T07:00:00+00:00,160,0.0012262071361588468,0.006705730181660033,0.004605974323755294,547.051385228039,311.64959701698814,-0.004744215980592936,-0.007653053468157922,-0.0035055439498634655,-0.0024266482517643073,-0.002058424429061123,-1.1478319542623794e-05,0.4483751508570274,0.25895046056421256,0.257655115761378,0.2939697333815946,0.525,0.475,19.0,16.0,8.11111111111111,9.666666666666666,4483.992291156414,4351.98800002434,0.0,0.0,0.0,0.9566439530411021,0.05221993055374247,25.0,0.020430849601904152,1.0,46.411887834036676,0.030173013884521115,1.0,718.0,21.82311603543154,58.588558776140154,710.0,0.1671309192200557,0.6350974930362117,0.1977715877437326,0.0,0.0,0.0,0.0,0.0,0.0,0.0,0.0,0.0,0.0,0.0,0.0,0.0,1.0,5.575348178380428,0,0,0,1
BTC-USD_1h_1708934400_1709506800_42.png,C:\Users\afierro\CV_chart_pattern_detector\data\images\rendered\train\BTC-USD_1h_1708934400_1709506800_42.png,train,BTC-USD,1h,2024-02-26T08:00:00+00:00,2024-03-03T23:00:00+00:00,160,0.0013334534846944004,0.006798544879763074,0.004822397502123212,590.9575730198725,264.80262788501597,0.006120994739359231,0.016284160361517364,0.017700522040594135,0.00700379658513639,0.013467104503162464,0.016455198983834185,0.45990615303561205,0.26634498574090404,0.2567626879465469,0.283331159017841,0.5375,0.4625,19.0,14.0,7.444444444444445,8.692307692307692,2255.9314884354712,2039.9394965648878,0.0,0.0,0.0,0.9566439530411021,0.05221993055374247,25.0,0.007906700849802988,1.0,11.414836966713734,0.010971770726241361,1.0,730.0,20.2698588433331,62.65891462782474,708.0,0.1684931506849315,0.6041095890410959,0.2273972602739726,0.0,0.0,0.0,0.0,0.0,0.0,0.0,0.0,0.0,0.0,0.0,0.0,0.0,1.0,5.167872543070664,0,0,0,1
BTC-USD_1h_1709078400_1709650800_42.png,C:\Users\afierro\CV_chart_pattern_detector\data\images\rendered\train\BTC-USD_1h_1709078400_1709650800_42.png,train,BTC-USD,1h,2024-02-28T00:00:00+00:00,2024-03-05T15:00:00+00:00,160,0.001019941092306793,0.007195119308837664,0.005073123592779656,641.052211350586,258.82674485683344,0.0017513720756521245,-0.007635227117354315,-0.009700986961337255,-0.004481002490294039,-0.009905658639293824,0.019266271954942127,0.4457000298061315,0.2672116787492334,0.24103945746211825,0.3132605127317503,0.53125,0.46875,18.0,13.0,8.058823529411764,11.666666666666666,1766.5465781417824,1619.8522207572848,0.0,0.0,0.0,0.9489300550393167,0.037558777586700516,31.0,0.01114179777960512,1.0,94.88887154242866,-0.03244310715709415,1.0,480.0,11.037495460609595,65.01966631991438,780.0,0.25625,0.47291666666666665,0.2708333333333333,0.0,0.0,0.0,0.0,0.0,0.0,0.0,0.0,0.0,0.0,0.0,0.0,0.0,1.0,3.799564254414944,0,0,0,1
BTC-USD_1h_1709222400_1709794800_42.png,C:\Users\afierro\CV_chart_pattern_detector\data\images\rendered\train\BTC-USD_1h_1709222400_1709794800_42.png,train,BTC-USD,1h,2024-02-29T16:00:00+00:00,2024-03-07T07:00:00+00:00,160,0.00044711180880151115,0.008274868653287209,0.005625374924194657,812.9044801382183,375.7739799094601,0.008208234537822268,0.007149193077973015,0.006951061360999322,0.005189199694711544,0.0008515588305637589,0.009192778243137578,0.46200827213442663,0.256354853942777,0.2512622404472891,0.2867294874182843,0.5375,0.4625,18.0,13.0,8.764705882352942,11.666666666666666,2422.637910196697,1829.9676863577697,0.9289889323967961,0.04916580274489999,39.0,0.9489300550393167,0.037558777586700516,31.0,0.021389137425594524,1.0,10.560834153774048,0.0005781556755991717,1.0,466.0,10.789695048408959,60.18693026442326,716.0,0.34334763948497854,0.43991416309012876,0.2167381974248927,0.0,0.0,0.0,0.0,0.0,0.0,0.0,0.0,0.0,0.0,0.0,1.0,4.1719595822481015,1.0,3.020147588086026,0,0,1,1
BTC-USD_1h_1709366400_1709938800_42.png,C:\Users\afierro\CV_chart_pattern_detector\data\images\rendered\train\BTC-USD_1h_1709366400_1709938800_42.png,train,BTC-USD,1h,2024-03-02T08:00:00+00:00,2024-03-08T23:00:00+00:00,160,0.0006311783119050241,0.008034791012062104,0.005336825033862359,744.489760089224,368.7191201092694,-0.01074291512879233,-0.00435254742626634,0.015729570136644,-0.0027388447273222205,0.004401831384308608,0.014046544755442536,0.4397810416714396,0.2635938171502753,0.26824029721771353,0.2919786611108468,0.5875,0.4125,17.0,13.0,9.5,11.333333333333334,2632.4994900018896,2216.314014947623,0.9289889323967961,0.04916580274489999,39.0,0.9783133270994384,0.03621359569331999,52.0,0.018937406210585383,1.0,53.25172562119129,0.039573083902151786,1.0,513.0,18.29629221506286,58.73744715050179,750.0,0.29434697855750486,0.5146198830409356,0.19103313840155944,0.0,0.0,0.0,0.0,0.0,0.0,0.0,0.0,0.0,0.0,0.0,1.0,4.542308525174101,1.0,3.3690137594955676,0,0,1,1
BTC-USD_1h_1709510400_1710082800_42.png,C:\Users\afierro\CV_chart_pattern_detector\data\images\rendered\train\BTC-USD_1h_1709510400_1710082800_42.png,train,BTC-USD,1h,2024-03-04T00:00:00+00:00,2024-03-10T15:00:00+00:00,160,0.0005762757518906249,0.0079719560809357,0.005180754235297128,907.207386175721,404.03200754661714,-0.005370680909136172,-0.0018909233371875445,0.012608651367914003,-0.00433307196082966,0.0011380766531330355,0.008629828570436482,0.42013910384879694,0.255279640334663,0.26613022893726634,0.3137306672139368,0.575,0.425,16.0,14.0,9.8,10.615384615384615,1508.3072223490258,2057.9623169817364,0.0,0.0,0.0,0.0,0.0,0.0,0.01075009587220665,1.0,33.02536884669474,0.003123397613400205,1.0,559.0,18.695881076383674,62.682582404081145,717.0,0.2737030411449016,0.5062611806797853,0.22003577817531306,0.0,0.0,0.0,0.0,0.0,0.0,0.0,0.0,0.0,0.0,0.0,0.0,0.0,0.0,0.0,0,0,0,0
BTC-USD_1h_1709654400_1710226800_42.png,C:\Users\afierro\CV_chart_pattern_detector\data\images\rendered\train\BTC-USD_1h_1709654400_1710226800_42.png,train,BTC-USD,1h,2024-03-05T16:00:00+00:00,2024-03-12T07:00:00+00:00,160,0.0006329450630235026,0.0073011962627194515,0.004662723910170641,854.2043699363323,561.5151627919278,0.007010709448610042,-0.004417519278763105,0.002123574736477618,0.0004011947093789381,-0.00015109798911860928,0.022253672280455827,0.4326539150699915,0.2621623509007525,0.287545996729585,0.2798000882004235,0.55,0.45,16.0,16.0,9.466666666666667,10.133333333333333,2053.728341168414,2609.965536421694,0.0,0.0,0.0,0.9641576102886569,0.05973124130722877,108.0,0.010234657719343917,1.0,59.57551969057692,-0.014328927614999395,1.0,631.0,23.494448789420485,62.81646039873107,709.0,0.2218700475435816,0.5705229793977813,0.2076069730586371,0.0,0.0,0.0,0.0,0.0,0.0,0.0,0.0,0.0,0.0,0.0,0.0,0.0,1.0,4.997011842581609,0,0,0,1
BTC-USD_1h_1709798400_1710370800_42.png,C:\Users\afierro\CV_chart_pattern_detector\data\images\rendered\train\BTC-USD_1h_1709798400_1710370800_42.png,train,BTC-USD,1h,2024-03-07T08:00:00+00:00,2024-03-13T23:00:00+00:00,160,0.0005890205014017847,0.0048440973832089675,0.0034655711556983745,581.7592641918379,134.31095567917288,-0.0037741359010673436,0.00994584867482673,0.011943082675529793,0.0014854306218596847,0.0026257032589791507,0.012023954895850064,0.41270407436708234,0.24798362811044633,0.28576402289604513,0.30153190273687247,0.55,0.45,16.0,15.0,9.666666666666666,9.571428571428571,2071.898022733323,1896.7325022148539,0.0,0.0,0.0,0.9858415318371705,0.048443958354901166,56.0,0.010234657719343917,1.0,46.97212177684013,0.008344321841917635,1.0,1507.0,24.728595577294097,58.53715586689668,715.0,0.13404114134041142,0.6502986065029861,0.21566025215660253,0.0,0.0,0.0,0.0,0.0,0.0,0.0,0.0,0.0,0.0,0.0,0.0,0.0,1.0,5.745671013447858,0,0,0,1
BTC-USD_1h_1709942400_1710514800_42.png,C:\Users\afierro\CV_chart_pattern_detector\data\images\rendered\train\BTC-USD_1h_1709942400_1710514800_42.png,train,BTC-USD,1h,2024-03-09T00:00:00+00:00,2024-03-15T15:00:00+00:00,160,2.7112476306652045e-05,0.006596812153384208,0.004408974568639898,606.2633688865172,266.82784602457104,0.005893199539064087,-0.007469491772243986,-0.03657973931689762,0.002071787209965148,-0.012667580572689685,-0.04189864020285938,0.4309289437306596,0.24731273557892305,0.2594894259254937,0.3095816303438468,0.50625,0.49375,15.0,14.0,10.285714285714286,10.923076923076923,1975.7295804803093,1814.953443587972,0.9831513611696753,0.04956378436743617,40.0,0.986529675814613,0.03406215033333477,38.0,0.010674932016399411,1.0,-44.161046413502234,-0.024621403578902114,1.0,1166.0,12.757285408969604,64.7670348152208,755.0,0.16552315608919382,0.5308747855917667,0.30360205831903947,0.0,0.0,0.0,0.0,0.0,0.0,0.0,0.0,0.0,0.0,0.0,1.0,6.116275455595331,1.0,3.9294301732019887,0,0,1,1
BTC-USD_1h_1710086400_1710658800_42.png,C:\Users\afierro\CV_chart_pattern_detector\data\images\rendered\train\BTC-USD_1h_1710086400_1710658800_42.png,train,BTC-USD,1h,2024-03-10T16:00:00+00:00,2024-03-17T07:00:00+00:00,160,-0.0003216494250449172,0.007906867269831544,0.005558952229388333,780.2188177537375,213.74120195515187,-0.013560770910409192,-0.01091663475791771,-0.03310558701526323,-0.0042156251986947835,-0.01600911020305873,-0.03270925207221387,0.45976693755491127,0.2508700558078876,0.24992816389806966,0.2903048985470191,0.48125,0.51875,15.0,15.0,9.357142857142858,10.285714285714286,2149.0757504548073,2180.7854144152334,0.9831513611696753,0.04956378436743617,40.0,0.0,0.0,0.0,0.023930441425490043,1.0,-87.54855918893563,0.004127902548563504,1.0,334.0,-11.751502364873886,58.917439242669495,709.0,0.437125748502994,0.19161676646706588,0.3712574850299401,0.0,0.0,0.0,0.0,0.0,0.0,0.0,0.0,0.0,0.0,0.0,1.0,4.785037592710103,0.0,0.0,0,0,1,0
BTC-USD_1h_1710230400_1710802800_42.png,C:\Users\afierro\CV_chart_pattern_detector\data\images\rendered\train\BTC-USD_1h_1710230400_1710802800_42.png,train,BTC-USD,1h,2024-03-12T08:00:00+00:00,2024-03-18T23:00:00+00:00,160,-0.0003365615005009137,0.00783365723543462,0.005644768409048,831.0022454770136,190.99643058001757,0.010069170550974116,0.009154183587278819,-0.010971619225918605,0.0043017424363003265,-0.0023041303287015813,0.0037572982489844087,0.4556976836520418,0.23752870789230063,0.2475803550267278,0.2967219613212305,0.5,0.5,17.0,16.0,8.9375,9.8,2163.7522633744684,2182.3885867037975,0.9831513611696753,0.04956378436743617,40.0,0.0,0.0,0.0,0.023930441425490043,1.0,-13.829061298640148,0.012071116431673795,1.0,389.0,-21.650391088200106,55.207448944436265,709.0,0.37017994858611825,0.14138817480719795,0.4884318766066838,0.0,0.0,0.0,0.0,0.0,0.0,0.0,0.0,0.0,0.0,0.0,1.0,4.501507756745349,0.0,0.0,0,0,1,0
BTC-USD_1h_1710374400_1710946800_42.png,C:\Users\afierro\CV_chart_pattern_detector\data\images\rendered\train\BTC-USD_1h_1710374400_1710946800_42.png,train,BTC-USD,1h,2024-03-14T00:00:00+00:00,2024-03-20T15:00:00+00:00,160,-0.0008115642647222593,0.009093459342473591,0.006857516002293105,872.009065615401,207.91385518845158,0.0032721309344541094,0.029965672868935034,-0.002665971254993238,0.005483584674837116,0.010835409123159279,-0.013481001504289991,0.4759348974606839,0.24806421680562607,0.2378135134921163,0.2862515890471998,0.45625,0.54375,16.0,15.0,8.666666666666666,9.285714285714286,1933.7188466317307,2379.9039241920855,0.9524912405724806,0.06346368549201264,36.0,0.0,0.0,0.0,0.017277298313134876,1.0,-82.61246741678366,-0.01435456276664214,1.0,521.0,-23.009602193869007,62.05917877447445,711.0,0.23224568138195778,0.20153550863723607,0.5662188099808061,0.0,0.0,0.0,0.0,0.0,0.0,0.0,0.0,0.0,0.0,0.0,1.0,5.03299115468128,0.0,0.0,0,0,1,0
BTC-USD_1h_1710518400_1711090800_42.png,C:\Users\afierro\CV_chart_pattern_detector\data\images\rendered\train\BTC-USD_1h_1710518400_1711090800_42.png,train,BTC-USD,1h,2024-03-15T16:00:00+00:00,2024-03-22T07:00:00+00:00,160,-0.00012498978498407028,0.008485266538282209,0.006409477585560278,875.298416230733,133.42137499076367,0.002970810671214741,0.012017031391669208,-0.015852713126418227,0.004586977632269562,0.0025721946404737572,0.006712142439527113,0.4630217773504148,0.24651352043370545,0.26108516391096137,0.27589305873862385,0.5125,0.4875,15.0,17.0,9.428571428571429,9.3125,1452.0945306026815,2161.822178792793,0.9524912405724806,0.06346368549201264,36.0,0.0,0.0,0.0,0.017277298313134876,1.0,37.7923199718704,0.02239542127501171,1.0,624.0,-26.120197670964096,54.69636509754826,716.0,0.2516025641025641,0.16025641025641027,0.5881410256410257,0.0,0.0,0.0,0.0,0.0,0.0,0.0,0.0,0.0,0.0,0.0,1.0,5.0145692469594385,0.0,0.0,0,0,1,0
BTC-USD_1h_1710662400_1711234800_42.png,C:\Users\afierro\CV_chart_pattern_detector\data\images\rendered\train\BTC-USD_1h_1710662400_1711234800_42.png,train,BTC-USD,1h,2024-03-17T08:00:00+00:00,2024-03-23T23:00:00+00:00,160,-0.00021272388304585264,0.007902497332220877,0.006050966872688613,892.3725580765728,169.9129172812454,-0.013609534952191082,-0.01928013119176064,0.0017122561252136403,-0.016454079732930338,-0.011384594437433226,-0.009541287422086597,0.45134652578043133,0.24158017665947193,0.26849270839622247,0.2801607658233463,0.5125,0.4875,15.0,16.0,10.214285714285714,8.666666666666666,1745.700430396412,2053.2027425935685,0.9524912405724806,0.06346368549201264,36.0,0.0,0.0,0.0,0.013835898421569431,1.0,-37.164345874355476,0.021912844668716347,1.0,1711.0,-7.930455184902524,63.84631857420428,722.0,0.12682641729982466,0.3728813559322034,0.5002922267679719,0.0,0.0,0.0,0.0,0.0,0.0,0.0,0.0,0.0,0.0,0.0,1.0,4.921128110209327,0.0,0.0,0,0,1,0
BTC-USD_1h_1710806400_1711378800_42.png,C:\Users\afierro\CV_chart_pattern_detector\data\images\rendered\train\BTC-USD_1h_1710806400_1711378800_42.png,train,BTC-USD,1h,2024-03-19T00:00:00+00:00,2024-03-25T15:00:00+00:00,160,0.0002801290396427224,0.007937859591795354,0.006006853552753929,839.0053104030887,239.6976472405692,0.044632439831373105,0.039345649939783955,0.05486831839370909,0.03242139922585019,0.03788026788510446,0.05898630841782748,0.46138467932786353,0.24774845718805438,0.2608327462263576,0.27778257444577886,0.525,0.475,12.0,18.0,12.0,8.294117647058824,1439.9654329329119,1720.7563271196252,0.0,0.0,0.0,0.9358691270383799,0.04086795093414385,53.0,0.013835898421569431,1.0,51.59846940928281,0.004069707344909374,1.0,511.0,2.268097070098623,60.898721297379836,777.0,0.30528375733855184,0.36007827788649704,0.33463796477495106,0.0,0.0,0.0,0.0,0.0,0.0,0.0,0.0,0.0,0.0,0.0,0.0,0.0,1.0,3.3258778826287263,0,0,0,1
BTC-USD_1h_1710950400_1711522800_42.png,C:\Users\afierro\CV_chart_pattern_detector\data\images\rendered\train\BTC-USD_1h_1710950400_1711522800_42.png,train,BTC-USD,1h,2024-03-20T16:00:00+00:00,2024-03-27T07:00:00+00:00,160,0.000648607100386623,0.006449525177178185,0.00495622399640724,771.3660708759692,283.6770729705377,-0.009405013554158903,-0.007448196577840904,-0.01946280684331414,-0.00795196486960581,-0.0067123496047089,-0.00105621064357031,0.47279317853751657,0.2434400816244967,0.2584347509012653,0.26877207056121827,0.55625,0.44375,13.0,17.0,12.083333333333334,8.5,2358.3749604714467,2258.777067897016,0.0,0.0,0.0,0.9358691270383799,0.04086795093414385,53.0,0.00805787225476598,1.0,91.82064099859393,0.0023201593018350713,1.0,570.0,2.1105218921837055,60.06893851107186,712.0,0.23333333333333334,0.4280701754385965,0.3385964912280702,0.0,0.0,0.0,0.0,0.0,0.0,0.0,0.0,0.0,0.0,0.0,0.0,0.0,1.0,3.600616340254952,0,0,0,1
BTC-USD_1h_1711094400_1711666800_42.png,C:\Users\afierro\CV_chart_pattern_detector\data\images\rendered\train\BTC-USD_1h_1711094400_1711666800_42.png,train,BTC-USD,1h,2024-03-22T08:00:00+00:00,2024-03-28T23:00:00+00:00,160,0.0004705153885870146,0.0058514242317441656,0.004506214829436425,626.4181034624963,72.35145653697121,-0.00024944115858194227,-0.010586965215814703,0.015252759648190395,-0.0013167607313515628,0.0016771014812504426,0.009880940640620395,0.47139057375027715,0.2517476258593509,0.25780423836514116,0.2708051878845817,0.5375,0.4625,12.0,17.0,12.636363636363637,9.25,2827.688762395988,2709.2943296039693,0.994215927659276,0.020680225795186597,29.0,0.9358691270383799,0.04086795093414385,53.0,0.009623971289797289,1.0,-1.2450549695265432,0.0011812708787385133,1.0,464.0,26.517237433200254,54.46926324084926,713.0,0.2478448275862069,0.6099137931034483,0.14224137931034483,0.0,0.0,0.0,0.0,0.0,0.0,0.0,0.0,0.0,0.0,0.0,1.0,2.447588324619562,1.0,4.389173680437739,0,0,1,1
BTC-USD_1h_1711238400_1711810800_42.png,C:\Users\afierro\CV_chart_pattern_detector\data\images\rendered\train\BTC-USD_1h_1711238400_1711810800_42.png,train,BTC-USD,1h,2024-03-24T00:00:00+00:00,2024-03-30T15:00:00+00:00,160,0.0005245989564128199,0.004930667260435438,0.003703007294734076,559.6707641343359,104.4116237722962,-0.002615427689251937,0.0005716123499142078,0.0055217516651084875,-0.0005957592302348047,0.0008551665212699344,-0.002395724208176797,0.46586454363812974,0.25575569540452986,0.26041654532905173,0.27371891103281853,0.55625,0.44375,12.0,17.0,12.090909090909092,9.25,1293.230891594498,1857.0863552579135,0.994215927659276,0.020680225795186597,29.0,0.0,0.0,0.0,0.009623971289797289,1.0,3.755361228316995,0.015220085407866549,1.0,1004.0,17.063740794817765,63.37546973015878,714.0,0.17231075697211157,0.5697211155378487,0.25796812749003983,0.0,0.0,0.0,0.0,0.0,0.0,0.0,0.0,0.0,0.0,0.0,1.0,2.7269154006937923,0.0,0.0,0,0,1,0
BTC-USD_1h_1711382400_1711954800_42.png,C:\Users\afierro\CV_chart_pattern_detector\data\images\rendered\train\BTC-USD_1h_1711382400_1711954800_42.png,train,BTC-USD,1h,2024-03-25T16:00:00+00:00,2024-04-01T07:00:00+00:00,160,-4.084754478356247e-05,0.004354001159105812,0.0031314292107154826,502.22810166134207,176.8720809551631,-0.014068536568745738,-0.019375228969987335,-0.01283773049645387,-0.01211535561436361,-0.01356636215164464,-0.009257293157393764,0.4591500082083645,0.2512681431499633,0.2635314445986104,0.2773185471930251,0.51875,0.48125,15.0,14.0,10.571428571428571,10.615384615384615,496.22491433085634,522.6185917696247,0.9970914802306055,0.030525922440589236,30.0,0.0,0.0,0.0,0.006439306531823226,1.0,6.810534927332474,-0.002560327888062297,1.0,1806.0,-1.5548223255744673,64.28304775601846,777.0,0.16611295681063123,0.4125138427464009,0.4213732004429679,0.0,0.0,0.0,0.0,0.0,0.0,0.0,0.0,0.0,0.0,0.0,1.0,4.464980180844893,0.0,0.0,0,0,1,0
BTC-USD_1h_1711526400_1712098800_42.png,C:\Users\afierro\CV_chart_pattern_detector\data\images\rendered\train\BTC-USD_1h_1711526400_1712098800_42.png,train,BTC-USD,1h,2024-03-27T08:00:00+00:00,2024-04-02T23:00:00+00:00,160,-0.00036739687704656914,0.005102514465209547,0.003209668005189417,471.4883284625659,158.96868875354244,-0.006840790170355993,-0.00362726972613292,-0.016940302810784735,-0.0022152337175214143,-0.0060655306634462836,-0.03826316647881345,0.4265985524482098,0.24827440511279475,0.2839005142145864,0.2895009333372037,0.51875,0.48125,17.0,13.0,9.5,11.75,1713.9253301327308,1369.1892473531395,0.9811911550443635,0.032969685082721904,27.0,0.0,0.0,0.0,0.017874939088377624,1.0,-67.65106141584567,-0.016931267183809384,1.0,554.0,-4.664264790525506,69.69072459338466,730.0,0.2490974729241877,0.34115523465703973,0.40974729241877256,0.0,0.0,0.0,0.0,0.0,0.0,0.0,0.0,0.0,0.0,0.0,1.0,5.03247151223671,0.0,0.0,0,0,1,0
BTC-USD_1h_1711670400_1712242800_42.png,C:\Users\afierro\CV_chart_pattern_detector\data\images\rendered\train\BTC-USD_1h_1711670400_1712242800_42.png,train,BTC-USD,1h,2024-03-29T00:00:00+00:00,2024-04-04T15:00:00+00:00,160,-0.0002679457089763504,0.005025465555524448,0.0032213240340859344,444.83588445893,169.6248412964274,0.019506381485756563,0.02858517820216533,0.029461585484906294,0.015314245418695638,0.021195192550225395,0.024184166895897752,0.4344561448851634,0.23608529049513519,0.2687162095860132,0.2968276455288234,0.50625,0.49375,16.0,14.0,8.733333333333333,10.692307692307692,2011.1898677458187,1990.170545250239,0.9811911550443635,0.032969685082721904,27.0,0.0,0.0,0.0,0.017874939088377624,1.0,-39.531538209095224,0.016764627758338695,1.0,778.0,-20.478154509799953,60.549945253229474,710.0,0.18894601542416453,0.2159383033419023,0.5951156812339332,0.0,0.0,0.0,0.0,0.0,0.0,0.0,0.0,0.0,0.0,0.0,1.0,5.328110610526807,0.0,0.0,0,0,1,0
BTC-USD_1h_1711814400_1712386800_42.png,C:\Users\afierro\CV_chart_pattern_detector\data\images\rendered\train\BTC-USD_1h_1711814400_1712386800_42.png,train,BTC-USD,1h,2024-03-30T16:00:00+00:00,2024-04-06T07:00:00+00:00,160,-0.00018402036646364452,0.005458952010566219,0.003726728610490113,530.3705041673659,153.83715501806353,0.0030095292663114837,0.00537480261658807,0.016566445871426083,0.0024206434547304756,0.0038767700876820577,0.007269239761987345,0.4397895605973713,0.221434736950399,0.26821052900575015,0.29199991039687845,0.5125,0.4875,17.0,14.0,8.6875,11.307692307692308,1825.283041293572,1639.4694386931012,0.9811911550443635,0.032969685082721904,27.0,0.0,0.0,0.0,0.012274686679628251,1.0,30.141549226441676,-0.0016053603790503563,1.0,870.0,-14.20805145474686,61.03806459727091,729.0,0.18620689655172415,0.27011494252873564,0.5436781609195402,0.0,0.0,0.0,0.0,0.0,0.0,0.0,0.0,0.0,0.0,0.0,1.0,4.484662555175932,0.0,0.0,0,0,1,0
BTC-USD_1h_1711958400_1712530800_42.png,C:\Users\afierro\CV_chart_pattern_detector\data\images\rendered\train\BTC-USD_1h_1711958400_1712530800_42.png,train,BTC-USD,1h,2024-04-01T08:00:00+00:00,2024-04-07T23:00:00+00:00,160,1.2145091268197845e-05,0.005407851354550933,0.0037627230293755783,553.3936842817402,123.41955608360122,0.004233218823012308,-0.003133873079074534,0.0008073075837564669,-0.0010796948569099518,-0.00043026940392831836,0.009958590008584789,0.4264147023404787,0.21912753672176447,0.27834837619399033,0.29523692146553104,0.54375,0.45625,17.0,13.0,9.1875,11.25,1438.2274620619187,1253.0548258272627,0.0,0.0,0.0,0.0,0.0,0.0,0.006679147626036291,1.0,26.913049929676443,0.008125097345964475,1.0,1063.0,18.36123729413787,58.96615892636758,709.0,0.16933207902163688,0.5738476011288806,0.2568203198494826,0.0,0.0,0.0,0.0,0.0,0.0,0.0,0.0,0.0,0.0,0.0,0.0,0.0,0.0,0.0,0,0,0,0
BTC-USD_1h_1712102400_1712674800_42.png,C:\Users\afierro\CV_chart_pattern_detector\data\images\rendered\train\BTC-USD_1h_1712102400_1712674800_42.png,train,BTC-USD,1h,2024-04-03T00:00:00+00:00,2024-04-09T15:00:00+00:00,160,0.00037271662508965933,0.004580703547948824,0.003433400874876998,561.1768940654342,155.07643901570694,-0.021623748055119907,-0.021220594330388143,-0.03413641149827251,-0.014237201991199933,-0.022596163042231998,-0.019566102456004875,0.4232973974912772,0.21974715670578454,0.27622125434361994,0.3004813481651028,0.51875,0.48125,16.0,14.0,9.8,10.615384615384615,1917.6190832057869,1771.6471121657978,0.0,0.0,0.0,0.9570154314098279,0.03230322502585814,55.0,0.006679147626036291,1.0,44.77927484763258,-0.008801180180671794,1.0,986.0,20.42494513943761,64.53703921212039,709.0,0.12880324543610547,0.6085192697768763,0.26267748478701824,0.0,0.0,0.0,0.0,0.0,0.0,0.0,0.0,0.0,0.0,0.0,0.0,0.0,1.0,4.079837218932467,0,0,0,1
BTC-USD_1h_1712246400_1712818800_42.png,C:\Users\afierro\CV_chart_pattern_detector\data\images\rendered\train\BTC-USD_1h_1712246400_1712818800_42.png,train,BTC-USD,1h,2024-04-04T16:00:00+00:00,2024-04-11T07:00:00+00:00,160,0.0002771046919767415,0.004727723038913311,0.0034184738392683553,537.8547428788768,115.69206222390369,-0.001632706752007329,0.0029490415154265204,0.040602418500647275,0.0009033119707932968,0.011673889673053717,0.015553260102154853,0.4155712710369359,0.22809818506086352,0.27946204830355575,0.3049666806595083,0.525,0.475,15.0,14.0,10.428571428571429,10.384615384615385,1552.9641245489215,1346.2514020518356,0.9538623986468135,0.03591035505613353,43.0,0.9570154314098279,0.03230322502585814,55.0,0.008604244558079477,1.0,-20.795391467416458,0.008214737760393274,1.0,757.0,16.507261003418044,64.48742373670801,757.0,0.1928665785997358,0.5495376486129459,0.2575957727873184,0.0,0.0,0.0,0.0,0.0,0.0,0.0,0.0,0.0,0.0,0.0,1.0,4.9071909439800825,1.0,4.2480725118199985,0,0,1,1
BTC-USD_1h_1712390400_1712962800_42.png,C:\Users\afierro\CV_chart_pattern_detector\data\images\rendered\train\BTC-USD_1h_1712390400_1712962800_42.png,train,BTC-USD,1h,2024-04-06T08:00:00+00:00,2024-04-12T23:00:00+00:00,160,-7.079959241206644e-05,0.005009649015348304,0.00346439314095556,489.3067811480181,123.00955141506203,0.00407725572295381,-0.031088345447041088,-0.05623868837373991,-0.008887558739414936,-0.030399336985280523,-0.04056479927051693,0.4168587019825193,0.24235422966912976,0.2766047067298617,0.30653659128761895,0.5125,0.4875,15.0,13.0,9.285714285714286,12.583333333333334,938.5000189768548,1307.5935709973523,0.9538623986468135,0.03591035505613353,43.0,0.9806127914748431,0.020379673927270407,30.0,0.010340980739896637,1.0,2.0638711908109713,-0.01986437336011425,1.0,948.0,3.229952758248848,68.0326922427155,760.0,0.16350210970464135,0.4419831223628692,0.39451476793248946,0.0,0.0,0.0,0.0,0.0,0.0,88.26417010077257,1.1616718800992438,0.7247864470217044,0.0,72.0,1.0,5.378557765790612,1.0,2.9491598669327717,0,1,1,1
BTC-USD_1h_1712534400_1713106800_42.png,C:\Users\afierro\CV_chart_pattern_detector\data\images\rendered\train\BTC-USD_1h_1712534400_1713106800_42.png,train,BTC-USD,1h,2024-04-08T00:00:00+00:00,2024-04-14T15:00:00+00:00,160,-0.00045678859044555553,0.007455572438540224,0.004653049219696651,622.8720068073212,194.01221181592555,0.00023252171514376307,-0.007254296831738172,0.03825788201828595,-0.002471790295944243,0.003894254680979481,-0.02695474726321423,0.4271827505055109,0.24885292169128945,0.26857774960732483,0.30423949988716437,0.5,0.5,16.0,14.0,9.666666666666666,10.461538461538462,2349.063387479878,2874.7212299374455,0.9514494847408881,0.053569839495822426,56.0,0.0,0.0,0.0,0.02124151300558523,1.0,-103.10550210970484,-0.012622972978864205,1.0,648.0,-20.787042531702255,62.92056866022531,729.0,0.21296296296296297,0.2345679012345679,0.5524691358024691,0.0,0.0,0.0,0.0,0.0,0.0,88.26417010077257,1.161671880067861,0.7247864470216878,0.0,72.0,1.0,6.190925821570898,0.0,0.0,0,1,1,0
BTC-USD_1h_1712678400_1713250800_42.png,C:\Users\afierro\CV_chart_pattern_detector\data\images\rendered\train\BTC-USD_1h_1712678400_1713250800_42.png,train,BTC-USD,1h,2024-04-09T16:00:00+00:00,2024-04-16T07:00:00+00:00,160,-0.0004516168142878879,0.00804369131654414,0.005183075337134828,721.5411454368208,188.54948016477243,0.008898119321430809,0.0008857550853309526,-0.03804406513159453,0.005737449284167306,-0.0022131398063675034,-0.014099070652231371,0.43482584975325045,0.24917192534512017,0.26737568391352556,0.297798466333224,0.5125,0.4875,16.0,15.0,9.6,10.428571428571429,2726.296229117946,2820.465525718444,0.9514494847408881,0.053569839495822426,56.0,0.0,0.0,0.0,0.02124151300558523,1.0,-41.12960114861691,0.011607395151096926,1.0,678.0,-30.205020685814826,54.44423637802507,714.0,0.23303834808259588,0.1415929203539823,0.6253687315634219,0.0,0.0,0.0,0.0,0.0,0.0,0.0,0.0,0.0,0.0,0.0,1.0,5.372177372815093,0.0,0.0,0,0,1,0
BTC-USD_1h_1712822400_1713394800_42.png,C:\Users\afierro\CV_chart_pattern_detector\data\images\rendered\train\BTC-USD_1h_1712822400_1713394800_42.png,train,BTC-USD,1h,2024-04-11T08:00:00+00:00,2024-04-17T23:00:00+00:00,160,-0.0008921276361199489,0.008587241845995476,0.005817009764332064,770.9562355981576,171.84040332179532,0.004179124533879808,-3.736965903533562e-05,-0.044051343260670506,0.0034977031476939313,-0.013991820044947256,-0.02347688772258205,0.44029553561199286,0.25239680562645855,0.27912037434302495,0.2805840900449822,0.4625,0.5375,16.0,16.0,10.0,10.0,3017.4661567002286,2823.439789617153,0.9639470070163474,0.05969326782783418,44.0,0.0,0.0,0.0,0.013546804904730538,1.0,-47.22907676980725,0.003153219669272669,1.0,659.0,-25.473450166502563,60.18207517311595,717.0,0.19119878603945373,0.20637329286798178,0.6024279210925645,0.0,0.0,0.0,0.0,0.0,0.0,0.0,0.0,0.0,0.0,0.0,1.0,5.245677784236312,0.0,0.0,0,0,1,0
BTC-USD_1h_1712966400_1713538800_42.png,C:\Users\afierro\CV_chart_pattern_detector\data\images\rendered\train\BTC-USD_1h_1712966400_1713538800_42.png,train,BTC-USD,1h,2024-04-13T00:00:00+00:00,2024-04-19T15:00:00+00:00,160,-0.0001927313788714169,0.009405085975327347,0.00618200959743309,795.9496759486443,163.79704828331967,-0.00668359879970537,-0.002896740037852674,0.014902746815374401,-0.0040517122647036885,0.012909926353545709,0.030185837859680653,0.41672873782772674,0.25859605269191827,0.29159559824528525,0.291675663926988,0.50625,0.49375,17.0,15.0,9.5,9.785714285714286,1757.0276612642576,1734.908011789547,0.9639470070163474,0.05969326782783418,44.0,0.9986896177230083,0.0700460947715746,34.0,0.02075634478318535,1.0,9.25476922175318,-0.008428311564732961,1.0,2258.0,-14.34455828895286,62.11704367457282,774.0,0.15013286093888398,0.3020372010628875,0.5478299379982285,0.0,0.0,0.0,0.0,0.0,0.0,0.0,0.0,0.0,0.0,0.0,1.0,5.085983536995602,1.0,5.372064909098238,0,0,1,1
BTC-USD_1h_1713110400_1713682800_42.png,C:\Users\afierro\CV_chart_pattern_detector\data\images\rendered\train\BTC-USD_1h_1713110400_1713682800_42.png,train,BTC-USD,1h,2024-04-14T16:00:00+00:00,2024-04-21T07:00:00+00:00,160,0.00010126446709273095,0.007706462936012865,0.005171422865739083,739.8995757853005,128.16831015400962,-0.0002967623139480402,0.008313276898283428,0.02078494511789275,0.0023015780282336085,0.005661880775662098,0.011055374254394179,0.4057241574393175,0.25214357822126804,0.29441711568787643,0.29985872687280607,0.4875,0.5125,17.0,15.0,9.1875,10.357142857142858,1345.2190119779193,1385.3862108484016,0.9639470070163474,0.05969326782783418,44.0,0.9986896177230083,0.0700460947715746,34.0,0.02075634478318535,1.0,42.010022386309785,0.018686777830929986,1.0,1865.0,-5.503490505429439,64.41230500776706,725.0,0.12010723860589813,0.39463806970509385,0.48525469168900803,0.0,0.0,0.0,0.0,0.0,0.0,0.0,0.0,0.0,0.0,0.0,1.0,5.4591448141304655,1.0,5.769652575452912,0,0,1,1
BTC-USD_1h_1713254400_1713826800_42.png,C:\Users\afierro\CV_chart_pattern_detector\data\images\rendered\train\BTC-USD_1h_1713254400_1713826800_42.png,train,BTC-USD,1h,2024-04-16T08:00:00+00:00,2024-04-22T23:00:00+00:00,160,0.00036534193095651786,0.006921009667895327,0.004479135997818751,641.940976406665,170.8440572083149,0.0044276740829019,0.011926834613096071,0.01644151188162568,0.005617564504017514,0.008752062418505124,0.020856624758512465,0.3970332707167029,0.2539465486650875,0.3093172738528931,0.293649455430404,0.5,0.5,19.0,15.0,7.611111111111111,10.285714285714286,1369.9464385451533,1836.6363528017444,0.0,0.0,0.0,0.9986896177230083,0.0700460947715746,34.0,0.00732180414513909,1.0,33.584079817159115,0.0015188176112826267,1.0,1622.0,16.01232594016448,61.92979546895878,709.0,0.1374845869297164,0.5684340320591862,0.29408138101109743,0.0,0.0,0.0,0.0,0.0,0.0,0.0,0.0,0.0,0.0,0.0,0.0,0.0,1.0,6.631220633118465,0,0,0,1
BTC-USD_1h_1713398400_1713970800_42.png,C:\Users\afierro\CV_chart_pattern_detector\data\images\rendered\train\BTC-USD_1h_1713398400_1713970800_42.png,train,BTC-USD,1h,2024-04-18T00:00:00+00:00,2024-04-24T15:00:00+00:00,160,0.0003269426884147548,0.006038624053354713,0.003782120975234427,546.8337570877189,175.58803271660287,-0.02946319987886714,-0.0324679019788775,-0.02626605543024918,-0.023376053693214827,-0.026526871583089306,-0.027312790541633825,0.4100742142586261,0.25203517368763273,0.29143448507655023,0.29849130066482366,0.525,0.475,20.0,14.0,8.0,10.461538461538462,1309.0155919593738,1646.4593405522771,0.997588731968169,0.016491095716708086,30.0,0.9757386788478031,0.024652678340953096,51.0,0.006700652266231304,1.0,21.761745897796242,-0.0048172879954328915,1.0,1267.0,19.425410001646746,61.94741372848736,769.0,0.1452249408050513,0.5927387529597474,0.26203630623520124,0.0,0.0,0.0,0.0,0.0,0.0,0.0,0.0,0.0,0.0,0.0,1.0,2.134203634204464,1.0,3.058430069802042,0,0,1,1
BTC-USD_1h_1713542400_1714114800_42.png,C:\Users\afierro\CV_chart_pattern_detector\data\images\rendered\train\BTC-USD_1h_1713542400_1714114800_42.png,train,BTC-USD,1h,2024-04-19T16:00:00+00:00,2024-04-26T07:00:00+00:00,160,3.505528363791516e-05,0.004116121997247927,0.0030671768184387356,499.9395793587124,138.3758609411797,-0.0016198818165042983,-0.0050468252320828855,0.013355390256507116,-0.002084016962023205,-0.0008281410552204438,-0.005668336872484692,0.4156327710171288,0.2446628289397144,0.28442073059861117,0.2999464983842601,0.4875,0.5125,18.0,15.0,8.411764705882353,10.571428571428571,989.7766725890966,950.7053299992011,0.9622519072343286,0.030473468146940137,49.0,0.9798162454379777,0.026767375781695947,41.0,0.006700652266231304,1.0,-41.00532184716358,0.0008682504480609272,1.0,468.0,5.7948671739835005,60.269379892233275,741.0,0.36752136752136755,0.38247863247863245,0.25,0.0,0.0,0.0,0.0,0.0,0.0,0.0,0.0,0.0,0.0,0.0,1.0,4.2003678643023985,1.0,3.554082372626522,0,0,1,1
BTC-USD_1h_1713686400_1714258800_42.png,C:\Users\afierro\CV_chart_pattern_detector\data\images\rendered\train\BTC-USD_1h_1713686400_1714258800_42.png,train,BTC-USD,1h,2024-04-21T08:00:00+00:00,2024-04-27T23:00:00+00:00,160,-0.0001350604814200571,0.004110958306768862,0.0030450364167609184,435.15263560321273,62.413338090446324,0.001734275306694677,0.005232399279917477,0.00655700835086348,0.003779477193674552,0.005591379489044757,-0.0029239873672742833,0.416674171409937,0.24313086288688396,0.2869641537797211,0.2963616748103419,0.49375,0.50625,19.0,16.0,8.333333333333334,9.4,1217.0967390531666,1173.80045060106,0.9622519072343286,0.030473468146940137,49.0,0.0,0.0,0.0,0.00783667110817869,1.0,-18.584851265822707,0.0016719085114713771,1.0,562.0,-24.638795617000063,55.119148167827674,720.0,0.28825622775800713,0.15302491103202848,0.5587188612099644,0.0,0.0,0.0,0.0,0.0,0.0,0.0,0.0,0.0,0.0,0.0,1.0,4.799204042286117,0.0,0.0,0,0,1,0
BTC-USD_1h_1713830400_1714402800_42.png,C:\Users\afierro\CV_chart_pattern_detector\data\images\rendered\train\BTC-USD_1h_1713830400_1714402800_42.png,train,BTC-USD,1h,2024-04-23T00:00:00+00:00,2024-04-29T15:00:00+00:00,160,-0.0003773539732550139,0.004114305527179285,0.0030792893766949134,412.8839098338737,73.73361152522155,0.012578225391929987,0.013494922563118905,-0.01015811952391421,0.00915950628832185,0.0048076467500062225,-0.0032212903486327216,0.4339657727539093,0.2384316734760253,0.25930483957452594,0.3067293876715649,0.48125,0.51875,16.0,16.0,8.266666666666667,9.266666666666667,1232.0330042276673,1090.0311136471057,0.9637748786754254,0.029720985138028764,34.0,0.0,0.0,0.0,0.00783667110817869,1.0,-13.652533052039093,0.0026704515397534714,1.0,899.0,-35.04227507863612,53.63184011619974,777.0,0.1546162402669633,0.13904338153503892,0.7063403781979978,0.0,0.0,0.0,0.0,0.0,0.0,0.0,0.0,0.0,0.0,0.0,1.0,4.869946290774212,0.0,0.0,0,0,1,0
BTC-USD_1h_1713974400_1714546800_42.png,C:\Users\afierro\CV_chart_pattern_detector\data\images\rendered\train\BTC-USD_1h_1713974400_1714546800_42.png,train,BTC-USD,1h,2024-04-24T16:00:00+00:00,2024-05-01T07:00:00+00:00,160,-0.0007349621850484484,0.005684533464160863,0.003797044856681715,479.2504882871666,102.80792454382964,-0.04558043077693252,-0.050995390477504565,-0.06092046795239481,-0.040345837390028616,-0.0447001174420959,-0.0694236159385333,0.4361519965286032,0.24544336553960877,0.25626051399339655,0.3075874894780003,0.475,0.525,17.0,17.0,9.25,9.4375,1377.77976913212,1380.223311493082,0.9943611352088239,0.03931713967034329,45.0,0.9899206462925864,0.03130292452034646,60.0,0.01324204427309172,1.0,-52.031888654477164,-0.02810612343277363,1.0,771.0,-17.85992722203605,66.78496920969123,782.0,0.1815823605706874,0.2827496757457847,0.5356679636835279,0.0,0.0,0.0,0.0,0.0,0.0,0.0,0.0,0.0,0.0,0.0,1.0,5.459405615892675,1.0,4.27291947102198,0,0,1,1
BTC-USD_1h_1714118400_1714690800_42.png,C:\Users\afierro\CV_chart_pattern_detector\data\images\rendered\train\BTC-USD_1h_1714118400_1714690800_42.png,train,BTC-USD,1h,2024-04-26T08:00:00+00:00,2024-05-02T23:00:00+00:00,160,-0.0005209266857289009,0.006976307888783653,0.004537731457669941,506.24282215156126,172.48514841974668,-0.004894600960285378,9.076246396388932e-05,0.028998251104340955,-0.0014951213498036742,0.00898980816356576,0.01093322403819097,0.4454618077104934,0.24679445901756197,0.26670569841165576,0.2878324938778508,0.4875,0.5125,16.0,16.0,9.933333333333334,9.933333333333334,2287.955037270933,2587.0811770554496,0.9943611352088239,0.03931713967034329,45.0,0.9899206462925864,0.03130292452034646,60.0,0.030152881050317583,1.0,-76.35239029535829,0.011619742971136448,1.0,983.0,-25.32859149396359,60.9187787739563,713.0,0.15666327568667346,0.20854526958290945,0.6347914547304171,0.0,0.0,0.0,0.0,0.0,0.0,0.0,0.0,0.0,0.0,0.0,1.0,5.17704077935401,1.0,4.056725131726782,0,0,1,1
BTC-USD_1h_1714262400_1714834800_42.png,C:\Users\afierro\CV_chart_pattern_detector\data\images\rendered\train\BTC-USD_1h_1714262400_1714834800_42.png,train,BTC-USD,1h,2024-04-28T00:00:00+00:00,2024-05-04T15:00:00+00:00,160,2.748164151929023e-05,0.0074979759978465385,0.004875240108761789,547.1549114350966,163.62058888879534,-0.004135373601274139,0.010199639715641196,0.011274562798092136,0.0004815302895764262,0.005763585962538453,0.038813855006927245,0.4445795604425104,0.2551667961021719,0.2723750253315659,0.28304541422592366,0.5125,0.4875,17.0,15.0,9.4375,10.0,2218.083940251291,2437.9612783307284,0.9882215834045529,0.036376349933960064,30.0,0.9747421251578996,0.021875760324345326,27.0,0.030152881050317583,1.0,93.59791854195961,0.0019988691339706843,1.0,1041.0,-19.1268065559761,61.4148534485636,754.0,0.1431316042267051,0.2641690682036503,0.5926993275696446,0.0,0.0,0.0,0.0,0.0,0.0,0.0,0.0,0.0,0.0,0.0,1.0,4.387586726408797,1.0,2.5992102680787217,0,0,1,1
BTC-USD_1h_1714406400_1714978800_42.png,C:\Users\afierro\CV_chart_pattern_detector\data\images\rendered\train\BTC-USD_1h_1714406400_1714978800_42.png,train,BTC-USD,1h,2024-04-29T16:00:00+00:00,2024-05-06T07:00:00+00:00,160,0.00020005599431378347,0.007372007368108935,0.00475474978802557,571.7536073728446,129.9815117026603,0.010555753798660694,0.010659879320407128,0.012795853705269034,0.006791740653586453,0.007357455757422304,0.011949850543298002,0.43495078095963036,0.257577109611635,0.291264282240118,0.2737849368002516,0.5375,0.4625,17.0,15.0,9.0,9.071428571428571,2298.170586093979,2647.1902431367153,0.0,0.0,0.0,0.0,0.0,0.0,0.014078443258886039,1.0,58.875592709798376,0.014930906338794491,1.0,1101.0,8.0009036881614,62.472861199054876,709.0,0.1407811080835604,0.5013623978201635,0.3578564940962761,0.0,0.0,0.0,0.0,0.0,0.0,0.0,0.0,0.0,0.0,0.0,0.0,0.0,0.0,0.0,0,0,0,0
BTC-USD_1h_1714550400_1715122800_42.png,C:\Users\afierro\CV_chart_pattern_detector\data\images\rendered\train\BTC-USD_1h_1714550400_1715122800_42.png,train,BTC-USD,1h,2024-05-01T08:00:00+00:00,2024-05-07T23:00:00+00:00,160,0.0005633956358727728,0.006562192221465839,0.004407552494976851,590.9423310012527,169.38898073113504,-0.01186060706301828,-0.026745867634671572,-0.018185725769881533,-0.014412241163929584,-0.018213330962166374,-0.02153882782920269,0.43469099874821115,0.2485184639396325,0.2924539833667528,0.27285501788503597,0.5375,0.4625,18.0,16.0,8.588235294117647,9.466666666666667,2340.341643334102,2648.9336587825032,0.9761932349237983,0.01608262075251619,25.0,0.9207131417709679,0.051394060567963765,65.0,0.009153604938002055,1.0,-5.253977379277832,-0.00837363944049214,1.0,435.0,18.050570657061435,59.121284348089915,714.0,0.24597701149425288,0.5586206896551724,0.19540229885057472,0.0,0.0,0.0,0.0,0.0,0.0,0.0,0.0,0.0,0.0,0.0,1.0,1.8525361488931804,1.0,5.565800765472134,0,0,1,1
BTC-USD_1h_1714694400_1715266800_42.png,C:\Users\afierro\CV_chart_pattern_detector\data\images\rendered\train\BTC-USD_1h_1714694400_1715266800_42.png,train,BTC-USD,1h,2024-05-03T00:00:00+00:00,2024-05-09T15:00:00+00:00,160,0.0003382731013624775,0.005215800124431196,0.003747138484810122,475.20128231963747,64.59781478164273,0.018099881760389458,0.008813456113110796,0.009567157776976032,0.012811542837068757,0.011855821778370634,-0.0006870509034403449,0.43415196733953215,0.24125775866271656,0.2690901940516369,0.2967578386088309,0.53125,0.46875,18.0,16.0,8.470588235294118,9.6,1207.2667371852365,1213.4078020026645,0.9585606806782477,0.03044718824989977,43.0,0.9207131417709679,0.051394060567963765,65.0,0.008627558847465801,1.0,-38.52396530707953,0.0058841127088268596,1.0,961.0,-9.629557762880355,67.16026958733897,717.0,0.16649323621227888,0.3631633714880333,0.4703433922996878,0.0,0.0,0.0,0.0,0.0,0.0,0.0,0.0,0.0,0.0,0.0,1.0,4.200260552255011,1.0,6.86384996095147,0,0,1,1
BTC-USD_1h_1714838400_1715410800_42.png,C:\Users\afierro\CV_chart_pattern_detector\data\images\rendered\train\BTC-USD_1h_1714838400_1715410800_42.png,train,BTC-USD,1h,2024-05-04T16:00:00+00:00,2024-05-11T07:00:00+00:00,160,-0.0002561838885697122,0.005003338015714147,0.0034715957577317012,458.85531457324095,65.52023058007568,0.004719430809837943,0.0027033551281172574,-0.03157380849899505,0.002609032063646044,-0.00028424269670013214,-0.012796570011638475,0.4260987245417199,0.2444339015027173,0.26234135973669515,0.3115599157215849,0.51875,0.48125,16.0,15.0,9.066666666666666,10.357142857142858,834.4376305145574,1094.5624812113538,0.9943072883892132,0.03788157963649118,51.0,0.9758678844070033,0.024824467781751784,35.0,0.007511621603225959,1.0,-13.881732770745302,-0.004566583987780639,1.0,804.0,-32.93781680965898,55.77322781403286,725.0,0.17039800995024876,0.1480099502487562,0.681592039800995,0.0,0.0,0.0,0.0,0.0,0.0,0.0,0.0,0.0,0.0,0.0,1.0,5.403046941058936,1.0,3.447469642539846,0,0,1,1
BTC-USD_1h_1714982400_1715554800_42.png,C:\Users\afierro\CV_chart_pattern_detector\data\images\rendered\train\BTC-USD_1h_1714982400_1715554800_42.png,train,BTC-USD,1h,2024-05-06T08:00:00+00:00,2024-05-12T23:00:00+00:00,160,-0.0003517622752419348,0.004832482644941629,0.0032508440589183226,493.3130762378936,177.36147117747026,0.0012684407575143108,0.0051524616626574815,0.006284615384615444,0.0019211748767784531,0.004410223164145188,0.007361169571477477,0.4311227717297724,0.24774621411591236,0.259872903722195,0.3090043245480326,0.5,0.5,16.0,15.0,9.333333333333334,9.571428571428571,1110.9733665405756,1064.1647560214644,0.9943072883892132,0.03788157963649118,51.0,0.9758678844070033,0.024824467781751784,35.0,0.007511621603225959,1.0,-22.257821964369434,0.01730462560762305,1.0,944.0,-31.580514786102004,54.11365900837228,712.0,0.17584745762711865,0.1504237288135593,0.673728813559322,0.0,0.0,0.0,0.0,0.0,0.0,0.0,0.0,0.0,0.0,0.0,1.0,5.0385997696964235,1.0,3.215554942734041,0,0,1,1
BTC-USD_1h_1715126400_1715698800_42.png,C:\Users\afierro\CV_chart_pattern_detector\data\images\rendered\train\BTC-USD_1h_1715126400_1715698800_42.png,train,BTC-USD,1h,2024-05-08T00:00:00+00:00,2024-05-14T15:00:00+00:00,160,-7.087023036337019e-05,0.004431273037879281,0.002900352485941927,418.7514856964023,96.09786461689775,-0.00017735038205579645,-0.004100286902420924,-0.02067270452668324,-0.0003746434662426079,-0.007887216353894555,-0.00490792789195349,0.4108974572293823,0.2473924778436513,0.2730471514632701,0.31605539130734756,0.49375,0.50625,16.0,14.0,9.733333333333333,11.461538461538462,869.9518557440404,780.7449829780578,0.9943072883892132,0.03788157963649118,51.0,0.9773324259281017,0.02069521514415525,28.0,0.006759812129521419,1.0,24.837058837318715,-0.006352675869591666,1.0,3004.0,-3.709392838765397,59.64232537274309,787.0,0.12117177097203728,0.4084553928095872,0.4703728362183755,0.0,0.0,0.0,0.0,0.0,0.0,0.0,0.0,0.0,0.0,0.0,1.0,5.90273575346859,1.0,3.1325775781445593,0,0,1,1
BTC-USD_1h_1715270400_1715842800_42.png,C:\Users\afierro\CV_chart_pattern_detector\data\images\rendered\train\BTC-USD_1h_1715270400_1715842800_42.png,train,BTC-USD,1h,2024-05-09T16:00:00+00:00,2024-05-16T07:00:00+00:00,160,0.0004314759193199893,0.004544729652854168,0.002829292832478416,439.79968128601575,130.05545734754398,0.002534733026966496,0.00039808640229410663,0.037408269701663555,0.0022008908325084064,0.00948539094485823,0.04468585675303616,0.40179518420140425,0.2457414732646012,0.30358295694298776,0.294621858855608,0.525,0.475,15.0,12.0,10.357142857142858,10.454545454545455,1343.2179242292245,744.359995538206,0.0,0.0,0.0,0.9906567352084089,0.03513677709958039,45.0,0.006759812129521419,1.0,46.88071366619807,0.002047387162701185,1.0,653.0,6.402751813712565,66.8659736509427,735.0,0.20520673813169985,0.45941807044410415,0.33537519142419603,0.0,0.0,0.0,0.0,0.0,0.0,0.0,0.0,0.0,0.0,0.0,0.0,0.0,1.0,5.039833621736089,0,0,0,1
BTC-USD_1h_1715414400_1715986800_42.png,C:\Users\afierro\CV_chart_pattern_detector\data\images\rendered\train\BTC-USD_1h_1715414400_1715986800_42.png,train,BTC-USD,1h,2024-05-11T08:00:00+00:00,2024-05-17T23:00:00+00:00,160,0.0006224232427237595,0.0040648473502364335,0.002938720260443871,396.06385661799015,96.2390916840706,-0.00035780341811897376,0.0032532684615576013,0.024020573304237125,0.001852778912015518,0.007858693351142865,0.014665667269024851,0.4399234061013398,0.24434188484520886,0.2730428703665164,0.2870337235321438,0.53125,0.46875,15.0,14.0,10.357142857142858,11.538461538461538,2358.3416775545206,2216.402954263015,0.0,0.0,0.0,0.9906567352084089,0.03513677709958039,45.0,0.007950705156937235,1.0,68.56720663384945,0.003026023414679913,1.0,993.0,16.67572601017995,62.76396160749658,718.0,0.1339375629405841,0.5871097683786506,0.27895266868076535,0.0,0.0,0.0,0.0,0.0,0.0,0.0,0.0,0.0,0.0,0.0,0.0,0.0,1.0,5.578293531075036,0,0,0,1
BTC-USD_1h_1715558400_1716130800_42.png,C:\Users\afierro\CV_chart_pattern_detector\data\images\rendered\train\BTC-USD_1h_1715558400_1716130800_42.png,train,BTC-USD,1h,2024-05-13T00:00:00+00:00,2024-05-19T15:00:00+00:00,160,0.0005353619309684517,0.004048678585884766,0.0028456785069524066,409.02618565473534,86.99397189271957,-0.006536759245507118,-0.0019809721042064465,-0.0011070125579395462,-0.003113558103188585,-0.0025042571476761033,-0.0013109769086050438,0.42236508695430713,0.2459093932940041,0.2744548107670926,0.30318010227860026,0.525,0.475,16.0,16.0,9.733333333333333,10.066666666666666,2119.428919008075,2300.7879889313886,0.0,0.0,0.0,0.979870337067605,0.016098128413879146,30.0,0.007950705156937235,1.0,22.209103961556803,0.012213816066309993,1.0,619.0,13.373178476759612,65.21871814149908,709.0,0.1841680129240711,0.5428109854604201,0.2730210016155089,0.0,0.0,0.0,0.0,0.0,0.0,0.0,0.0,0.0,0.0,0.0,0.0,0.0,1.0,2.5469910606516737,0,0,0,1
BTC-USD_1h_1715702400_1716274800_42.png,C:\Users\afierro\CV_chart_pattern_detector\data\images\rendered\train\BTC-USD_1h_1715702400_1716274800_42.png,train,BTC-USD,1h,2024-05-14T16:00:00+00:00,2024-05-21T07:00:00+00:00,160,0.0009113258057884446,0.00467941796670082,0.0030794125756016346,426.3172502678984,112.2414550011166,-0.005691459514056585,0.018501304124095563,0.05889023892683776,-0.0020108530277263004,0.01753206401568086,0.04330766560863464,0.4377587948716702,0.25834567917659795,0.26983056405167777,0.2924106410766521,0.56875,0.43125,16.0,14.0,9.666666666666666,9.692307692307692,1904.6429582138057,1399.8985881834308,0.9963181976926583,0.011897785591248912,43.0,0.9821402611936947,0.024918785118843014,77.0,0.014124246671949952,1.0,40.86608075480602,-0.02584703630746947,1.0,455.0,11.199995454196092,68.10645884893205,747.0,0.22857142857142856,0.48131868131868133,0.29010989010989013,0.0,0.0,0.0,0.0,0.0,0.0,0.0,0.0,0.0,0.0,0.0,1.0,2.0422831000840587,1.0,4.119839928999632,0,0,1,1
BTC-USD_1h_1715846400_1716418800_42.png,C:\Users\afierro\CV_chart_pattern_detector\data\images\rendered\train\BTC-USD_1h_1715846400_1716418800_42.png,train,BTC-USD,1h,2024-05-16T08:00:00+00:00,2024-05-22T23:00:00+00:00,160,0.00027715531525493567,0.004620742903013495,0.003107331099179065,418.1038607649216,105.95289138560771,-0.006761446100784663,-0.013520858628220833,-0.006226438570815729,-0.007828567808799813,-0.008609373399253828,-0.0148156799417547,0.4398315745288981,0.2658954534935763,0.2627496851317479,0.297418740339354,0.51875,0.48125,18.0,16.0,8.705882352941176,9.333333333333334,1725.754360171405,1632.6311277178795,0.9963181976926583,0.011897785591248912,43.0,0.9821402611936947,0.024918785118843014,77.0,0.014124246671949952,1.0,49.97038818565423,0.0029975743335595648,1.0,826.0,13.65980220793523,64.69954288329858,717.0,0.162227602905569,0.5447941888619855,0.2929782082324455,0.0,0.0,0.0,0.0,0.0,0.0,0.0,0.0,0.0,0.0,0.0,1.0,2.079330811383453,1.0,4.195271188850373,0,0,1,1
BTC-USD_1h_1715990400_1716562800_42.png,C:\Users\afierro\CV_chart_pattern_detector\data\images\rendered\train\BTC-USD_1h_1715990400_1716562800_42.png,train,BTC-USD,1h,2024-05-18T00:00:00+00:00,2024-05-24T15:00:00+00:00,160,0.00014495444714183203,0.0047950375994992465,0.003110273835654265,438.2339463496428,126.50685907897245,0.014498443132656691,0.021520621119108352,0.007721942235795698,0.013633159986110366,0.010747167394438595,-0.0032840610681931226,0.41677633847423773,0.2590801336979138,0.2833622069031321,0.29986145462263025,0.48125,0.51875,17.0,15.0,8.5,10.357142857142858,1601.228882361065,1485.803917784876,0.9734945851180699,0.026694047486991373,60.0,0.9951781928367657,0.01339829036261677,39.0,0.007193859436146001,1.0,-44.77957653539579,0.0018252318870103522,1.0,689.0,5.47314511587727,63.7758664908481,777.0,0.24383164005805516,0.44992743105950656,0.3062409288824383,0.0,0.0,0.0,0.0,0.0,0.0,0.0,0.0,0.0,0.0,0.0,1.0,4.5452770051143725,1.0,2.1731076504112132,0,0,1,1
BTC-USD_1h_1716134400_1716706800_42.png,C:\Users\afierro\CV_chart_pattern_detector\data\images\rendered\train\BTC-USD_1h_1716134400_1716706800_42.png,train,BTC-USD,1h,2024-05-19T16:00:00+00:00,2024-05-26T07:00:00+00:00,160,0.00025936144520214164,0.004824138530330571,0.0031921028450662067,469.6029261027572,109.0168343216126,0.003858636625675649,0.00305443446310516,0.0032387439721164313,0.0030776218090764473,0.003491626655466984,0.010022530649412609,0.4430747284752946,0.2670929971129618,0.2880688598694436,0.26885641165526186,0.50625,0.49375,17.0,15.0,8.625,10.785714285714286,1237.7838883938796,1343.0084127867556,0.9734945851180699,0.026694047486991373,60.0,0.0,0.0,0.0,0.007193859436146001,1.0,6.230312822316177,0.011259200036544558,1.0,1299.0,-8.314862814520394,61.24585676417386,717.0,0.15704387990762125,0.3595073133179369,0.48344880677444185,0.0,0.0,0.0,0.0,0.0,0.0,0.0,0.0,0.0,0.0,0.0,1.0,4.256231614287773,0.0,0.0,0,0,1,0
BTC-USD_1h_1716278400_1716850800_42.png,C:\Users\afierro\CV_chart_pattern_detector\data\images\rendered\train\BTC-USD_1h_1716278400_1716850800_42.png,train,BTC-USD,1h,2024-05-21T08:00:00+00:00,2024-05-27T23:00:00+00:00,160,-0.00012450282307656965,0.004020827399991931,0.0028637640003568556,393.7724872298485,114.68810939176917,0.002547213031011575,-0.0009146762589928858,0.009690561336256787,-0.005148321256931432,0.003372467208632157,0.005252342921549635,0.45542968756468144,0.26686050532383954,0.27716806091316226,0.2674022515221564,0.4625,0.5375,18.0,16.0,8.647058823529411,9.6,826.6016358090659,843.6364418360265,0.9959900021277974,0.015599553767607747,37.0,0.9973973474285376,0.014281553508044569,53.0,0.007779396456654255,1.0,5.718790787623492,-0.010046620714113342,1.0,886.0,-17.25959964934106,59.69250012647505,760.0,0.19074492099322798,0.2528216704288939,0.5564334085778782,0.0,0.0,0.0,0.0,0.0,0.0,0.0,0.0,0.0,0.0,0.0,1.0,2.917027815636515,1.0,2.6738935087769415,0,0,1,1
BTC-USD_1h_1716422400_1716994800_42.png,C:\Users\afierro\CV_chart_pattern_detector\data\images\rendered\train\BTC-USD_1h_1716422400_1716994800_42.png,train,BTC-USD,1h,2024-05-23T00:00:00+00:00,2024-05-29T15:00:00+00:00,160,-0.00018656929808946453,0.004073079095066076,0.0028979209819292324,411.87362827389586,115.53061480435197,-0.005673548287509433,-0.016554442763181965,-0.013856100750140543,-0.007355534481272241,-0.012422501720588008,-0.016750090082790048,0.46719130209755555,0.2658622687332856,0.2609510757669792,0.27185762213546527,0.475,0.525,19.0,14.0,8.166666666666666,10.23076923076923,638.5909408335531,785.6555546517201,0.9839524893406257,0.024694012019554453,32.0,0.9973973474285376,0.014281553508044569,53.0,0.007856150938568092,1.0,-14.83145557899629,-0.002453712651586726,1.0,1515.0,0.6468596860913947,65.86884778252302,780.0,0.14983498349834984,0.4376237623762376,0.41254125412541254,0.0,0.0,0.0,0.0,0.0,0.0,0.0,0.0,0.0,0.0,0.0,1.0,4.3207236174994925,1.0,2.56485049919975,0,0,1,1
BTC-USD_1h_1716566400_1717138800_42.png,C:\Users\afierro\CV_chart_pattern_detector\data\images\rendered\train\BTC-USD_1h_1716566400_1717138800_42.png,train,BTC-USD,1h,2024-05-24T16:00:00+00:00,2024-05-31T07:00:00+00:00,160,-1.3950084403256391e-05,0.003535533465323447,0.0025827158592961986,389.0485938405187,92.15353582882929,-0.005264693012309807,-0.0020484541226930553,0.0006113013100488285,-0.0033613079293125514,-0.00517592413898782,0.0013718039280847805,0.44964275644389345,0.26657603530487933,0.2698753791506484,0.28048186440545814,0.49375,0.50625,19.0,15.0,8.38888888888889,10.142857142857142,594.2648955766132,603.8663089290151,0.9839524893406257,0.024694012019554453,32.0,0.9977692945198615,0.024412244967501755,38.0,0.007856150938568092,1.0,1.2047587904357995,0.007275213461421964,1.0,866.0,-22.83949714403505,62.100369337349036,735.0,0.20092378752886836,0.2251732101616628,0.5739030023094688,0.0,0.0,0.0,0.0,0.0,0.0,0.0,0.0,0.0,0.0,0.0,1.0,4.567388591641714,1.0,4.355071497193258,0,0,1,1
BTC-USD_1h_1716710400_1717282800_42.png,C:\Users\afierro\CV_chart_pattern_detector\data\images\rendered\train\BTC-USD_1h_1716710400_1717282800_42.png,train,BTC-USD,1h,2024-05-26T08:00:00+00:00,2024-06-01T23:00:00+00:00,160,-0.00012163357705484635,0.0035689232901739173,0.002524851392241107,399.62423141117387,82.93660206600036,0.00019319960988162244,-0.0005381740781500444,0.0012830967371313395,0.00013220600192243026,0.0006866178132094447,-0.0014570622506749897,0.42446395310018714,0.2647716983565543,0.27551376101097386,0.300022285888839,0.50625,0.49375,18.0,16.0,8.823529411764707,9.066666666666666,698.5097897864221,537.7576295625497,0.9816033743708176,0.023557577543484583,25.0,0.9977692945198615,0.024412244967501755,38.0,0.006297164505808709,1.0,-4.209159165494263,0.009518604612253711,1.0,1754.0,-18.02680147645683,62.79478236645928,710.0,0.12941847206385404,0.28734321550741165,0.5832383124287344,0.0,0.0,0.0,0.0,0.0,0.0,0.0,0.0,0.0,0.0,0.0,1.0,4.219912965807419,1.0,4.2434759196098355,0,0,1,1
BTC-USD_1h_1716854400_1717426800_42.png,C:\Users\afierro\CV_chart_pattern_detector\data\images\rendered\train\BTC-USD_1h_1716854400_1717426800_42.png,train,BTC-USD,1h,2024-05-28T00:00:00+00:00,2024-06-03T15:00:00+00:00,160,2.861929304706128e-05,0.0037649865263985156,0.0025732326278617907,367.5295804182809,101.20851242881712,0.007748697162709872,0.008348042423594437,0.026301760841618727,0.005966383358540384,0.013563504237254165,0.02118992775945361,0.421271282122084,0.2658743182242344,0.2776731053110818,0.30105561256683416,0.53125,0.46875,18.0,15.0,8.352941176470589,9.714285714285714,500.39752599530675,260.45479444489564,0.9909620484161323,0.016715794824633867,32.0,0.9977692945198615,0.024412244967501755,38.0,0.007713129675061581,1.0,15.209942217533989,-0.0011406334784010228,1.0,1024.0,0.6923777767806314,67.83323545300183,780.0,0.18359375,0.41015625,0.40625,0.0,0.0,0.0,0.0,0.0,0.0,0.0,0.0,0.0,0.0,0.0,1.0,3.2424657549806164,1.0,4.601972183389645,0,0,1,1
BTC-USD_1h_1716998400_1717570800_42.png,C:\Users\afierro\CV_chart_pattern_detector\data\images\rendered\train\BTC-USD_1h_1716998400_1717570800_42.png,train,BTC-USD,1h,2024-05-29T16:00:00+00:00,2024-06-05T07:00:00+00:00,160,0.00033661527832764843,0.0034851309670096424,0.0023377250555414266,372.3261570110777,105.27548096997877,0.0035578380545184807,0.009051703979376713,0.03268386414057489,0.004040770542064198,0.00906346615922482,0.021821752672930073,0.4062684083529611,0.2529629479137211,0.2914216601582972,0.30230993148874175,0.53125,0.46875,16.0,16.0,9.266666666666667,9.666666666666666,882.1753410973557,790.6942839857473,0.9909620484161323,0.016715794824633867,32.0,0.9807126519393109,0.027726087410111105,38.0,0.009970764427207129,1.0,42.27991244725774,-0.004781015849045686,1.0,460.0,8.763038798130077,64.48699253484972,728.0,0.28043478260869564,0.44130434782608696,0.2782608695652174,0.0,0.0,0.0,0.0,0.0,0.0,0.0,0.0,0.0,0.0,0.0,1.0,3.202193031814393,1.0,5.1954279034843065,0,0,1,1
BTC-USD_1h_1717142400_1717714800_42.png,C:\Users\afierro\CV_chart_pattern_detector\data\images\rendered\train\BTC-USD_1h_1717142400_1717714800_42.png,train,BTC-USD,1h,2024-05-31T08:00:00+00:00,2024-06-06T23:00:00+00:00,160,0.0002472107650276263,0.0034794645140458864,0.0023163165237517127,338.33801815278605,97.32619705564795,0.004534226907714434,-0.009312446713105604,-0.003595267408744829,-0.0021652596657680823,-0.0026457707850923162,-0.0030667145178467914,0.4107765013139681,0.2591871145045121,0.2923794388218222,0.2968440598642098,0.525,0.475,17.0,16.0,9.125,9.8,1486.4259093697474,1453.2636247446158,0.0,0.0,0.0,0.9807126519393109,0.027726087410111105,38.0,0.006887289110003285,1.0,30.96677637130818,0.0020846738437922193,1.0,623.0,22.972708476010716,57.13011525595059,709.0,0.19903691813804172,0.6179775280898876,0.18298555377207062,0.0,0.0,0.0,0.0,0.0,0.0,0.0,0.0,0.0,0.0,0.0,0.0,0.0,1.0,5.70345943693791,0,0,0,1
BTC-USD_1h_1717286400_1717858800_42.png,C:\Users\afierro\CV_chart_pattern_detector\data\images\rendered\train\BTC-USD_1h_1717286400_1717858800_42.png,train,BTC-USD,1h,2024-06-02T00:00:00+00:00,2024-06-08T15:00:00+00:00,160,0.00014799617420922147,0.0036928645624379744,0.0024529175937865817,363.5011915681115,90.21387291542446,0.0009237964516586317,0.0013926899642235924,0.0017605473770050395,5.09868578357775e-06,0.0003843186963763401,-0.012633143087975585,0.4220965041835433,0.2601455764615217,0.2604929215315591,0.3174105742848976,0.5125,0.4875,16.0,16.0,9.8,9.8,1193.1522157266288,1238.4496903271784,0.9966746204758623,0.019450033814471367,44.0,0.9807126519393109,0.027726087410111105,38.0,0.006887289110003285,1.0,-24.92116819034217,0.0010511348696866255,1.0,923.0,26.845066223927205,52.83219110126008,718.0,0.21668472372697725,0.6403033586132177,0.14301191765980498,0.0,0.0,0.0,0.0,0.0,0.0,0.0,0.0,0.0,0.0,0.0,1.0,4.005984641670833,1.0,5.318206103321399,0,0,1,1
BTC-USD_1h_1717430400_1718002800_42.png,C:\Users\afierro\CV_chart_pattern_detector\data\images\rendered\train\BTC-USD_1h_1717430400_1718002800_42.png,train,BTC-USD,1h,2024-06-03T16:00:00+00:00,2024-06-10T07:00:00+00:00,160,2.466967131743373e-05,0.0029349365989006864,0.0019239879801654194,366.74015286483484,143.97197898435732,-0.004441829997758884,-0.00474421029276495,-0.005866341906345829,-0.0039465733904600064,-0.004348269354145229,-0.0023342020251648776,0.404851687147871,0.2398874504169791,0.262773672065096,0.33237464078703305,0.51875,0.48125,18.0,15.0,8.529411764705882,10.357142857142858,885.2451986014479,858.1103770013137,0.9966746204758623,0.019450033814471367,44.0,0.0,0.0,0.0,0.005529078411434994,1.0,-19.623238162212715,0.010988670975333875,1.0,1218.0,-5.068149458990113,63.396020272995095,716.0,0.18883415435139572,0.36617405582922824,0.44499178981937604,0.0,0.0,0.0,0.0,0.0,0.0,0.0,0.0,0.0,0.0,0.0,1.0,3.9720178253709135,0.0,0.0,0,0,1,0
BTC-USD_1h_1717574400_1718146800_42.png,C:\Users\afierro\CV_chart_pattern_detector\data\images\rendered\train\BTC-USD_1h_1717574400_1718146800_42.png,train,BTC-USD,1h,2024-06-05T08:00:00+00:00,2024-06-11T23:00:00+00:00,160,-0.00032410044675574326,0.0030611065589178665,0.0020340289061638634,317.0123174431516,106.06674662343887,-0.0013762663556801114,0.006925523916826881,-0.01043454637507546,0.0043309135769573626,0.0019128244734067934,-0.018238981896131157,0.40644558505607886,0.23608252775038335,0.24866698151842118,0.3448874334255,0.5,0.5,17.0,16.0,9.5,9.733333333333333,1090.02692049611,1171.287253158892,0.9966746204758623,0.019450033814471367,44.0,0.9890649396125322,0.013864366964166626,63.0,0.004855381714592241,1.0,-32.326952062822144,-0.0180044271491243,1.0,501.0,-22.119766000740068,60.325048638958336,709.0,0.29740518962075846,0.18363273453093812,0.5189620758483033,0.0,0.0,0.0,0.0,0.0,0.0,0.0,0.0,0.0,0.0,0.0,1.0,4.569986373008061,1.0,3.237854125905222,0,0,1,1
BTC-USD_1h_1717718400_1718290800_42.png,C:\Users\afierro\CV_chart_pattern_detector\data\images\rendered\train\BTC-USD_1h_1717718400_1718290800_42.png,train,BTC-USD,1h,2024-06-07T00:00:00+00:00,2024-06-13T15:00:00+00:00,160,-0.00039536011649193256,0.004202784861293842,0.0025707799758313515,329.27330114832733,142.6050263176176,-0.01874786223027214,-0.01552994976048827,-0.023992140252616756,-0.015207099456438056,-0.01865063996089744,-0.019215818264327722,0.431293440733474,0.24100282942586687,0.23703617483402267,0.3316703844325034,0.48125,0.51875,15.0,16.0,10.642857142857142,9.733333333333333,1155.5073825621205,1249.459457430493,0.9912183693387249,0.010218192916288825,55.0,0.9643354429032528,0.020849612880144846,29.0,0.01152566079713673,1.0,-19.186872948898397,-0.006678372883385448,1.0,605.0,-22.20661731544605,60.862223936161776,780.0,0.25950413223140495,0.19834710743801653,0.5421487603305785,0.0,0.0,0.0,0.0,0.0,0.0,0.0,0.0,0.0,0.0,0.0,1.0,2.368836639683447,1.0,4.418801528179398,0,0,1,1
BTC-USD_1h_1717862400_1718434800_42.png,C:\Users\afierro\CV_chart_pattern_detector\data\images\rendered\train\BTC-USD_1h_1717862400_1718434800_42.png,train,BTC-USD,1h,2024-06-08T16:00:00+00:00,2024-06-15T07:00:00+00:00,160,-0.00029816812299713913,0.004290953603469407,0.0026686507875719264,362.2618869977193,150.20362905925757,-0.002880430591778338,0.0009540399075895767,-0.015000901863802096,-0.001144594110946917,-0.0009319591500147606,-0.009429663762866025,0.43584088327141146,0.23527358814452226,0.260691914352702,0.3034672023758866,0.45,0.55,15.0,17.0,10.857142857142858,8.375,1398.4956035820155,1278.6774023404262,0.9940139858461213,0.009751599130517598,26.0,0.9643354429032528,0.020849612880144846,29.0,0.01152566079713673,1.0,-31.799933427098154,0.01311861965470055,1.0,723.0,-21.77870563328019,57.12557635790491,750.0,0.2351313969571231,0.2033195020746888,0.5615491009681881,0.0,0.0,0.0,0.0,0.0,0.0,0.0,0.0,0.0,0.0,0.0,1.0,1.978486394775506,1.0,4.026016025908964,0,0,1,1
BTC-USD_1h_1718006400_1718578800_42.png,C:\Users\afierro\CV_chart_pattern_detector\data\images\rendered\train\BTC-USD_1h_1718006400_1718578800_42.png,train,BTC-USD,1h,2024-06-10T08:00:00+00:00,2024-06-16T23:00:00+00:00,160,-0.00024124795109063427,0.00432055763164358,0.002724560938335321,379.9764429278032,130.18169182543042,0.001717933756113732,0.0023730054952701973,0.007720730368850903,0.0011091542922609943,0.0024412122867536468,0.005366839197303186,0.4408076984451233,0.2540360949622588,0.2640655487421056,0.2951267528127712,0.46875,0.53125,13.0,18.0,11.833333333333334,8.941176470588236,1234.0128131334445,1033.8562685808663,0.0,0.0,0.0,0.0,0.0,0.0,0.004641053655770758,1.0,-4.689101969057706,0.006334273295171961,1.0,812.0,-25.59237030933937,56.75112177201798,709.0,0.20073891625615764,0.1834975369458128,0.6157635467980296,0.0,0.0,0.0,0.0,0.0,0.0,0.0,0.0,0.0,0.0,0.0,0.0,0.0,0.0,0.0,0,0,0,0
BTC-USD_1h_1718150400_1718722800_42.png,C:\Users\afierro\CV_chart_pattern_detector\data\images\rendered\train\BTC-USD_1h_1718150400_1718722800_42.png,train,BTC-USD,1h,2024-06-12T00:00:00+00:00,2024-06-18T15:00:00+00:00,160,-0.00022766649577579277,0.004506987638567747,0.0028789475133033965,373.4580904895298,129.90247997024437,-0.010096992320166476,-0.012122137404580124,-0.025481814646659218,-0.008470006976230016,-0.013432028552746278,-0.019631006540721363,0.448398267347616,0.263389883138091,0.2675595101309243,0.28404222252145966,0.46875,0.53125,14.0,17.0,11.384615384615385,8.75,987.3470110134258,723.5244812414494,0.9944445034814277,0.011451195730897671,49.0,0.9992012779552716,0.025474471614647415,68.0,0.006779406968995203,1.0,-11.92880696202536,-0.01921102165374272,1.0,702.0,-29.22792607316604,57.96764014522962,723.0,0.23504273504273504,0.1623931623931624,0.6025641025641025,0.0,0.0,0.0,0.0,0.0,0.0,0.0,0.0,0.0,0.0,0.0,1.0,2.2268454285942063,1.0,4.688172636084589,0,0,1,1
BTC-USD_1h_1718294400_1718866800_42.png,C:\Users\afierro\CV_chart_pattern_detector\data\images\rendered\train\BTC-USD_1h_1718294400_1718866800_42.png,train,BTC-USD,1h,2024-06-13T16:00:00+00:00,2024-06-20T07:00:00+00:00,160,-0.00010027126262718393,0.0033176353320340437,0.002265784476454546,384.33025715979295,134.4974292990784,0.010260010777728201,0.01577564689745703,0.010225608243684237,0.00917867697532393,0.011271856759002663,0.010727513023091273,0.41848963433710396,0.2624402120175397,0.27337125443058896,0.3081391112323071,0.49375,0.50625,15.0,17.0,10.0,9.1875,673.5584644148489,777.0775398364943,0.9944445034814277,0.011451195730897671,49.0,0.9992012779552716,0.025474471614647415,68.0,0.006779406968995203,1.0,-16.382444561650217,0.010434785421982439,1.0,1021.0,-32.09599003496413,55.50333026560917,718.0,0.1841332027424094,0.15279138099902057,0.66307541625857,0.0,0.0,0.0,0.0,0.0,0.0,0.0,0.0,0.0,0.0,0.0,1.0,2.168891593815994,1.0,4.562545774615589,0,0,1,1
BTC-USD_1h_1718438400_1719010800_42.png,C:\Users\afierro\CV_chart_pattern_detector\data\images\rendered\train\BTC-USD_1h_1718438400_1719010800_42.png,train,BTC-USD,1h,2024-06-15T08:00:00+00:00,2024-06-21T23:00:00+00:00,160,-0.00019450105789038427,0.003455570460573967,0.002401166315394933,336.59130840811565,129.04338066410185,-0.0013770392674929965,-0.0012344517931626164,-0.008140405133756023,0.0018193241190436193,0.001242086291007638,-0.009427227633597157,0.4115280187184247,0.2582478105794173,0.2636938601454347,0.32477812113614046,0.48125,0.51875,14.0,15.0,11.615384615384615,9.785714285714286,863.258419225539,857.8637363451153,0.9922051095175969,0.010347386721835035,31.0,0.9888981434049612,0.019375037694551636,42.0,0.008625629312863712,1.0,-15.042823722456015,-0.0018210237182631982,1.0,2316.0,-15.907173348137134,60.16868682010098,755.0,0.1187392055267703,0.29360967184801384,0.5876511226252159,0.0,0.0,0.0,0.0,0.0,0.0,0.0,0.0,0.0,0.0,0.0,1.0,2.1643845281269845,1.0,3.922699842730232,0,0,1,1
BTC-USD_1h_1718582400_1719154800_42.png,C:\Users\afierro\CV_chart_pattern_detector\data\images\rendered\train\BTC-USD_1h_1718582400_1719154800_42.png,train,BTC-USD,1h,2024-06-17T00:00:00+00:00,2024-06-23T15:00:00+00:00,160,-0.00023388547999467056,0.003402079101641579,0.0022965407842572777,363.0487955762941,119.93317902907744,-0.003845887837467088,-0.0045428777771737705,-0.0029554792725218215,-0.0035490810066837186,-0.004015846829838909,-0.002704855383085958,0.40704105647345257,0.24810743823422807,0.2595958794097246,0.3333630641168228,0.46875,0.53125,14.0,17.0,10.384615384615385,8.4375,817.4838783422524,651.4690158743475,0.0,0.0,0.0,0.0,0.0,0.0,0.008625629312863712,1.0,-12.002252344116524,0.015765586083864965,1.0,1512.0,-20.218921045580554,61.474844747656455,710.0,0.13425925925925927,0.26521164021164023,0.6005291005291006,0.0,0.0,0.0,0.0,0.0,0.0,0.0,0.0,0.0,0.0,0.0,0.0,0.0,0.0,0.0,0,0,0,0
BTC-USD_1h_1718726400_1719298800_42.png,C:\Users\afierro\CV_chart_pattern_detector\data\images\rendered\train\BTC-USD_1h_1718726400_1719298800_42.png,train,BTC-USD,1h,2024-06-18T16:00:00+00:00,2024-06-25T07:00:00+00:00,160,-0.0003943998891241117,0.004119795298911284,0.0026082654663350494,356.53287283870833,142.41758430964228,-0.01007184198905775,0.010594351477743569,-0.008658795747004677,-0.0009721091113045199,0.0012906277942861255,-0.02588009450766493,0.4185295201415903,0.2511801484990426,0.24829665011322347,0.3331738297451862,0.4875,0.5125,16.0,18.0,10.0,8.470588235294118,1315.7938598794603,1455.6393686777105,0.9549008802677866,0.030990961276566076,54.0,0.0,0.0,0.0,0.012946732346032884,1.0,-60.73977015939998,-0.025925295929790024,1.0,662.0,-16.057406614734326,67.8014906123699,743.0,0.19637462235649547,0.28851963746223563,0.5151057401812689,0.0,0.0,0.0,0.0,0.0,0.0,0.0,0.0,0.0,0.0,0.0,1.0,5.683248995417151,0.0,0.0,0,0,1,0
BTC-USD_1h_1718870400_1719442800_42.png,C:\Users\afierro\CV_chart_pattern_detector\data\images\rendered\train\BTC-USD_1h_1718870400_1719442800_42.png,train,BTC-USD,1h,2024-06-20T08:00:00+00:00,2024-06-26T23:00:00+00:00,160,-0.000470260676408819,0.004349465170549155,0.0027726507215826103,363.9032129148514,144.6877475802433,-0.0022134422600914583,-0.013982928042692966,-0.013740549796995682,-0.004594647290856568,-0.007729149678111447,-0.0077966573880817736,0.4257673931314175,0.25241197394098214,0.25922013829316165,0.31501246857542087,0.44375,0.55625,16.0,19.0,9.266666666666667,8.166666666666666,1337.8365400100038,1649.0551534378035,0.9549008802677866,0.030990961276566076,54.0,0.0,0.0,0.0,0.012946732346032884,1.0,-20.194959563994296,0.016135755918296496,1.0,704.0,-25.36932353040373,64.41107808908063,709.0,0.16619318181818182,0.22017045454545456,0.6136363636363636,0.0,0.0,0.0,0.0,0.0,0.0,0.0,0.0,0.0,0.0,0.0,1.0,5.57211996544484,0.0,0.0,0,0,1,0
BTC-USD_1h_1719014400_1719586800_42.png,C:\Users\afierro\CV_chart_pattern_detector\data\images\rendered\train\BTC-USD_1h_1719014400_1719586800_42.png,train,BTC-USD,1h,2024-06-22T00:00:00+00:00,2024-06-28T15:00:00+00:00,160,-0.0002921003000237311,0.004226425747546224,0.002717330677216923,340.9197877600808,153.0319074466162,-0.010179769816826001,-0.009070777216064085,-0.007010541506194734,-0.005375097907710957,-0.007816228526036029,-0.0048143592822580406,0.4361621985588017,0.24958888732655354,0.2641808183898443,0.29965698305135396,0.50625,0.49375,19.0,18.0,8.222222222222221,8.235294117647058,1213.1285479804717,1511.5696882250588,0.9549008802677866,0.030990961276566076,54.0,0.0,0.0,0.0,0.007792673129756008,1.0,-1.193065518049616,0.0027604934820230406,1.0,836.0,-8.055029388891453,63.70186568693504,709.0,0.18660287081339713,0.319377990430622,0.49401913875598086,0.0,0.0,0.0,0.0,0.0,0.0,0.0,0.0,0.0,0.0,0.0,1.0,5.934531587402883,0.0,0.0,0,0,1,0
BTC-USD_1h_1719158400_1719730800_42.png,C:\Users\afierro\CV_chart_pattern_detector\data\images\rendered\train\BTC-USD_1h_1719158400_1719730800_42.png,train,BTC-USD,1h,2024-06-23T16:00:00+00:00,2024-06-30T07:00:00+00:00,160,-0.00023081048799023093,0.00441449782053548,0.0029255684565247363,381.00545378734705,122.48984288244291,0.01034002251622046,0.009152206002952301,0.007905260066150666,0.008968830841158626,0.00837047493761478,0.008966997591542514,0.4224910156343357,0.2519036205610862,0.2636312044301598,0.3138777799355045,0.5,0.5,18.0,17.0,8.235294117647058,8.9375,743.7966066293479,633.3671631399474,0.9901448029358616,0.02314831901916653,58.0,0.0,0.0,0.0,0.007378859198287998,1.0,-6.638129395217274,0.006348020998888468,1.0,896.0,-12.65848786224212,64.07246506198456,710.0,0.18191964285714285,0.30580357142857145,0.5122767857142857,0.0,0.0,0.0,0.0,0.0,0.0,0.0,0.0,0.0,0.0,0.0,1.0,3.988794645280644,0.0,0.0,0,0,1,0
BTC-USD_1h_1719302400_1719874800_42.png,C:\Users\afierro\CV_chart_pattern_detector\data\images\rendered\train\BTC-USD_1h_1719302400_1719874800_42.png,train,BTC-USD,1h,2024-06-25T08:00:00+00:00,2024-07-01T23:00:00+00:00,160,0.000214064801403566,0.0036649645140339232,0.002468751268939437,313.43443065722875,61.60112005908208,-0.005168537762005321,0.0011773784174136104,-0.0060019162516185,-0.004668737325249417,-0.0033982382613129136,0.009549774209582917,0.4190481613902265,0.26241190979280177,0.2779048508632738,0.3030469877464997,0.4875,0.5125,17.0,16.0,8.9375,9.533333333333333,775.4951827192494,570.2771514658319,0.9901448029358616,0.02314831901916653,58.0,0.9878744722438539,0.01829685837853592,78.0,0.008740135874633416,1.0,40.86326945616536,-0.009010415455408245,1.0,1139.0,1.7243147183657739,67.40372478990255,716.0,0.12115891132572432,0.4591747146619842,0.4196663740122915,0.0,0.0,0.0,0.0,0.0,0.0,0.0,0.0,0.0,0.0,0.0,1.0,4.803241199994185,1.0,3.8431527756035466,0,0,1,1
BTC-USD_1h_1719446400_1720018800_42.png,C:\Users\afierro\CV_chart_pattern_detector\data\images\rendered\train\BTC-USD_1h_1719446400_1720018800_42.png,train,BTC-USD,1h,2024-06-27T00:00:00+00:00,2024-07-03T15:00:00+00:00,160,-7.604747821005029e-05,0.003624193697316707,0.002484949689238594,302.11112197687527,56.27137824261765,-0.0033080509873065767,-0.01356655849477173,-0.02944203872765938,-0.004927741497748328,-0.014233704520916657,-0.03091083710844922,0.4317532509252592,0.2632942135579207,0.26440339163199555,0.30384335744274515,0.50625,0.49375,16.0,14.0,9.266666666666667,11.538461538461538,849.0212463310236,879.166046702201,0.9750162706097694,0.01827952471586888,30.0,0.9788648288018187,0.014027131431771978,40.0,0.008740135874633416,1.0,-18.813160454758595,-0.0020699633854145347,1.0,1090.0,9.895408192140247,65.98797626270363,754.0,0.14403669724770643,0.5192660550458715,0.336697247706422,0.0,0.0,0.0,0.0,0.0,0.0,0.0,0.0,0.0,0.0,0.0,1.0,3.9254350160392733,1.0,2.9639869928140303,0,0,1,1
BTC-USD_1h_1719590400_1720162800_42.png,C:\Users\afierro\CV_chart_pattern_detector\data\images\rendered\train\BTC-USD_1h_1719590400_1720162800_42.png,train,BTC-USD,1h,2024-06-28T16:00:00+00:00,2024-07-05T07:00:00+00:00,160,-0.0006954766987956174,0.0057304456473233675,0.0034709928232337893,377.9035251864642,146.67108462703746,-0.014719710060061897,-0.062437326452423836,-0.049485239479192145,-0.024955000859020693,-0.043827488186935715,-0.07055652974183735,0.44051304594745505,0.26744944647521895,0.24186926994675945,0.3176176841057855,0.4625,0.5375,15.0,16.0,10.0,10.2,1578.639261690059,2311.609395473932,0.9266891375044266,0.06229220235285319,67.0,0.9788648288018187,0.014027131431771978,40.0,0.01759994638362258,1.0,-97.13272468354427,-0.03731545132853837,1.0,300.0,-8.350004540284475,65.35269106470912,754.0,0.35,0.26,0.39,0.0,0.0,0.0,0.0,0.0,0.0,0.0,0.0,0.0,0.0,0.0,1.0,10.3070513532783,1.0,2.3987015866930523,0,0,1,1
BTC-USD_1h_1719734400_1720306800_42.png,C:\Users\afierro\CV_chart_pattern_detector\data\images\rendered\train\BTC-USD_1h_1719734400_1720306800_42.png,train,BTC-USD,1h,2024-06-30T08:00:00+00:00,2024-07-06T23:00:00+00:00,160,-0.0003299468821128512,0.006202371876213808,0.0040283065812673205,456.354482003553,177.02075565451005,0.006431955206186668,0.02052650497529651,0.03872029517214659,0.00741335546512123,0.01797061132573785,0.03163979936916639,0.45276245595221515,0.2691373264227948,0.26471732768380773,0.2825202163639771,0.4875,0.5125,14.0,15.0,10.0,9.714285714285714,2373.7815406801824,3018.7872585700516,0.9266891375044266,0.06229220235285319,67.0,0.0,0.0,0.0,0.01759994638362258,1.0,-34.75657887951232,0.017516729268493132,1.0,328.0,-17.323175464279768,60.442316957355835,710.0,0.3079268292682927,0.19207317073170732,0.5,0.0,0.0,0.0,0.0,0.0,0.0,0.0,0.0,0.0,0.0,0.0,1.0,8.577070459218193,0.0,0.0,0,0,1,0
BTC-USD_1h_1719878400_1720450800_42.png,C:\Users\afierro\CV_chart_pattern_detector\data\images\rendered\train\BTC-USD_1h_1719878400_1720450800_42.png,train,BTC-USD,1h,2024-07-02T00:00:00+00:00,2024-07-08T15:00:00+00:00,160,-0.0007346721467696875,0.007111856894298106,0.004693279037138809,495.58780357539615,174.6378422179759,-0.024363819791472285,0.002292483838114645,-0.026410853896118747,-0.01671468927549935,-0.008498321134336573,-0.022508727965013797,0.45062666582037386,0.2621022436031824,0.2580346151293838,0.2913387190502423,0.475,0.525,14.0,14.0,11.461538461538462,10.615384615384615,2278.5998111644735,2567.4216649132286,0.9288506477220169,0.06124020857436874,57.0,0.0,0.0,0.0,0.019581587300747248,1.0,7.722071729957844,-0.011803536669369284,1.0,450.0,-18.38000541554557,60.81330366677961,777.0,0.23777777777777778,0.21777777777777776,0.5444444444444444,0.0,0.0,0.0,0.0,0.0,0.0,0.0,0.0,0.0,0.0,0.0,1.0,7.742940419368864,0.0,0.0,0,0,1,0
BTC-USD_1h_1720022400_1720594800_42.png,C:\Users\afierro\CV_chart_pattern_detector\data\images\rendered\train\BTC-USD_1h_1720022400_1720594800_42.png,train,BTC-USD,1h,2024-07-03T16:00:00+00:00,2024-07-10T07:00:00+00:00,160,-0.00013215053635788786,0.007434788358094814,0.004961906528820736,587.4757251322583,129.97679202158986,0.013715707508472397,0.017985190555095176,0.02860196926959957,0.010117221950064259,0.01705056819980255,0.029360703015954837,0.43668218237602996,0.25977400371984954,0.2691493818890837,0.29416843573488627,0.525,0.475,13.0,17.0,12.333333333333334,9.25,1008.8898315158575,1406.2904075230515,0.9938482253481149,0.020213223536559032,49.0,0.0,0.0,0.0,0.019581587300747248,1.0,12.850465307079558,0.0014577251435699918,1.0,1683.0,-1.44920299900336,64.61500140126921,762.0,0.1259655377302436,0.43434343434343436,0.43969102792632203,0.0,0.0,0.0,0.0,0.0,0.0,0.0,0.0,0.0,0.0,0.0,1.0,2.146807840541516,0.0,0.0,0,0,1,0
BTC-USD_1h_1720166400_1720738800_42.png,C:\Users\afierro\CV_chart_pattern_detector\data\images\rendered\train\BTC-USD_1h_1720166400_1720738800_42.png,train,BTC-USD,1h,2024-07-05T08:00:00+00:00,2024-07-11T23:00:00+00:00,160,0.000385534585632169,0.006059283049351246,0.004135222683277967,522.7569408052229,104.65521402009838,-0.0006643660175736921,-0.007788889463767212,-0.007616823748152202,-0.003723533966550896,-0.010165639103041246,-0.011428777625545727,0.41165265479216895,0.26209658694691046,0.2876608060003979,0.30068653920743316,0.5375,0.4625,13.0,14.0,12.25,10.692307692307692,750.9792044607786,744.6868853691572,0.9938482253481149,0.020213223536559032,49.0,0.0,0.0,0.0,0.013143781632233946,1.0,15.345374706985577,-0.0015567098118604399,1.0,865.0,21.500573537115418,62.194755498537795,733.0,0.19537572254335261,0.5722543352601156,0.2323699421965318,0.0,0.0,0.0,0.0,0.0,0.0,0.0,0.0,0.0,0.0,0.0,1.0,2.3905292969519016,0.0,0.0,0,0,1,0
BTC-USD_1h_1720310400_1720882800_42.png,C:\Users\afierro\CV_chart_pattern_detector\data\images\rendered\train\BTC-USD_1h_1720310400_1720882800_42.png,train,BTC-USD,1h,2024-07-07T00:00:00+00:00,2024-07-13T15:00:00+00:00,160,0.00011406472546099982,0.00588248476161268,0.0039956379969653235,506.9586263662306,111.47259216832609,0.005067652988006932,0.013647480855396799,0.022394421049942492,0.005954699008940967,0.011729182895383605,0.01877701435913326,0.420771829327142,0.2560167644359704,0.2700333008519361,0.3091948698209218,0.525,0.475,12.0,17.0,11.727272727272727,9.0625,611.9983007669769,741.9040980736042,0.0,0.0,0.0,0.0,0.0,0.0,0.00919333590074633,1.0,2.0051883497421366,0.002760925201609652,1.0,818.0,15.057452310997,64.42488070756953,709.0,0.2139364303178484,0.5256723716381418,0.2603911980440098,0.0,0.0,0.0,0.0,0.0,0.0,0.0,0.0,0.0,0.0,0.0,0.0,0.0,0.0,0.0,0,0,0,0
BTC-USD_1h_1720454400_1721026800_42.png,C:\Users\afierro\CV_chart_pattern_detector\data\images\rendered\train\BTC-USD_1h_1720454400_1721026800_42.png,train,BTC-USD,1h,2024-07-08T16:00:00+00:00,2024-07-15T07:00:00+00:00,160,0.0007594048276878901,0.005143368287939075,0.003686687783293329,475.1346134328105,84.50248734577846,0.0030687396075876894,0.032511904096849564,0.0546500344220735,0.012715159256567965,0.029067296385652197,0.04890234098564883,0.428838864416203,0.25977795799512515,0.2808547831802443,0.29030635240355274,0.56875,0.43125,13.0,16.0,11.083333333333334,9.533333333333333,1131.2781569560682,964.6573798950261,0.0,0.0,0.0,0.9495867308386219,0.03897641168618262,61.0,0.013289633173316282,1.0,63.72501933895936,-0.017276397343507513,1.0,752.0,6.013293248224766,68.69528716328537,708.0,0.15558510638297873,0.4747340425531915,0.3696808510638298,0.0,0.0,0.0,0.0,0.0,0.0,0.0,0.0,0.0,0.0,0.0,0.0,0.0,1.0,4.980069709034483,0,0,0,1
BTC-USD_1h_1720598400_1721170800_42.png,C:\Users\afierro\CV_chart_pattern_detector\data\images\rendered\train\BTC-USD_1h_1720598400_1721170800_42.png,train,BTC-USD,1h,2024-07-10T08:00:00+00:00,2024-07-16T23:00:00+00:00,160,0.0006533205996824706,0.005236208076078326,0.003835676984352909,463.82446074669906,84.79405512167801,-0.0018635647766001018,0.01892189825536006,0.008637088306621798,0.0060390191127335235,0.015651218285097634,0.025180940586540634,0.44373540576666065,0.2555057838102859,0.27409756099336013,0.2821670332399792,0.54375,0.45625,14.0,14.0,10.615384615384615,10.615384615384615,2662.7225936317977,2201.8153000385096,0.0,0.0,0.0,0.924473181796107,0.04742665412598412,54.0,0.013289633173316282,1.0,84.06468752930158,-0.007687510280921092,1.0,298.0,9.03690848954572,61.574929105143255,713.0,0.3288590604026846,0.4395973154362416,0.23154362416107382,0.0,0.0,0.0,0.0,0.0,0.0,0.0,0.0,0.0,0.0,0.0,0.0,0.0,1.0,6.333825630966416,0,0,0,1
BTC-USD_1h_1720742400_1721314800_42.png,C:\Users\afierro\CV_chart_pattern_detector\data\images\rendered\train\BTC-USD_1h_1720742400_1721314800_42.png,train,BTC-USD,1h,2024-07-12T00:00:00+00:00,2024-07-18T15:00:00+00:00,160,0.0006766474289982123,0.005122524866971889,0.0038228051848968386,471.8716835383002,92.20958263818599,-0.018837518144476317,-0.022490611924521287,-0.015070304266093237,-0.01615947805174045,-0.01569306499305778,-0.01945248396825261,0.4663966088405348,0.25068512009469535,0.27012514719974545,0.26347824395971975,0.5375,0.4625,15.0,16.0,10.142857142857142,9.666666666666666,2875.661688151017,2999.316605537457,0.0,0.0,0.0,0.9231396820790699,0.07963290062663024,75.0,0.011067736285249142,1.0,21.510184950773496,0.009310574565879328,1.0,587.0,31.131171595908103,53.48392002443235,723.0,0.18057921635434412,0.6882453151618398,0.131175468483816,0.0,0.0,0.0,0.0,0.0,0.0,0.0,0.0,0.0,0.0,0.0,0.0,0.0,1.0,10.409264740146153,0,0,0,1
BTC-USD_1h_1720886400_1721458800_42.png,C:\Users\afierro\CV_chart_pattern_detector\data\images\rendered\train\BTC-USD_1h_1720886400_1721458800_42.png,train,BTC-USD,1h,2024-07-13T16:00:00+00:00,2024-07-20T07:00:00+00:00,160,0.0008120451185141505,0.0050678230661965525,0.0037918020545412066,488.13307849606315,81.68124235089438,-0.0005965285432075751,-0.0023817021249171733,0.033351134846461905,-0.00014878586304500896,0.002595165442644376,0.023642810698676575,0.4588229049978656,0.2553038721290639,0.27828899228333964,0.2628881027187947,0.54375,0.45625,16.0,15.0,9.866666666666667,10.642857142857142,2257.3305763070807,2063.058770300277,0.0,0.0,0.0,0.9322890504447031,0.07487670252209021,58.0,0.005620737591589954,1.0,14.732429793717802,-0.006345377656266011,1.0,286.0,1.6783170633382731,63.09828161553435,716.0,0.3776223776223776,0.3531468531468531,0.2692307692307692,0.0,0.0,0.0,0.0,0.0,0.0,0.0,0.0,0.0,0.0,0.0,0.0,0.0,1.0,9.465280898527611,0,0,0,1
BTC-USD_1h_1721030400_1721602800_42.png,C:\Users\afierro\CV_chart_pattern_detector\data\images\rendered\train\BTC-USD_1h_1721030400_1721602800_42.png,train,BTC-USD,1h,2024-07-15T08:00:00+00:00,2024-07-21T23:00:00+00:00,160,0.0005182222416794044,0.0045727983240744195,0.0034727679628142856,474.49330284291625,97.69292734847053,0.01102488474833585,0.012997029607036747,0.016785946183480505,0.009799367724905084,0.014601209236666524,0.017900933199573643,0.443232016666203,0.24695994279541686,0.28736589501819837,0.2694020883155987,0.54375,0.45625,15.0,17.0,9.642857142857142,9.375,1212.2624012452452,1492.1649762234138,0.0,0.0,0.0,0.9616303888968556,0.045385929262590594,65.0,0.009685154568711662,1.0,51.9963967416783,0.001266986325566902,1.0,1114.0,13.307894825667839,62.613326529843924,762.0,0.1400359066427289,0.5421903052064632,0.3177737881508079,0.0,0.0,0.0,0.0,0.0,0.0,0.0,0.0,0.0,0.0,0.0,0.0,0.0,1.0,6.409590913650877,0,0,0,1
BTC-USD_1h_1721174400_1721746800_42.png,C:\Users\afierro\CV_chart_pattern_detector\data\images\rendered\train\BTC-USD_1h_1721174400_1721746800_42.png,train,BTC-USD,1h,2024-07-17T00:00:00+00:00,2024-07-23T15:00:00+00:00,160,0.00011214657848654997,0.004344158608011894,0.0032276837519939457,459.19200339426845,83.5977788040069,-0.0013798066201021753,0.0009721984613797474,-0.022605689624801917,-0.0015534520762374715,-0.007241822714116886,-0.011177620715800973,0.4480275900841991,0.25454354105446103,0.27325610676548856,0.27871630315031226,0.5125,0.4875,17.0,17.0,9.3125,8.625,1354.505161304816,1417.102327792142,0.9807057711941028,0.020528962723244417,33.0,0.9483385193226433,0.03932355535960783,60.0,0.009685154568711662,1.0,3.3706678387244944,-0.010068869202600634,1.0,478.0,22.184096148572706,59.65261761623429,716.0,0.25732217573221755,0.5585774058577406,0.18410041841004185,0.0,0.0,0.0,0.0,0.0,0.0,0.0,0.0,0.0,0.0,0.0,1.0,3.1520214413763834,1.0,5.77729430518263,0,0,1,1
BTC-USD_1h_1721318400_1721890800_42.png,C:\Users\afierro\CV_chart_pattern_detector\data\images\rendered\train\BTC-USD_1h_1721318400_1721890800_42.png,train,BTC-USD,1h,2024-07-18T16:00:00+00:00,2024-07-25T07:00:00+00:00,160,3.311485958343838e-05,0.004586209092230271,0.003297192201503684,454.01525220072483,75.14864081861568,0.000630484265275344,-0.01767568041972789,-0.03142938695252295,-0.0070590401357066845,-0.018961490108378,-0.026452544598238648,0.4442658745439057,0.25328841170563043,0.28195162423915676,0.2737825012169376,0.525,0.475,18.0,16.0,8.0,9.8,1113.9354887664433,1207.352730335438,0.982949069656092,0.03166410321782966,42.0,0.9493208128520162,0.038825948511222036,54.0,0.013412973949625685,1.0,-38.78118061415826,-0.0034149789308522993,1.0,742.0,4.183283546382205,65.85734753188069,761.0,0.21428571428571427,0.4380053908355795,0.3477088948787062,0.0,0.0,0.0,0.0,0.0,0.0,0.0,0.0,0.0,0.0,0.0,1.0,4.872822004374238,1.0,5.750373083793336,0,0,1,1
BTC-USD_1h_1721462400_1722034800_42.png,C:\Users\afierro\CV_chart_pattern_detector\data\images\rendered\train\BTC-USD_1h_1721462400_1722034800_42.png,train,BTC-USD,1h,2024-07-20T08:00:00+00:00,2024-07-26T23:00:00+00:00,160,0.00014202207600754323,0.004744194965376529,0.003406897076660334,438.8009931738852,105.64021580688811,-0.0012062067951168487,0.00861424539355915,0.012406257216645677,0.003910146924107849,0.0070757955448383925,0.0295744313469819,0.44082237116683903,0.25711172190216236,0.28677455533353113,0.27240307349962983,0.51875,0.48125,18.0,17.0,8.529411764705882,8.6875,927.1101896088429,1143.8932347262985,0.982949069656092,0.03166410321782966,42.0,0.9924783389884879,0.021850408578165066,29.0,0.009053244412956135,1.0,20.867999531176974,-0.004540762521872999,1.0,448.0,-14.881701499356755,61.29205492921379,727.0,0.33035714285714285,0.21651785714285715,0.453125,0.0,0.0,0.0,0.0,0.0,0.0,0.0,0.0,0.0,0.0,0.0,1.0,5.036478753095499,1.0,3.3932319717656836,0,0,1,1
BTC-USD_1h_1721606400_1722178800_42.png,C:\Users\afierro\CV_chart_pattern_detector\data\images\rendered\train\BTC-USD_1h_1721606400_1722178800_42.png,train,BTC-USD,1h,2024-07-22T00:00:00+00:00,2024-07-28T15:00:00+00:00,160,-3.839321940635955e-05,0.004878396192423017,0.0035049269950452127,469.8267803132554,62.069030957975855,-0.0028156141281915348,0.002355895688602727,-0.0021569164856451994,-0.00027422443293156906,-0.0028021267608835387,-0.0047571036184491655,0.45541161391333346,0.2642102992231161,0.2641610565863128,0.28042732950035376,0.5,0.5,19.0,15.0,8.0,10.285714285714286,1101.5553579816403,1305.0402987402347,0.982949069656092,0.03166410321782966,42.0,0.0,0.0,0.0,0.009594594109178269,1.0,44.91479031880016,0.0042108076914007956,1.0,572.0,-4.225529070396523,60.96410684380299,721.0,0.256993006993007,0.34440559440559443,0.3986013986013986,0.0,0.0,0.0,0.0,0.0,0.0,0.0,0.0,0.0,0.0,0.0,1.0,4.71397216083513,0.0,0.0,0,0,1,0
BTC-USD_1h_1721750400_1722322800_42.png,C:\Users\afierro\CV_chart_pattern_detector\data\images\rendered\train\BTC-USD_1h_1721750400_1722322800_42.png,train,BTC-USD,1h,2024-07-23T16:00:00+00:00,2024-07-30T07:00:00+00:00,160,0.00011545053754616288,0.004861632005679274,0.0034197407790779095,503.9407000684543,105.74539315887203,0.005134364209578246,-0.004095951410259202,-0.04079377209367774,0.003971605022227376,-0.005041191996080108,-0.01519710953703135,0.45592585911808914,0.2638261375872459,0.27354770567548425,0.2705264352064266,0.5375,0.4625,18.0,16.0,8.352941176470589,10.0,1343.8278515748254,1534.8446402140355,0.9902494967378114,0.03444207548638887,47.0,0.0,0.0,0.0,0.009594594109178269,1.0,-8.76022456633848,-0.009527697327497945,1.0,582.0,14.2869373895868,63.723861164561804,740.0,0.23367697594501718,0.5189003436426117,0.24742268041237114,0.0,0.0,0.0,0.0,0.0,0.0,0.0,0.0,0.0,0.0,0.0,1.0,4.937323075081681,0.0,0.0,0,0,1,0
BTC-USD_1h_1721894400_1722466800_42.png,C:\Users\afierro\CV_chart_pattern_detector\data\images\rendered\train\BTC-USD_1h_1721894400_1722466800_42.png,train,BTC-USD,1h,2024-07-25T08:00:00+00:00,2024-07-31T23:00:00+00:00,160,3.89467694076566e-05,0.004902615701467756,0.0033982899930649077,475.9888455582397,71.39888233514941,-0.009636232713112203,-0.027272727272727226,-0.01787125402711076,-0.01606893047036817,-0.019911724418976373,-0.02398994595473447,0.4423397719635787,0.2668787880900098,0.26860258985738633,0.28905763817903507,0.5,0.5,19.0,16.0,7.388888888888889,10.066666666666666,1039.9534574163615,1369.502062744887,0.9528113902342108,0.03886116937924802,48.0,0.0,0.0,0.0,0.00886423836689274,1.0,-47.181440225035296,0.0003381925840768601,1.0,824.0,-9.183257411116536,66.35250288830049,765.0,0.1820388349514563,0.35072815533980584,0.4672330097087379,0.0,0.0,0.0,0.0,0.0,0.0,0.0,0.0,0.0,0.0,0.0,1.0,5.764203751852057,0.0,0.0,0,0,1,0
BTC-USD_1h_1722038400_1722610800_42.png,C:\Users\afierro\CV_chart_pattern_detector\data\images\rendered\train\BTC-USD_1h_1722038400_1722610800_42.png,train,BTC-USD,1h,2024-07-27T00:00:00+00:00,2024-08-02T15:00:00+00:00,160,-0.000410100148185918,0.0058048082342778235,0.0038437299617832864,462.06996419059226,119.74383230998225,-0.019239093838680166,-0.01645852852504004,-0.020753397158739917,-0.01501347793923924,-0.017743119575552746,-0.017955455806946352,0.4574674793454772,0.2606250380156533,0.24769613202531188,0.29483638862921097,0.48125,0.51875,17.0,15.0,8.125,9.357142857142858,1382.4250088170309,1682.13905297511,0.9528113902342108,0.03886116937924802,48.0,0.0,0.0,0.0,0.01918714227178145,1.0,-35.8306351383029,-0.016226072068030804,1.0,1000.0,-29.949005533635617,57.596184806004665,783.0,0.152,0.187,0.661,0.0,0.0,0.0,0.0,0.0,0.0,0.0,0.0,0.0,0.0,0.0,1.0,5.9325803977181915,0.0,0.0,0,0,1,0
BTC-USD_1h_1722182400_1722754800_42.png,C:\Users\afierro\CV_chart_pattern_detector\data\images\rendered\train\BTC-USD_1h_1722182400_1722754800_42.png,train,BTC-USD,1h,2024-07-28T16:00:00+00:00,2024-08-04T07:00:00+00:00,160,-0.0007012212908855577,0.005808411675745346,0.0038706813063786333,505.2702649388654,132.22137802655004,-0.005944019099366149,-0.0042198692920845104,-0.026268529230415893,-0.005354585037040449,-0.007734402139457419,-0.026171210291505265,0.4325962532625568,0.25692961522814567,0.25808944489304314,0.3093143018444,0.48125,0.51875,15.0,14.0,10.071428571428571,10.0,2490.2314545755266,2414.8060132111673,0.9785012698154124,0.05026578822197996,72.0,0.0,0.0,0.0,0.01918714227178145,1.0,-60.495105602437754,0.011699434484423727,1.0,595.0,-30.364711115340224,56.13420160787642,709.0,0.19663865546218487,0.15294117647058825,0.6504201680672269,0.0,0.0,0.0,0.0,0.0,0.0,0.0,0.0,0.0,0.0,0.0,1.0,6.851172891624514,0.0,0.0,0,0,1,0
BTC-USD_1h_1722326400_1722898800_42.png,C:\Users\afierro\CV_chart_pattern_detector\data\images\rendered\train\BTC-USD_1h_1722326400_1722898800_42.png,train,BTC-USD,1h,2024-07-30T08:00:00+00:00,2024-08-05T23:00:00+00:00,160,-0.0012833871960879096,0.009869513804506755,0.006071102560919776,651.1595463676064,314.7841225602195,0.010262185831368509,-0.0007929831259406717,0.009169031316501375,-0.0018279405416345984,0.0176997944415902,-0.04908564666212856,0.44140152410562755,0.2612631612438792,0.249964300035063,0.30863417585930947,0.4625,0.5375,16.0,16.0,9.933333333333334,9.866666666666667,4160.117658377389,5098.831138948508,0.9785012698154124,0.05026578822197996,72.0,0.0,0.0,0.0,0.021281651957162827,1.0,-140.35475879043585,-0.051018705368977554,1.0,435.0,-21.07816615529444,67.19820353865,711.0,0.25287356321839083,0.22758620689655173,0.5195402298850574,0.0,0.0,0.0,0.0,0.0,0.0,0.0,0.0,0.0,0.0,0.0,1.0,5.374858478274835,0.0,0.0,0,0,1,0
BTC-USD_1h_1722470400_1723042800_42.png,C:\Users\afierro\CV_chart_pattern_detector\data\images\rendered\train\BTC-USD_1h_1722470400_1723042800_42.png,train,BTC-USD,1h,2024-08-01T00:00:00+00:00,2024-08-07T15:00:00+00:00,160,-0.0008360783738514809,0.010578168771547856,0.006742809064657219,784.2796738147769,312.4927505242751,-0.015253308353542216,-0.013090934553772193,-0.007914295199019317,-0.01424338309695694,-0.011530185968874118,0.004419549873356798,0.4395882411938981,0.25277363925609936,0.2523273359489585,0.30808442285714327,0.50625,0.49375,16.0,16.0,9.4,9.266666666666667,3750.6287795973294,4360.09318471373,0.9280163127449909,0.049459782720257674,62.0,0.0,0.0,0.0,0.021281651957162827,1.0,-15.244408345053838,0.055388620569409686,1.0,860.0,-19.279074984996818,63.258615612878415,711.0,0.15465116279069768,0.25813953488372093,0.5872093023255814,0.0,0.0,0.0,0.0,0.0,0.0,0.0,0.0,0.0,0.0,0.0,1.0,4.222364199829089,0.0,0.0,0,0,1,0
BTC-USD_1h_1722614400_1723186800_42.png,C:\Users\afierro\CV_chart_pattern_detector\data\images\rendered\train\BTC-USD_1h_1722614400_1723186800_42.png,train,BTC-USD,1h,2024-08-02T16:00:00+00:00,2024-08-09T07:00:00+00:00,160,-0.00018678440571769976,0.011045535499119666,0.007086999333613889,825.2643415806418,292.1798364366151,-0.008064422811615457,-0.023558204453571152,0.05073749296931074,-0.006614748166964057,0.010442734811204168,0.04938778934886501,0.42344916148970685,0.2523918703125691,0.2776286582305564,0.29892218027973677,0.5125,0.4875,17.0,19.0,8.6875,8.222222222222221,2809.7331385754405,3269.475041857667,0.9570505205975108,0.03656902106909422,32.0,0.0,0.0,0.0,0.014686022297958184,1.0,66.07925082044069,-0.019495015317147566,1.0,841.0,-3.3044042390960575,64.80526188565597,742.0,0.15933412604042807,0.40190249702734837,0.43876337693222356,0.0,0.0,0.0,0.0,0.0,0.0,0.0,0.0,0.0,0.0,0.0,1.0,2.814541526535343,0.0,0.0,0,0,1,0
BTC-USD_1h_1722758400_1723330800_42.png,C:\Users\afierro\CV_chart_pattern_detector\data\images\rendered\train\BTC-USD_1h_1722758400_1723330800_42.png,train,BTC-USD,1h,2024-08-04T08:00:00+00:00,2024-08-10T23:00:00+00:00,160,9.649966251543391e-05,0.010922359204525917,0.006914109758431431,836.6889949898417,293.0020451847692,-0.0015231957939210172,0.0055810494214940665,0.008442154227474852,0.0013274384645203252,0.002864600321645483,0.002483904050586183,0.42287863863434405,0.25505408586437917,0.2773928165506807,0.29972854481497524,0.50625,0.49375,16.0,18.0,9.533333333333333,8.235294117647058,2674.8140981844863,3040.8005049807784,0.0,0.0,0.0,0.0,0.0,0.0,0.014686022297958184,1.0,69.13284341303371,0.02931137441247757,1.0,858.0,14.399762586280183,62.58627560358124,711.0,0.175990675990676,0.5372960372960373,0.2867132867132867,0.0,0.0,0.0,0.0,0.0,0.0,89.07044107233013,7.714386370840491,0.8807592459971825,0.0,141.0,0.0,0.0,0.0,0.0,0,1,0,0
BTC-USD_1h_1722902400_1723474800_42.png,C:\Users\afierro\CV_chart_pattern_detector\data\images\rendered\train\BTC-USD_1h_1722902400_1723474800_42.png,train,BTC-USD,1h,2024-08-06T00:00:00+00:00,2024-08-12T15:00:00+00:00,160,0.00048037706333958763,0.007630385491753356,0.004795505113899507,748.6055613970532,342.5062516454681,0.005942521265060341,0.030881744600005145,0.02909926207915503,0.01889773160543573,0.02264232578760117,0.0033037447617625393,0.3915806467398603,0.2549368577081643,0.2914210143670809,0.31699833889305884,0.50625,0.49375,14.0,19.0,10.692307692307692,8.277777777777779,2212.556434091408,2251.13734189491,0.9879178464300041,0.020964827188643117,43.0,0.0,0.0,0.0,0.008471679726579605,1.0,-23.570207337083772,-0.011694168688073343,1.0,1451.0,14.55547462875148,64.74678665852855,781.0,0.129565816678153,0.5713301171605789,0.2991040661612681,0.0,0.0,0.0,0.0,0.0,0.0,0.0,0.0,0.0,0.0,0.0,1.0,1.878305158671267,0.0,0.0,0,0,1,0
BTC-USD_1h_1723046400_1723618800_42.png,C:\Users\afierro\CV_chart_pattern_detector\data\images\rendered\train\BTC-USD_1h_1723046400_1723618800_42.png,train,BTC-USD,1h,2024-08-07T16:00:00+00:00,2024-08-14T07:00:00+00:00,160,0.0005441207148966169,0.007653547548030956,0.004680122875585997,602.5328885847258,150.88986188480948,-0.0006367218716506473,0.005428393827265232,0.030275691766456836,0.002218968072819072,0.006039663010680707,0.02026547997852335,0.40344669599408184,0.26604868382415964,0.2861088846962554,0.31044441930966277,0.5,0.5,16.0,21.0,10.0,7.5,1669.085863972402,1743.2235701481839,0.9879178464300041,0.020964827188643117,43.0,0.9870613277414617,0.039340427107007116,27.0,0.018882621641614705,1.0,-0.5067954758554489,-0.002567588903238255,1.0,1246.0,5.366768909160819,65.98985466463377,728.0,0.17415730337078653,0.46709470304975925,0.35874799357945425,0.0,0.0,0.0,0.0,0.0,0.0,0.0,0.0,0.0,0.0,0.0,1.0,2.2957572270236066,1.0,3.886248898405702,0,0,1,1
BTC-USD_1h_1723190400_1723762800_42.png,C:\Users\afierro\CV_chart_pattern_detector\data\images\rendered\train\BTC-USD_1h_1723190400_1723762800_42.png,train,BTC-USD,1h,2024-08-09T08:00:00+00:00,2024-08-15T23:00:00+00:00,160,-0.000353542688738279,0.006849021282977818,0.0042181842308503985,552.7622881119233,133.04084668431244,0.008652444824011507,-0.03156185124128297,-0.014517361318652222,-0.011125356593674418,-0.01377873469148505,-0.029473117070936028,0.4022942417236218,0.2768880106736226,0.2690882498801846,0.3286175083961935,0.45625,0.54375,14.0,20.0,10.461538461538462,7.842105263157895,868.6968175355711,1195.5684560095253,0.9679304571876979,0.04544733396914969,28.0,0.9870613277414617,0.039340427107007116,27.0,0.009407783429516215,1.0,-18.723160103140657,-0.016327228072411867,1.0,1260.0,-5.781751060816977,62.406000095588865,766.0,0.1761904761904762,0.3896825396825397,0.43412698412698414,0.0,0.0,0.0,0.0,0.0,0.0,0.0,0.0,0.0,0.0,0.0,1.0,5.102738214626715,1.0,4.2273256637146694,0,0,1,1
BTC-USD_1h_1723334400_1723906800_42.png,C:\Users\afierro\CV_chart_pattern_detector\data\images\rendered\train\BTC-USD_1h_1723334400_1723906800_42.png,train,BTC-USD,1h,2024-08-11T00:00:00+00:00,2024-08-17T15:00:00+00:00,160,-0.00015353407624429938,0.007035328708344416,0.00444431644656071,552.2782259763594,134.77017491354553,0.004244203978820638,0.0038866983399421517,0.0022115508261801864,0.001937044329997084,0.003198267112834774,0.012222939211195882,0.42053023226565944,0.26884722706705255,0.26423771702837573,0.3152320507059647,0.475,0.525,15.0,21.0,10.357142857142858,7.5,922.1411421430507,1103.9579597452105,0.9679304571876979,0.04544733396914969,28.0,0.0,0.0,0.0,0.009407783429516215,1.0,-5.631683075480577,0.018904248306004137,1.0,784.0,-11.160719469417723,63.814961261193496,710.0,0.23469387755102042,0.2971938775510204,0.46811224489795916,0.0,0.0,0.0,0.0,0.0,0.0,0.0,0.0,0.0,0.0,0.0,1.0,5.107121432934093,0.0,0.0,0,0,1,0
BTC-USD_1h_1723478400_1724050800_42.png,C:\Users\afierro\CV_chart_pattern_detector\data\images\rendered\train\BTC-USD_1h_1723478400_1724050800_42.png,train,BTC-USD,1h,2024-08-12T16:00:00+00:00,2024-08-19T07:00:00+00:00,160,-0.00010096425356651897,0.005797926050430603,0.003850945843429635,515.9377324507304,150.1467937402554,-0.003995106989904906,-0.014284919966301546,-0.02446841772199393,-0.0020507686045188045,-0.011473490612433412,-0.014440390956759863,0.43425061650364505,0.2589122725574865,0.2666040352626792,0.2991453482336757,0.4875,0.5125,17.0,18.0,9.1875,8.294117647058824,800.297890869892,1047.2370073859026,0.9679304571876979,0.04544733396914969,28.0,0.0,0.0,0.0,0.012449171055767844,1.0,13.207532700421885,0.005289659475640582,1.0,656.0,0.18597056880229856,65.1864747583593,740.0,0.24085365853658536,0.375,0.38414634146341464,0.0,0.0,0.0,0.0,0.0,0.0,0.0,0.0,0.0,0.0,0.0,1.0,5.4596740356037525,0.0,0.0,0,0,1,0
BTC-USD_1h_1723622400_1724194800_42.png,C:\Users\afierro\CV_chart_pattern_detector\data\images\rendered\train\BTC-USD_1h_1723622400_1724194800_42.png,train,BTC-USD,1h,2024-08-14T08:00:00+00:00,2024-08-20T23:00:00+00:00,160,-0.00018108760257541944,0.005708508864782024,0.0037828175569209806,439.0648126358439,106.22902362925946,-0.008371254263216499,-0.007534248879112249,-0.030424569802224855,-0.00285507077727043,-0.01655154983645324,-0.005732297728368474,0.4409587516274593,0.26125833880984534,0.27378817132355204,0.28525307704898867,0.49375,0.50625,16.0,16.0,10.133333333333333,9.4,804.1536908296827,747.5321947571482,0.0,0.0,0.0,0.9954733877466848,0.042825734100250604,70.0,0.013553019749156627,1.0,4.411823370839817,-0.014728323993015473,1.0,933.0,10.727755030187891,65.37423753625869,745.0,0.1907824222936763,0.4941050375133976,0.31511254019292606,0.0,0.0,0.0,0.0,0.0,0.0,0.0,0.0,0.0,0.0,0.0,0.0,0.0,1.0,5.878305156846914,0,0,0,1
BTC-USD_1h_1723766400_1724338800_42.png,C:\Users\afierro\CV_chart_pattern_detector\data\images\rendered\train\BTC-USD_1h_1723766400_1724338800_42.png,train,BTC-USD,1h,2024-08-16T00:00:00+00:00,2024-08-22T15:00:00+00:00,160,0.00032657915725289047,0.0050981763093119,0.0034985067525875008,408.0023908388159,78.67895404190686,-0.01514100426029752,-0.005850773111426011,-0.013531256123848645,-0.00786249844114717,-0.007883151886742712,0.005890716934215501,0.4407144254787351,0.2475563353697606,0.27310181512651555,0.28618375939474927,0.525,0.475,17.0,14.0,9.0625,10.307692307692308,875.4547582843838,597.7038571564482,0.0,0.0,0.0,0.9817776989007805,0.04803506254002787,51.0,0.013553019749156627,1.0,24.851016174402396,-6.411275990763179e-05,1.0,537.0,20.528859411093997,61.09024716517445,715.0,0.27932960893854747,0.5176908752327747,0.20297951582867785,0.0,0.0,0.0,0.0,0.0,0.0,88.21975418747415,1.0591600515551791e-11,0.5179790184394375,0.0,53.0,0.0,0.0,1.0,7.051443723215724,0,1,0,1
BTC-USD_1h_1723910400_1724482800_42.png,C:\Users\afierro\CV_chart_pattern_detector\data\images\rendered\train\BTC-USD_1h_1723910400_1724482800_42.png,train,BTC-USD,1h,2024-08-17T16:00:00+00:00,2024-08-24T07:00:00+00:00,160,0.0004913689922745889,0.005189369098563805,0.003479820564993278,420.5537813759744,83.71069595508767,0.007566579839801246,0.003589609792999715,0.05181679825756391,0.004998741700634746,0.017417655571369872,0.04170968318381285,0.4446230814292466,0.2592500802829582,0.28645529902247546,0.2689216195482779,0.51875,0.48125,16.0,15.0,9.266666666666667,10.714285714285714,1317.3226611056618,1362.6328968134535,0.0,0.0,0.0,0.9817776989007805,0.04803506254002787,51.0,0.009284036165710777,1.0,53.33233626347896,-0.004579955527960973,1.0,1075.0,13.297669880889183,66.10717760438281,740.0,0.13488372093023257,0.5404651162790698,0.32465116279069767,0.0,0.0,0.0,0.0,0.0,0.0,88.21975418747414,4.60884141259345e-12,0.5179790184394389,0.0,53.0,0.0,0.0,1.0,6.8465288813802125,0,1,0,1
BTC-USD_1h_1724054400_1724626800_42.png,C:\Users\afierro\CV_chart_pattern_detector\data\images\rendered\train\BTC-USD_1h_1724054400_1724626800_42.png,train,BTC-USD,1h,2024-08-19T08:00:00+00:00,2024-08-25T23:00:00+00:00,160,0.0005871027109418278,0.004869144501018329,0.003253240318867018,417.56337955203935,88.53541774211706,0.0005077319679980263,0.0011222483752808543,0.0010757433361512359,0.0001521875922947391,0.002023488291850173,0.002165320025093953,0.43205846244126445,0.2565889866589291,0.3009576185540705,0.266983919004665,0.51875,0.48125,16.0,14.0,8.6,9.23076923076923,1817.5108752902797,2040.9931064537766,0.0,0.0,0.0,0.9640574998150778,0.03271286137611969,67.0,0.008397442071148809,1.0,55.53511345522775,0.011397881929002818,1.0,962.0,18.04469443166826,62.60745580398024,709.0,0.14553014553014554,0.5904365904365905,0.26403326403326405,0.0,0.0,0.0,0.0,0.0,0.0,88.21975418747414,1.4352802947206862e-12,0.5179790184394332,0.0,53.0,0.0,0.0,1.0,4.914376412948901,0,1,0,1
BTC-USD_1h_1724198400_1724770800_42.png,C:\Users\afierro\CV_chart_pattern_detector\data\images\rendered\train\BTC-USD_1h_1724198400_1724770800_42.png,train,BTC-USD,1h,2024-08-21T00:00:00+00:00,2024-08-27T15:00:00+00:00,160,0.0002920513371919749,0.0041253624584205815,0.0028996641245929793,396.58801968769967,89.44910846644252,-0.01134098082253232,-0.01675993053010627,-0.026930944867946338,-0.01125871904333764,-0.016018177466804784,-0.027182533277873233,0.4188035566249404,0.2373892602523883,0.2981637727094591,0.2830326706656005,0.4875,0.5125,17.0,15.0,8.875,9.642857142857142,1729.8109747131512,1763.4376963898926,0.9929154766415345,0.010183788376122308,49.0,0.9691970402483296,0.030105877383939293,46.0,0.004489461641815683,1.0,-22.559001054852054,-0.006017888246659417,1.0,600.0,12.194995909929276,62.764244721498024,711.0,0.23833333333333334,0.5116666666666667,0.25,0.0,0.0,0.0,0.0,0.0,0.0,0.0,0.0,0.0,0.0,0.0,1.0,1.8284585978873118,1.0,4.7045883058345925,0,0,1,1
BTC-USD_1h_1724342400_1724914800_42.png,C:\Users\afierro\CV_chart_pattern_detector\data\images\rendered\train\BTC-USD_1h_1724342400_1724914800_42.png,train,BTC-USD,1h,2024-08-22T16:00:00+00:00,2024-08-29T07:00:00+00:00,160,-6.639374935201861e-05,0.004865733138232284,0.0032746681782372094,414.18184407464776,119.37617571911946,0.00748684079261297,0.00656216197770676,-0.006044417813166558,0.00563356096786416,0.005943959992374737,-0.010432297367925725,0.4426366923227391,0.2533170230323562,0.2894144061961209,0.26794890148114003,0.4875,0.5125,18.0,17.0,8.705882352941176,9.125,1955.7963990721946,2092.9949471709306,0.9239027306907384,0.05635086938170154,59.0,0.0,0.0,0.0,0.012123895725053832,1.0,-79.61094444444417,-0.010393955614999055,1.0,515.0,-8.312625741842881,67.67209218047964,717.0,0.2796116504854369,0.29514563106796116,0.42524271844660194,0.0,0.0,0.0,0.0,0.0,0.0,0.0,0.0,0.0,0.0,0.0,1.0,8.733871085255753,0.0,0.0,0,0,1,0
BTC-USD_1h_1724486400_1725058800_42.png,C:\Users\afierro\CV_chart_pattern_detector\data\images\rendered\train\BTC-USD_1h_1724486400_1725058800_42.png,train,BTC-USD,1h,2024-08-24T08:00:00+00:00,2024-08-30T23:00:00+00:00,160,-0.000525032800090452,0.005275846892229347,0.003507942740832941,422.9124975564672,122.61619202046082,0.007222655120049382,0.011308028049930474,0.0018806022604167527,0.0050376150570992095,0.0004903374799973825,-0.004418936567964105,0.4413434246182348,0.26100126006073043,0.2841583211027691,0.2744982542789961,0.5,0.5,16.0,16.0,9.733333333333333,9.866666666666667,2113.0936670576116,2414.412460831488,0.9239027306907384,0.05635086938170154,59.0,0.0,0.0,0.0,0.013477765871952853,1.0,-14.881198663853668,0.01821602796025672,1.0,876.0,-21.456626375516255,62.40667396205956,766.0,0.1780821917808219,0.2226027397260274,0.5993150684931506,0.0,0.0,0.0,0.0,0.0,0.0,0.0,0.0,0.0,0.0,0.0,1.0,8.55799716237509,0.0,0.0,0,0,1,0
BTC-USD_1h_1724630400_1725202800_42.png,C:\Users\afierro\CV_chart_pattern_detector\data\images\rendered\train\BTC-USD_1h_1724630400_1725202800_42.png,train,BTC-USD,1h,2024-08-26T00:00:00+00:00,2024-09-01T15:00:00+00:00,160,-0.0005920837604230391,0.0053308119745594205,0.0036381111772388276,455.3673228809138,111.08575359797422,-0.00040384254810910125,0.0002731907128903366,-0.01245235880326534,0.0010106051207718902,-0.0038523572203208456,-0.009604621889102494,0.46571164707607055,0.2584176444853481,0.2541569862637365,0.28013136666019295,0.46875,0.53125,16.0,15.0,10.133333333333333,10.5,1830.34013601543,1673.4845688397877,0.9387769848893793,0.04905524220719049,48.0,0.0,0.0,0.0,0.013477765871952853,1.0,-20.723846694795775,0.01621720697811873,1.0,825.0,-22.227883980707688,62.96226143782301,710.0,0.15757575757575756,0.24363636363636362,0.5987878787878788,0.0,0.0,0.0,0.0,0.0,0.0,0.0,0.0,0.0,0.0,0.0,1.0,6.868372277066791,0.0,0.0,0,0,1,0
BTC-USD_1h_1724774400_1725346800_42.png,C:\Users\afierro\CV_chart_pattern_detector\data\images\rendered\train\BTC-USD_1h_1724774400_1725346800_42.png,train,BTC-USD,1h,2024-08-27T16:00:00+00:00,2024-09-03T07:00:00+00:00,160,-0.0002391464748628723,0.005652857372379897,0.00381951190861352,448.86400258362374,114.28111304506628,1.7086501173491087e-05,-0.004009941703444264,0.012296823951252422,-0.0012133892082958342,0.00413438471530525,0.013002307558660053,0.47390154945275675,0.27723696731732295,0.26325707460134906,0.2628413759458942,0.46875,0.53125,17.0,15.0,9.375,9.5,928.4719406969672,536.3709579784003,0.9603511023049134,0.03497901562507296,75.0,0.9761952132386543,0.017363090264194705,38.0,0.004571241300204342,1.0,-6.083893342709605,-0.007810759611933623,1.0,1044.0,-26.746174190921344,59.27723871848652,718.0,0.1810344827586207,0.20019157088122605,0.6187739463601533,0.0,0.0,0.0,0.0,0.0,0.0,0.0,0.0,0.0,0.0,0.0,1.0,4.946681940342097,1.0,2.3838063151300126,0,0,1,1
BTC-USD_1h_1724918400_1725490800_42.png,C:\Users\afierro\CV_chart_pattern_detector\data\images\rendered\train\BTC-USD_1h_1724918400_1725490800_42.png,train,BTC-USD,1h,2024-08-29T08:00:00+00:00,2024-09-04T23:00:00+00:00,160,-0.00015577814823972328,0.005177348097391649,0.0035164808472965448,392.1400760826012,73.89843259023216,-0.0015003958971380182,0.007994978360699179,0.02252266553779947,-0.0003657221709252312,0.012247763324257477,0.0007776043833247481,0.45938076044721654,0.2747664159926606,0.29157032128531074,0.2490489182674728,0.46875,0.53125,16.0,16.0,9.733333333333333,9.6,836.9340850053542,836.3942906194776,0.9603511023049134,0.03497901562507296,75.0,0.9761952132386543,0.017363090264194705,38.0,0.006897045133262072,1.0,-12.992178504453536,-0.00481365728811123,1.0,785.0,-27.378349367752197,59.093025227986004,765.0,0.19490445859872613,0.1910828025477707,0.6140127388535032,0.0,0.0,0.0,0.0,0.0,0.0,0.0,0.0,0.0,0.0,0.0,1.0,5.622779787018315,1.0,2.7086408492237775,0,0,1,1
BTC-USD_1h_1725062400_1725634800_42.png,C:\Users\afierro\CV_chart_pattern_detector\data\images\rendered\train\BTC-USD_1h_1725062400_1725634800_42.png,train,BTC-USD,1h,2024-08-31T00:00:00+00:00,2024-09-06T15:00:00+00:00,160,-0.0005639014102560176,0.005248030418367264,0.003589813935623337,392.55775209412866,77.43581239017736,-0.03489485275564286,-0.04226474530130331,-0.036527792633793243,-0.030813159892468245,-0.0360417923116263,-0.048367891632575044,0.44970805491368154,0.26490093417843,0.2828673483242849,0.26742459676203356,0.43125,0.56875,18.0,16.0,8.941176470588236,9.533333333333333,932.280792865534,1080.723107012549,0.9982130636581737,0.03364688478442936,72.0,0.9761952132386543,0.017363090264194705,38.0,0.016559080781910825,1.0,-30.426030121894073,-0.000883657394370491,1.0,931.0,-26.659511374671784,61.454769576300215,783.0,0.18045112781954886,0.21482277121374865,0.6047261009667024,0.0,0.0,0.0,0.0,0.0,0.0,0.0,0.0,0.0,0.0,0.0,1.0,5.344280543997182,1.0,2.7059059164141384,0,0,1,1
BTC-USD_1h_1725206400_1725778800_42.png,C:\Users\afierro\CV_chart_pattern_detector\data\images\rendered\train\BTC-USD_1h_1725206400_1725778800_42.png,train,BTC-USD,1h,2024-09-01T16:00:00+00:00,2024-09-08T07:00:00+00:00,160,-0.00039763910578151243,0.005545051702954428,0.0037888952405246592,427.4441574499847,85.6389720471128,0.0006113634563100767,0.008938169551840458,-0.002610175286297478,0.0028193987959883593,0.0018099797913608828,-0.0004515978455889025,0.44234014054387655,0.26949173471131455,0.30433001950991667,0.25332983994620684,0.475,0.525,16.0,15.0,9.2,10.142857142857142,1722.3665004452048,1741.553735896771,0.973841612783159,0.03428618418205265,45.0,0.0,0.0,0.0,0.016559080781910825,1.0,-47.93462294889795,0.009068407970348755,1.0,1077.0,-28.728882054155804,60.3016013764895,710.0,0.13649025069637882,0.20241411327762301,0.6610956360259982,0.0,0.0,0.0,0.0,0.0,0.0,0.0,0.0,0.0,0.0,0.0,1.0,4.796966742544948,0.0,0.0,0,0,1,0
BTC-USD_1h_1725350400_1725922800_42.png,C:\Users\afierro\CV_chart_pattern_detector\data\images\rendered\train\BTC-USD_1h_1725350400_1725922800_42.png,train,BTC-USD,1h,2024-09-03T08:00:00+00:00,2024-09-09T23:00:00+00:00,160,-0.0001727369025728114,0.005825149334116972,0.003997051837230142,434.1248546351724,89.60980872687661,-0.0008327269759048628,0.04015298319602789,0.03997017300930805,0.008682588780804856,0.021386353363687327,0.03708919081218598,0.4516072459448258,0.2702000381272239,0.2907987723493509,0.25759398170582326,0.525,0.475,16.0,16.0,9.0,9.6,1641.0011992672291,1394.0268533257743,0.973841612783159,0.03428618418205265,45.0,0.9874756034205633,0.03527760859094536,70.0,0.010825176838389048,1.0,31.2047841068918,-0.01035107734667966,1.0,978.0,-25.205527129226912,59.63081522701129,771.0,0.1656441717791411,0.20449897750511248,0.6298568507157464,0.0,0.0,0.0,0.0,0.0,0.0,0.0,0.0,0.0,0.0,0.0,1.0,4.725664957148596,1.0,4.718722014140636,0,0,1,1
BTC-USD_1h_1725494400_1726066800_42.png,C:\Users\afierro\CV_chart_pattern_detector\data\images\rendered\train\BTC-USD_1h_1725494400_1726066800_42.png,train,BTC-USD,1h,2024-09-05T00:00:00+00:00,2024-09-11T15:00:00+00:00,160,-0.0001247960700566031,0.005891334948503619,0.004143123699250335,429.28222665137383,90.16928508775102,-0.0017035814119477077,0.004272582359192478,-0.015054572957250878,0.0040605665944928315,-0.0016691131698661765,-0.0023552175663875685,0.46341199962726715,0.2634816389859777,0.26718976195814736,0.26939823841458543,0.53125,0.46875,18.0,16.0,8.352941176470589,8.933333333333334,1306.9927087110184,1275.508194999981,0.0,0.0,0.0,0.9498726587484426,0.044476769208967995,36.0,0.010825176838389048,1.0,39.791419362400624,-0.0023241630348118754,1.0,1281.0,0.4324694863061808,60.45528918167548,780.0,0.1405152224824356,0.43871975019516,0.4207650273224044,0.0,0.0,0.0,0.0,0.0,0.0,0.0,0.0,0.0,0.0,0.0,0.0,0.0,1.0,5.830108470963753,0,0,0,1
BTC-USD_1h_1725638400_1726210800_42.png,C:\Users\afierro\CV_chart_pattern_detector\data\images\rendered\train\BTC-USD_1h_1725638400_1726210800_42.png,train,BTC-USD,1h,2024-09-06T16:00:00+00:00,2024-09-13T07:00:00+00:00,160,0.0004661326146638659,0.005172127002988106,0.003779282799565647,436.43179373493814,89.94386071207576,0.004552434681275086,-0.0005852776947453675,0.007241093844576163,0.0018848624589371532,0.0023003246699904167,0.008725206898662297,0.4779170097151543,0.2624189079758557,0.28115205065653015,0.24093093962831563,0.53125,0.46875,18.0,18.0,8.117647058823529,8.529411764705882,1555.481337363688,1626.4792222550732,0.0,0.0,0.0,0.9498726587484426,0.044476769208967995,36.0,0.008106582735467573,1.0,18.366539967182696,0.007498401113462215,1.0,515.0,20.013588376762797,60.685100811485206,715.0,0.20388349514563106,0.5902912621359223,0.2058252427184466,0.0,0.0,0.0,0.0,0.0,0.0,0.0,0.0,0.0,0.0,0.0,0.0,0.0,1.0,5.736744951451112,0,0,0,1
BTC-USD_1h_1725782400_1726354800_42.png,C:\Users\afierro\CV_chart_pattern_detector\data\images\rendered\train\BTC-USD_1h_1725782400_1726354800_42.png,train,BTC-USD,1h,2024-09-08T08:00:00+00:00,2024-09-14T23:00:00+00:00,160,0.0006195838912703805,0.00513028691755182,0.003695429601607103,399.1175098698359,92.37397736468913,0.0030601906035778725,0.001319057315485539,-0.0036540251656410616,0.001029578421141597,0.0008836660715554334,0.011237533073036987,0.4804274434704444,0.2645327049930156,0.2641298256224355,0.2554427309071201,0.525,0.475,16.0,17.0,9.533333333333333,9.1875,1462.1580191790515,1725.448568782877,0.0,0.0,0.0,0.9631123804215685,0.031811801270938175,46.0,0.012090320348200121,1.0,39.81775597749668,0.001524194480481508,1.0,752.0,18.42153834194896,62.27870849448478,710.0,0.16489361702127658,0.5837765957446809,0.25132978723404253,0.0,0.0,0.0,0.0,0.0,0.0,0.0,0.0,0.0,0.0,0.0,0.0,0.0,1.0,4.677711271016641,0,0,0,1
BTC-USD_1h_1725926400_1726498800_42.png,C:\Users\afierro\CV_chart_pattern_detector\data\images\rendered\train\BTC-USD_1h_1725926400_1726498800_42.png,train,BTC-USD,1h,2024-09-10T00:00:00+00:00,2024-09-16T15:00:00+00:00,160,0.000109441756620092,0.004671590599316798,0.0033156012779453456,379.1954390565776,96.45641012831891,-0.013335267512489257,-0.014065340622132494,-0.0320138524339173,-0.010746638709054346,-0.014149899734665405,-0.027347641590732663,0.4761646972800782,0.2633968280863813,0.2629400003376377,0.2608953023822841,0.4875,0.5125,18.0,18.0,8.529411764705882,8.411764705882353,1281.1419671735823,1398.798954443917,0.9758664856493107,0.027347671432631702,58.0,0.9631123804215685,0.031811801270938175,46.0,0.012090320348200121,1.0,-7.347404360056332,0.007871615665043586,1.0,462.0,16.432896163040425,59.204712315005295,718.0,0.29653679653679654,0.5043290043290043,0.19913419913419914,0.0,0.0,0.0,0.0,0.0,0.0,0.0,0.0,0.0,0.0,0.0,1.0,4.531069175312376,1.0,4.914679511697164,0,0,1,1
BTC-USD_1h_1726070400_1726642800_42.png,C:\Users\afierro\CV_chart_pattern_detector\data\images\rendered\train\BTC-USD_1h_1726070400_1726642800_42.png,train,BTC-USD,1h,2024-09-11T16:00:00+00:00,2024-09-18T07:00:00+00:00,160,0.00034347217202122446,0.004578062858625372,0.0032228503845827417,404.4349107969887,137.32007223626553,-0.0013548176094557718,0.003120849415529703,0.01763035713383565,0.0015862977554066404,0.0022348433483381225,0.021947404305434404,0.4851981158608689,0.256855339527164,0.25520109391440954,0.2596007902247216,0.49375,0.50625,15.0,19.0,10.285714285714286,8.11111111111111,1057.7182830224694,1082.031217416444,0.9758664856493107,0.027347671432631702,58.0,0.992659241619829,0.01684445610086469,38.0,0.009344387188835845,1.0,0.9527843413033157,-0.011009851274955573,1.0,620.0,10.56289887005283,61.872717877325535,735.0,0.2564516129032258,0.47258064516129034,0.2709677419354839,0.0,0.0,0.0,0.0,0.0,0.0,0.0,0.0,0.0,0.0,0.0,1.0,4.2614619889558005,1.0,2.5297656656146046,0,0,1,1
BTC-USD_1h_1726214400_1726786800_42.png,C:\Users\afierro\CV_chart_pattern_detector\data\images\rendered\train\BTC-USD_1h_1726214400_1726786800_42.png,train,BTC-USD,1h,2024-09-13T08:00:00+00:00,2024-09-19T23:00:00+00:00,160,0.0005321410545684126,0.0049273939801712996,0.003431561365819308,384.6941591016476,115.32007102875936,-0.004806172896694605,0.00019321267392502506,0.013949131793434377,-0.004019806319573549,0.0028859023053426913,0.025641033161087456,0.4699334293260812,0.2615659085734652,0.25068429638493483,0.2793822742889841,0.525,0.475,15.0,17.0,9.928571428571429,8.8125,1349.348927247837,1139.4663797108494,0.9758664856493107,0.027347671432631702,58.0,0.9711746398544246,0.04802426713043235,47.0,0.009898976438940308,1.0,68.79020382090967,-0.001887565647372636,1.0,592.0,-0.5168965505184354,66.12258126842241,720.0,0.22128378378378377,0.40202702702702703,0.3766891891891892,0.0,0.0,0.0,0.0,0.0,0.0,0.0,0.0,0.0,0.0,0.0,1.0,4.469317910594726,1.0,7.453187580767241,0,0,1,1
BTC-USD_1h_1726358400_1726930800_42.png,C:\Users\afierro\CV_chart_pattern_detector\data\images\rendered\train\BTC-USD_1h_1726358400_1726930800_42.png,train,BTC-USD,1h,2024-09-15T00:00:00+00:00,2024-09-21T15:00:00+00:00,160,0.000331908007415125,0.0046900969891917645,0.0033184945379180378,394.6076400512193,126.59483386484781,0.0012396621512489325,0.0026666675132278606,0.005635367911612121,0.0009000465955499859,0.001863609964514401,5.256736949155183e-05,0.4630534289335267,0.2584239034706224,0.2546582515308472,0.28228831953562616,0.53125,0.46875,14.0,18.0,10.461538461538462,8.823529411764707,1916.1396889251,1992.7443078770912,0.0,0.0,0.0,0.9711746398544246,0.04802426713043235,47.0,0.009898976438940308,1.0,41.11567393342757,0.015994707160772902,1.0,810.0,17.96295906158141,59.09796170238209,707.0,0.17160493827160495,0.5962962962962963,0.23209876543209876,0.0,0.0,0.0,0.0,0.0,0.0,0.0,0.0,0.0,0.0,0.0,0.0,0.0,1.0,7.270239452673943,0,0,0,1
BTC-USD_1h_1726502400_1727074800_42.png,C:\Users\afierro\CV_chart_pattern_detector\data\images\rendered\train\BTC-USD_1h_1726502400_1727074800_42.png,train,BTC-USD,1h,2024-09-16T16:00:00+00:00,2024-09-23T07:00:00+00:00,160,0.0006063029983110371,0.004669921227630434,0.003284518456541626,398.6313373452501,113.73028901564555,-0.012511731982471908,-0.005207923231620559,0.012214171611954372,-0.004008739433127961,0.0033912807689115976,0.005867617291209104,0.4626077122615474,0.24655626619904158,0.2564137575386029,0.2809785301998498,0.51875,0.48125,15.0,17.0,10.571428571428571,9.0625,1747.5959327772416,1946.1766897957905,0.0,0.0,0.0,0.9971713556410853,0.02121371300680538,61.0,0.011113357800706354,1.0,1.4798820909518218,-0.001163631865038159,1.0,689.0,11.11175189421381,66.56123758577979,750.0,0.18142235123367198,0.5195936139332366,0.29898403483309144,0.0,0.0,0.0,0.0,0.0,0.0,0.0,0.0,0.0,0.0,0.0,0.0,0.0,1.0,3.5487768921700553,0,0,0,1
BTC-USD_1h_1726646400_1727218800_42.png,C:\Users\afierro\CV_chart_pattern_detector\data\images\rendered\train\BTC-USD_1h_1726646400_1727218800_42.png,train,BTC-USD,1h,2024-09-18T08:00:00+00:00,2024-09-24T23:00:00+00:00,160,0.00041921157011583926,0.004052228655957098,0.0028572336655436274,389.5444741631661,104.53536415884284,-0.0004610191509595296,0.016897094053015982,0.018620022825259985,0.006463160931787781,0.009613898138667976,0.011293775854084531,0.4367091723545812,0.25446820239084067,0.28175957254464434,0.2815312551007745,0.50625,0.4875,14.0,14.0,10.76923076923077,11.076923076923077,1223.136886008384,937.3092704107643,0.0,0.0,0.0,0.9971713556410853,0.02121371300680538,61.0,0.011113357800706354,1.0,9.463434481950776,-0.008840063123056406,1.0,437.0,7.8832905909016695,66.95821787069723,714.0,0.2906178489702517,0.4233409610983982,0.28604118993135014,0.0,0.0,0.0,0.0,0.0,0.0,0.0,0.0,0.0,0.0,0.0,0.0,0.0,1.0,3.626384509832595,0,0,0,1
BTC-USD_1h_1726790400_1727362800_42.png,C:\Users\afierro\CV_chart_pattern_detector\data\images\rendered\train\BTC-USD_1h_1726790400_1727362800_42.png,train,BTC-USD,1h,2024-09-20T00:00:00+00:00,2024-09-26T15:00:00+00:00,160,0.00024954632556028686,0.0036022837293349505,0.0025775070020632707,349.13411539038367,73.18065213544479,0.012967669808937154,0.023658427268167692,0.027135325319994408,0.015344127936943508,0.022574021692075563,0.02222908196943907,0.4472097326578255,0.25750942816307004,0.27126759268429934,0.28152267465787517,0.5,0.49375,14.0,13.0,10.461538461538462,11.333333333333334,455.3373688911044,202.66323983951492,0.0,0.0,0.0,0.9950079954135048,0.03304757584965223,75.0,0.006758763359099979,1.0,8.414947843413362,-0.007472823440746462,1.0,1679.0,13.682544458508847,63.93885737395965,780.0,0.14592019058963668,0.5407980941036331,0.3132817153067302,0.0,0.0,0.0,0.0,0.0,0.0,76.5233292737002,4.918973194878992,0.40078584849660853,0.0,94.0,0.0,0.0,1.0,6.190037867511124,0,1,0,1
BTC-USD_1h_1726934400_1727506800_42.png,C:\Users\afierro\CV_chart_pattern_detector\data\images\rendered\train\BTC-USD_1h_1726934400_1727506800_42.png,train,BTC-USD,1h,2024-09-21T16:00:00+00:00,2024-09-28T07:00:00+00:00,160,0.0002610367065364921,0.003653761723206387,0.002639430181597449,351.68883157456924,86.68040421417187,-0.0036290698561510792,-0.0006981934112646471,0.0012597885739518144,-0.0016831125132871216,-0.0014503043164840745,0.00779456960855196,0.4438366319328151,0.2552505106252636,0.2755018774471356,0.2806614906200494,0.49375,0.5,15.0,13.0,10.5,12.166666666666666,1015.7671823173306,1163.4483834251848,0.0,0.0,0.0,0.9950079954135048,0.03304757584965223,75.0,0.006085020794474664,1.0,37.42520827473014,0.0024567077847360667,1.0,1780.0,9.980332581313808,63.14737758822682,712.0,0.12415730337078652,0.5337078651685393,0.34213483146067414,0.0,0.0,0.0,0.0,0.0,0.0,76.52332927369837,4.918973194871356,0.4007858484965503,0.0,94.0,0.0,0.0,1.0,6.147053707122335,0,1,0,1
BTC-USD_1h_1727078400_1727650800_42.png,C:\Users\afierro\CV_chart_pattern_detector\data\images\rendered\train\BTC-USD_1h_1727078400_1727650800_42.png,train,BTC-USD,1h,2024-09-23T08:00:00+00:00,2024-09-29T23:00:00+00:00,160,0.0002107479776306654,0.0032006273805269088,0.002350908706882262,335.6227817843756,77.15080078510013,-0.005409587375881042,-0.0014013441395853699,-0.0021292327780161324,-0.0026053248814025265,-0.0014155566317407553,-0.002146454109970941,0.44351408055098795,0.26320676339394494,0.27695085831270616,0.2795350611363059,0.5,0.49375,16.0,12.0,9.866666666666667,12.545454545454545,941.754337134748,1158.8940487171742,0.0,0.0,0.0,0.9995214166068438,0.030228922389726434,47.0,0.006085020794474664,1.0,6.115580168776666,0.007411374166813896,1.0,1438.0,20.83309733643817,60.61346133257653,709.0,0.11891515994436717,0.6376912378303199,0.24339360222531292,0.0,0.0,0.0,0.0,0.0,0.0,50.32056037543322,2.935673446420851,0.08366810334810934,0.0,39.0,0.0,0.0,1.0,5.816830949745837,0,1,0,1
BTC-USD_1h_1727222400_1727794800_42.png,C:\Users\afierro\CV_chart_pattern_detector\data\images\rendered\train\BTC-USD_1h_1727222400_1727794800_42.png,train,BTC-USD,1h,2024-09-25T00:00:00+00:00,2024-10-01T15:00:00+00:00,160,-0.00014283364696999833,0.003411713418595999,0.002483852468892584,336.5913177811851,80.43480085960371,-0.017340038284118342,-0.021943505619984927,-0.018510267749610954,-0.014194475062219603,-0.014811905648079549,-0.024696408018454075,0.45613439056465455,0.25513197531652354,0.2505453357620179,0.2933202736733277,0.475,0.525,17.0,13.0,9.25,10.5,918.5907899332396,1031.8937790296052,0.9673386040085855,0.028648147493420435,76.0,0.0,0.0,0.0,0.004529894250424221,1.0,-38.812081223628674,-0.011943452026649837,1.0,658.0,7.635253998465089,61.265808293067884,768.0,0.23556231003039513,0.48024316109422494,0.28419452887537994,0.0,0.0,0.0,0.0,0.0,0.0,50.32056037545186,2.935673446415463,0.08366810334814556,0.0,39.0,1.0,5.825303556478262,0.0,0.0,0,1,1,0
BTC-USD_1h_1727366400_1727938800_42.png,C:\Users\afierro\CV_chart_pattern_detector\data\images\rendered\train\BTC-USD_1h_1727366400_1727938800_42.png,train,BTC-USD,1h,2024-09-26T16:00:00+00:00,2024-10-03T07:00:00+00:00,160,-0.00043105981854045126,0.004132738408514886,0.002938474201642721,378.46146152432823,122.04823792893232,-0.0087529299676119,0.0012203430830408646,0.0020921465555241436,-0.002724085856738223,-0.0029790676497668533,-0.01327413353869722,0.4615242296823901,0.2541670648066851,0.24343215814595814,0.2950436121716518,0.45,0.55,17.0,16.0,9.0,9.8,1696.5044507489722,1992.1911255597404,0.9673386040085855,0.028648147493420435,76.0,0.0,0.0,0.0,0.007082159199165262,1.0,-53.60909446788544,-0.004242348505827479,1.0,631.0,-13.782889228048491,64.82967199812498,738.0,0.21553090332805072,0.2662440570522979,0.5182250396196514,0.0,0.0,0.0,0.0,0.0,0.0,50.32056037543088,2.93567344643443,0.08366810334813107,0.0,39.0,1.0,5.211410371313543,0.0,0.0,0,1,1,0
BTC-USD_1h_1727510400_1728082800_42.png,C:\Users\afierro\CV_chart_pattern_detector\data\images\rendered\train\BTC-USD_1h_1727510400_1728082800_42.png,train,BTC-USD,1h,2024-09-28T08:00:00+00:00,2024-10-04T23:00:00+00:00,160,-0.0003393666184046332,0.004530865383681023,0.0033180192625695015,390.4166450305187,133.66738182677415,-0.004521549512570555,0.013814665874373855,0.017779252424205083,-0.0002811920488234865,0.005555847491646615,0.014539528310463679,0.4852682494402233,0.25453262249268116,0.22985034717157116,0.28488140338820556,0.44375,0.55625,18.0,16.0,9.0,9.466666666666667,1860.648719321062,1831.256521939645,0.9701169102216283,0.02727638928089371,35.0,0.0,0.0,0.0,0.007836047213225183,1.0,2.7607614861696983,0.010648177429655552,1.0,726.0,-21.4848538293983,59.44870000621535,709.0,0.18457300275482094,0.2066115702479339,0.6088154269972452,0.0,0.0,0.0,0.0,0.0,0.0,0.0,0.0,0.0,0.0,0.0,1.0,4.6757084115689,0.0,0.0,0,0,1,0
BTC-USD_1h_1727654400_1728226800_42.png,C:\Users\afierro\CV_chart_pattern_detector\data\images\rendered\train\BTC-USD_1h_1727654400_1728226800_42.png,train,BTC-USD,1h,2024-09-30T00:00:00+00:00,2024-10-06T15:00:00+00:00,160,-0.0002587812434203206,0.004575465386723732,0.003367881526595146,425.5998670619789,124.2424028520151,0.00995283237619704,0.012233629036123572,0.016146717823942947,0.008346234144935627,0.01051337333759439,0.010309113946806114,0.5012245379921092,0.2531196922221834,0.2320788967752379,0.266696565232653,0.475,0.525,15.0,16.0,9.857142857142858,9.266666666666667,1137.985571708183,1082.6087996969404,0.0,0.0,0.0,0.0,0.0,0.0,0.007836047213225183,1.0,22.750242850445645,0.00924452357159645,1.0,686.0,-12.709918051958084,64.55374205383819,709.0,0.1793002915451895,0.29300291545189505,0.5276967930029155,0.0,0.0,0.0,0.0,0.0,0.0,0.0,0.0,0.0,0.0,0.0,0.0,0.0,0.0,0.0,0,0,0,0
BTC-USD_1h_1727798400_1728370800_42.png,C:\Users\afierro\CV_chart_pattern_detector\data\images\rendered\train\BTC-USD_1h_1727798400_1728370800_42.png,train,BTC-USD,1h,2024-10-01T16:00:00+00:00,2024-10-08T07:00:00+00:00,160,-8.381550526030425e-07,0.004911778665530045,0.0035888584218184715,438.03373496469885,181.00038075065999,-0.0049466867210178345,-0.0024185591156740127,-0.008958495041531789,-0.0034148239606044406,-0.010466611670174819,-0.008918368447823344,0.5150890256433985,0.2673655796707256,0.23976124116409087,0.24514973319251063,0.4875,0.5125,16.0,19.0,9.6,8.055555555555555,918.2984560637047,961.3043577308092,0.0,0.0,0.0,0.9699890601237029,0.021815563297733338,69.0,0.010015851325847177,1.0,17.72780801687759,-0.01398329026826028,1.0,680.0,16.845583623822996,61.75038518571049,743.0,0.21764705882352942,0.5367647058823529,0.24558823529411763,0.0,0.0,0.0,0.0,0.0,0.0,0.0,0.0,0.0,0.0,0.0,0.0,0.0,1.0,3.307888252817522,0,0,0,1
BTC-USD_1h_1727942400_1728514800_42.png,C:\Users\afierro\CV_chart_pattern_detector\data\images\rendered\train\BTC-USD_1h_1727942400_1728514800_42.png,train,BTC-USD,1h,2024-10-03T08:00:00+00:00,2024-10-09T23:00:00+00:00,160,3.88634772127453e-05,0.004369035354381598,0.003232366854433159,398.3997870077334,152.69917977415324,-0.006487746260239402,-0.019992083783246906,-0.027455027268011856,-0.01040390965726401,-0.017927792207544035,-0.02469027066200047,0.5245072396367394,0.2578153052893745,0.22225035966446827,0.2532424006987922,0.48125,0.51875,16.0,19.0,9.333333333333334,8.222222222222221,797.66275027322,831.8464326892548,0.9695416398143502,0.022047372288598332,40.0,0.9699890601237029,0.021815563297733338,69.0,0.010015851325847177,1.0,-24.241818682606677,0.0014929622597370336,1.0,459.0,11.64705455147363,63.53944538117331,755.0,0.2766884531590414,0.4749455337690632,0.24836601307189543,0.0,0.0,0.0,0.0,0.0,0.0,0.0,0.0,0.0,0.0,0.0,1.0,3.660140159412516,1.0,3.6120052653255,0,0,1,1
BTC-USD_1h_1728086400_1728658800_42.png,C:\Users\afierro\CV_chart_pattern_detector\data\images\rendered\train\BTC-USD_1h_1728086400_1728658800_42.png,train,BTC-USD,1h,2024-10-05T00:00:00+00:00,2024-10-11T15:00:00+00:00,160,1.7745429815734196e-05,0.0041798619804617534,0.0030414269723946868,325.8867181456109,109.04299524961301,0.01772263676244834,0.02399753289473683,0.041124197175811394,0.01625419409167983,0.023706660453739037,0.023179013244184477,0.5127455538256067,0.2657774978585895,0.23998923971561922,0.24726520645877398,0.50625,0.49375,14.0,17.0,9.153846153846153,7.375,814.9235629749803,982.5460166995638,0.9498169592703076,0.039426511331052974,69.0,0.9902904791858196,0.011596748439541331,25.0,0.007640253219821,1.0,-28.68754231129835,-0.0078071747585859675,1.0,639.0,-21.97340144452541,61.105729377092686,713.0,0.20970266040688576,0.20970266040688576,0.5805946791862285,0.0,0.0,0.0,0.0,0.0,0.0,0.0,0.0,0.0,0.0,0.0,1.0,7.86068531656039,1.0,2.2972279126498956,0,0,1,1
BTC-USD_1h_1728230400_1728802800_42.png,C:\Users\afierro\CV_chart_pattern_detector\data\images\rendered\train\BTC-USD_1h_1728230400_1728802800_42.png,train,BTC-USD,1h,2024-10-06T16:00:00+00:00,2024-10-13T07:00:00+00:00,160,3.3340596232182925e-05,0.004270855802948034,0.0031207136273140425,372.2519261697566,67.34456111088603,0.002091614867958169,-0.007159148915194868,-0.0033744468828312835,-0.001740566867494353,-0.002816364140380445,0.004487072120115343,0.49206862028461823,0.27448441129679396,0.2549587844328186,0.25297259528256316,0.50625,0.49375,15.0,17.0,10.071428571428571,9.375,797.7424072507504,1025.9729063171626,0.9498169592703076,0.039426511331052974,69.0,0.0,0.0,0.0,0.005679859729426373,1.0,42.74465025785298,0.008223356450526244,1.0,650.0,-19.595390049035732,60.38543701299079,715.0,0.19384615384615383,0.23846153846153847,0.5676923076923077,0.0,0.0,0.0,0.0,0.0,0.0,0.0,0.0,0.0,0.0,0.0,1.0,6.9128625306586144,0.0,0.0,0,0,1,0
BTC-USD_1h_1728374400_1728946800_42.png,C:\Users\afierro\CV_chart_pattern_detector\data\images\rendered\train\BTC-USD_1h_1728374400_1728946800_42.png,train,BTC-USD,1h,2024-10-08T08:00:00+00:00,2024-10-14T23:00:00+00:00,160,0.0003692519452109841,0.004340532550203396,0.002950117823228116,341.9324348878771,67.01892416820763,0.002192770938164612,0.002457298018870846,0.03034083232106277,0.0026533661682486276,0.012831127350306781,0.03615754816475225,0.4669017701102723,0.27214370069821375,0.27427040164914956,0.25882782824057815,0.5125,0.4875,15.0,14.0,10.357142857142858,11.0,1099.2161867755283,1410.0676545608624,0.9698314381881131,0.029566417671203837,45.0,0.9486925187609507,0.046259876359549035,69.0,0.01457957385915602,1.0,35.74367979371795,-0.012270628081171395,1.0,949.0,7.195991148750196,66.62946337673313,738.0,0.13593256059009484,0.505795574288725,0.3582718651211802,0.0,0.0,0.0,0.0,0.0,0.0,0.0,0.0,0.0,0.0,0.0,1.0,5.547243802350448,1.0,8.435654714463915,0,0,1,1
BTC-USD_1h_1728518400_1729090800_42.png,C:\Users\afierro\CV_chart_pattern_detector\data\images\rendered\train\BTC-USD_1h_1728518400_1729090800_42.png,train,BTC-USD,1h,2024-10-10T00:00:00+00:00,2024-10-16T15:00:00+00:00,160,0.0007338130646157112,0.005521439542258212,0.0033085336075049402,390.2755951312577,125.03354872078776,-0.0021316826993320603,0.010439821029082808,0.019265704329254563,0.003940753290866628,0.007878104541164,0.019256632604022883,0.4560870222408749,0.26995048890222867,0.305553285540758,0.23835969221836714,0.54375,0.45625,16.0,12.0,9.933333333333334,13.0,2211.841262314666,2235.2329222568665,0.0,0.0,0.0,0.9486925187609507,0.046259876359549035,69.0,0.0315448450544416,1.0,71.09835372714461,-0.002205110604667018,1.0,549.0,21.97813794760539,56.995954206469314,717.0,0.20765027322404372,0.604735883424408,0.18761384335154827,0.0,0.0,0.0,0.0,0.0,0.0,0.0,0.0,0.0,0.0,0.0,0.0,0.0,1.0,7.421816098452723,0,0,0,1
BTC-USD_1h_1728662400_1729234800_42.png,C:\Users\afierro\CV_chart_pattern_detector\data\images\rendered\train\BTC-USD_1h_1728662400_1729234800_42.png,train,BTC-USD,1h,2024-10-11T16:00:00+00:00,2024-10-18T07:00:00+00:00,160,0.0005659535048099023,0.005511078579783209,0.0032990097297470335,408.0126931228671,127.87954343143879,0.006132744384608868,0.0077943159378695,0.011884220997561146,0.0030261803827105194,0.007682093976488336,0.0071773311509688575,0.4599393220670011,0.2668603896849874,0.2950172324268463,0.2450434455061526,0.525,0.475,19.0,15.0,8.38888888888889,10.071428571428571,2064.146539996361,1991.6291880617616,0.0,0.0,0.0,0.9504758312311887,0.044455446322622216,38.0,0.0315448450544416,1.0,23.983921003281804,0.005946610832278741,1.0,536.0,11.783577894430552,64.1439459638742,707.0,0.21641791044776118,0.5186567164179104,0.26492537313432835,0.0,0.0,0.0,0.0,0.0,0.0,0.0,0.0,0.0,0.0,0.0,0.0,0.0,1.0,7.070564186855428,0,0,0,1
BTC-USD_1h_1728806400_1729378800_42.png,C:\Users\afierro\CV_chart_pattern_detector\data\images\rendered\train\BTC-USD_1h_1728806400_1729378800_42.png,train,BTC-USD,1h,2024-10-13T08:00:00+00:00,2024-10-19T23:00:00+00:00,160,0.0005492270513650958,0.0054594675230994925,0.003244607744345966,407.1666842968205,134.67019300305944,0.0028749531767777725,0.0011418739177344595,0.0006437497228686251,0.0022741500498124623,0.0018256308116659792,0.002875900424246902,0.47754123083920097,0.26561921053925924,0.2971062556826798,0.22535251347811922,0.50625,0.49375,19.0,17.0,7.611111111111111,9.0625,1486.8443798000303,1761.4383159985537,0.0,0.0,0.0,0.9504758312311887,0.044455446322622216,38.0,0.005004155136392451,1.0,14.947815869667316,0.004688427297100972,1.0,1169.0,24.004273069322977,58.47792108917296,710.0,0.14114627887082976,0.6424294268605646,0.21642429426860565,0.0,0.0,0.0,0.0,0.0,0.0,0.0,0.0,0.0,0.0,0.0,0.0,0.0,1.0,7.084968255006427,0,0,0,1
BTC-USD_1h_1728950400_1729522800_42.png,C:\Users\afierro\CV_chart_pattern_detector\data\images\rendered\train\BTC-USD_1h_1728950400_1729522800_42.png,train,BTC-USD,1h,2024-10-15T00:00:00+00:00,2024-10-21T15:00:00+00:00,160,0.00014517284182432636,0.004888456666140388,0.0028511421678106864,385.4731737875862,152.02571545453475,-0.013145019908991973,-0.019772236597255022,-0.02094967315567231,-0.010477567238787011,-0.017135868567222268,-0.015568713099223808,0.4792711556995678,0.25920440751381585,0.29712093698655484,0.22360790731387742,0.50625,0.49375,19.0,17.0,7.611111111111111,8.8125,746.3937947171346,956.61186781706,0.9924989633230031,0.017582503895479988,54.0,0.9772775907501634,0.02165600334914624,71.0,0.004002175962863559,1.0,2.78754278012192,-0.0011164658423834153,1.0,428.0,9.478967285741156,66.04584262730131,766.0,0.3130841121495327,0.4182242990654206,0.26869158878504673,0.0,0.0,0.0,0.0,0.0,0.0,0.0,0.0,0.0,0.0,0.0,1.0,3.3554939800773917,1.0,4.046538827960914,0,0,1,1
BTC-USD_1h_1729094400_1729666800_42.png,C:\Users\afierro\CV_chart_pattern_detector\data\images\rendered\train\BTC-USD_1h_1729094400_1729666800_42.png,train,BTC-USD,1h,2024-10-16T16:00:00+00:00,2024-10-23T07:00:00+00:00,160,-8.56589116355923e-05,0.003187241159286857,0.0023200832805268085,332.4351707112137,92.12158390173387,-0.0034250567588076652,-0.012870769594235498,-0.0019655440105100785,-0.005070051034473777,-0.005902893673749632,-0.00929553831730523,0.4719312469704587,0.2687999039812839,0.2932813415411933,0.23478741148834814,0.5,0.5,17.0,16.0,8.8125,9.266666666666667,489.998783083016,600.4109853870411,0.9749559276059222,0.02199294026078759,30.0,0.9772775907501634,0.02165600334914624,71.0,0.006237541003725837,1.0,-22.66430496952574,-0.004345007132801288,1.0,1797.0,-3.700617416540516,60.244415692261704,730.0,0.14524207011686144,0.39287701725097385,0.46188091263216474,0.0,0.0,0.0,0.0,0.0,0.0,0.0,0.0,0.0,0.0,0.0,1.0,4.651420160142917,1.0,4.65094807355667,0,0,1,1
BTC-USD_1h_1729238400_1729810800_42.png,C:\Users\afierro\CV_chart_pattern_detector\data\images\rendered\train\BTC-USD_1h_1729238400_1729810800_42.png,train,BTC-USD,1h,2024-10-18T08:00:00+00:00,2024-10-24T23:00:00+00:00,160,3.051328429923615e-05,0.0031700452325497718,0.002327883356380426,313.47220334683936,92.93321846913821,-0.0016324160856004966,0.006078074512729348,0.01211136058356077,0.003236135982408239,0.008693038225889627,0.016168522085699744,0.4627117570117047,0.26965709852909414,0.30339395038666916,0.23389429260162622,0.50625,0.49375,16.0,16.0,9.266666666666667,9.866666666666667,683.0749976565066,787.3605285292979,0.9749559276059222,0.02199294026078759,30.0,0.9918211690688514,0.014310193547703211,49.0,0.006922666970889577,1.0,0.7550203938115598,-0.005581688687926841,1.0,1732.0,-15.647234186908666,62.753245166605396,765.0,0.12413394919168591,0.2979214780600462,0.5779445727482679,0.0,0.0,0.0,0.0,0.0,0.0,0.0,0.0,0.0,0.0,0.0,1.0,4.92620063645404,1.0,3.2787916637207806,0,0,1,1
BTC-USD_1h_1729382400_1729954800_42.png,C:\Users\afierro\CV_chart_pattern_detector\data\images\rendered\train\BTC-USD_1h_1729382400_1729954800_42.png,train,BTC-USD,1h,2024-10-20T00:00:00+00:00,2024-10-26T15:00:00+00:00,160,-0.00011927007523985115,0.0034371915713789667,0.0024702223757490428,366.51681260986226,97.35231272068354,-0.0037461646161636164,-0.004221227830328411,-0.000769368784452551,-0.001950350146694313,-0.0009649207740709542,-0.008723298522375966,0.4279105282104595,0.2672396429298468,0.2890527082361404,0.28303676355340013,0.50625,0.49375,16.0,13.0,9.733333333333333,10.833333333333334,673.2893636024814,742.4080287652783,0.9829983969481375,0.01963483735325671,37.0,0.0,0.0,0.0,0.007722042121849562,1.0,7.2522028832628616,0.00634295394830441,1.0,2674.0,-6.961486452470186,62.601986914285206,718.0,0.11817501869857891,0.3777112939416604,0.5041136873597607,0.0,0.0,0.0,0.0,0.0,0.0,57.24809374761517,0.5777128645737873,0.08064025057397929,0.0,120.0,1.0,3.7876793734667213,0.0,0.0,0,1,1,0
BTC-USD_1h_1729526400_1730098800_42.png,C:\Users\afierro\CV_chart_pattern_detector\data\images\rendered\train\BTC-USD_1h_1729526400_1730098800_42.png,train,BTC-USD,1h,2024-10-21T16:00:00+00:00,2024-10-28T07:00:00+00:00,160,0.00010617689268493691,0.0032557028111320535,0.002392734491089848,374.23031067981367,93.11477837069371,0.010157308122140662,0.004279255475309718,0.015067062314540136,0.007120834106105978,0.008697905780517434,0.015257081083478452,0.43096966475115916,0.2577450173505858,0.2923654806453628,0.2766648546034781,0.5375,0.4625,17.0,15.0,9.0625,10.5,470.0432679443374,497.279516742399,0.9829983969481375,0.01963483735325671,37.0,0.0,0.0,0.0,0.007722042121849562,1.0,1.9290917721521692,0.005310454496957374,1.0,2048.0,3.8491159733675886,63.863160241022655,780.0,0.14013671875,0.46044921875,0.3994140625,0.0,0.0,0.0,0.0,0.0,0.0,0.0,0.0,0.0,0.0,0.0,1.0,3.712382315401902,0.0,0.0,0,0,1,0
BTC-USD_1h_1729670400_1730242800_42.png,C:\Users\afierro\CV_chart_pattern_detector\data\images\rendered\train\BTC-USD_1h_1729670400_1730242800_42.png,train,BTC-USD,1h,2024-10-23T08:00:00+00:00,2024-10-29T23:00:00+00:00,160,0.0005670116438111783,0.0034403595899488654,0.002515768107976953,397.3140289468588,115.83614983361494,0.002760829908834417,0.012096357317375794,0.02318829856117799,0.002626434362925867,0.011756918624853618,0.03767448811768559,0.4287375601886952,0.25046363556831375,0.29997919893257646,0.27128324087872835,0.58125,0.41875,16.0,14.0,9.933333333333334,10.692307692307692,1671.9962268194367,1499.9645137918062,0.9886891440481352,0.012470251954584231,25.0,0.9430264165429414,0.03360063581131138,54.0,0.008009842496271858,1.0,78.34022855133645,-0.01630059202601806,1.0,777.0,8.809519416653819,67.58488513565078,711.0,0.16473616473616473,0.49935649935649934,0.3359073359073359,0.0,0.0,0.0,0.0,0.0,0.0,0.0,0.0,0.0,0.0,0.0,1.0,2.237259176407969,1.0,6.021151666462469,0,0,1,1
BTC-USD_1h_1729814400_1730386800_42.png,C:\Users\afierro\CV_chart_pattern_detector\data\images\rendered\train\BTC-USD_1h_1729814400_1730386800_42.png,train,BTC-USD,1h,2024-10-25T00:00:00+00:00,2024-10-31T15:00:00+00:00,160,0.0002454203618363869,0.003640979548441883,0.002554239100504294,386.1122277099638,106.2385022926752,-0.022235759975632097,-0.022047822443102327,-0.030705844341405664,-0.01762399523640834,-0.02110776917321988,-0.022477735511621022,0.43391089326995225,0.25233427989473933,0.2932423133603039,0.2728467933697438,0.55,0.45,18.0,18.0,8.294117647058824,8.411764705882353,2502.152249176115,2348.9792021577036,0.9874231923811982,0.018289350774179286,39.0,0.9430264165429414,0.03360063581131138,54.0,0.010430406023544486,1.0,42.546902484763294,-0.0004947818928591969,1.0,1042.0,23.89059112820195,60.162875526918334,714.0,0.1295585412667946,0.6554702495201535,0.21497120921305182,0.0,0.0,0.0,0.0,0.0,0.0,0.0,0.0,0.0,0.0,0.0,1.0,3.6072613974759538,1.0,6.190139108655635,0,0,1,1
BTC-USD_1h_1729958400_1730530800_42.png,C:\Users\afierro\CV_chart_pattern_detector\data\images\rendered\train\BTC-USD_1h_1729958400_1730530800_42.png,train,BTC-USD,1h,2024-10-26T16:00:00+00:00,2024-11-02T07:00:00+00:00,160,0.00027016598819261866,0.004353345885542585,0.0028850045058778314,400.97185185553707,128.5727510896471,0.0030735636599947824,0.005384503832876808,-0.007689019964076338,0.0025421442254962567,0.0009001862493365209,-0.006112301909458662,0.4471983443082558,0.2543663580562939,0.29489609095687586,0.25790556473486836,0.575,0.425,19.0,18.0,8.277777777777779,8.705882352941176,2051.921768517451,1910.6155985993387,0.9874231923811982,0.018289350774179286,39.0,0.9430264165429414,0.03360063581131138,54.0,0.01389967195684457,1.0,-47.762582044069525,-0.006681368347833101,1.0,947.0,12.513195186066653,63.02799936306518,731.0,0.15205913410770855,0.5649419218585006,0.28299894403379094,0.0,0.0,0.0,0.0,0.0,0.0,0.0,0.0,0.0,0.0,0.0,1.0,3.478835465719891,1.0,5.968015659543044,0,0,1,1
BTC-USD_1h_1730102400_1730674800_42.png,C:\Users\afierro\CV_chart_pattern_detector\data\images\rendered\train\BTC-USD_1h_1730102400_1730674800_42.png,train,BTC-USD,1h,2024-10-28T08:00:00+00:00,2024-11-03T23:00:00+00:00,160,5.166423780199526e-05,0.004589100205730197,0.003163194970775525,435.9454617531245,87.75003887486206,0.0014122220766172866,0.014739365861575537,0.002682236604526045,0.0042514378110971585,0.004837908938669866,-0.003722277560852527,0.45248486335038846,0.25618570538585983,0.28001352900308213,0.26750160764652947,0.5375,0.4625,19.0,19.0,8.0,8.166666666666666,1507.678658659491,1655.1375597850106,0.9874231923811982,0.018289350774179286,39.0,0.0,0.0,0.0,0.01389967195684457,1.0,-24.633197726206912,0.00483586028701999,1.0,581.0,-27.375220715076296,60.671263177012015,704.0,0.21858864027538727,0.18760757314974183,0.5938037865748709,0.0,0.0,0.0,0.0,0.0,0.0,0.0,0.0,0.0,0.0,0.0,1.0,3.2111241326569115,0.0,0.0,0,0,1,0
BTC-USD_1h_1730246400_1730818800_42.png,C:\Users\afierro\CV_chart_pattern_detector\data\images\rendered\train\BTC-USD_1h_1730246400_1730818800_42.png,train,BTC-USD,1h,2024-10-30T00:00:00+00:00,2024-11-05T15:00:00+00:00,160,-0.00022352823494091413,0.004753998716799749,0.0032252007554752415,463.9224789110749,86.58394340778806,0.012061613692073703,0.012504961478571719,0.034032042525390604,0.00876091014408753,0.016786194909049756,0.0160055295685797,0.4581071565477968,0.26188293255656436,0.2690897195861267,0.27280312386607647,0.5,0.5,19.0,19.0,8.166666666666666,8.38888888888889,1492.1047072942426,1712.5555912008992,0.9906616585316926,0.026044826194547274,59.0,0.0,0.0,0.0,0.008387880397511392,1.0,-10.553566807313363,-0.00905886267659583,1.0,1219.0,-28.794919717742147,55.808656272508905,776.0,0.1542247744052502,0.17883511074651354,0.6669401148482362,0.0,0.0,0.0,0.0,0.0,0.0,0.0,0.0,0.0,0.0,0.0,1.0,4.121329631622199,0.0,0.0,0,0,1,0
BTC-USD_1h_1730390400_1730962800_42.png,C:\Users\afierro\CV_chart_pattern_detector\data\images\rendered\train\BTC-USD_1h_1730390400_1730962800_42.png,train,BTC-USD,1h,2024-10-31T16:00:00+00:00,2024-11-07T07:00:00+00:00,160,0.0003953422389531212,0.005984696811982458,0.003873106715644848,551.7164806311292,186.64914248052435,-0.003869922733460762,-0.011646319221867096,0.007902094969939322,-0.004901723143782788,-0.0026912665711307238,0.030259275482238834,0.4423024939168016,0.2580670709330368,0.28084859358156544,0.27684891250163296,0.53125,0.46875,16.0,17.0,9.466666666666667,9.5,2231.1505535946835,2111.909134712723,0.9906616585316926,0.026044826194547274,59.0,0.9261058476166988,0.061098351989623864,65.0,0.010898721910329593,1.0,111.45283532583213,-0.013963471619321533,1.0,570.0,-12.798250504230198,65.61575907302513,723.0,0.22280701754385965,0.32456140350877194,0.45263157894736844,0.0,0.0,0.0,0.0,0.0,0.0,0.0,0.0,0.0,0.0,0.0,1.0,3.499647610505492,1.0,7.995801953491305,0,0,1,1
BTC-USD_1h_1730534400_1731106800_42.png,C:\Users\afierro\CV_chart_pattern_detector\data\images\rendered\train\BTC-USD_1h_1730534400_1731106800_42.png,train,BTC-USD,1h,2024-11-02T08:00:00+00:00,2024-11-08T23:00:00+00:00,160,0.0006086617044111226,0.005666726423445648,0.003852210164308888,534.9867630157087,199.78101152404406,-0.0052371146566660975,0.010003432252613687,0.008936052707994246,0.0012234171375840042,0.0039041829157255847,0.009681350406276268,0.4618245578093294,0.24866393033423925,0.26885510511146327,0.2693203370792072,0.50625,0.49375,15.0,17.0,10.5,9.0,3270.845946990473,3256.4802209496042,0.9935662323546113,0.02462372849549456,48.0,0.9261058476166988,0.061098351989623864,65.0,0.010898721910329593,1.0,70.83971647913766,0.028254969870239288,1.0,349.0,2.180511322096631,63.630912421510516,709.0,0.3209169054441261,0.39255014326647564,0.28653295128939826,0.0,0.0,0.0,0.0,0.0,0.0,0.0,0.0,0.0,0.0,0.0,1.0,3.3728582321454335,1.0,8.238449474652512,0,0,1,1
BTC-USD_1h_1730678400_1731250800_42.png,C:\Users\afierro\CV_chart_pattern_detector\data\images\rendered\train\BTC-USD_1h_1730678400_1731250800_42.png,train,BTC-USD,1h,2024-11-04T00:00:00+00:00,2024-11-10T15:00:00+00:00,160,0.0009495402513541003,0.0057782299879402,0.0037705117029197587,566.8846624884352,175.18067159144363,-0.0018784126699046277,0.010019971250929238,0.04456484127192173,0.003446991598580418,0.01770095879847644,0.03281093195292728,0.444610122007831,0.25058473644910867,0.2844282350778563,0.2709616429143128,0.54375,0.45625,14.0,15.0,11.0,10.285714285714286,3261.2451742579738,3423.585199438089,0.0,0.0,0.0,0.9406728624875121,0.053645206198617394,48.0,0.01263146147196926,1.0,42.9039116268169,-0.0007896109915520467,1.0,817.0,25.645038681339607,60.522420868686,734.0,0.1456548347613219,0.6499388004895961,0.204406364749082,0.0,0.0,0.0,0.0,0.0,0.0,0.0,0.0,0.0,0.0,0.0,0.0,0.0,1.0,6.852050157853994,0,0,0,1
BTC-USD_1h_1730822400_1731394800_42.png,C:\Users\afierro\CV_chart_pattern_detector\data\images\rendered\train\BTC-USD_1h_1730822400_1731394800_42.png,train,BTC-USD,1h,2024-11-05T16:00:00+00:00,2024-11-12T07:00:00+00:00,160,0.001511985456110043,0.006176075255982028,0.0042614946183717264,700.8267947045224,264.1812437616971,0.010629381017919215,0.011412573505943824,0.08293209682348235,0.005202410072395303,0.027914177734387424,0.0742066671578201,0.4370942900671265,0.23469636139089642,0.2927023162662218,0.2702033936666518,0.6,0.4,14.0,17.0,10.692307692307692,9.4375,3702.9784362718606,3991.2651545862664,0.0,0.0,0.0,0.9621091290272756,0.04309530992812796,66.0,0.01263146147196926,1.0,165.8942483591186,-0.03495515839218225,1.0,946.0,16.56870631347499,65.17825689351113,727.0,0.12050739957716702,0.5835095137420718,0.2959830866807611,0.0,0.0,0.0,0.0,0.0,0.0,0.0,0.0,0.0,0.0,0.0,0.0,0.0,1.0,4.975756430944257,0,0,0,1
BTC-USD_1h_1730966400_1731538800_42.png,C:\Users\afierro\CV_chart_pattern_detector\data\images\rendered\train\BTC-USD_1h_1730966400_1731538800_42.png,train,BTC-USD,1h,2024-11-07T08:00:00+00:00,2024-11-13T23:00:00+00:00,160,0.0011844979583512825,0.006869867923608443,0.004704437481853978,770.4365277398891,371.5959892571653,0.002014446493988409,-0.012379245530445449,0.03674562511521762,-0.006715817171797478,0.013147014991313988,0.021536071308894567,0.4375716917674935,0.24258477286386446,0.2853801515359017,0.2770481566966049,0.5875,0.4125,13.0,15.0,12.0,9.785714285714286,5843.972670258767,4226.507488119556,0.0,0.0,0.0,0.9621091290272756,0.04309530992812796,66.0,0.01773794081300839,1.0,135.78318073136472,-0.021982337670420127,1.0,1087.0,25.57405303839488,58.91872890002926,759.0,0.11683532658693652,0.6789328426862925,0.20423183072677092,0.0,0.0,0.0,0.0,0.0,0.0,0.0,0.0,0.0,0.0,0.0,0.0,0.0,1.0,4.547875964469481,0,0,0,1
BTC-USD_1h_1731110400_1731682800_42.png,C:\Users\afierro\CV_chart_pattern_detector\data\images\rendered\train\BTC-USD_1h_1731110400_1731682800_42.png,train,BTC-USD,1h,2024-11-09T00:00:00+00:00,2024-11-15T15:00:00+00:00,160,0.0009475825054380941,0.007598275916804448,0.005317525880122046,918.1645154219452,397.2253068160487,-0.014439736464557762,0.0029794969918692793,0.009504904884750642,-0.005812057928026082,0.00042301595923222024,-0.012540649933051484,0.42739546558627006,0.2351245499980797,0.27643011898525416,0.2961744154284759,0.59375,0.40625,14.0,15.0,10.846153846153847,9.714285714285714,5692.198595832947,4615.9004328081255,0.0,0.0,0.0,0.9642193457730991,0.04201519458836514,28.0,0.01773794081300839,1.0,18.99246952648874,0.007984771986035434,1.0,1288.0,22.42390888364789,62.110079498242825,718.0,0.11801242236024845,0.6381987577639752,0.24378881987577639,0.0,0.0,0.0,0.0,0.0,0.0,0.0,0.0,0.0,0.0,0.0,0.0,0.0,1.0,3.6296336719555304,0,0,0,1
BTC-USD_1h_1731254400_1731826800_42.png,C:\Users\afierro\CV_chart_pattern_detector\data\images\rendered\train\BTC-USD_1h_1731254400_1731826800_42.png,train,BTC-USD,1h,2024-11-10T16:00:00+00:00,2024-11-17T07:00:00+00:00,160,0.0008258118822403037,0.007576331111803578,0.0055269371075450015,1006.2157350313071,290.9674423708963,0.0033567554953657375,0.002462238062695521,-0.003783937332347276,0.0011030388609507558,-0.0012682237365959637,0.00122619547701186,0.4420584426811941,0.23708920547751125,0.26381802690654543,0.2941235304122605,0.575,0.425,14.0,16.0,10.384615384615385,10.0,2583.9291719335856,3510.8562437427895,0.0,0.0,0.0,0.0,0.0,0.0,0.01247010808536074,1.0,22.508932606657634,0.02005530843720923,1.0,978.0,24.510220678062282,60.45538211085682,708.0,0.16666666666666666,0.6175869120654397,0.21574642126789367,0.0,0.0,0.0,0.0,0.0,0.0,0.0,0.0,0.0,0.0,0.0,0.0,0.0,0.0,0.0,0,0,0,0
BTC-USD_1h_1731398400_1731970800_42.png,C:\Users\afierro\CV_chart_pattern_detector\data\images\rendered\train\BTC-USD_1h_1731398400_1731970800_42.png,train,BTC-USD,1h,2024-11-12T08:00:00+00:00,2024-11-18T23:00:00+00:00,160,0.00011185748681824083,0.007613481115105874,0.005385869596268239,933.3929915962083,265.2802564274669,-0.0015912456546455234,0.0017281966461226705,0.0002518760787384444,-0.00688479056994562,-0.006618498328680111,-0.002175160045275848,0.46284470942363287,0.24855232397905178,0.25160651362376163,0.2855487769526056,0.51875,0.48125,16.0,16.0,9.266666666666667,9.933333333333334,1127.0511625025863,1506.663677983861,0.0,0.0,0.0,0.9850745759395568,0.021411506785196446,31.0,0.01600281721873605,1.0,-0.10216443975610842,-0.011219191192719788,1.0,2074.0,9.335578683918214,64.25511431601394,769.0,0.12970106075216972,0.5216972034715526,0.34860173577627773,0.0,0.0,0.0,0.0,0.0,0.0,0.0,0.0,0.0,0.0,0.0,0.0,0.0,1.0,2.163262274845642,0,0,0,1
BTC-USD_1h_1731542400_1732114800_42.png,C:\Users\afierro\CV_chart_pattern_detector\data\images\rendered\train\BTC-USD_1h_1731542400_1732114800_42.png,train,BTC-USD,1h,2024-11-14T00:00:00+00:00,2024-11-20T15:00:00+00:00,160,0.0003345023917518497,0.0061577996960694775,0.004497667519986613,804.8871806207853,173.11969347213468,0.013753408738891082,0.025624601141351455,0.024681152523307937,0.012678256922989961,0.02048359724782789,0.028425275457729215,0.4747590794934225,0.23743120809573987,0.23823032305208205,0.28701059745449553,0.55625,0.44375,16.0,17.0,8.466666666666667,8.75,1205.2050728518063,1376.1971704061552,0.0,0.0,0.0,0.9691713553284282,0.039231059471096695,53.0,0.01600281721873605,1.0,41.55283977965263,-4.8065895260285455e-05,1.0,1867.0,11.591318261067881,64.79503088727806,718.0,0.11622924477771826,0.547402249598286,0.33636850562399573,0.0,0.0,0.0,0.0,0.0,0.0,0.0,0.0,0.0,0.0,0.0,0.0,0.0,1.0,4.584833502166085,0,0,0,1
BTC-USD_1h_1731686400_1732258800_42.png,C:\Users\afierro\CV_chart_pattern_detector\data\images\rendered\train\BTC-USD_1h_1731686400_1732258800_42.png,train,BTC-USD,1h,2024-11-15T16:00:00+00:00,2024-11-22T07:00:00+00:00,160,0.0006685664313904039,0.005322331770536403,0.00389045287394991,791.346089217163,169.22104230119677,0.0034116950721645445,0.008313676847370832,0.01906914789494607,0.005861182014505806,0.010995782173268909,0.031117814525841725,0.4552936158810098,0.24342327562638716,0.25882756665884726,0.2858788174601429,0.5625,0.4375,17.0,15.0,9.0625,9.642857142857142,2754.7293854431914,2271.990089891728,0.0,0.0,0.0,0.9691713553284282,0.039231059471096695,53.0,0.011716339076218581,1.0,109.00303211439278,9.628891595951635e-06,1.0,439.0,13.29612300662082,64.00187834418178,726.0,0.2437357630979499,0.5034168564920274,0.2528473804100228,0.0,0.0,0.0,0.0,0.0,0.0,0.0,0.0,0.0,0.0,0.0,0.0,0.0,1.0,4.659988876935277,0,0,0,1
BTC-USD_1h_1731830400_1732402800_42.png,C:\Users\afierro\CV_chart_pattern_detector\data\images\rendered\train\BTC-USD_1h_1731830400_1732402800_42.png,train,BTC-USD,1h,2024-11-17T08:00:00+00:00,2024-11-23T23:00:00+00:00,160,0.000460223149395717,0.005309765057027424,0.00377650034205837,726.580914097347,142.26936524551547,0.0017271086314407658,-0.010856011335127258,-0.00916793861070242,-0.0023948370283431997,-0.005646697645944498,-0.008164187222008623,0.449037893621077,0.24862955808595916,0.24202955228031175,0.30893255409861126,0.53125,0.46875,17.0,15.0,8.8125,10.142857142857142,3260.8075517864495,3424.639553844008,0.0,0.0,0.0,0.9691713553284282,0.039231059471096695,53.0,0.010264380602685991,1.0,44.727219409282576,0.011907491289984348,1.0,684.0,26.795317501439687,56.006753316770975,709.0,0.17543859649122806,0.6578947368421053,0.16666666666666666,0.0,0.0,0.0,0.0,0.0,0.0,0.0,0.0,0.0,0.0,0.0,0.0,0.0,1.0,5.058186757569117,0,0,0,1
BTC-USD_1h_1731974400_1732546800_42.png,C:\Users\afierro\CV_chart_pattern_detector\data\images\rendered\train\BTC-USD_1h_1731974400_1732546800_42.png,train,BTC-USD,1h,2024-11-19T00:00:00+00:00,2024-11-25T15:00:00+00:00,160,0.00034461430754630383,0.0047074784502499495,0.0033540263049442126,681.1105606016696,137.8101516052456,-0.02227897497547815,-0.021230008994435945,-0.008530000416208439,-0.016491205110986784,-0.016324083460828365,-0.016392487911119136,0.44135551017735936,0.24944264716352463,0.23719528434442466,0.321449205478216,0.51875,0.48125,18.0,13.0,8.647058823529411,11.0,2276.2178459795005,2588.568248394782,0.9927823169839779,0.03354225724593815,62.0,0.976512352686219,0.02792305628366814,28.0,0.0057731900147444185,1.0,-21.745883966244175,-0.008327699106513735,1.0,290.0,3.34827135719102,60.869499865562624,780.0,0.4206896551724138,0.3413793103448276,0.23793103448275862,0.0,0.0,0.0,0.0,0.0,0.0,0.0,0.0,0.0,0.0,0.0,1.0,5.112172198253549,1.0,3.875816338195774,0,0,1,1
BTC-USD_1h_1732118400_1732690800_42.png,C:\Users\afierro\CV_chart_pattern_detector\data\images\rendered\train\BTC-USD_1h_1732118400_1732690800_42.png,train,BTC-USD,1h,2024-11-20T16:00:00+00:00,2024-11-27T07:00:00+00:00,160,-1.6028913718214165e-05,0.005326305748869439,0.0037520635230187446,797.3836297437477,252.9558679831509,0.010899468613643215,0.019453194895521442,0.015547792358877599,0.010766108796117724,0.011566057956874376,-0.0064106082219086424,0.44483502729304103,0.25763981630643445,0.24546365411458693,0.30970131859237204,0.46875,0.53125,18.0,13.0,8.352941176470589,11.75,1878.955614689406,2525.054422290537,0.9600217829797125,0.040248621086306155,65.0,0.0,0.0,0.0,0.010983048044951977,1.0,-89.29711099390472,-0.01223295101182277,1.0,1546.0,-16.611907151854208,63.689888282761636,747.0,0.14553686934023286,0.2943078913324709,0.5601552393272963,0.0,0.0,0.0,0.0,0.0,0.0,0.0,0.0,0.0,0.0,0.0,1.0,5.128005318615746,0.0,0.0,0,0,1,0
BTC-USD_1h_1732262400_1732834800_42.png,C:\Users\afierro\CV_chart_pattern_detector\data\images\rendered\train\BTC-USD_1h_1732262400_1732834800_42.png,train,BTC-USD,1h,2024-11-22T08:00:00+00:00,2024-11-28T23:00:00+00:00,160,-0.00019227528105992476,0.005072987745429924,0.003656685652249597,697.0663894766581,194.75426662384754,0.005514117612922087,0.002809300952314686,-0.0010313055655825076,0.004827309321754569,0.003689565250447391,0.009462468258006451,0.4639675858806528,0.26575516475425154,0.23665014893375863,0.2993822651855886,0.44375,0.55625,17.0,14.0,9.4375,11.538461538461538,1927.1130415695775,2473.164521032183,0.9600217829797125,0.040248621086306155,65.0,0.0,0.0,0.0,0.010983048044951977,1.0,29.382041490857986,0.01964245192299237,1.0,2274.0,-15.178106201512833,61.903154344860894,717.0,0.10817941952506596,0.30914687774846084,0.5826737027264732,0.0,0.0,0.0,0.0,0.0,0.0,0.0,0.0,0.0,0.0,0.0,1.0,5.831978428418694,0.0,0.0,0,0,1,0
BTC-USD_1h_1732406400_1732978800_42.png,C:\Users\afierro\CV_chart_pattern_detector\data\images\rendered\train\BTC-USD_1h_1732406400_1732978800_42.png,train,BTC-USD,1h,2024-11-24T00:00:00+00:00,2024-11-30T15:00:00+00:00,160,-6.934445571682575e-05,0.005098272748091263,0.0037812081687694466,696.7002852734731,193.555874990928,0.003920513973544093,5.9499381516836536e-05,-0.0068089996318903,0.0008548835442530045,-0.0013392660972652015,0.0020830028367462283,0.4889096845636519,0.27174164609007373,0.24383317038459915,0.26725714505174897,0.49375,0.50625,15.0,15.0,10.142857142857142,10.714285714285714,1635.8493255491358,2038.3860103616837,0.9638182886366168,0.038389610349329355,46.0,0.0,0.0,0.0,0.005036612055579793,1.0,31.019567393343138,0.009697761588237843,1.0,1697.0,5.503825159408657,62.83448361002971,723.0,0.12139068945197407,0.48143783146729524,0.3971714790807307,0.0,0.0,0.0,0.0,0.0,0.0,0.0,0.0,0.0,0.0,0.0,1.0,5.496917451822364,0.0,0.0,0,0,1,0
BTC-USD_1h_1732550400_1733122800_42.png,C:\Users\afierro\CV_chart_pattern_detector\data\images\rendered\train\BTC-USD_1h_1732550400_1733122800_42.png,train,BTC-USD,1h,2024-11-25T16:00:00+00:00,2024-12-02T07:00:00+00:00,160,1.6824758589673794e-05,0.004700611993255954,0.003547206853145586,673.5390969460157,216.41249540832152,-0.005013901304623758,-0.016016082398821796,-0.008003142150374565,-0.009927540095618248,-0.011045031399581018,-0.008167792801337281,0.49960599571534337,0.2699149914822261,0.24590013168657338,0.2544938725980832,0.4875,0.5125,17.0,15.0,9.0,10.071428571428571,1422.1551821101552,1907.7049600077642,0.0,0.0,0.0,0.9926591053377947,0.008748625267131363,33.0,0.005036612055579793,1.0,4.135923581810134,0.0020263572311147618,1.0,1447.0,20.454729498750847,61.21615270817613,760.0,0.1354526606772633,0.6109191430545957,0.253628196268141,0.0,0.0,0.0,0.0,0.0,0.0,0.0,0.0,0.0,0.0,0.0,0.0,0.0,1.0,1.3727409378696134,0,0,0,1
BTC-USD_1h_1732694400_1733266800_42.png,C:\Users\afierro\CV_chart_pattern_detector\data\images\rendered\train\BTC-USD_1h_1732694400_1733266800_42.png,train,BTC-USD,1h,2024-11-27T08:00:00+00:00,2024-12-03T23:00:00+00:00,160,0.00017038393897008688,0.004421705081009462,0.003363311205094301,570.7331726612053,129.02597798496672,0.004412618439335825,0.00645181274790585,-0.000739673963810028,0.0022448370238490334,0.004393899579891114,0.00033803290008349585,0.5123728851704598,0.26462288870375483,0.2312480443179302,0.25637907051161013,0.4875,0.5125,16.0,15.0,9.466666666666667,10.428571428571429,777.1148550626107,1111.6529446757306,0.9950191611191441,0.026417028026278367,58.0,0.9926591053377947,0.008748625267131363,33.0,0.008349943396686078,1.0,-23.41489861697158,-0.009164014839489674,1.0,896.0,2.058030830629702,66.5502215101706,758.0,0.23214285714285715,0.40848214285714285,0.359375,0.0,0.0,0.0,0.0,0.0,0.0,0.0,0.0,0.0,0.0,0.0,1.0,4.7643065881711975,1.0,1.5983966315917595,0,0,1,1
BTC-USD_1h_1732838400_1733410800_42.png,C:\Users\afierro\CV_chart_pattern_detector\data\images\rendered\train\BTC-USD_1h_1732838400_1733410800_42.png,train,BTC-USD,1h,2024-11-29T00:00:00+00:00,2024-12-05T15:00:00+00:00,160,0.00038863479140775574,0.005781491496920235,0.0039855279647133595,625.403364359041,205.33509709662982,-0.012429934761610806,-0.006005749331577048,0.025762959987936984,-0.011640572472492838,0.0006480225669953654,0.03292735542304581,0.5239425923914467,0.26133541859585374,0.23345297368413048,0.2426044339244227,0.5125,0.4875,16.0,15.0,9.133333333333333,10.214285714285714,2090.996167494098,1788.0937247242464,0.9950191611191441,0.026417028026278367,58.0,0.9892684119341432,0.029046480235536694,26.0,0.013315443886183108,1.0,86.6756674871079,-0.01528639850412881,1.0,586.0,-15.19625064079672,66.33751837360478,780.0,0.20477815699658702,0.2883959044368601,0.5068259385665529,0.0,0.0,0.0,0.0,0.0,0.0,0.0,0.0,0.0,0.0,0.0,1.0,4.366267293472341,1.0,4.46417337108337,0,0,1,1
BTC-USD_1h_1732982400_1733554800_42.png,C:\Users\afierro\CV_chart_pattern_detector\data\images\rendered\train\BTC-USD_1h_1732982400_1733554800_42.png,train,BTC-USD,1h,2024-11-30T16:00:00+00:00,2024-12-07T07:00:00+00:00,160,0.00018297054092779905,0.006417835076829718,0.004369558612859422,803.5471261222726,339.24186492380176,0.0010631459553271938,-0.010932898193106722,0.018117341410657906,-0.003139665001448688,-0.0042486756837049056,-0.003950845745985032,0.48712574808171494,0.25772349198056094,0.23874604087109758,0.27412821104718754,0.49375,0.50625,17.0,13.0,9.0,11.75,2505.803601936831,2152.0826634507907,0.981233058651012,0.026885313959095644,25.0,0.9892684119341432,0.029046480235536694,26.0,0.014555890877695302,1.0,41.643406469761786,0.0027683523175938843,1.0,719.0,0.4575751787763975,67.11000807455481,733.0,0.2211404728789986,0.40055632823365783,0.37830319888734354,0.0,0.0,0.0,0.0,0.0,0.0,0.0,0.0,0.0,0.0,0.0,1.0,3.343649241462861,1.0,3.4954411968869716,0,0,1,1
BTC-USD_1h_1733126400_1733698800_42.png,C:\Users\afierro\CV_chart_pattern_detector\data\images\rendered\train\BTC-USD_1h_1733126400_1733698800_42.png,train,BTC-USD,1h,2024-12-02T08:00:00+00:00,2024-12-08T23:00:00+00:00,160,0.00040854646300578836,0.006333401486342483,0.004298910733120661,902.1305048649538,298.2413790984823,0.010075925330601088,0.013866492965326271,0.013568906775641931,0.010758084433020842,0.013060604409677046,0.01342348647309799,0.4762731973408675,0.2564956632884272,0.24815638661662026,0.2755704160425122,0.51875,0.48125,16.0,14.0,9.466666666666667,11.153846153846153,2487.8902825558744,2383.210498672679,0.0,0.0,0.0,0.9892684119341432,0.029046480235536694,26.0,0.005852214491607625,1.0,18.76008813877197,0.02404141282591042,1.0,1073.0,15.675671096672438,62.27418279657521,718.0,0.18452935694315004,0.5424044734389561,0.27306616961789376,0.0,0.0,0.0,0.0,0.0,0.0,0.0,0.0,0.0,0.0,0.0,0.0,0.0,1.0,3.1237967494111434,0,0,0,1
BTC-USD_1h_1733270400_1733842800_42.png,C:\Users\afierro\CV_chart_pattern_detector\data\images\rendered\train\BTC-USD_1h_1733270400_1733842800_42.png,train,BTC-USD,1h,2024-12-04T00:00:00+00:00,2024-12-10T15:00:00+00:00,160,1.678937445256707e-05,0.006712718107903746,0.004485921413128207,870.4121339465335,313.8611029197206,-0.021118264244516127,-0.018527855241800784,-0.006163195968582946,-0.017195333429073978,-0.015911197155673684,-0.02768834258589481,0.4613135729881822,0.26334439683625915,0.24889022019601176,0.2897962068158059,0.55,0.45,16.0,13.0,9.066666666666666,10.833333333333334,1884.827030673174,1818.036156500851,0.9677876975672844,0.035014361694128554,25.0,0.0,0.0,0.0,0.017765270440624124,1.0,-41.0972210501638,-0.013692113965930187,1.0,1010.0,-5.4277276522452285,65.36516865190148,729.0,0.20396039603960395,0.36435643564356435,0.4316831683168317,0.0,0.0,0.0,0.0,0.0,0.0,0.0,0.0,0.0,0.0,0.0,1.0,4.103364643619179,0.0,0.0,0,0,1,0
BTC-USD_1h_1733414400_1733986800_42.png,C:\Users\afierro\CV_chart_pattern_detector\data\images\rendered\train\BTC-USD_1h_1733414400_1733986800_42.png,train,BTC-USD,1h,2024-12-05T16:00:00+00:00,2024-12-12T07:00:00+00:00,160,-1.487534588542143e-05,0.006098754668090756,0.0042326955055945695,939.0013233086632,322.8087493316362,-0.005205399369488162,-0.007012664986591255,0.023046439187263346,-0.0037995880487856626,-0.0001714730965615141,0.0209989473794423,0.4522716732263108,0.25605981903397307,0.25886747339928295,0.28886085337440626,0.54375,0.45625,15.0,15.0,10.357142857142858,10.5,1486.944426771446,1699.7848500986506,0.9691315042004599,0.035652461414380304,39.0,0.0,0.0,0.0,0.017765270440624124,1.0,25.96637306610393,-0.0019530413085044474,1.0,554.0,-7.772568124618771,66.41893908124791,719.0,0.30144404332129965,0.2996389891696751,0.3989169675090253,0.0,0.0,0.0,0.0,0.0,0.0,0.0,0.0,0.0,0.0,0.0,1.0,3.9314720530835774,0.0,0.0,0,0,1,0
BTC-USD_1h_1733558400_1734130800_42.png,C:\Users\afierro\CV_chart_pattern_detector\data\images\rendered\train\BTC-USD_1h_1733558400_1734130800_42.png,train,BTC-USD,1h,2024-12-07T08:00:00+00:00,2024-12-13T23:00:00+00:00,160,0.00014200911977206533,0.005670972484480057,0.0040449130669815495,737.4492830594552,241.82872359612657,-0.00037541022609965946,0.0040203678310386515,0.014237834505961278,0.0020073885809930303,0.007343081318166744,0.0076366377455410195,0.482956860945551,0.2583422515819454,0.2556945768691012,0.2613485621853478,0.5375,0.4625,16.0,17.0,9.4,9.125,1440.9918767845236,1771.855124952983,0.9691315042004599,0.035652461414380304,39.0,0.0,0.0,0.0,0.010556406771522983,1.0,57.22083251289301,0.0097348369161361,1.0,2549.0,6.6834001070193185,61.6170034869066,747.0,0.10082385249117301,0.5068654374264417,0.39231071008238527,0.0,0.0,0.0,0.0,0.0,0.0,0.0,0.0,0.0,0.0,0.0,1.0,4.967221205110714,0.0,0.0,0,0,1,0
BTC-USD_1h_1733702400_1734274800_42.png,C:\Users\afierro\CV_chart_pattern_detector\data\images\rendered\train\BTC-USD_1h_1733702400_1734274800_42.png,train,BTC-USD,1h,2024-12-09T00:00:00+00:00,2024-12-15T15:00:00+00:00,160,0.00020490934551865926,0.0055463063527071395,0.003918348426032701,872.4621756645026,320.3481315317249,0.00031722551081392325,0.00927881147565146,0.019293469630805804,0.0028196096871873078,0.006807285684769626,0.010077099528406963,0.48114196605135506,0.26863916523885434,0.2504571371623384,0.26840089678630663,0.53125,0.46875,15.0,18.0,10.071428571428571,8.235294117647058,1667.2712442679103,2140.388701066777,0.9852537284366031,0.027756885509223617,31.0,0.0,0.0,0.0,0.009386257852628069,1.0,26.38819151429874,0.007739914725984738,1.0,311.0,13.556265325216618,63.38380983190122,718.0,0.3440514469453376,0.43729903536977494,0.21864951768488747,0.0,0.0,0.0,0.0,0.0,0.0,0.0,0.0,0.0,0.0,0.0,1.0,3.2623537856555522,0.0,0.0,0,0,1,0
BTC-USD_1h_1733846400_1734418800_42.png,C:\Users\afierro\CV_chart_pattern_detector\data\images\rendered\train\BTC-USD_1h_1733846400_1734418800_42.png,train,BTC-USD,1h,2024-12-10T16:00:00+00:00,2024-12-17T07:00:00+00:00,160,0.0006620575018067505,0.004883151798656311,0.0035604272438857563,792.7711423285833,327.36570952130177,-0.0005683727424752316,0.009353595803431869,0.03038636829776009,0.003892015156975903,0.006305028401335955,0.020885770152633043,0.4755688580780659,0.2609590207351165,0.2733095790079819,0.25112156291395216,0.54375,0.45625,15.0,19.0,10.714285714285714,7.722222222222222,2608.4821662023232,2299.580973147388,0.0,0.0,0.0,0.9732905970857165,0.03491951477870643,40.0,0.004921719140769527,1.0,78.12759130332867,-0.011251144963793194,1.0,793.0,23.43757438013262,61.52485649304776,717.0,0.1450189155107188,0.6216897856242118,0.23329129886506936,0.0,0.0,0.0,0.0,0.0,0.0,0.0,0.0,0.0,0.0,0.0,0.0,0.0,1.0,4.637021922063405,0,0,0,1
BTC-USD_1h_1733990400_1734562800_42.png,C:\Users\afierro\CV_chart_pattern_detector\data\images\rendered\train\BTC-USD_1h_1733990400_1734562800_42.png,train,BTC-USD,1h,2024-12-12T08:00:00+00:00,2024-12-18T23:00:00+00:00,160,-3.573927819088826e-05,0.0050484746111146206,0.003608428331622609,679.2728535211241,144.63569784658182,-0.025421760546955885,-0.03668450843987303,-0.03527553863793098,-0.025390062776763034,-0.032099544520120205,-0.04870775309787323,0.47709025691872,0.2642337662211624,0.25133488058795894,0.2715748624933211,0.525,0.475,15.0,19.0,10.5,8.166666666666666,2576.445618654939,2302.0197064346107,0.9685683321601601,0.029100320042401026,28.0,0.9732905970857165,0.03491951477870643,40.0,0.01281658648883883,1.0,-8.803038326300813,-0.008571510726918717,1.0,426.0,15.57511336604754,60.17654252453546,768.0,0.27699530516431925,0.5187793427230047,0.20422535211267606,0.0,0.0,0.0,0.0,0.0,0.0,0.0,0.0,0.0,0.0,0.0,1.0,4.671881572263173,1.0,5.387508576529217,0,0,1,1
BTC-USD_1h_1734134400_1734706800_42.png,C:\Users\afierro\CV_chart_pattern_detector\data\images\rendered\train\BTC-USD_1h_1734134400_1734706800_42.png,train,BTC-USD,1h,2024-12-14T00:00:00+00:00,2024-12-20T15:00:00+00:00,160,-0.00025275359943753285,0.006410559583691029,0.004555092171972371,786.7696634534348,299.25787143402107,0.04602520297338408,-0.0029784736789788546,0.00603757677922756,0.016419037911681533,0.00703875000451637,-0.024456413894205165,0.482165545033452,0.2667955448439091,0.23750656801321393,0.280327886953334,0.525,0.475,14.0,17.0,10.384615384615385,9.4375,3497.424383970632,3688.641059189469,0.9474041372158809,0.05500828285219187,48.0,0.9732905970857165,0.03491951477870643,40.0,0.015096616634443632,1.0,-165.43273476324384,-0.022835379910454173,1.0,647.0,-3.690885837792982,68.6503383466944,751.0,0.2241112828438949,0.36476043276661513,0.41112828438948995,0.0,0.0,0.0,0.0,0.0,0.0,0.0,0.0,0.0,0.0,0.0,1.0,7.556102306277977,1.0,4.6712835973403894,0,0,1,1
BTC-USD_1h_1734278400_1734850800_42.png,C:\Users\afierro\CV_chart_pattern_detector\data\images\rendered\train\BTC-USD_1h_1734278400_1734850800_42.png,train,BTC-USD,1h,2024-12-15T16:00:00+00:00,2024-12-22T07:00:00+00:00,160,-0.00041481224528865476,0.0065823131429901625,0.004796167366064709,957.4794468633879,215.35195588157922,-0.008084283654814062,-0.009647395824862515,-0.009489664527618569,-0.0057323042855425,-0.008470031645711362,-0.007876228338148716,0.47240700360215565,0.26114345772381703,0.23398056197484102,0.29361243442300333,0.525,0.475,16.0,17.0,9.066666666666666,9.4375,4133.867971108021,4361.000547144402,0.9474041372158809,0.05500828285219187,48.0,0.0,0.0,0.0,0.015096616634443632,1.0,-49.93160935302409,0.019923353595567326,1.0,760.0,-28.278952881066424,59.64282868248587,715.0,0.1736842105263158,0.18552631578947368,0.6407894736842106,0.0,0.0,0.0,0.0,0.0,0.0,0.0,0.0,0.0,0.0,0.0,1.0,6.240038577165571,0.0,0.0,0,0,1,0
BTC-USD_1h_1734422400_1734994800_42.png,C:\Users\afierro\CV_chart_pattern_detector\data\images\rendered\train\BTC-USD_1h_1734422400_1734994800_42.png,train,BTC-USD,1h,2024-12-17T08:00:00+00:00,2024-12-23T23:00:00+00:00,160,-0.0007553077591743858,0.006947631111722128,0.005222971541150031,971.0349175975832,210.98359432800248,0.019739740398145855,0.005210315916985397,-0.009919021855218979,0.011516719809561593,0.0015183460556544848,-0.007085995562818859,0.4855225298436002,0.2665247311704946,0.22825587628453964,0.2862215938718601,0.50625,0.49375,15.0,18.0,10.0,8.882352941176471,3684.3372648808013,4275.2732499832355,0.9474041372158809,0.05500828285219187,48.0,0.0,0.0,0.0,0.009186156151870076,1.0,-50.36162623066142,-0.012287806734302707,1.0,958.0,-32.44259449758709,56.34719789408326,711.0,0.14822546972860126,0.16597077244258873,0.68580375782881,0.0,0.0,0.0,0.0,0.0,0.0,0.0,0.0,0.0,0.0,0.0,1.0,6.155365397013038,0.0,0.0,0,0,1,0
BTC-USD_1h_1734566400_1735138800_42.png,C:\Users\afierro\CV_chart_pattern_detector\data\images\rendered\train\BTC-USD_1h_1734566400_1735138800_42.png,train,BTC-USD,1h,2024-12-19T00:00:00+00:00,2024-12-25T15:00:00+00:00,160,-0.00012302769746682282,0.006746859594731104,0.0050098382383570155,935.4002989934861,214.76504356832305,0.006254569997163673,0.006493375143204583,0.012559044116112972,0.002787550457211907,0.0029136418495301353,0.02338777050327212,0.4882943532844887,0.2627969060753583,0.24077245613721238,0.2709331905782989,0.53125,0.46875,17.0,20.0,8.625,7.105263157894737,1738.995469249787,1659.9070581749445,0.9693829335474233,0.037218826462915355,52.0,0.0,0.0,0.0,0.009186156151870076,1.0,38.77873675574306,0.0070573839589545455,1.0,802.0,-26.148385004361074,56.45042186213262,717.0,0.21571072319201995,0.16458852867830423,0.6197007481296758,0.0,0.0,0.0,0.0,0.0,0.0,0.0,0.0,0.0,0.0,0.0,1.0,4.090014400270393,0.0,0.0,0,0,1,0
BTC-USD_1h_1734710400_1735282800_42.png,C:\Users\afierro\CV_chart_pattern_detector\data\images\rendered\train\BTC-USD_1h_1734710400_1735282800_42.png,train,BTC-USD,1h,2024-12-20T16:00:00+00:00,2024-12-27T07:00:00+00:00,160,-9.117604568510065e-05,0.005521270661509358,0.004020592490025293,821.4760702925566,152.59715549926855,-0.013618641529409947,-0.007484300043246961,-0.0060194996462715755,-0.009381685850698651,-0.008563032621157651,-0.02206075074512104,0.4573609079319553,0.26411109666639343,0.2608581265743036,0.28178096549374115,0.54375,0.45625,15.0,22.0,9.785714285714286,6.857142857142857,1457.1581036271343,1632.1847345916722,0.9693829335474233,0.037218826462915355,52.0,0.0,0.0,0.0,0.006107298722058356,1.0,6.587546413502933,0.005421412735348504,1.0,2467.0,0.12200509412210385,61.75736959183025,780.0,0.13254965545196595,0.42805026347790837,0.4394000810701257,0.0,0.0,0.0,0.0,0.0,0.0,0.0,0.0,0.0,0.0,0.0,1.0,4.6310036220205655,0.0,0.0,0,0,1,0
BTC-USD_1h_1734854400_1735426800_42.png,C:\Users\afierro\CV_chart_pattern_detector\data\images\rendered\train\BTC-USD_1h_1734854400_1735426800_42.png,train,BTC-USD,1h,2024-12-22T08:00:00+00:00,2024-12-28T23:00:00+00:00,160,-6.660088738193854e-05,0.005353184619143163,0.003768157013039937,723.0200400718512,138.88975875682058,0.0028648470720555874,0.007570097222584948,0.008209555245228817,0.003501271745691037,0.005597442376338302,0.0013923872532519699,0.4500062106759275,0.24783454493922502,0.28250866260204016,0.26748512672203234,0.54375,0.45625,16.0,22.0,9.6,6.904761904761905,1631.7597779179578,1666.3785576362266,0.9755036092664064,0.03356709906035331,33.0,0.0,0.0,0.0,0.009640612583694379,1.0,-53.93147421472136,0.012523833653209079,1.0,886.0,-3.114000258138971,64.53659751368137,709.0,0.2516930022573363,0.36343115124153497,0.38487584650112866,0.0,0.0,0.0,0.0,0.0,0.0,0.0,0.0,0.0,0.0,0.0,1.0,4.70478301607045,0.0,0.0,0,0,1,0
BTC-USD_1h_1734998400_1735570800_42.png,C:\Users\afierro\CV_chart_pattern_detector\data\images\rendered\train\BTC-USD_1h_1734998400_1735570800_42.png,train,BTC-USD,1h,2024-12-24T00:00:00+00:00,2024-12-30T15:00:00+00:00,160,-0.00015303853701994057,0.004474853830566227,0.003044308937924489,618.9673589494412,144.53704410337073,-0.01908933197931828,-0.018861082739118795,-0.018414305356304728,-0.013107251248909657,-0.014463714881504552,-0.022998710634835384,0.43121853699961565,0.23850659414326275,0.28251920201096736,0.286262260989417,0.50625,0.49375,16.0,20.0,10.0,7.473684210526316,1959.8799868501812,1733.0851693274476,0.9755036092664064,0.03356709906035331,33.0,0.0,0.0,0.0,0.004054857109560224,1.0,-26.618557313643095,0.004284228549246804,1.0,1442.0,-20.651878009226053,61.94042928361009,717.0,0.13106796116504854,0.27045769764216365,0.5984743411927878,0.0,0.0,0.0,0.0,0.0,0.0,0.0,0.0,0.0,0.0,0.0,1.0,5.475516655395666,0.0,0.0,0,0,1,0
BTC-USD_1h_1735142400_1735714800_42.png,C:\Users\afierro\CV_chart_pattern_detector\data\images\rendered\train\BTC-USD_1h_1735142400_1735714800_42.png,train,BTC-USD,1h,2024-12-25T16:00:00+00:00,2025-01-01T07:00:00+00:00,160,-0.0002987593191457643,0.004831167476883008,0.0031413706624201145,617.0713785689431,149.09853582497516,-0.0016404860971093171,0.0020885915367012675,-0.009051738499690876,-0.0010207738918009968,-0.005219005605942351,0.0007077048093848681,0.42437332993800325,0.24913789054498645,0.2828045112281209,0.29282215883387586,0.50625,0.49375,14.0,18.0,11.153846153846153,8.882352941176471,1450.83844393316,1518.7618683107873,0.9755036092664064,0.03356709906035331,33.0,0.0,0.0,0.0,0.008646798060558082,1.0,-12.857587318330285,-0.010540083993663853,1.0,1435.0,-20.862723445518508,61.701191334764,726.0,0.13588850174216027,0.25993031358885016,0.6041811846689895,0.0,0.0,0.0,0.0,0.0,0.0,0.0,0.0,0.0,0.0,0.0,1.0,5.4919717282749305,0.0,0.0,0,0,1,0
BTC-USD_1h_1735286400_1735858800_42.png,C:\Users\afierro\CV_chart_pattern_detector\data\images\rendered\train\BTC-USD_1h_1735286400_1735858800_42.png,train,BTC-USD,1h,2024-12-27T08:00:00+00:00,2025-01-02T23:00:00+00:00,160,9.235822775846436e-05,0.004482402756768038,0.0029717452851139047,649.8547939696819,211.99493743548223,-0.0034212672838478397,-0.002793643899754228,0.013339731957817014,-0.0009305782410213848,0.0034081498665556875,0.019266752928373654,0.4282603526030897,0.23722502575245955,0.2751832397932676,0.29655640760364266,0.50625,0.49375,15.0,16.0,10.785714285714286,9.533333333333333,1131.7650363832415,1152.2535881749743,0.9846665896887562,0.01968610064184624,38.0,0.9571621994954165,0.030266549118261724,65.0,0.008646798060558082,1.0,51.170464135021135,0.013972682472486885,1.0,709.0,-11.638933042545077,63.270253976416264,720.0,0.24400564174894218,0.2947813822284908,0.461212976022567,0.0,0.0,0.0,0.0,0.0,0.0,0.0,0.0,0.0,0.0,0.0,1.0,3.0161939792912267,1.0,4.610302286006957,0,0,1,1
BTC-USD_1h_1735430400_1736002800_42.png,C:\Users\afierro\CV_chart_pattern_detector\data\images\rendered\train\BTC-USD_1h_1735430400_1736002800_42.png,train,BTC-USD,1h,2024-12-29T00:00:00+00:00,2025-01-04T15:00:00+00:00,160,0.00017307103265882097,0.004317514850142048,0.002869352608769229,554.5908565628267,153.34678597207466,-0.0023644033331906567,-0.004785608606921121,-0.006648051011722722,-0.002705517052236761,-0.003950430607757793,0.0021188889180954185,0.43667908673306066,0.24524715067132166,0.27524215510356476,0.2880787581633745,0.5,0.5,14.0,16.0,11.076923076923077,9.866666666666667,1734.8873134069572,2080.7545551910807,0.9890473648435781,0.017522243600796125,28.0,0.9660083197870596,0.029903854747187406,47.0,0.008292849664289488,1.0,57.645562470699,0.005150458999588651,1.0,1172.0,13.274739516727347,63.73190464918934,709.0,0.1356655290102389,0.5571672354948806,0.30716723549488056,0.0,0.0,0.0,0.0,0.0,0.0,0.0,0.0,0.0,0.0,0.0,1.0,3.0969000161899185,1.0,5.266079641525422,0,0,1,1
BTC-USD_1h_1735574400_1736146800_42.png,C:\Users\afierro\CV_chart_pattern_detector\data\images\rendered\train\BTC-USD_1h_1735574400_1736146800_42.png,train,BTC-USD,1h,2024-12-30T16:00:00+00:00,2025-01-06T07:00:00+00:00,160,0.00048165682589458136,0.004088418968717122,0.0027151716891981904,531.1396688061661,139.93860834341203,0.002838619727846714,0.0063173278622132845,0.01584013339059709,0.0034366640107375,0.008482415807179677,0.011098714843320812,0.44665426643989575,0.24905932167131933,0.28686828161573064,0.26647745194437367,0.55,0.45,12.0,17.0,10.181818181818182,9.1875,1482.3105958348622,2155.148673657451,0.0,0.0,0.0,0.9660083197870596,0.029903854747187406,47.0,0.0034058640496713523,1.0,22.740084857008675,0.0005061018287146515,1.0,1041.0,21.652253108741455,62.23061593782068,714.0,0.15465898174831894,0.6128722382324687,0.23246878001921228,0.0,0.0,0.0,0.0,0.0,0.0,0.0,0.0,0.0,0.0,0.0,0.0,0.0,1.0,5.491044576837601,0,0,0,1
BTC-USD_1h_1735718400_1736290800_42.png,C:\Users\afierro\CV_chart_pattern_detector\data\images\rendered\train\BTC-USD_1h_1735718400_1736290800_42.png,train,BTC-USD,1h,2025-01-01T08:00:00+00:00,2025-01-07T23:00:00+00:00,160,0.00023948732165931779,0.0035929696956271727,0.0024909252311294725,499.9549779850428,124.49986146573295,0.00521119421291294,-0.030256945185567208,-0.04635141268033627,-0.00385571190333045,-0.024330741203837825,-0.030011032136942783,0.44263910910226406,0.23534217958376705,0.29953831733264275,0.2578225735650931,0.50625,0.49375,14.0,15.0,10.538461538461538,10.0,2092.106161648264,1480.2140065040153,0.9677620942198112,0.027442031970765543,58.0,0.9820673843485614,0.02177240924698102,32.0,0.0040585139375804045,1.0,28.087171237693674,-0.018804763176042547,1.0,411.0,17.615567379769328,62.270489160863,750.0,0.27007299270072993,0.51338199513382,0.21654501216545013,0.0,0.0,0.0,0.0,0.0,0.0,0.0,0.0,0.0,0.0,0.0,1.0,5.721585294402,1.0,4.2642071249068,0,0,1,1
BTC-USD_1h_1735862400_1736434800_42.png,C:\Users\afierro\CV_chart_pattern_detector\data\images\rendered\train\BTC-USD_1h_1735862400_1736434800_42.png,train,BTC-USD,1h,2025-01-03T00:00:00+00:00,2025-01-09T15:00:00+00:00,160,-0.00016073165753097997,0.004293651676682841,0.0029148433789058497,536.2347621623355,202.01001471532146,0.008332403397498744,0.0015833992507363615,0.0028093211321558176,0.009784819683578139,0.0026336682056802285,-0.011153029737750009,0.4552554202186393,0.25132469756633613,0.29889035652291096,0.2458542232584498,0.48125,0.51875,15.0,17.0,9.928571428571429,9.0,2157.6671244372556,2070.4525939592368,0.9258777214501075,0.051218358591607505,49.0,0.9878291501359004,0.019760591756612066,54.0,0.007438434672282866,1.0,-123.14136954992948,0.00683096036446938,1.0,400.0,-1.2775046277046203,66.38697579773438,780.0,0.31,0.3325,0.3575,0.0,0.0,0.0,0.0,0.0,0.0,0.0,0.0,0.0,0.0,0.0,1.0,9.639243200219074,1.0,3.7593926207128527,0,0,1,1
BTC-USD_1h_1736006400_1736578800_42.png,C:\Users\afierro\CV_chart_pattern_detector\data\images\rendered\train\BTC-USD_1h_1736006400_1736578800_42.png,train,BTC-USD,1h,2025-01-04T16:00:00+00:00,2025-01-11T07:00:00+00:00,160,-0.00021323497426345813,0.005171810188377824,0.003421896912589087,662.136586430064,228.08032840221432,0.000418334316098834,-0.005501241456741024,-0.008177771716115556,-0.0016725305620232112,-0.002357728798972003,0.004153567567898975,0.4485340239156237,0.26003124305986397,0.2832410510343475,0.26822492505002876,0.49375,0.50625,13.0,16.0,11.75,9.8,2750.600122703727,2671.852447909211,0.9258777214501075,0.051218358591607505,49.0,0.9932986134122873,0.012404599162997553,33.0,0.016335920633471602,1.0,-20.099278481012377,0.004028192738797096,1.0,444.0,-18.270275160804527,60.21847617475709,719.0,0.27927927927927926,0.19594594594594594,0.5247747747747747,0.0,0.0,0.0,0.0,0.0,0.0,0.0,0.0,0.0,0.0,0.0,1.0,7.840271640695895,1.0,1.9630638406187773,0,0,1,1
BTC-USD_1h_1736150400_1736722800_42.png,C:\Users\afierro\CV_chart_pattern_detector\data\images\rendered\train\BTC-USD_1h_1736150400_1736722800_42.png,train,BTC-USD,1h,2025-01-06T08:00:00+00:00,2025-01-12T23:00:00+00:00,160,-0.0002788723805654669,0.005180467026402131,0.0034308817913868655,695.2815979751906,202.1441985421672,-0.0011114602326501855,-0.002804948792861639,-0.0004538631172943397,-0.0019105306812318146,0.00023132417514704073,0.0006609576020291108,0.456245474970861,0.2603519853449531,0.26760877673510497,0.27614574829403404,0.46875,0.53125,14.0,16.0,11.153846153846153,8.8,2865.0186007092893,2130.311415996497,0.9258777214501075,0.051218358591607505,49.0,0.0,0.0,0.0,0.016335920633471602,1.0,16.962832512893065,0.014566952784389532,1.0,446.0,-14.939466955282228,64.75132476916137,710.0,0.24887892376681614,0.24439461883408073,0.5067264573991032,0.0,0.0,0.0,0.0,0.0,0.0,0.0,0.0,0.0,0.0,0.0,1.0,7.475009484518294,0.0,0.0,0,0,1,0
BTC-USD_1h_1736294400_1736866800_42.png,C:\Users\afierro\CV_chart_pattern_detector\data\images\rendered\train\BTC-USD_1h_1736294400_1736866800_42.png,train,BTC-USD,1h,2025-01-08T00:00:00+00:00,2025-01-14T15:00:00+00:00,160,-3.721878864428259e-05,0.0053889871128803115,0.0036780295040555835,704.1393810413124,210.90471040402272,-0.0007912123332591836,0.015149748600312707,0.030949544181048116,0.0039945227191893196,0.011939708809495242,0.024160848038493832,0.4532656603897566,0.2683308250200936,0.2739617924919203,0.272772547118323,0.50625,0.49375,15.0,18.0,10.214285714285714,8.823529411764707,1035.1609950242319,1233.5971689563407,0.9868354271010792,0.03577075964490537,80.0,0.0,0.0,0.0,0.011100208454765378,1.0,3.716214721050043,-0.020974727751227495,1.0,2015.0,-6.30521625011198,63.08778225013145,772.0,0.12158808933002481,0.37965260545905705,0.4987593052109181,0.0,0.0,0.0,0.0,0.0,0.0,0.0,0.0,0.0,0.0,0.0,1.0,5.132855290478302,0.0,0.0,0,0,1,0
BTC-USD_1h_1736438400_1737010800_42.png,C:\Users\afierro\CV_chart_pattern_detector\data\images\rendered\train\BTC-USD_1h_1736438400_1737010800_42.png,train,BTC-USD,1h,2025-01-09T16:00:00+00:00,2025-01-16T07:00:00+00:00,160,0.0003730099302845136,0.005134074249581073,0.0034346880341029813,692.1502274773522,198.8787322751775,0.003236493525253792,0.0008677865555963837,0.02947156641541593,0.00012862376926170427,0.0038341943760555885,0.021325275945282662,0.45165130910937634,0.26244706477232244,0.2896805499654229,0.25866814092520063,0.525,0.475,17.0,16.0,8.3125,9.4,2117.508455734539,1819.046435782764,0.9932375829745221,0.021538810688927785,62.0,0.9217956687910158,0.04802272005858178,45.0,0.011100208454765378,1.0,101.3433475152375,0.012876297925119984,1.0,521.0,12.856041744093977,64.71974484819813,711.0,0.236084452975048,0.4894433781190019,0.2744721689059501,0.0,0.0,0.0,0.0,0.0,0.0,0.0,0.0,0.0,0.0,0.0,1.0,3.200921312988605,1.0,6.608443896616557,0,0,1,1
BTC-USD_1h_1736582400_1737154800_42.png,C:\Users\afierro\CV_chart_pattern_detector\data\images\rendered\train\BTC-USD_1h_1736582400_1737154800_42.png,train,BTC-USD,1h,2025-01-11T08:00:00+00:00,2025-01-17T23:00:00+00:00,160,0.0006490358505037476,0.005169732387071691,0.0036414256355755724,647.3329370334477,204.9145978058149,-0.01660557624973147,0.006756984860070592,0.025582942432048394,-0.00397928904314615,0.00832002845220936,0.028929072956076274,0.4726513115267813,0.26359786320454787,0.29653911679909584,0.2308095716741228,0.51875,0.48125,20.0,15.0,8.0,9.214285714285714,3161.0012747468168,2296.4868586174543,0.9906900295898853,0.01664215066955532,27.0,0.9217956687910158,0.04802272005858178,45.0,0.010431437977169082,1.0,98.60698042662936,-0.012282898965095898,1.0,847.0,13.879570782043858,65.69741891896581,708.0,0.1381345926800472,0.5584415584415584,0.30342384887839435,0.0,0.0,0.0,0.0,0.0,0.0,0.0,0.0,0.0,0.0,0.0,1.0,2.5532554118152646,1.0,7.0546421271350095,0,0,1,1
BTC-USD_1h_1736726400_1737298800_42.png,C:\Users\afierro\CV_chart_pattern_detector\data\images\rendered\train\BTC-USD_1h_1736726400_1737298800_42.png,train,BTC-USD,1h,2025-01-13T00:00:00+00:00,2025-01-19T15:00:00+00:00,160,0.0006196106720866187,0.005536141578327752,0.004114403055764155,853.2056511035928,180.19525898697066,0.005491589327007329,-0.005986077826968583,0.008659839120176649,-0.00027118611126986103,0.0017666895109365033,0.006178509544276567,0.473786126057671,0.26579599866910886,0.2951767957524422,0.23103707818988678,0.54375,0.45625,19.0,15.0,8.11111111111111,10.214285714285714,3831.242758708777,3918.1993052534845,0.0,0.0,0.0,0.9217956687910158,0.04802272005858178,45.0,0.010431437977169082,1.0,78.66899964838285,0.010454495661988703,1.0,1256.0,19.39091940281118,62.39563976362849,716.0,0.1035031847133758,0.6194267515923567,0.2770700636942675,0.0,0.0,0.0,0.0,0.0,0.0,0.0,0.0,0.0,0.0,0.0,0.0,0.0,1.0,5.391889357776911,0,0,0,1
BTC-USD_1h_1736870400_1737442800_42.png,C:\Users\afierro\CV_chart_pattern_detector\data\images\rendered\train\BTC-USD_1h_1736870400_1737442800_42.png,train,BTC-USD,1h,2025-01-14T16:00:00+00:00,2025-01-21T07:00:00+00:00,160,0.0004321465562842431,0.008349459650453991,0.005344979780641143,995.2187076758803,412.73073289674886,-0.009199501709848623,-0.015625723882325637,-0.04609662451239305,-0.001977021791842448,-0.01607611445214574,-0.02214347812513051,0.47972486436413464,0.26971030468269674,0.27224913201472456,0.2480260036211408,0.53125,0.46875,18.0,15.0,8.588235294117647,10.5,3199.462281415425,2818.7483551857254,0.9947504247185365,0.03129786400669089,49.0,0.9775008910017735,0.0795684773146657,81.0,0.026296297445609722,1.0,-2.868227379277887,-0.03157389823723806,1.0,756.0,16.547614703102717,66.82241080647249,726.0,0.15343915343915343,0.5687830687830688,0.2777777777777778,0.0,0.0,0.0,0.0,0.0,0.0,0.0,0.0,0.0,0.0,0.0,1.0,3.5162169398868657,1.0,8.165101885595789,0,0,1,1
BTC-USD_1h_1737014400_1737586800_42.png,C:\Users\afierro\CV_chart_pattern_detector\data\images\rendered\train\BTC-USD_1h_1737014400_1737586800_42.png,train,BTC-USD,1h,2025-01-16T08:00:00+00:00,2025-01-22T23:00:00+00:00,160,0.00032998197208817983,0.008378341248499474,0.005493016699797034,1134.415674505044,390.91240909429825,-0.008824811239606212,-0.006580859412343654,-0.01772852991440199,-0.003905457968998549,-0.00887816585807888,-0.005862383758960976,0.4698792982765442,0.2645352510393913,0.2731882967953642,0.2569324049280917,0.525,0.475,17.0,15.0,9.4375,10.428571428571429,2207.7254522057206,2067.745419547474,0.9947504247185365,0.03129786400669089,49.0,0.9775008910017735,0.0795684773146657,81.0,0.026296297445609722,1.0,6.44757442569157,0.054210390952825274,1.0,1101.0,14.64849678177275,65.9629369905875,709.0,0.13260672116257946,0.5594913714804723,0.3079019073569482,0.0,0.0,0.0,0.0,0.0,0.0,0.0,0.0,0.0,0.0,0.0,1.0,3.1066277790942047,1.0,7.199355724746966,0,0,1,1
BTC-USD_1h_1737158400_1737730800_42.png,C:\Users\afierro\CV_chart_pattern_detector\data\images\rendered\train\BTC-USD_1h_1737158400_1737730800_42.png,train,BTC-USD,1h,2025-01-18T00:00:00+00:00,2025-01-24T15:00:00+00:00,160,0.00010702265355748305,0.00839562158059142,0.005440907082653055,1154.9776019004755,409.86568641113763,0.004172638804174733,0.008276613397661503,0.02493598263746888,0.004569320382630027,0.01229719471509605,0.018678631954331282,0.4503049887644625,0.25760179814239553,0.2742671280816884,0.27542788315384914,0.5125,0.4875,16.0,16.0,9.133333333333333,9.266666666666667,1366.6744468712568,1364.2587061098372,0.9864382846877966,0.017183233952809858,29.0,0.9729714798599101,0.053131646299031145,40.0,0.006651188364761978,1.0,-7.8037066338490115,0.0024083881498449013,1.0,1547.0,5.120227657523399,64.50289145712085,734.0,0.1700064641241112,0.45248868778280543,0.3775048480930834,0.0,0.0,0.0,0.0,0.0,0.0,0.0,0.0,0.0,0.0,0.0,1.0,1.6780954321793093,1.0,4.787722058848308,0,0,1,1
BTC-USD_1h_1737302400_1737874800_42.png,C:\Users\afierro\CV_chart_pattern_detector\data\images\rendered\train\BTC-USD_1h_1737302400_1737874800_42.png,train,BTC-USD,1h,2025-01-19T16:00:00+00:00,2025-01-26T07:00:00+00:00,160,3.559828980191698e-05,0.00819793739199429,0.005025298825931069,1108.9446124521949,437.47902557071365,-0.000609827947995023,-0.0007536339354726751,0.002341506554414119,0.0008785182433661554,0.0010847161708613662,1.3261336631265053e-05,0.4354735312636686,0.24998728270712106,0.2880567041945337,0.27646976454179767,0.4875,0.5125,16.0,16.0,10.133333333333333,9.6,1372.9523077614524,1510.6155480625907,0.0,0.0,0.0,0.0,0.0,0.0,0.006135866712366202,1.0,29.19859868729457,0.020072207893342593,1.0,752.0,1.7154205985208775,64.62147518971354,709.0,0.2566489361702128,0.38563829787234044,0.35771276595744683,0.0,0.0,0.0,0.0,0.0,0.0,0.0,0.0,0.0,0.0,0.0,0.0,0.0,0.0,0.0,0,0,0,0
BTC-USD_1h_1737446400_1738018800_42.png,C:\Users\afierro\CV_chart_pattern_detector\data\images\rendered\train\BTC-USD_1h_1737446400_1738018800_42.png,train,BTC-USD,1h,2025-01-21T08:00:00+00:00,2025-01-27T23:00:00+00:00,160,-7.64603206045758e-06,0.005657470896090911,0.003850537703095375,830.891890771577,295.17167992707414,0.02389979460385261,0.0015888793749740948,0.01665958902117759,0.0134673548509614,0.01941270274446083,-0.005588346992142279,0.4361155663801283,0.2513816773722758,0.3029649421150203,0.2609194915048515,0.4875,0.5125,15.0,17.0,10.428571428571429,9.1875,1268.3226564081474,2160.7768448029697,0.9971804599463421,0.03184030309555462,89.0,0.0,0.0,0.0,0.011139902464344187,1.0,-73.63800457102631,-0.02533276352198558,1.0,493.0,-5.906698658185847,64.75542601316238,762.0,0.3286004056795132,0.2961460446247465,0.3752535496957404,0.0,0.0,0.0,0.0,0.0,0.0,0.0,0.0,0.0,0.0,0.0,1.0,4.3464641672584055,0.0,0.0,0,0,1,0
BTC-USD_1h_1737590400_1738162800_42.png,C:\Users\afierro\CV_chart_pattern_detector\data\images\rendered\train\BTC-USD_1h_1737590400_1738162800_42.png,train,BTC-USD,1h,2025-01-23T00:00:00+00:00,2025-01-29T15:00:00+00:00,160,-6.673803127976579e-05,0.005401628247667918,0.0035286917484581787,810.4440307966959,291.83491605522323,-0.006480720144964258,-0.00798489206981523,0.007073556295356553,-0.0039905412445699895,-5.9811614984139894e-05,0.00018170253616944798,0.4231572000096797,0.2639763812081723,0.320523707232346,0.2563190927579742,0.5,0.5,14.0,16.0,11.0,9.133333333333333,1411.431895045428,2252.8104843936053,0.9850111988872208,0.02865649749498326,74.0,0.0,0.0,0.0,0.011139902464344187,1.0,-17.825112751991785,0.009273982846452379,1.0,731.0,-14.841318731350384,64.0692772177424,717.0,0.24350205198358413,0.2667578659370725,0.4897400820793434,0.0,0.0,0.0,0.0,0.0,0.0,0.0,0.0,0.0,0.0,0.0,1.0,4.019096936049222,0.0,0.0,0,0,1,0
BTC-USD_1h_1737734400_1738306800_42.png,C:\Users\afierro\CV_chart_pattern_detector\data\images\rendered\train\BTC-USD_1h_1737734400_1738306800_42.png,train,BTC-USD,1h,2025-01-24T16:00:00+00:00,2025-01-31T07:00:00+00:00,160,-7.63718554827866e-05,0.0046882791083991005,0.003126591108754012,692.0292081351539,220.37317248744276,-0.0014940898635156241,-0.008620807775397754,-0.00791696819653398,-0.0031317538183049942,-0.007154310121205154,4.0823806681133945e-05,0.4174380402199859,0.2558668787716395,0.31680919889565484,0.26575276088435934,0.51875,0.48125,14.0,16.0,10.461538461538462,9.866666666666667,1306.400964305667,2334.5931594343656,0.9998056437225249,0.009143959390747183,39.0,0.0,0.0,0.0,0.006773520278908663,1.0,47.095938818565564,0.0023880839849724734,1.0,453.0,-1.7660087487818652,61.745243874298794,713.0,0.30242825607064017,0.3554083885209713,0.34216335540838855,0.0,0.0,0.0,0.0,0.0,0.0,0.0,0.0,0.0,0.0,0.0,1.0,1.532785483030708,0.0,0.0,0,0,1,0
BTC-USD_1h_1737878400_1738450800_42.png,C:\Users\afierro\CV_chart_pattern_detector\data\images\rendered\train\BTC-USD_1h_1737878400_1738450800_42.png,train,BTC-USD,1h,2025-01-26T08:00:00+00:00,2025-02-01T23:00:00+00:00,160,-0.0002565986533794759,0.004936551999081407,0.0033221029408428155,708.566964488534,207.02285204138624,-0.010169706578957882,-0.011704889630535176,-0.01642467817400506,-0.009067610377570534,-0.011659557645795737,-0.023162886532220872,0.4285055514045519,0.2667667774948066,0.3082124038419075,0.26328204475354067,0.4875,0.5125,18.0,17.0,8.411764705882353,8.875,1383.7446883125995,2106.7346593352204,0.9601500186126896,0.026248083702541263,50.0,0.0,0.0,0.0,0.006697827358364478,1.0,-44.237489217064855,0.003226611455305076,1.0,1761.0,8.677451375869781,63.69880941091008,709.0,0.13401476433844406,0.5161839863713799,0.34980124929017603,0.0,0.0,0.0,0.0,0.0,0.0,0.0,0.0,0.0,0.0,0.0,1.0,4.048375807712594,0.0,0.0,0,0,1,0
BTC-USD_1h_1738022400_1738594800_42.png,C:\Users\afierro\CV_chart_pattern_detector\data\images\rendered\train\BTC-USD_1h_1738022400_1738594800_42.png,train,BTC-USD,1h,2025-01-28T00:00:00+00:00,2025-02-03T15:00:00+00:00,160,-0.00017065395953283055,0.006034805160663392,0.003953625695993482,793.4129778513455,254.80714681903933,0.0392618320099416,0.052506712735797656,0.01067506492975312,0.034418923421718706,0.03466992679497238,0.0060856609274353435,0.44137731670747876,0.26891356593814925,0.29050826626477166,0.2681144170277495,0.4875,0.5125,21.0,15.0,7.45,9.071428571428571,2584.124244496228,3089.334900731583,0.9601500186126896,0.026248083702541263,50.0,0.9959132008140924,0.011751134646525378,29.0,0.009290051284545338,1.0,-130.18061157993387,-0.021958169503642162,1.0,766.0,-20.342041716096297,64.49185222215121,780.0,0.19973890339425587,0.24281984334203655,0.5574412532637075,0.0,0.0,0.0,0.0,0.0,0.0,0.0,0.0,0.0,0.0,0.0,1.0,3.634893788697543,1.0,1.6103517847630187,0,0,1,1
BTC-USD_1h_1738166400_1738738800_42.png,C:\Users\afierro\CV_chart_pattern_detector\data\images\rendered\train\BTC-USD_1h_1738166400_1738738800_42.png,train,BTC-USD,1h,2025-01-29T16:00:00+00:00,2025-02-05T07:00:00+00:00,160,-0.0002436135053254359,0.006678388810432045,0.004530049275051111,864.8020223504733,319.01423815062947,-0.0017907996736026277,0.001773240578475832,-0.015072254957728348,-0.0006828052049306921,-0.005780051441899081,-0.006369708323111789,0.4591307516676701,0.26233972243556364,0.27696374439982535,0.2639055039325046,0.48125,0.51875,21.0,16.0,7.4,9.533333333333333,2865.5949331982415,3678.677914346191,0.9601500186126896,0.026248083702541263,50.0,0.9492649524366371,0.033649159233065634,34.0,0.014240734338962837,1.0,2.4446619784339974,0.008896230978655542,1.0,704.0,-25.90909610790285,63.11439207756411,726.0,0.1846590909090909,0.20880681818181818,0.6065340909090909,0.0,0.0,0.0,0.0,0.0,0.0,0.0,0.0,0.0,0.0,0.0,1.0,3.3498438445630914,1.0,3.8815773906092716,0,0,1,1
BTC-USD_1h_1738310400_1738882800_42.png,C:\Users\afierro\CV_chart_pattern_detector\data\images\rendered\train\BTC-USD_1h_1738310400_1738882800_42.png,train,BTC-USD,1h,2025-01-31T08:00:00+00:00,2025-02-06T23:00:00+00:00,160,-0.0004458775037651842,0.0067706544712974725,0.004709703992877931,874.4593874637258,332.0880866186677,0.005952616609191219,-0.013099781900278273,-0.010886012591452943,-0.002557923361098724,-0.010528770303255164,-0.0108286790249561,0.4747310978394933,0.26908082816153067,0.2708965407864268,0.2543723613740799,0.45,0.55,18.0,15.0,8.411764705882353,10.642857142857142,2435.905048218384,3132.9698097126097,0.9643415085373487,0.024165859736251682,26.0,0.9492649524366371,0.033649159233065634,34.0,0.014240734338962837,1.0,-44.781019573370294,0.011720620298082114,1.0,974.0,-21.1601696735902,62.305344743742076,713.0,0.1570841889117043,0.25667351129363447,0.5862422997946611,0.0,0.0,0.0,0.0,0.0,0.0,0.0,0.0,0.0,0.0,0.0,1.0,2.9728895332799348,1.0,3.840075396243577,0,0,1,1
BTC-USD_1h_1738454400_1739026800_42.png,C:\Users\afierro\CV_chart_pattern_detector\data\images\rendered\train\BTC-USD_1h_1738454400_1739026800_42.png,train,BTC-USD,1h,2025-02-02T00:00:00+00:00,2025-02-08T15:00:00+00:00,160,-0.000321251565521293,0.006840343056127075,0.004815249149874499,960.7440298050042,264.2339558346361,-0.002874115688722423,-0.0015710266884942925,0.0008294321757240652,-0.002327139363193398,-0.0037752886228622495,-0.010572718431164141,0.46775776422031556,0.2632998660835801,0.27166653745229397,0.2605756983273906,0.475,0.525,14.0,14.0,10.76923076923077,11.461538461538462,1486.0843543024573,1527.5204075172396,0.0,0.0,0.0,0.9956827663504847,0.027556611801822402,56.0,0.011718465223754302,1.0,-20.165598335677466,0.0035399132202253007,1.0,544.0,-13.830887487048612,65.90727784369442,709.0,0.28125,0.2702205882352941,0.4485294117647059,0.0,0.0,0.0,0.0,0.0,0.0,0.0,0.0,0.0,0.0,0.0,0.0,0.0,1.0,2.9674318363377985,0,0,0,1
BTC-USD_1h_1738598400_1739170800_42.png,C:\Users\afierro\CV_chart_pattern_detector\data\images\rendered\train\BTC-USD_1h_1738598400_1739170800_42.png,train,BTC-USD,1h,2025-02-03T16:00:00+00:00,2025-02-10T07:00:00+00:00,160,-5.817196940744839e-05,0.005151251168195982,0.0037198196122181686,760.807355367464,207.55389989114363,0.006350773403041687,0.01667705989378865,0.009266769468482261,0.008877422318348094,0.011133750874287696,0.010149554193257027,0.4580605924582965,0.2580738645925341,0.2773631879581684,0.2645762195835351,0.5,0.5,14.0,15.0,10.23076923076923,9.785714285714286,1513.3212849585752,750.4817103327699,0.0,0.0,0.0,0.9956827663504847,0.027556611801822402,56.0,0.011718465223754302,1.0,-12.620947843412768,0.004751260609167979,1.0,1141.0,-21.029803675898954,63.8199641005018,751.0,0.13409290096406662,0.26643295354951796,0.5994741454864154,0.0,0.0,0.0,0.0,0.0,0.0,0.0,0.0,0.0,0.0,0.0,0.0,0.0,1.0,3.693744577321435,0,0,0,1
BTC-USD_1h_1738742400_1739314800_42.png,C:\Users\afierro\CV_chart_pattern_detector\data\images\rendered\train\BTC-USD_1h_1738742400_1739314800_42.png,train,BTC-USD,1h,2025-02-05T08:00:00+00:00,2025-02-11T23:00:00+00:00,160,-0.00011121078163994664,0.004354802650935247,0.0031987614446755265,611.8295218870817,136.5487260774987,0.007758561005681397,-0.012209212203993736,-0.023318529876072858,-0.0023765715702643853,-0.01266526454527428,-0.014032658392685304,0.45691544849362364,0.26155878473787125,0.25598323752013824,0.28710131398623817,0.49375,0.50625,12.0,16.0,12.454545454545455,9.666666666666666,1005.2223159538723,723.5003466049617,0.0,0.0,0.0,0.9957347668391094,0.027529952625816624,31.0,0.009928636175779607,1.0,7.858872245663748,-0.008772006932743964,1.0,967.0,-18.107554278674517,60.74619511092516,777.0,0.24301964839710444,0.2378490175801448,0.5191313340227508,0.0,0.0,0.0,0.0,0.0,0.0,0.0,0.0,0.0,0.0,0.0,0.0,0.0,1.0,4.448575585208015,0,0,0,1
BTC-USD_1h_1738886400_1739458800_42.png,C:\Users\afierro\CV_chart_pattern_detector\data\images\rendered\train\BTC-USD_1h_1738886400_1739458800_42.png,train,BTC-USD,1h,2025-02-07T00:00:00+00:00,2025-02-13T15:00:00+00:00,160,-2.395882857484433e-05,0.004321554387301712,0.003099705187862233,592.5943639675831,125.3200200885351,0.0007598636060985875,-0.0006113054870080514,-0.0105873481992933,-0.00019138401974272412,-0.0077126520740467,-0.0035198901988906517,0.4519052910635142,0.25625112745250506,0.25382480944269503,0.2942698994937908,0.51875,0.48125,15.0,15.0,9.928571428571429,10.714285714285714,977.564008302724,817.9185796680625,0.9811934555319086,0.0201128310556884,33.0,0.9904657796684491,0.02241677679801134,49.0,0.009928636175779607,1.0,-19.55956094702247,-0.0036977839220032364,1.0,1365.0,-9.076195663715893,63.954243182676436,731.0,0.1838827838827839,0.34285714285714286,0.47326007326007324,0.0,0.0,0.0,0.0,0.0,0.0,0.0,0.0,0.0,0.0,0.0,1.0,3.42676449043515,1.0,3.7781654321277345,0,0,1,1
BTC-USD_1h_1739030400_1739602800_42.png,C:\Users\afierro\CV_chart_pattern_detector\data\images\rendered\train\BTC-USD_1h_1739030400_1739602800_42.png,train,BTC-USD,1h,2025-02-08T16:00:00+00:00,2025-02-15T07:00:00+00:00,160,8.70610403720943e-05,0.004028870299252588,0.0029501982046970894,567.7115953118982,128.89123545820937,-0.003143061685952131,0.0021791413336895715,0.007177045868822063,-0.001961797115613173,-0.001577619250725304,0.005515223773424172,0.45966277144321877,0.24747784450539095,0.2471112632926209,0.29322596526416034,0.51875,0.48125,16.0,15.0,10.066666666666666,10.214285714285714,751.3780522136885,876.977447355783,0.9811934555319086,0.0201128310556884,33.0,0.0,0.0,0.0,0.006129438655422475,1.0,19.217823956868763,0.005996120761149031,1.0,541.0,5.534191244521114,60.90917212619089,736.0,0.34935304990757854,0.36968576709796674,0.2809611829944547,0.0,0.0,0.0,0.0,0.0,0.0,0.0,0.0,0.0,0.0,0.0,1.0,3.571699800007481,0.0,0.0,0,0,1,0
BTC-USD_1h_1739174400_1739746800_42.png,C:\Users\afierro\CV_chart_pattern_detector\data\images\rendered\train\BTC-USD_1h_1739174400_1739746800_42.png,train,BTC-USD,1h,2025-02-10T08:00:00+00:00,2025-02-16T23:00:00+00:00,160,-9.525483287286805e-05,0.003570623724982084,0.0025734323176775965,525.5219786087398,151.50506674860063,-0.009688489835044889,-0.008780691841709598,-0.014484551086984765,-0.007972477984391824,-0.010005357374482493,-0.012931742570455262,0.45679604196352297,0.24030626040229996,0.24337805472443713,0.2998259033120399,0.49375,0.50625,17.0,17.0,8.5,9.1875,720.5340660772773,896.2736172323208,0.9811934555319086,0.0201128310556884,33.0,0.0,0.0,0.0,0.006129438655422475,1.0,9.137328996718542,0.007602639204571246,1.0,1120.0,16.792852594969528,59.930868200251616,710.0,0.18839285714285714,0.5508928571428572,0.26071428571428573,0.0,0.0,0.0,0.0,0.0,0.0,0.0,0.0,0.0,0.0,0.0,1.0,3.8488069381755405,0.0,0.0,0,0,1,0
BTC-USD_1h_1739318400_1739890800_42.png,C:\Users\afierro\CV_chart_pattern_detector\data\images\rendered\train\BTC-USD_1h_1739318400_1739890800_42.png,train,BTC-USD,1h,2025-02-12T00:00:00+00:00,2025-02-18T15:00:00+00:00,160,-2.798677925895098e-05,0.003383334193824128,0.0024928199122956664,488.357798359251,148.59904879977665,-0.0009813850515378864,0.0017165577633271312,-0.004427154100973496,-0.001337734131301671,-0.0029740641930336986,-0.006176990973341567,0.4624971061040387,0.23636335831908756,0.25733042475754264,0.2801724691384187,0.4875,0.5125,17.0,19.0,8.5625,8.277777777777779,670.5863234338058,814.1524726260433,0.9906063870865514,0.015163805176271198,49.0,0.0,0.0,0.0,0.007958342160345504,1.0,-31.083651078293727,-0.01017179829670724,1.0,450.0,-1.9800048400296106,62.72420841613174,782.0,0.36444444444444446,0.31555555555555553,0.32,0.0,0.0,0.0,0.0,0.0,0.0,0.0,0.0,0.0,0.0,0.0,1.0,3.205757102056643,0.0,0.0,0,0,1,0
BTC-USD_1h_1739462400_1740034800_42.png,C:\Users\afierro\CV_chart_pattern_detector\data\images\rendered\train\BTC-USD_1h_1739462400_1740034800_42.png,train,BTC-USD,1h,2025-02-13T16:00:00+00:00,2025-02-20T07:00:00+00:00,160,0.00010390949610761047,0.0032174812172201255,0.002388611800136064,483.1107407329717,139.31964353736467,-0.0019301377308286183,0.003398285785610744,0.007294436603871413,-0.00023407843485345747,0.0037486418093983787,0.010650428894738662,0.4754497539902355,0.2508030732966837,0.2709139960627954,0.2536362499469692,0.50625,0.49375,18.0,19.0,8.529411764705882,7.555555555555555,704.0806510947352,922.1125481429358,0.9904531029369827,0.020357192175623966,57.0,0.0,0.0,0.0,0.007958342160345504,1.0,5.190866268166792,-0.00020806370135640324,1.0,552.0,-30.726455124284048,57.640184105817944,717.0,0.266304347826087,0.14492753623188406,0.5887681159420289,0.0,0.0,0.0,0.0,0.0,0.0,0.0,0.0,0.0,0.0,0.0,1.0,4.3038179562141385,0.0,0.0,0,0,1,0
BTC-USD_1h_1739606400_1740178800_42.png,C:\Users\afierro\CV_chart_pattern_detector\data\images\rendered\train\BTC-USD_1h_1739606400_1740178800_42.png,train,BTC-USD,1h,2025-02-15T08:00:00+00:00,2025-02-21T23:00:00+00:00,160,-8.012093635580779e-05,0.0034107677300463093,0.0024386720989850227,421.15562589496005,136.47353030877184,0.009412488478000247,-0.02627909093311187,-0.02059009606634188,-0.004703337022967657,-0.014288333338235537,-0.01376403511625024,0.47525023447009584,0.254435395049533,0.2887830238376713,0.23596674169223295,0.55625,0.44375,19.0,21.0,8.055555555555555,7.35,923.7083630661442,1120.1766157242432,0.9717089333503249,0.024640856378233784,47.0,0.9506732143006341,0.028240431291618916,62.0,0.006949498743925022,1.0,39.460874941397535,-0.0104613554470069,1.0,1280.0,1.9304638624656945,63.34547493256782,764.0,0.13046875,0.47109375,0.3984375,0.0,0.0,0.0,0.0,0.0,0.0,0.0,0.0,0.0,0.0,0.0,1.0,5.909785295789273,1.0,6.645907778755052,0,0,1,1
BTC-USD_1h_1739750400_1740322800_42.png,C:\Users\afierro\CV_chart_pattern_detector\data\images\rendered\train\BTC-USD_1h_1739750400_1740322800_42.png,train,BTC-USD,1h,2025-02-17T00:00:00+00:00,2025-02-23T15:00:00+00:00,160,-5.221400487510498e-05,0.0033753520470741383,0.0024143136333953943,466.6969722441436,109.73694498007774,-0.007072808593034385,-0.009411486532844071,-0.011822877692344247,-0.006445381411725015,-0.008712564599596684,-0.01021407449865952,0.4776094238529206,0.25127568934997613,0.2984702993062146,0.22392027684086488,0.55,0.45,18.0,18.0,8.529411764705882,8.529411764705882,949.6761460398467,1107.2484820217667,0.9717089333503249,0.024640856378233784,47.0,0.9506732143006341,0.028240431291618916,62.0,0.006949498743925022,1.0,-28.62560642287803,0.006483705198343889,1.0,846.0,9.492903004442265,64.14743252133705,710.0,0.18557919621749408,0.5106382978723404,0.3037825059101655,0.0,0.0,0.0,0.0,0.0,0.0,0.0,0.0,0.0,0.0,0.0,1.0,5.349772772792204,1.0,6.019385427409023,0,0,1,1
BTC-USD_1h_1739894400_1740466800_42.png,C:\Users\afierro\CV_chart_pattern_detector\data\images\rendered\train\BTC-USD_1h_1739894400_1740466800_42.png,train,BTC-USD,1h,2025-02-18T16:00:00+00:00,2025-02-25T07:00:00+00:00,160,-0.0003562223882726949,0.0038818918036305334,0.0025495696490547394,517.9167184390978,193.5819533788787,-0.03075202544264799,-0.033668512851493304,-0.0676258261354098,-0.025909049665982398,-0.04087549888334019,-0.057449390293077274,0.45397147280272154,0.2535939063492551,0.30454967605923666,0.24147885113804177,0.54375,0.45625,17.0,16.0,9.0,9.266666666666667,1492.6343430000252,1539.483672625743,0.9696389845643577,0.029812476081132796,59.0,0.9680946209791702,0.019499319409488687,52.0,0.005266410446783383,1.0,-53.883952766056964,-0.02296840376220619,1.0,296.0,-15.222978139245832,67.69684284057868,780.0,0.34459459459459457,0.23986486486486486,0.4155405405405405,0.0,0.0,0.0,0.0,0.0,0.0,0.0,0.0,0.0,0.0,0.0,1.0,5.854931053226436,1.0,3.824926426575614,0,0,1,1
BTC-USD_1h_1740038400_1740610800_42.png,C:\Users\afierro\CV_chart_pattern_detector\data\images\rendered\train\BTC-USD_1h_1740038400_1740610800_42.png,train,BTC-USD,1h,2025-02-20T08:00:00+00:00,2025-02-26T23:00:00+00:00,160,-0.0008836149045399738,0.004884799998448006,0.003205317399692865,606.2004075971195,310.7297141516622,0.004687742786856353,-0.0384738993590823,-0.05010330467861679,-0.013282838453726353,-0.031168779256946832,-0.047573545450050325,0.43473802404021333,0.25472808501126853,0.3065540513808198,0.2587079245789669,0.49375,0.50625,17.0,18.0,8.8125,8.705882352941176,3586.586610626691,4537.098387752971,0.922658867488508,0.06282778330748764,58.0,0.0,0.0,0.0,0.006628168059066919,1.0,-154.86873159868696,-0.021072629681117123,1.0,757.0,-29.90621396989772,61.31733518672836,708.0,0.16776750330250992,0.18758256274768825,0.6446499339498019,0.0,0.0,0.0,0.0,0.0,0.0,0.0,0.0,0.0,0.0,0.0,1.0,9.83999367555584,0.0,0.0,0,0,1,0
BTC-USD_1h_1740182400_1740754800_42.png,C:\Users\afierro\CV_chart_pattern_detector\data\images\rendered\train\BTC-USD_1h_1740182400_1740754800_42.png,train,BTC-USD,1h,2025-02-22T00:00:00+00:00,2025-02-28T15:00:00+00:00,160,-0.0008311079378114781,0.006333318424680118,0.004126338449778625,756.5811116682252,391.3307311009123,0.04336757443297001,0.058737360192053556,0.005747621849176321,0.04121955275912925,0.029652648745696064,0.0012832652283520929,0.4202113435163066,0.2599457131216539,0.2954758288864784,0.284312827597215,0.44375,0.55625,14.0,16.0,10.538461538461538,9.6,4150.180388599614,5409.507915946323,0.922658867488508,0.06282778330748764,58.0,0.0,0.0,0.0,0.010687728513165897,1.0,-109.19685525082008,-0.022044201480529962,1.0,805.0,-32.178887683264215,58.27917738722985,716.0,0.13788819875776398,0.17515527950310558,0.6869565217391305,0.0,0.0,0.0,0.0,0.0,0.0,0.0,0.0,0.0,0.0,0.0,1.0,7.926083194488482,0.0,0.0,0,0,1,0
BTC-USD_1h_1740326400_1740898800_42.png,C:\Users\afierro\CV_chart_pattern_detector\data\images\rendered\train\BTC-USD_1h_1740326400_1740898800_42.png,train,BTC-USD,1h,2025-02-23T16:00:00+00:00,2025-03-02T07:00:00+00:00,160,-0.0006139140466298832,0.006719611082902419,0.0047012926864469385,902.1849842517811,326.8402921261533,0.004184664645155767,0.001347827677322444,0.01738532113338942,0.00220158553534211,0.007298609871727146,0.0232502634466194,0.4122123056234083,0.2688543247949437,0.28958970128740924,0.2981979930891825,0.48125,0.51875,14.0,16.0,11.23076923076923,9.6,4029.8354203334384,4207.839146922496,0.922658867488508,0.06282778330748764,58.0,0.0,0.0,0.0,0.010687728513165897,1.0,16.5273301687765,0.02263294700496406,1.0,836.0,-26.433019760550494,61.01326778205155,713.0,0.13995215311004786,0.20813397129186603,0.6519138755980861,0.0,0.0,0.0,0.0,0.0,0.0,0.0,0.0,0.0,0.0,0.0,1.0,6.680929210830495,0.0,0.0,0,0,1,0
BTC-USD_1h_1740470400_1741042800_42.png,C:\Users\afierro\CV_chart_pattern_detector\data\images\rendered\train\BTC-USD_1h_1740470400_1741042800_42.png,train,BTC-USD,1h,2025-02-25T08:00:00+00:00,2025-03-03T23:00:00+00:00,160,-0.00018066282816664588,0.0096937979807175,0.006270631020525832,1063.8137893440685,238.5770032264946,0.007179520127093886,-0.034255246033552456,-0.07155891284215965,-0.016674738194637606,-0.043201318761539764,-0.035970408789953945,0.4522853792667341,0.2718314185208288,0.26520780191135807,0.28250681882190776,0.5125,0.4875,16.0,16.0,9.933333333333334,9.6,3076.7760873779785,2795.700158535592,0.9730176902358425,0.049987076482920445,37.0,0.9939490459594856,0.04046126751821261,109.0,0.02669925359650374,1.0,102.69825140646998,-0.05113336906565784,1.0,1175.0,-3.288515573410278,66.74678312099388,761.0,0.12595744680851065,0.414468085106383,0.4595744680851064,0.0,0.0,0.0,0.0,0.0,0.0,0.0,0.0,0.0,0.0,0.0,1.0,4.282193326942907,1.0,3.65936890549097,0,0,1,1
BTC-USD_1h_1740614400_1741186800_42.png,C:\Users\afierro\CV_chart_pattern_detector\data\images\rendered\train\BTC-USD_1h_1740614400_1741186800_42.png,train,BTC-USD,1h,2025-02-27T00:00:00+00:00,2025-03-05T15:00:00+00:00,160,0.00031426745536955876,0.010229234137698847,0.006693674075306837,1086.7858340283126,284.21176236712006,-0.016367222755050204,0.009762588049942122,0.017494676377050045,-0.004877958557469975,0.00408359588295526,0.02228780132543129,0.4611053194744942,0.26358152664042495,0.26464077276480247,0.27425390776070335,0.5375,0.4625,18.0,15.0,8.588235294117647,8.857142857142858,3207.9054094519934,2775.7548382128807,0.9205303413252444,0.06220839356161487,58.0,0.9721743996394049,0.029462095337053053,66.0,0.02669925359650374,1.0,-57.20561954992947,0.028749758021975078,1.0,871.0,9.08036261256335,65.79621375710158,717.0,0.20091848450057406,0.4856486796785304,0.31343283582089554,0.0,0.0,0.0,0.0,0.0,0.0,0.0,0.0,0.0,0.0,0.0,1.0,5.370568726161485,1.0,2.514031297260723,0,0,1,1
BTC-USD_1h_1740758400_1741330800_42.png,C:\Users\afierro\CV_chart_pattern_detector\data\images\rendered\train\BTC-USD_1h_1740758400_1741330800_42.png,train,BTC-USD,1h,2025-02-28T16:00:00+00:00,2025-03-07T07:00:00+00:00,160,0.00035035228434470323,0.010822830887290174,0.006907194807517365,1146.9277469483482,278.5402592040336,0.015793887316253086,-0.021574587941624923,-0.01927637138434868,0.0033563231076696454,-0.00426576006524948,-0.013784671809981996,0.47579033097912077,0.2641999796156707,0.2659748191295052,0.258234849891374,0.5625,0.4375,20.0,17.0,7.7368421052631575,9.0,3269.3215537653605,2469.5367714116596,0.9205303413252444,0.06220839356161487,58.0,0.9915434065320663,0.019629071029257053,25.0,0.021783908728323552,1.0,80.29653738865508,-0.01215131623401954,1.0,635.0,3.48346015534063,65.79977517667893,748.0,0.27874015748031494,0.3921259842519685,0.3291338582677165,0.0,0.0,0.0,0.0,0.0,0.0,0.0,0.0,0.0,0.0,0.0,1.0,5.100009572539102,1.0,1.54037703204424,0,0,1,1
BTC-USD_1h_1740902400_1741474800_42.png,C:\Users\afierro\CV_chart_pattern_detector\data\images\rendered\train\BTC-USD_1h_1740902400_1741474800_42.png,train,BTC-USD,1h,2025-03-02T08:00:00+00:00,2025-03-08T23:00:00+00:00,160,9.513729372482594e-05,0.011011208878683157,0.0070269835178099,1189.4707631412039,263.1939086218876,-0.00012837235450913198,-0.0016122889674808905,-0.0025690463005583197,1.4033665022505915e-05,0.00012713502647465624,-0.01135907431495331,0.45628718105592797,0.2479202737614332,0.2733874506056165,0.27032536833845555,0.55,0.45,20.0,17.0,7.7894736842105265,9.1875,2954.135796136325,2330.340144207385,0.9961672038654605,0.030339347340234992,36.0,0.0,0.0,0.0,0.021783908728323552,1.0,-73.08376066572914,0.02209315102274802,1.0,1551.0,-3.3178646767008773,62.28477308781798,709.0,0.14829142488716957,0.40038684719535783,0.4513217279174726,0.0,0.0,0.0,0.0,0.0,0.0,0.0,0.0,0.0,0.0,0.0,1.0,2.4547745322926837,0.0,0.0,0,0,1,0
BTC-USD_1h_1741046400_1741618800_42.png,C:\Users\afierro\CV_chart_pattern_detector\data\images\rendered\train\BTC-USD_1h_1741046400_1741618800_42.png,train,BTC-USD,1h,2025-03-04T00:00:00+00:00,2025-03-10T15:00:00+00:00,160,-0.0004134167017503857,0.009055439041514051,0.00608893462086255,1060.2185611621558,282.1156383526508,-0.042331482855160085,-0.02779965717132693,-0.03658142475339454,-0.022728455354988908,-0.02225851999059303,-0.045833789532539915,0.436939214214615,0.24252737930292367,0.283508679632989,0.27955210615239606,0.50625,0.49375,18.0,16.0,8.823529411764707,9.666666666666666,3050.835104394005,2616.0948019149164,0.9961672038654605,0.030339347340234992,36.0,0.0,0.0,0.0,0.018511383015988713,1.0,-96.94998136427571,-0.009529726863208066,1.0,1060.0,-13.701891947917218,61.92918914502165,760.0,0.1650943396226415,0.310377358490566,0.5245283018867924,0.0,0.0,0.0,0.0,0.0,0.0,0.0,0.0,0.0,0.0,0.0,1.0,2.7380790662866916,0.0,0.0,0,0,1,0
BTC-USD_1h_1741190400_1741762800_42.png,C:\Users\afierro\CV_chart_pattern_detector\data\images\rendered\train\BTC-USD_1h_1741190400_1741762800_42.png,train,BTC-USD,1h,2025-03-05T16:00:00+00:00,2025-03-12T07:00:00+00:00,160,-0.0004364177690653281,0.008834584750202979,0.005962202450898031,1113.5833533704647,322.6426644367774,0.003897222521214383,-0.008248060829403547,0.015048106813746909,0.00012318402875099999,0.0039345425899868225,0.016606360462327885,0.4419457399722323,0.23922826051165239,0.2836979488716441,0.2743563111561236,0.50625,0.49375,17.0,15.0,8.75,9.571428571428571,3826.6215418012225,3747.651695599733,0.9203697952317573,0.08279188186330766,67.0,0.0,0.0,0.0,0.01309108629801249,1.0,-47.27156141584586,-0.006393543309105034,1.0,886.0,-33.628673818525826,56.62789825367626,728.0,0.16252821670428894,0.15124153498871332,0.6862302483069977,0.0,0.0,0.0,0.0,0.0,0.0,0.0,0.0,0.0,0.0,0.0,1.0,6.757329279434572,0.0,0.0,0,0,1,0
BTC-USD_1h_1741334400_1741906800_42.png,C:\Users\afierro\CV_chart_pattern_detector\data\images\rendered\train\BTC-USD_1h_1741334400_1741906800_42.png,train,BTC-USD,1h,2025-03-07T08:00:00+00:00,2025-03-13T23:00:00+00:00,160,-0.0005105702458023141,0.007439687313481917,0.005384335487558641,911.3632002715862,240.14554356227623,0.011274955928957775,-0.0108977618446644,-0.02606480776086162,0.002994065841404714,-0.009870114005008812,-0.015919062741090007,0.43693828278247826,0.23555377735783786,0.28772137095053474,0.2753403462669869,0.475,0.525,15.0,16.0,9.928571428571429,9.666666666666666,2653.703896096089,3088.657507109619,0.9203697952317573,0.08279188186330766,67.0,0.0,0.0,0.0,0.014770169385467085,1.0,37.39377215189858,0.009107539412768066,1.0,800.0,-22.566255426853896,62.60192275245802,710.0,0.15125,0.2425,0.60625,0.0,0.0,0.0,0.0,0.0,0.0,0.0,0.0,0.0,0.0,0.0,1.0,8.202636680785941,0.0,0.0,0,0,1,0
BTC-USD_1h_1741478400_1742050800_42.png,C:\Users\afierro\CV_chart_pattern_detector\data\images\rendered\train\BTC-USD_1h_1741478400_1742050800_42.png,train,BTC-USD,1h,2025-03-09T00:00:00+00:00,2025-03-15T15:00:00+00:00,160,-0.00012767161478195147,0.007043962118881839,0.005035574664418719,828.9163911753072,271.3610334183662,0.0028807280151870174,0.0019331629748806645,0.002601061250107062,0.0029740684306500675,0.0016526326353683007,0.015334002723809359,0.46287761437403585,0.25547951986218537,0.27338666496128494,0.26373572066467926,0.5,0.5,13.0,12.0,10.5,12.181818181818182,1305.0110950867077,2004.3524000553493,0.0,0.0,0.0,0.0,0.0,0.0,0.014770169385467085,1.0,24.210814228786255,0.018571646292423107,1.0,400.0,4.304995400756598,64.1332366321865,709.0,0.3425,0.365,0.2925,0.0,0.0,0.0,0.0,0.0,0.0,0.0,0.0,0.0,0.0,0.0,0.0,0.0,0.0,0.0,0,0,0,0
BTC-USD_1h_1741622400_1742194800_42.png,C:\Users\afierro\CV_chart_pattern_detector\data\images\rendered\train\BTC-USD_1h_1741622400_1742194800_42.png,train,BTC-USD,1h,2025-03-10T16:00:00+00:00,2025-03-17T07:00:00+00:00,160,0.00037099207480552213,0.006038425439327152,0.004275147117458744,776.6492898732827,294.79691189079426,-0.0012880688706929933,0.017957039583178735,0.009811748746826332,0.005183351583944562,0.004574331671019172,-0.0021707309932262886,0.466848050030063,0.27415021750337976,0.26884419501685936,0.2643077549530776,0.51875,0.48125,15.0,12.0,10.714285714285714,12.909090909090908,1318.9793576145667,1932.2313733153958,0.989492464135644,0.012214210631840996,37.0,0.0,0.0,0.0,0.005884758169902573,1.0,3.9967655883731794,-0.0032056726395463878,1.0,1714.0,10.843636033345827,64.24430226154504,721.0,0.13593932322053676,0.5245040840140023,0.3395565927654609,0.0,0.0,0.0,0.0,0.0,0.0,0.0,0.0,0.0,0.0,0.0,1.0,1.4691826112589235,0.0,0.0,0,0,1,0
BTC-USD_1h_1741766400_1742338800_42.png,C:\Users\afierro\CV_chart_pattern_detector\data\images\rendered\train\BTC-USD_1h_1741766400_1742338800_42.png,train,BTC-USD,1h,2025-03-12T08:00:00+00:00,2025-03-18T23:00:00+00:00,160,1.3584231080227028e-05,0.004825052179372605,0.0035475271137024563,623.8753323920428,166.91037922237814,0.00483276826316148,0.010510329827080112,-0.003302601991996279,0.00845734708550916,0.004358805137535837,-0.0037398951210394493,0.46169698739320547,0.27968091126904504,0.2638436994164971,0.2744593131902974,0.5,0.5,14.0,15.0,10.76923076923077,10.5,650.6185724088016,1171.5515929379949,0.989492464135644,0.012214210631840996,37.0,0.9990955939262836,0.018132892850933162,27.0,0.004998826822555202,1.0,-24.027337435536513,-0.006627192029768631,1.0,701.0,1.9243886783697806,64.69547935529597,731.0,0.29101283880171186,0.38088445078459343,0.3281027104136947,0.0,0.0,0.0,0.0,0.0,0.0,0.0,0.0,0.0,0.0,0.0,1.0,1.796007202080375,1.0,2.493676434501821,0,0,1,1
BTC-USD_1h_1741910400_1742482800_42.png,C:\Users\afierro\CV_chart_pattern_detector\data\images\rendered\train\BTC-USD_1h_1741910400_1742482800_42.png,train,BTC-USD,1h,2025-03-14T00:00:00+00:00,2025-03-20T15:00:00+00:00,160,0.00025170114930319357,0.0045421129630075045,0.003304413755725326,571.492838629156,122.58870854504548,-0.009478238973350095,-0.012447865700365046,-0.007758629678589202,-0.010729836446751961,-0.012601296036172771,0.005624068160654305,0.4657539557688983,0.2739134682033459,0.25423325623173393,0.2800127879993677,0.51875,0.48125,13.0,15.0,11.333333333333334,9.357142857142858,1027.4580596597443,1226.3272086073378,0.989492464135644,0.012214210631840996,37.0,0.9703282643541511,0.023824473335373946,29.0,0.009195508661660473,1.0,37.57120218002831,-0.0029417254588399878,1.0,1779.0,0.09443013982333247,63.174350173597496,780.0,0.12647554806070826,0.44463181562675663,0.42889263631253516,0.0,0.0,0.0,0.0,0.0,0.0,0.0,0.0,0.0,0.0,0.0,1.0,1.9482952164608982,1.0,3.538743411692125,0,0,1,1
BTC-USD_1h_1742054400_1742626800_42.png,C:\Users\afierro\CV_chart_pattern_detector\data\images\rendered\train\BTC-USD_1h_1742054400_1742626800_42.png,train,BTC-USD,1h,2025-03-15T16:00:00+00:00,2025-03-22T07:00:00+00:00,160,3.5245040090242755e-06,0.004491997743645588,0.003283632316108049,539.4817059336377,121.97480037209789,0.00021339539127662732,0.0010611104848479158,0.009665263254244438,0.0005275418455488179,0.0018984478303472052,-0.002392261243821303,0.4628089600418357,0.2577780957101749,0.2545515580875832,0.2826394818705812,0.4875,0.5125,16.0,18.0,9.6,8.470588235294118,1022.7395766571963,1132.495305789878,0.0,0.0,0.0,0.9703282643541511,0.023824473335373946,29.0,0.012562162331115217,1.0,-0.07178867791816708,0.009611109057132984,1.0,1463.0,4.563904988016075,62.84830748633733,709.0,0.14012303485987695,0.4825700615174299,0.3773069036226931,0.0,0.0,0.0,0.0,0.0,0.0,0.0,0.0,0.0,0.0,0.0,0.0,0.0,1.0,3.742463879449184,0,0,0,1
BTC-USD_1h_1742198400_1742770800_42.png,C:\Users\afierro\CV_chart_pattern_detector\data\images\rendered\train\BTC-USD_1h_1742198400_1742770800_42.png,train,BTC-USD,1h,2025-03-17T08:00:00+00:00,2025-03-23T23:00:00+00:00,160,0.00019626763955301517,0.004056048391176328,0.0028783945845855465,498.01872638860357,155.50705681441775,0.012601988044162127,0.013931017001697077,0.02357312722948879,0.010278392152956117,0.014793019770689586,0.019526914640041637,0.46393705374098565,0.24138393261671834,0.26169598191603355,0.2743669643429808,0.525,0.475,16.0,18.0,9.466666666666667,8.705882352941176,976.0434199484223,1093.8733628761042,0.0,0.0,0.0,0.9703282643541511,0.023824473335373946,29.0,0.005847600596007804,1.0,9.401058837318512,0.0013880752608562885,1.0,901.0,9.74028381199207,64.5821138492052,710.0,0.18312985571587126,0.5094339622641509,0.3074361820199778,0.0,0.0,0.0,0.0,0.0,0.0,0.0,0.0,0.0,0.0,0.0,0.0,0.0,1.0,4.045266235324549,0,0,0,1
BTC-USD_1h_1742342400_1742914800_42.png,C:\Users\afierro\CV_chart_pattern_detector\data\images\rendered\train\BTC-USD_1h_1742342400_1742914800_42.png,train,BTC-USD,1h,2025-03-19T00:00:00+00:00,2025-03-25T15:00:00+00:00,160,0.00035032550791383265,0.0038584082239284407,0.002807474324639834,483.29537044763026,156.97982560784558,0.0046233033304288185,0.014328042572615551,-0.0006561389926222905,0.0067212761777941665,0.006564470120046906,0.010653433314931293,0.4811326290230097,0.23934583633015,0.251495522797588,0.2673718481794022,0.55625,0.44375,16.0,16.0,7.666666666666667,9.266666666666667,1341.9863800385563,1092.6906251421049,0.0,0.0,0.0,0.9806548881457239,0.013168189956556059,53.0,0.005193518271044499,1.0,57.81401887013605,-0.012651484330747668,1.0,976.0,4.627044761767153,62.56493643987751,717.0,0.17418032786885246,0.4764344262295082,0.34938524590163933,0.0,0.0,0.0,0.0,0.0,0.0,0.0,0.0,0.0,0.0,0.0,0.0,0.0,1.0,2.4811104595466436,0,0,0,1
BTC-USD_1h_1742486400_1743058800_42.png,C:\Users\afierro\CV_chart_pattern_detector\data\images\rendered\train\BTC-USD_1h_1742486400_1743058800_42.png,train,BTC-USD,1h,2025-03-20T16:00:00+00:00,2025-03-27T07:00:00+00:00,160,0.00026927694904185556,0.003114700858381275,0.002412026003214293,497.28919485640364,199.62050109761523,-0.003081891699093009,0.006570464316957958,-0.004705216768737475,0.0008732104436481869,0.003641894169429616,0.00032314103663133587,0.4716208182847229,0.24452599408441889,0.2551456316330051,0.2732335500822721,0.55,0.45,19.0,14.0,8.38888888888889,10.76923076923077,1705.1099229213562,1306.2160332738372,0.0,0.0,0.0,0.9806548881457239,0.013168189956556059,53.0,0.005193518271044499,1.0,2.0948372011255536,0.0049666729581558915,1.0,409.0,12.599017997242711,62.56642993646799,732.0,0.2713936430317848,0.4938875305623472,0.23471882640586797,0.0,0.0,0.0,0.0,0.0,0.0,0.0,0.0,0.0,0.0,0.0,0.0,0.0,1.0,2.4167148667455844,0,0,0,1
BTC-USD_1h_1742630400_1743202800_42.png,C:\Users\afierro\CV_chart_pattern_detector\data\images\rendered\train\BTC-USD_1h_1742630400_1743202800_42.png,train,BTC-USD,1h,2025-03-22T08:00:00+00:00,2025-03-28T23:00:00+00:00,160,2.0447507775730225e-05,0.0032724708621636647,0.002515675914847839,419.98991443450143,136.05311054582216,0.00756229239201045,0.0029982651002395944,-0.021794701558581875,0.004515791217239551,-0.0034458892758810755,-0.020553987642816796,0.4689165685917828,0.25072248325363583,0.2728472785118362,0.25823615289638097,0.5,0.5,16.0,12.0,9.133333333333333,13.545454545454545,1380.493735498282,1279.1857235765601,0.9937872745205246,0.020489448860808213,38.0,0.9902286719239093,0.00836472514777335,27.0,0.0071341427186184195,1.0,-43.556892756680384,-0.0024794525106247283,1.0,568.0,8.24119292703313,64.30610122000571,743.0,0.24647887323943662,0.45422535211267606,0.2992957746478873,0.0,0.0,0.0,0.0,0.0,0.0,0.0,0.0,0.0,0.0,0.0,1.0,4.4313920549748005,1.0,1.778888844088481,0,0,1,1
BTC-USD_1h_1742774400_1743346800_42.png,C:\Users\afierro\CV_chart_pattern_detector\data\images\rendered\train\BTC-USD_1h_1742774400_1743346800_42.png,train,BTC-USD,1h,2025-03-24T00:00:00+00:00,2025-03-30T15:00:00+00:00,160,-0.00023933876816762195,0.0034807194405691915,0.002789233350548653,519.2298701119304,76.6744613962698,-0.00459850687796759,-0.0053928832743794786,0.00264691435111164,-0.004040321106870359,-0.0026259898307345875,-0.006672508290353152,0.4689967338121025,0.2506676449487216,0.27841720406909065,0.25258606211880685,0.45,0.55,16.0,14.0,9.533333333333333,9.384615384615385,1910.7001128144054,1908.4683693198572,0.9937872745205246,0.020489448860808213,38.0,0.0,0.0,0.0,0.0071341427186184195,1.0,-68.78419796061915,0.005008262302115246,1.0,556.0,-15.956839248109207,66.3046030436441,709.0,0.22661870503597123,0.25539568345323743,0.5179856115107914,0.0,0.0,0.0,0.0,0.0,0.0,0.0,0.0,0.0,0.0,0.0,1.0,3.6108344982198814,0.0,0.0,0,0,1,0
ETH-USD_1h_1700006400_1700578800_42.png,C:\Users\afierro\CV_chart_pattern_detector\data\images\rendered\train\ETH-USD_1h_1700006400_1700578800_42.png,train,ETH-USD,1h,2023-11-15T00:00:00+00:00,2023-11-21T15:00:00+00:00,160,3.324071768028494e-05,0.005078196679899867,0.0036851170739835293,15.07616451974954,3.511764832116091,-0.007824312253930876,-0.013132882335131768,-0.022924058221702515,-0.00835575965894697,-0.01250429909002071,-0.010712779569056918,0.4479919164874525,0.26178657692270857,0.24405404351026502,0.30795404000228255,0.475,0.51875,15.0,14.0,9.285714285714286,11.384615384615385,44.5846186730606,38.5988999856478,0.0,0.0,0.0,0.9621095750128008,0.042903225806451596,55.0,0.012035387779603824,1.0,1.1757181200187516,-0.0042614197652106525,1.0,1432.0,-6.541206390081837,63.68572318848257,780.0,0.1389664804469274,0.37988826815642457,0.48114525139664804,0.0,0.0,0.0,0.0,0.0,0.0,51.583010025712234,2.14758542829797,0.6885545943933395,0.0,32.0,0.0,0.0,1.0,5.757779625596177,0,1,0,1
ETH-USD_1h_1700150400_1700722800_42.png,C:\Users\afierro\CV_chart_pattern_detector\data\images\rendered\train\ETH-USD_1h_1700150400_1700722800_42.png,train,ETH-USD,1h,2023-11-16T16:00:00+00:00,2023-11-23T07:00:00+00:00,160,0.00019054357710231358,0.005228830505546473,0.003750523820911673,16.041311696248464,3.8432401224113324,0.0029909736687496746,0.00040196429782168863,0.021516383309102105,0.001586972954547905,0.005214175354931294,0.024386029919338137,0.4450733483933712,0.2587011688980073,0.2593024901240693,0.29562416148255954,0.48125,0.5125,16.0,14.0,9.6,11.307692307692308,41.30828718591917,39.121302961534425,0.9752445607926149,0.023811014942946296,71.0,0.9621095750128008,0.042903225806451596,55.0,0.012035387779603824,1.0,0.3954156118143487,-0.0038769075877650274,1.0,705.0,13.117726039463747,64.67774235539352,736.0,0.2226950354609929,0.5078014184397163,0.2695035460992908,0.0,0.0,0.0,0.0,0.0,0.0,51.58301002571169,2.1475854282991116,0.6885545943933306,0.0,32.0,1.0,3.220844778662452,1.0,5.423388310545434,0,1,1,1
ETH-USD_1h_1700294400_1700866800_42.png,C:\Users\afierro\CV_chart_pattern_detector\data\images\rendered\train\ETH-USD_1h_1700294400_1700866800_42.png,train,ETH-USD,1h,2023-11-18T08:00:00+00:00,2023-11-24T23:00:00+00:00,160,0.00045883287765910425,0.005072533760311005,0.0036223115324098914,15.013373947976527,3.9609319937978587,-0.0031951942745185313,-0.015019620651623433,0.0061602437019487866,-0.006259470750692331,-0.004975267119650573,0.0030446505361858556,0.4419767970881427,0.2500816956302208,0.2752431631917638,0.28278003972009347,0.5375,0.45625,15.0,14.0,10.071428571428571,10.461538461538462,46.81476710991472,44.517992447218575,0.9752445607926149,0.023811014942946296,71.0,0.9343193456008105,0.047219254823485796,48.0,0.009030511457939995,1.0,1.6188898265354013,0.017192381153899695,1.0,1148.0,17.954699584675584,60.98998715062651,746.0,0.1445993031358885,0.5862369337979094,0.2691637630662021,0.0,0.0,0.0,0.0,0.0,0.0,0.0,0.0,0.0,0.0,0.0,1.0,3.423692792908816,1.0,6.445620852137176,0,0,1,1
ETH-USD_1h_1700438400_1701010800_42.png,C:\Users\afierro\CV_chart_pattern_detector\data\images\rendered\train\ETH-USD_1h_1700438400_1701010800_42.png,train,ETH-USD,1h,2023-11-20T00:00:00+00:00,2023-11-26T15:00:00+00:00,160,0.0001937832045810109,0.004921277143222477,0.003441418488782081,15.551803033131046,4.096573121259293,-0.009593890610459233,-0.011958940492427073,-0.008837917112723193,-0.008788429575902867,-0.008121769859807393,-0.009155851809421134,0.4322609292819589,0.25467458298977125,0.2677240804354012,0.30001499028264,0.5,0.49375,16.0,14.0,9.533333333333333,10.76923076923077,36.163155795773335,42.8829039956722,0.0,0.0,0.0,0.9343193456008105,0.047219254823485796,48.0,0.009030511457939995,1.0,0.19511896390060499,0.00948002441508896,1.0,1395.0,15.962002663116728,62.97759239992904,717.0,0.13763440860215054,0.5741935483870968,0.28817204301075267,0.0,0.0,0.0,0.0,0.0,0.0,24.06308347251414,2.4360295063460473,0.6449530308988786,0.0,59.0,0.0,0.0,1.0,6.228505873117247,0,1,0,1
ETH-USD_1h_1700582400_1701154800_42.png,C:\Users\afierro\CV_chart_pattern_detector\data\images\rendered\train\ETH-USD_1h_1700582400_1701154800_42.png,train,ETH-USD,1h,2023-11-21T16:00:00+00:00,2023-11-28T07:00:00+00:00,160,4.093934255415849e-05,0.004718439962426881,0.0033234213865465123,16.549717835912656,7.706608480378067,-0.006215408293130609,-0.002821335234022393,-0.0017985878855444337,-0.0029605038498429215,-0.00048075277251469206,-0.014313304739928867,0.43012566138187136,0.2593883430713334,0.27770429818082193,0.29217004043730666,0.5125,0.48125,13.0,13.0,12.333333333333334,11.666666666666666,31.006335714461144,40.352397580968386,0.9757529170047499,0.028342040456092014,53.0,0.9343193456008105,0.047219254823485796,48.0,0.007170727088804447,1.0,-1.081827004219411,-0.0136860409283632,1.0,806.0,3.1612855462962877,67.10080111401226,710.0,0.19602977667493796,0.43796526054590573,0.36600496277915634,0.0,0.0,0.0,0.0,0.0,0.0,24.063083472514144,2.436029506345786,0.6449530308988685,0.0,59.0,1.0,3.8018522494919513,1.0,5.863464198265418,0,1,1,1
ETH-USD_1h_1700726400_1701298800_42.png,C:\Users\afierro\CV_chart_pattern_detector\data\images\rendered\train\ETH-USD_1h_1700726400_1701298800_42.png,train,ETH-USD,1h,2023-11-23T08:00:00+00:00,2023-11-29T23:00:00+00:00,160,-0.00015371063891367402,0.004026170569306139,0.0029219005100922977,13.371133752795563,2.655422778049162,-0.004948746873314147,-0.0036537753222836145,-0.012513871853279568,-0.0013787088177804607,-0.007677645515520415,-0.005068203101613933,0.4188197074764314,0.2632377096486693,0.2691534425085459,0.3120268500150227,0.5,0.49375,12.0,16.0,12.909090909090908,9.933333333333334,23.290371758876358,26.977484101329757,0.9757529170047499,0.028342040456092014,53.0,0.0,0.0,0.0,0.007375570670802597,1.0,-0.003853609939061384,0.004070617782060839,1.0,1657.0,-23.552812159205317,59.08969386002163,741.0,0.1412190706095353,0.22570911285455642,0.6330718165359083,0.0,0.0,0.0,0.0,0.0,0.0,62.07118122864725,5.822168303033559,0.8429575803902447,0.0,61.0,1.0,4.65981294431531,0.0,0.0,0,1,1,0
ETH-USD_1h_1700870400_1701442800_42.png,C:\Users\afierro\CV_chart_pattern_detector\data\images\rendered\train\ETH-USD_1h_1700870400_1701442800_42.png,train,ETH-USD,1h,2023-11-25T00:00:00+00:00,2023-12-01T15:00:00+00:00,160,2.4278413172877683e-05,0.003962472418965709,0.002712225825763532,11.714443734004522,2.297760247150982,-0.006139483327838979,-0.0059067535794162795,0.01796969815605043,-0.004399450164452867,0.0005420789376600066,0.013766968690753334,0.40285993151996013,0.2694177423111154,0.28137064937622147,0.3157694191038183,0.5,0.49375,13.0,15.0,12.5,9.214285714285714,22.899268095071058,25.763638148884702,0.9958681449312876,0.01844954774881006,36.0,0.9804328313553405,0.033190385957913605,67.0,0.009934839637809749,1.0,0.5026558837318328,0.002313505777857594,1.0,1798.0,-10.018359142561776,59.792953112865135,744.0,0.12847608453837597,0.3503893214682981,0.521134593993326,0.0,0.0,0.0,0.0,0.0,0.0,36.72768802956846,4.179569873429425,0.8738824363290847,0.0,52.0,1.0,3.416596475984985,1.0,5.925510937568587,0,1,1,1
ETH-USD_1h_1701014400_1701586800_42.png,C:\Users\afierro\CV_chart_pattern_detector\data\images\rendered\train\ETH-USD_1h_1701014400_1701586800_42.png,train,ETH-USD,1h,2023-11-26T16:00:00+00:00,2023-12-03T07:00:00+00:00,160,0.0003586715523889579,0.004292815299150062,0.0029388764992215126,14.364079536382855,4.411844209187702,0.0013831450590728878,0.00316976305557759,0.02803831523158684,0.0010807471167362248,0.009783762704337562,0.024330141756582213,0.4260651153035774,0.2572762863346186,0.2811109141543104,0.2928239705421122,0.525,0.46875,13.0,16.0,12.416666666666666,9.466666666666667,43.03893041608895,42.56438534737706,0.0,0.0,0.0,0.9804328313553405,0.033190385957913605,67.0,0.009934839637809749,1.0,1.7109195968119992,-0.0024279039155759843,1.0,1021.0,11.747302001358596,65.46239434714623,734.0,0.14103819784524976,0.5328109696376102,0.32615083251714005,0.0,0.0,0.0,0.0,0.0,0.0,36.727688029568625,4.179569873428776,0.8738824363290719,0.0,52.0,0.0,0.0,1.0,4.8774174445200895,0,1,0,1
ETH-USD_1h_1701158400_1701730800_42.png,C:\Users\afierro\CV_chart_pattern_detector\data\images\rendered\train\ETH-USD_1h_1701158400_1701730800_42.png,train,ETH-USD,1h,2023-11-28T08:00:00+00:00,2023-12-04T23:00:00+00:00,160,0.0007123214481857709,0.004304943920490395,0.0030710609589717506,12.712306704223748,2.8209958885861157,0.003987540613839435,0.00814743578220778,0.008310560569558811,0.00709564349217362,0.003079836993993279,0.020904289193278025,0.4428172145387118,0.2554457502146582,0.27872111042370246,0.2784616750375858,0.55625,0.44375,13.0,14.0,11.416666666666666,10.461538461538462,62.01021778754826,56.929147465269985,0.0,0.0,0.0,0.9385349592911015,0.04052184131323653,76.0,0.008241494755108237,1.0,2.2434758556024295,-0.011417637615780683,1.0,412.0,20.220869684971653,60.29061769416428,710.0,0.24757281553398058,0.5606796116504854,0.19174757281553398,0.0,0.0,0.0,0.0,0.0,0.0,0.0,0.0,0.0,0.0,0.0,0.0,0.0,1.0,6.922285731047599,0,0,0,1
ETH-USD_1h_1701302400_1701874800_42.png,C:\Users\afierro\CV_chart_pattern_detector\data\images\rendered\train\ETH-USD_1h_1701302400_1701874800_42.png,train,ETH-USD,1h,2023-11-30T00:00:00+00:00,2023-12-06T15:00:00+00:00,160,0.000676712844834249,0.0048853210182481475,0.003448258978379678,14.397423820735247,4.554727233587093,-0.00039944078290399254,-0.008976305194376644,-0.005892478813559254,-0.005771359858457115,-0.009880097567859458,0.002206032468227148,0.4555024145762193,0.24329605818817263,0.26552774821669206,0.2789698372070887,0.54375,0.45625,15.0,14.0,10.642857142857142,11.307692307692308,87.79322698755804,81.79140021407872,0.0,0.0,0.0,0.955653335575423,0.05573461132442111,65.0,0.014957364315338036,1.0,1.387795827473059,-0.005513663525618005,1.0,458.0,18.4912624350021,61.37959969507097,712.0,0.22489082969432314,0.5633187772925764,0.21179039301310043,0.0,0.0,0.0,0.0,0.0,0.0,0.0,0.0,0.0,0.0,0.0,0.0,0.0,1.0,8.52395740908809,0,0,0,1
ETH-USD_1h_1701446400_1702018800_42.png,C:\Users\afierro\CV_chart_pattern_detector\data\images\rendered\train\ETH-USD_1h_1701446400_1702018800_42.png,train,ETH-USD,1h,2023-12-01T16:00:00+00:00,2023-12-08T07:00:00+00:00,160,0.0007144448591227593,0.005326024812869844,0.0038315931516106896,18.264141330105605,3.856663118950823,-0.009439085899049848,0.0012724378888595567,0.04308793147781986,-0.0052800935526544635,0.005252902619102384,0.027509250950337183,0.47579636651373447,0.24916759563686558,0.2530895980520277,0.2711140354342379,0.54375,0.45625,15.0,14.0,9.571428571428571,10.153846153846153,76.22137193435677,62.42978133838992,0.0,0.0,0.0,0.955653335575423,0.05573461132442111,65.0,0.014957364315338036,1.0,1.5136488513830275,0.0017314586212339928,1.0,845.0,27.588161751716093,58.341382005788056,733.0,0.1502958579881657,0.6603550295857988,0.1893491124260355,0.0,0.0,0.0,0.0,0.0,0.0,36.93801740614294,4.148815543871425,0.685239854915052,0.0,67.0,0.0,0.0,1.0,6.769383603928147,0,1,0,1
ETH-USD_1h_1701590400_1702162800_42.png,C:\Users\afierro\CV_chart_pattern_detector\data\images\rendered\train\ETH-USD_1h_1701590400_1702162800_42.png,train,ETH-USD,1h,2023-12-03T08:00:00+00:00,2023-12-09T23:00:00+00:00,160,0.0005173499094823193,0.005308901834186216,0.0039581519334704034,17.29339993233026,4.056416849393785,-0.0072405368262101755,-0.004889476570903772,-0.011558960411510943,-0.005538923300613896,-0.00779901707881725,-0.007921655443975273,0.4689499917122729,0.2448171890303643,0.264788775399594,0.266261232888133,0.51875,0.48125,15.0,15.0,8.928571428571429,10.5,51.452355004951414,62.02280951033703,0.0,0.0,0.0,0.9847313012858447,0.047590543111286535,50.0,0.009964681332688205,1.0,1.6440370370370372,0.015394563037447729,1.0,610.0,17.1213075260647,58.34115418488664,717.0,0.23114754098360657,0.5540983606557377,0.21475409836065573,0.0,0.0,0.0,0.0,0.0,0.0,36.93801740614271,4.1488155438715175,0.6852398549150577,0.0,67.0,0.0,0.0,1.0,6.250318326998077,0,1,0,1
ETH-USD_1h_1701734400_1702306800_42.png,C:\Users\afierro\CV_chart_pattern_detector\data\images\rendered\train\ETH-USD_1h_1701734400_1702306800_42.png,train,ETH-USD,1h,2023-12-05T00:00:00+00:00,2023-12-11T15:00:00+00:00,160,-7.283943270872798e-05,0.006200375196760955,0.004003162673822726,18.19222338936338,3.250066143779179,-0.013486362504889438,-0.010676283494331917,-0.0660129618718962,-0.008359513129515883,-0.02400260343371796,-0.04310515210874388,0.47013169038396807,0.24121376574766568,0.2529570474395224,0.27691126217650963,0.4875,0.5125,16.0,17.0,10.0,8.8125,50.45442236253919,53.490747659021395,0.9893190418515333,0.028288013521682927,37.0,0.9847313012858447,0.047590543111286535,50.0,0.008130219982899482,1.0,-1.3489967182372222,-0.01754991607500248,1.0,362.0,-1.455805905616086,60.96072074637885,725.0,0.4171270718232044,0.30939226519337015,0.27348066298342544,0.0,0.0,0.0,0.0,0.0,0.0,0.0,0.0,0.0,0.0,0.0,1.0,3.8512434387804593,1.0,5.950491848246407,0,0,1,1
ETH-USD_1h_1701878400_1702450800_42.png,C:\Users\afierro\CV_chart_pattern_detector\data\images\rendered\train\ETH-USD_1h_1701878400_1702450800_42.png,train,ETH-USD,1h,2023-12-06T16:00:00+00:00,2023-12-13T07:00:00+00:00,160,-0.00024905351870001843,0.006036572302769326,0.003975289021960098,18.204244461595845,3.2321822388859047,0.002982414832666036,-0.007143118293329476,-0.023490279806719916,-0.0023997619524309677,-0.006154096002067955,-0.01700025012877482,0.47576466338997464,0.2646503172081648,0.24309656759573484,0.28113876901429047,0.5,0.5,14.0,16.0,10.692307692307692,9.466666666666667,63.4773646303008,69.22303273432544,0.9356379505858905,0.042215044156558086,50.0,0.0,0.0,0.0,0.008047581271237766,1.0,-2.66662177684014,-0.0013511449035796715,1.0,469.0,-10.872072953913511,63.193822256313446,711.0,0.31769722814498935,0.2537313432835821,0.42857142857142855,0.0,0.0,0.0,0.0,0.0,0.0,0.0,0.0,0.0,0.0,0.0,1.0,5.580559129696234,0.0,0.0,0,0,1,0
ETH-USD_1h_1702022400_1702594800_42.png,C:\Users\afierro\CV_chart_pattern_detector\data\images\rendered\train\ETH-USD_1h_1702022400_1702594800_42.png,train,ETH-USD,1h,2023-12-08T08:00:00+00:00,2023-12-14T23:00:00+00:00,160,-7.930879110661923e-05,0.005907154956968931,0.003970262907731332,17.260664840398547,3.7959703325371073,0.009733972961186277,0.011927291163140286,0.03013449961959247,0.008866778708750633,0.012043621575099195,0.03388762591926264,0.4751007094101882,0.26835037596406786,0.22819226383549102,0.29670702675432076,0.5,0.5,15.0,17.0,10.714285714285714,9.125,68.14408399853946,73.30018124762208,0.9356379505858905,0.042215044156558086,50.0,0.9594102562355341,0.027336181656706496,56.0,0.009458696720863639,1.0,1.2175079699953195,-0.0006919471489812171,1.0,1001.0,-19.636369387408,59.04924159475439,743.0,0.15384615384615385,0.23976023976023977,0.6063936063936064,0.0,0.0,0.0,0.0,0.0,0.0,0.0,0.0,0.0,0.0,0.0,1.0,5.875689241174808,1.0,3.689886780779061,0,0,1,1
ETH-USD_1h_1702166400_1702738800_42.png,C:\Users\afierro\CV_chart_pattern_detector\data\images\rendered\train\ETH-USD_1h_1702166400_1702738800_42.png,train,ETH-USD,1h,2023-12-10T00:00:00+00:00,2023-12-16T15:00:00+00:00,160,-0.0002407685587655592,0.005881258663258868,0.003969828056457018,17.661182496256735,3.5398401757792337,0.001344449818299509,0.005623585191522729,0.0027504387816310594,0.0036807349372727227,0.005243055640622218,-0.002669106615597938,0.4909761285396428,0.2695008226851125,0.20750776194002535,0.3015161095203318,0.50625,0.49375,15.0,16.0,10.142857142857142,9.466666666666667,52.4049328297336,51.88472907260379,0.9541632516771392,0.033048425635621714,29.0,0.9594102562355341,0.027336181656706496,56.0,0.009458696720863639,1.0,0.2931629160806257,0.013187463670284264,1.0,465.0,-1.713983380153615,63.1285256672224,711.0,0.27956989247311825,0.34838709677419355,0.3720430107526882,0.0,0.0,0.0,0.0,0.0,0.0,42.3380622720748,0.5297006056301216,0.9894532608076304,0.0,106.0,1.0,4.4205676482240035,1.0,3.610826115101405,0,1,1,1
ETH-USD_1h_1702310400_1702882800_42.png,C:\Users\afierro\CV_chart_pattern_detector\data\images\rendered\train\ETH-USD_1h_1702310400_1702882800_42.png,train,ETH-USD,1h,2023-12-11T16:00:00+00:00,2023-12-18T07:00:00+00:00,160,-0.0001351095844626032,0.00475303009478911,0.0036626748302997715,18.279266370297897,5.24815106331614,-0.002579547544601879,-0.022394180847995382,-0.021635786321239747,-0.005469210987571138,-0.015853845546595635,-0.023571327291019073,0.46830391718589326,0.27059910310193086,0.22211371425433982,0.309582368559767,0.4875,0.5125,15.0,17.0,9.857142857142858,9.4375,36.73684280876021,34.89449423659381,0.950811245403382,0.027406167486039947,59.0,0.963748620230872,0.025152029592223037,29.0,0.004261519174601549,1.0,-1.061922175339891,-0.0022181198210959887,1.0,852.0,0.4295726581498491,67.21740398415224,742.0,0.18544600938967137,0.41901408450704225,0.3955399061032864,0.0,0.0,0.0,0.0,0.0,0.0,40.70682133430254,5.117503373783432,0.964347662589991,0.0,90.0,1.0,3.627155060222069,1.0,3.1408608290545303,0,1,1,1
ETH-USD_1h_1702454400_1703026800_42.png,C:\Users\afierro\CV_chart_pattern_detector\data\images\rendered\train\ETH-USD_1h_1702454400_1703026800_42.png,train,ETH-USD,1h,2023-12-13T08:00:00+00:00,2023-12-19T23:00:00+00:00,160,-7.001160863330882e-06,0.005186136261033958,0.003766486981774759,15.974941723931632,2.5955209031988895,0.0005650807652020085,-0.004525073018223691,-0.02641048909472099,0.0009485965458950751,-0.013591307831335442,-0.006674076022766706,0.47103222123105387,0.264440128094794,0.24096611529777318,0.28800166347117295,0.475,0.525,15.0,14.0,9.714285714285714,11.538461538461538,40.853835506052015,42.886320615300676,0.950811245403382,0.027406167486039947,59.0,0.0,0.0,0.0,0.010476100552580666,1.0,-0.42632090951710977,-0.018075961303713493,1.0,1892.0,-17.99789145330546,63.3905735609683,761.0,0.09989429175475686,0.3086680761099366,0.5914376321353065,0.0,0.0,0.0,0.0,0.0,0.0,26.44861407480407,4.199610303404171,0.30399677070216985,0.0,35.0,1.0,4.119411029519685,0.0,0.0,0,1,1,0
ETH-USD_1h_1702598400_1703170800_42.png,C:\Users\afierro\CV_chart_pattern_detector\data\images\rendered\train\ETH-USD_1h_1702598400_1703170800_42.png,train,ETH-USD,1h,2023-12-15T00:00:00+00:00,2023-12-21T15:00:00+00:00,160,-0.0001713596229924803,0.005361827097648325,0.0039287998936698865,16.48731433328201,2.8219225370344394,-0.009098938753045904,0.008214711514144213,0.02242220237686343,0.0004225730170772657,0.009107920953190574,0.012257854949744296,0.47966810857431774,0.25502929100601957,0.24222162067168754,0.2781102707539948,0.46875,0.53125,14.0,14.0,11.23076923076923,10.76923076923077,32.96513951068891,37.64017417925816,0.9832821419672918,0.026020501535741026,59.0,0.0,0.0,0.0,0.010476100552580666,1.0,0.5382692217533969,0.003000429643709618,1.0,1271.0,-11.038557623100505,66.9025221816463,771.0,0.13217938630999213,0.3430369787568843,0.5247836349331235,0.0,0.0,0.0,0.0,0.0,0.0,0.0,0.0,0.0,0.0,0.0,1.0,3.7933575525770933,0.0,0.0,0,0,1,0
ETH-USD_1h_1702742400_1703314800_42.png,C:\Users\afierro\CV_chart_pattern_detector\data\images\rendered\train\ETH-USD_1h_1702742400_1703314800_42.png,train,ETH-USD,1h,2023-12-16T16:00:00+00:00,2023-12-23T07:00:00+00:00,160,0.0001007621121813015,0.005729535232772292,0.004278320212587874,18.123516223819426,3.5940218232324033,0.004707766494781884,-0.012732437234920901,-0.004351390003139333,-0.004433864786742903,-0.009424294078057338,0.005260101377395632,0.46989736993478537,0.26532687596004956,0.25817594069467364,0.271926689370541,0.48125,0.51875,14.0,14.0,10.307692307692308,11.153846153846153,51.03163573126152,51.35999356781224,0.0,0.0,0.0,0.9609042060403927,0.04363998517695017,77.0,0.011133942210669972,1.0,1.6296538912330156,-0.00154648953383841,1.0,648.0,21.98610667332455,57.6621562405844,726.0,0.20833333333333334,0.5941358024691358,0.19753086419753085,0.0,0.0,0.0,0.0,0.0,0.0,68.32725077784443,5.838660892603362,0.6464059696674332,0.0,31.0,0.0,0.0,1.0,5.478218647890273,0,1,0,1
ETH-USD_1h_1702886400_1703458800_42.png,C:\Users\afierro\CV_chart_pattern_detector\data\images\rendered\train\ETH-USD_1h_1702886400_1703458800_42.png,train,ETH-USD,1h,2023-12-18T08:00:00+00:00,2023-12-24T23:00:00+00:00,160,0.0002763082245653678,0.0055913307561273025,0.004126260453055264,18.771827577866723,2.990319276351836,-0.0105498232227218,-0.011033892308162652,-0.019322897265080075,-0.008081069180874256,-0.010450790026578227,-0.012446304044143708,0.4534820098491691,0.2537038882881444,0.2674213656149952,0.2790966245358358,0.525,0.475,17.0,14.0,8.9375,10.923076923076923,48.52806148567135,60.081916415024935,0.0,0.0,0.0,0.9698147144619572,0.03907945256021497,45.0,0.011133942210669972,1.0,0.41325152367558493,0.008681346577562029,1.0,390.0,19.0461495135075,58.52917753424647,708.0,0.31025641025641026,0.5128205128205128,0.17692307692307693,0.0,0.0,0.0,0.0,0.0,0.0,56.615973406716876,6.691187422198866,0.7067988295152049,0.0,41.0,0.0,0.0,1.0,4.6775815108797,0,1,0,1
ETH-USD_1h_1703030400_1703602800_42.png,C:\Users\afierro\CV_chart_pattern_detector\data\images\rendered\train\ETH-USD_1h_1703030400_1703602800_42.png,train,ETH-USD,1h,2023-12-20T00:00:00+00:00,2023-12-26T15:00:00+00:00,160,0.0001362628671112443,0.004866127001223224,0.003615463678682835,17.25148205897395,3.5612752934946896,-0.00606884865780799,0.00012114576976918201,-0.017291167925368556,-0.00384698234446057,-0.01052339063948271,-0.01770838667507757,0.4398879366384314,0.24165367167305754,0.25942341626915244,0.3006886470924163,0.53125,0.46875,17.0,16.0,8.9375,8.8,33.73909201658825,37.64859086008404,0.9888468217756636,0.02507847134582422,61.0,0.9717633609602744,0.03291683338096605,24.0,0.008118274555781936,1.0,-0.6906928035630651,-0.007247228969352066,1.0,673.0,12.766711597456798,66.80710558958958,739.0,0.21545319465081725,0.5037147102526003,0.28083209509658247,0.0,0.0,0.0,0.0,0.0,0.0,37.56688322045082,6.77372937919031,0.9296173326634523,0.0,90.0,1.0,3.5910939229574623,1.0,4.259957703202355,0,1,1,1
ETH-USD_1h_1703174400_1703746800_42.png,C:\Users\afierro\CV_chart_pattern_detector\data\images\rendered\train\ETH-USD_1h_1703174400_1703746800_42.png,train,ETH-USD,1h,2023-12-21T16:00:00+00:00,2023-12-28T07:00:00+00:00,160,0.0004045192814082211,0.004920976805730637,0.0035771469820852493,17.189297132958828,3.7261845073335595,-0.01394154081992005,0.006457396827544759,0.04220492025818667,-0.006808370351977788,0.005715676571980133,0.04102486536005512,0.4322000583568351,0.22847115302103138,0.26462442380835943,0.3031755178348055,0.5625,0.4375,17.0,15.0,9.1875,9.142857142857142,45.45611951524334,31.786906878287077,0.9669947671433409,0.02933677092323332,60.0,0.9851375850370664,0.03170379278777983,53.0,0.014944555137125845,1.0,1.220493788091906,-0.024962073071116343,1.0,561.0,-19.295905358969847,64.99509012149973,758.0,0.22281639928698752,0.2531194295900178,0.5240641711229946,0.0,0.0,0.0,0.0,0.0,0.0,56.61597340671704,6.691187422200012,0.7067988295151921,0.0,41.0,1.0,4.12380980754709,1.0,4.302842971672025,0,1,1,1
ETH-USD_1h_1703318400_1703890800_42.png,C:\Users\afierro\CV_chart_pattern_detector\data\images\rendered\train\ETH-USD_1h_1703318400_1703890800_42.png,train,ETH-USD,1h,2023-12-23T08:00:00+00:00,2023-12-29T23:00:00+00:00,160,3.818494256955855e-05,0.005281860867550589,0.003710885873280145,17.029570320933097,4.8698549740729105,-0.00763095196989072,-0.03476070528967257,-0.02240741528126211,-0.005146480411441612,-0.014967844646650907,-0.025163765873100097,0.42803627791075816,0.22417022462148087,0.2572985459768703,0.31466517611237155,0.55625,0.44375,16.0,15.0,10.0,10.357142857142858,52.91311463144087,44.5931338312177,0.9669947671433409,0.02933677092323332,60.0,0.9851375850370664,0.03170379278777983,53.0,0.0156353263719818,1.0,1.4674479606188529,-0.002264250664778121,1.0,531.0,-10.740118154024673,63.578683268332746,750.0,0.2693032015065913,0.3032015065913371,0.4274952919020716,0.0,0.0,0.0,0.0,0.0,0.0,0.0,0.0,0.0,0.0,0.0,1.0,4.160442176769756,1.0,4.3413933088371595,0,0,1,1
ETH-USD_1h_1703462400_1704034800_42.png,C:\Users\afierro\CV_chart_pattern_detector\data\images\rendered\train\ETH-USD_1h_1703462400_1704034800_42.png,train,ETH-USD,1h,2023-12-25T00:00:00+00:00,2023-12-31T15:00:00+00:00,160,0.0001139419075088867,0.005285911000058597,0.003716385357391239,18.33194670747114,4.161837148708909,-0.004162696006237643,0.006307505099405475,0.00017401972513564345,-0.0007940657601192003,0.001483500171742591,-0.00025448178428777446,0.4341387488750975,0.23784955245891942,0.2613855543015601,0.30447569682334236,0.54375,0.45625,15.0,15.0,10.571428571428571,10.071428571428571,53.58496615863656,44.33385401198004,0.9762307209370732,0.024779056341181816,25.0,0.9765164242055975,0.027223254816456505,42.0,0.0156353263719818,1.0,-1.2279680028129258,0.01048965211359665,1.0,368.0,-5.2472876367037715,63.18147008943261,710.0,0.37228260869565216,0.28532608695652173,0.3423913043478261,0.0,0.0,0.0,0.0,0.0,0.0,0.0,0.0,0.0,0.0,0.0,1.0,3.169687406198327,1.0,3.476433203814691,0,0,1,1
ETH-USD_1h_1703606400_1704178800_42.png,C:\Users\afierro\CV_chart_pattern_detector\data\images\rendered\train\ETH-USD_1h_1703606400_1704178800_42.png,train,ETH-USD,1h,2023-12-26T16:00:00+00:00,2024-01-02T07:00:00+00:00,160,0.00045948337905549164,0.005282364903550959,0.0037937471701778892,18.86226546624407,4.386954173407594,-0.0002472312198554816,0.02211883249579083,0.037578878243738734,0.004727928298211115,0.016721416056369343,0.030650384005652453,0.4475815505402586,0.23956948557225183,0.2635736320266611,0.28884481743308027,0.575,0.425,16.0,14.0,9.933333333333334,10.692307692307692,49.75717624122176,36.42263868356427,0.0,0.0,0.0,0.9882353972525882,0.013829106433712216,53.0,0.009521957159649218,1.0,0.755642991092361,-0.0061620095196825275,1.0,374.0,-11.152411617856613,64.53764694253681,745.0,0.339572192513369,0.25935828877005346,0.40106951871657753,0.0,0.0,0.0,0.0,0.0,0.0,0.0,0.0,0.0,0.0,0.0,0.0,0.0,1.0,1.865378951628815,0,0,0,1
ETH-USD_1h_1703750400_1704322800_42.png,C:\Users\afierro\CV_chart_pattern_detector\data\images\rendered\train\ETH-USD_1h_1703750400_1704322800_42.png,train,ETH-USD,1h,2023-12-28T08:00:00+00:00,2024-01-03T23:00:00+00:00,160,-0.0004460819473640953,0.006084366206872171,0.004225510664857071,19.083690337504855,5.4655134263253355,0.0014457088732080514,0.007270588986083126,-0.06782535330099149,-0.0025210975463875185,-0.029304230441626,-0.05394887251523084,0.4567103751479394,0.24590856189115293,0.2523522380104892,0.2909373868415714,0.5125,0.4875,18.0,18.0,8.352941176470589,8.058823529411764,39.92914171410017,49.19862677497422,0.9730896727581811,0.03365490862728434,62.0,0.9882353972525882,0.013829106433712216,53.0,0.012571268448443813,1.0,-0.19080368026253752,-0.021192651445042555,1.0,995.0,-2.6713618383934747,67.12582978656839,747.0,0.13969849246231156,0.4130653266331658,0.4472361809045226,0.0,0.0,0.0,0.0,0.0,0.0,41.72560788963009,0.019928965983647306,0.7029534506773983,0.0,115.0,1.0,4.375071239054383,1.0,1.845971453596999,0,1,1,1
ETH-USD_1h_1703894400_1704466800_42.png,C:\Users\afierro\CV_chart_pattern_detector\data\images\rendered\train\ETH-USD_1h_1703894400_1704466800_42.png,train,ETH-USD,1h,2023-12-30T00:00:00+00:00,2024-01-05T15:00:00+00:00,160,-0.00019795420817906047,0.005687061961015728,0.003738287238551087,17.894871367197545,6.19513358100682,-0.007573696347408787,-0.013456951058377187,-0.021294096947303776,-0.008843384077810268,-0.011349096868895292,-0.006558795284825614,0.4226228161686258,0.25345501729779174,0.29692791766238913,0.280449266168985,0.525,0.475,17.0,17.0,9.25,9.125,55.747854037243265,58.29677969822514,0.9730896727581811,0.03365490862728434,62.0,0.9882353972525882,0.013829106433712216,53.0,0.012571268448443813,1.0,-2.114990389123291,0.012572987223902847,1.0,666.0,-1.5885934926368095,68.9402550036008,710.0,0.1981981981981982,0.3933933933933934,0.4084084084084084,0.0,0.0,0.0,0.0,0.0,0.0,0.0,0.0,0.0,0.0,0.0,1.0,4.650744807398559,1.0,1.955802253966474,0,0,1,1
ETH-USD_1h_1704038400_1704610800_42.png,C:\Users\afierro\CV_chart_pattern_detector\data\images\rendered\train\ETH-USD_1h_1704038400_1704610800_42.png,train,ETH-USD,1h,2023-12-31T16:00:00+00:00,2024-01-07T07:00:00+00:00,160,-0.0001355733471478143,0.005737508481626188,0.0037817197379065026,18.668055828571646,5.790704835186049,0.0030996342877531724,0.005229167132226431,0.007593405608816495,0.0022119378696774383,0.0026059776115943123,0.002786481538501029,0.4289133861498162,0.254831986008469,0.28186189995221655,0.2892247138979672,0.525,0.475,17.0,19.0,8.9375,8.222222222222221,64.22921666466434,59.911267860232265,0.9663899574812715,0.02989524834560577,56.0,0.0,0.0,0.0,0.008153498569854764,1.0,0.018705344585100855,0.010518292476624362,1.0,815.0,-9.66748952646197,66.24902806179036,709.0,0.1607361963190184,0.350920245398773,0.4883435582822086,0.0,0.0,0.0,0.0,0.0,0.0,22.43511980928077,7.734634732692009,0.42202529165014535,0.0,67.0,1.0,3.9605889163846495,0.0,0.0,0,1,1,0
ETH-USD_1h_1704182400_1704754800_42.png,C:\Users\afierro\CV_chart_pattern_detector\data\images\rendered\train\ETH-USD_1h_1704182400_1704754800_42.png,train,ETH-USD,1h,2024-01-02T08:00:00+00:00,2024-01-08T23:00:00+00:00,160,-0.00023577244672715904,0.006028749627056788,0.004025824354432948,22.27358283108542,8.884155959284342,-0.010243952160913228,0.03063002503117862,0.06099332110158584,0.007395393311465881,0.02675310324894986,0.03664013368976349,0.41794277949037095,0.2591328832665279,0.2936025384044682,0.28845468210516073,0.51875,0.48125,16.0,18.0,9.6,8.0,56.01010365047986,54.24469168146576,0.9951446981561782,0.022834056032568932,52.0,0.9771743048932413,0.027699314133951422,45.0,0.007861073240889669,1.0,0.42845815752462885,-0.021720065117459674,1.0,860.0,-11.382563017135443,65.72717781446099,771.0,0.16511627906976745,0.3313953488372093,0.5034883720930232,0.0,0.0,0.0,0.0,0.0,0.0,22.43511980928069,6.223742252754657,0.5111481448977918,0.0,74.0,1.0,2.509552794004521,1.0,2.8888378034014015,0,1,1,1
ETH-USD_1h_1704326400_1704898800_42.png,C:\Users\afierro\CV_chart_pattern_detector\data\images\rendered\train\ETH-USD_1h_1704326400_1704898800_42.png,train,ETH-USD,1h,2024-01-04T00:00:00+00:00,2024-01-10T15:00:00+00:00,160,0.0006681752641860759,0.006828449821787787,0.0044133603177373875,18.936566703412275,6.146410577749651,0.01960278243783864,0.028897169094017627,0.08828273223703809,0.024146662920145667,0.03301554457903033,0.05286153261012183,0.40781326879573887,0.26253515447819614,0.3021797754634307,0.29000695574083046,0.55625,0.44375,16.0,18.0,9.8,8.705882352941176,60.11628324287437,47.85936913061275,0.9951446981561782,0.022834056032568932,52.0,0.9725027087563394,0.0719208952098262,33.0,0.018015314591250744,1.0,2.2169706985466475,-0.023293383456506625,1.0,568.0,0.1443613717253779,66.95066284817175,780.0,0.25704225352112675,0.3908450704225352,0.352112676056338,0.0,0.0,0.0,0.0,0.0,0.0,22.435119809280316,6.223742252754128,0.5111481448978131,0.0,74.0,1.0,2.9184663449605255,1.0,8.462589365554464,0,1,1,1
ETH-USD_1h_1704470400_1705042800_42.png,C:\Users\afierro\CV_chart_pattern_detector\data\images\rendered\train\ETH-USD_1h_1704470400_1705042800_42.png,train,ETH-USD,1h,2024-01-05T16:00:00+00:00,2024-01-12T07:00:00+00:00,160,0.0010388157032814795,0.007974479281919506,0.005626207161920288,24.87146962525516,10.577412738747695,0.002285881975897963,-0.007528427556568351,-0.019376506410982874,-0.003172055192224188,-0.006260140378441359,0.019341943977328357,0.4663671294714926,0.2519806984716682,0.2463701965914682,0.28726267393703914,0.575,0.425,17.0,18.0,9.0,8.294117647058824,148.4512671776284,144.54241937495522,0.9915329355577018,0.021286729199465507,38.0,0.9725027087563394,0.0719208952098262,33.0,0.021936183750743122,1.0,5.602037154242842,-0.004084284370529437,1.0,346.0,0.7225388486605848,67.54500526816994,716.0,0.2774566473988439,0.3988439306358382,0.3236994219653179,0.0,0.0,0.0,0.0,0.0,0.0,0.0,0.0,0.0,0.0,0.0,1.0,2.0789597749047823,1.0,6.47185625860978,0,0,1,1
ETH-USD_1h_1704614400_1705186800_42.png,C:\Users\afierro\CV_chart_pattern_detector\data\images\rendered\train\ETH-USD_1h_1704614400_1705186800_42.png,train,ETH-USD,1h,2024-01-07T08:00:00+00:00,2024-01-13T23:00:00+00:00,160,0.0009215180781109236,0.008506111208937281,0.006195155492001224,29.30421956144978,9.723492790843034,0.0024417650695398585,0.015219291682745828,0.012162326624031827,0.005242236557630564,0.008942256009426552,-0.00044197524163247515,0.4552586382377471,0.24935528487600825,0.2612740381100005,0.28346732365225247,0.58125,0.41875,17.0,16.0,9.125,9.466666666666667,149.73348055333489,151.69780934785274,0.9936730600262262,0.021836862111042108,31.0,0.9725027087563394,0.0719208952098262,33.0,0.02182249765200978,1.0,-0.09290752461321601,0.03575964046352752,1.0,446.0,13.224211162783105,62.633849966434,709.0,0.2399103139013453,0.5224215246636771,0.23766816143497757,0.0,0.0,0.0,0.0,0.0,0.0,0.0,0.0,0.0,0.0,0.0,1.0,2.076096400485521,1.0,5.511032498535655,0,0,1,1
ETH-USD_1h_1704758400_1705330800_42.png,C:\Users\afierro\CV_chart_pattern_detector\data\images\rendered\train\ETH-USD_1h_1704758400_1705330800_42.png,train,ETH-USD,1h,2024-01-09T00:00:00+00:00,2024-01-15T15:00:00+00:00,160,0.0005761320293951777,0.00826170827920645,0.005821396290837037,31.56953015367673,9.322969005394834,-0.009789906865930287,0.0005929168324709799,0.0022120895677057995,-0.003934760537358417,-0.00023299494727002656,-0.008652845128367836,0.4475596206192307,0.25516353775352063,0.25787557821075147,0.2945648011700178,0.55625,0.44375,19.0,15.0,8.444444444444445,9.642857142857142,113.44913900143186,121.97531552827483,0.9936730600262262,0.021836862111042108,31.0,0.9495620274996828,0.05000897394928176,24.0,0.017046308825740455,1.0,-1.2257283169245068,0.029509453846089165,1.0,540.0,2.2314769748184418,62.15434991061474,716.0,0.25,0.4462962962962963,0.3037037037037037,0.0,0.0,0.0,0.0,0.0,0.0,0.0,0.0,0.0,0.0,0.0,1.0,1.935212425972389,1.0,3.705951860091398,0,0,1,1
ETH-USD_1h_1704902400_1705474800_42.png,C:\Users\afierro\CV_chart_pattern_detector\data\images\rendered\train\ETH-USD_1h_1704902400_1705474800_42.png,train,ETH-USD,1h,2024-01-10T16:00:00+00:00,2024-01-17T07:00:00+00:00,160,0.0003905793771621257,0.006585671390283061,0.004775066548630292,28.400278287375222,12.04394913152915,-0.00735388480339727,-0.015820015037304125,0.0021633209135416553,-0.008489439184268033,-0.006370661518389942,0.0034597369505457998,0.45168404168175397,0.2565553784256261,0.2689659312124548,0.2793500271057912,0.525,0.475,18.0,15.0,8.058823529411764,9.428571428571429,50.319469123188426,36.074218679457665,0.9936730600262262,0.021836862111042108,31.0,0.9830376861871097,0.040001613537580284,88.0,0.007404213915334181,1.0,0.43180661040786683,-0.005304871779700212,1.0,956.0,-17.594147361596757,63.50885861468318,733.0,0.1903765690376569,0.2709205020920502,0.5387029288702929,0.0,0.0,0.0,0.0,0.0,0.0,0.0,0.0,0.0,0.0,0.0,1.0,2.1385877033124157,1.0,3.811691137550641,0,0,1,1
ETH-USD_1h_1705046400_1705618800_42.png,C:\Users\afierro\CV_chart_pattern_detector\data\images\rendered\train\ETH-USD_1h_1705046400_1705618800_42.png,train,ETH-USD,1h,2024-01-12T08:00:00+00:00,2024-01-18T23:00:00+00:00,160,-0.000312005055245531,0.005119785638917011,0.0036532501355175553,20.63810958100014,6.42070150222993,0.012834597253535529,-0.024836802513280687,-0.023341212557216662,-0.002788854269247687,-0.012721330655102392,-0.023678660233962034,0.4207262129207088,0.2638194117136482,0.2799245025590061,0.2993492845202851,0.49375,0.50625,17.0,17.0,9.0,8.8125,41.524748605052466,27.739030588560222,0.9750485532769347,0.023051914732119552,36.0,0.9830376861871097,0.040001613537580284,88.0,0.007404213915334181,1.0,-0.5801761603375333,-0.005758417545328618,1.0,678.0,-16.39086095026109,64.03876841569787,745.0,0.2374631268436578,0.25958702064896755,0.5029498525073747,0.0,0.0,0.0,0.0,0.0,0.0,11.825477464007937,0.7400293316417905,0.18718906244182862,0.0,48.0,1.0,3.015136435781802,1.0,5.124945899274286,0,1,1,1
ETH-USD_1h_1705190400_1705762800_42.png,C:\Users\afierro\CV_chart_pattern_detector\data\images\rendered\train\ETH-USD_1h_1705190400_1705762800_42.png,train,ETH-USD,1h,2024-01-14T00:00:00+00:00,2024-01-20T15:00:00+00:00,160,-0.00024038180199305114,0.004541721764393424,0.0032642543131311597,17.342696709917572,2.246665285930277,-0.0027361885217701554,-0.007504652642942977,-0.008359494486034014,-0.0030178595129342067,-0.005792144570379021,-0.004867036781505019,0.44722500868649445,0.2629722597558717,0.260769302929531,0.2920056883839746,0.48125,0.51875,17.0,18.0,8.375,8.764705882352942,31.595679065975762,36.904287954713965,0.9750485532769347,0.023051914732119552,36.0,0.9879075663222703,0.023740203820887068,39.0,0.006830039270709695,1.0,-1.0709127988748228,-0.0027501860723435642,1.0,1444.0,-16.663440398727428,62.811311010797915,715.0,0.14265927977839335,0.2873961218836565,0.5699445983379502,0.0,0.0,0.0,0.0,0.0,0.0,11.825477464008815,0.7400293316417278,0.187189062441845,0.0,48.0,1.0,3.5631896061971315,1.0,3.543538282606376,0,1,1,1
ETH-USD_1h_1705334400_1705906800_42.png,C:\Users\afierro\CV_chart_pattern_detector\data\images\rendered\train\ETH-USD_1h_1705334400_1705906800_42.png,train,ETH-USD,1h,2024-01-15T16:00:00+00:00,2024-01-22T07:00:00+00:00,160,-0.0002533941581154171,0.004118536923469319,0.002963793149705134,15.181089291104374,3.7512917554309166,-0.0068757281872035,-0.016806244872429987,-0.020672357296007138,-0.007431959805258459,-0.014377796465839143,-0.017834292156647225,0.46206679971406234,0.25673325261175167,0.2587398697047026,0.2791933305812351,0.46875,0.53125,15.0,18.0,9.071428571428571,8.705882352941176,39.76555022741277,41.497584073661635,0.9750485532769347,0.023051914732119552,36.0,0.0,0.0,0.0,0.006830039270709695,1.0,-0.3116274027191776,0.0041314952292531675,1.0,1220.0,-27.65328443138326,59.585635188646386,710.0,0.13442622950819672,0.20655737704918034,0.659016393442623,0.0,0.0,0.0,0.0,0.0,0.0,34.66453654789205,7.455478810298444,0.6962990255377765,0.0,58.0,1.0,4.051905724192831,0.0,0.0,0,1,1,0
ETH-USD_1h_1705478400_1706050800_42.png,C:\Users\afierro\CV_chart_pattern_detector\data\images\rendered\train\ETH-USD_1h_1705478400_1706050800_42.png,train,ETH-USD,1h,2024-01-17T08:00:00+00:00,2024-01-23T23:00:00+00:00,160,-0.0007849317551024885,0.005432842263047025,0.003586460342367652,17.012705778396654,5.237801797720628,0.026032849887907883,0.02156464382351042,-0.043451185129261605,0.01538931029502244,0.0006068069461546699,-0.036400398192733,0.4577391189075605,0.2534222917562596,0.24726592467057257,0.2949949564218669,0.45625,0.54375,13.0,18.0,11.333333333333334,8.941176470588236,85.82968646855194,112.69586033262762,0.9250987212276215,0.05301278772378524,109.0,0.0,0.0,0.0,0.0070749272364329825,1.0,-3.891898734177206,-0.029826602144255945,1.0,669.0,-25.29746415832474,63.516835942814744,745.0,0.18385650224215247,0.21225710014947682,0.6038863976083707,0.0,0.0,0.0,0.0,0.0,0.0,34.664536547892695,7.45547881029835,0.6962990255378222,0.0,58.0,1.0,8.011260507413239,0.0,0.0,0,1,1,0
ETH-USD_1h_1705622400_1706194800_42.png,C:\Users\afierro\CV_chart_pattern_detector\data\images\rendered\train\ETH-USD_1h_1705622400_1706194800_42.png,train,ETH-USD,1h,2024-01-19T00:00:00+00:00,2024-01-25T15:00:00+00:00,160,-0.0007414966588270231,0.005550358486718985,0.0037494442986598974,16.84242984672506,5.544721519088913,-0.019533157972566717,-0.016010073754272325,-0.005603704898810569,-0.013680005878250912,-0.013440742642851666,-0.0150070074958506,0.4651065565826201,0.24763635198579428,0.25352320096793773,0.2813702424494422,0.45,0.55,14.0,15.0,10.846153846153847,9.285714285714286,114.3349697608045,120.94216916636923,0.9374149323680153,0.0469542441670117,80.0,0.0,0.0,0.0,0.0070749272364329825,1.0,-2.1918761134552143,0.012450259382945044,1.0,828.0,-28.538653206782065,56.53073879470056,705.0,0.14251207729468598,0.16545893719806765,0.6920289855072463,0.0,0.0,0.0,0.0,0.0,0.0,0.0,0.0,0.0,0.0,0.0,1.0,7.060419252898577,0.0,0.0,0,0,1,0
ETH-USD_1h_1705766400_1706338800_42.png,C:\Users\afierro\CV_chart_pattern_detector\data\images\rendered\train\ETH-USD_1h_1705766400_1706338800_42.png,train,ETH-USD,1h,2024-01-20T16:00:00+00:00,2024-01-27T07:00:00+00:00,160,-0.0005191650039256058,0.005467878665150187,0.003713998068233903,16.92960355958084,5.491550009302555,-0.006894944440291595,-0.004215148963188198,0.004854196143338818,-0.004927228322817001,-0.0027359684471656154,0.009753039833034993,0.4538079543392454,0.25858997628114416,0.2691766048561063,0.2770154408046483,0.45625,0.54375,15.0,15.0,10.428571428571429,9.5,84.88397420793477,98.8651217141595,0.946239561807956,0.042613266148299425,42.0,0.9928303701888609,0.023804986069137033,52.0,0.007119709644854055,1.0,0.4946073605250741,0.0015512681674388856,1.0,976.0,-16.493858623455782,60.5300194229038,715.0,0.14549180327868852,0.2459016393442623,0.6086065573770492,0.0,0.0,0.0,0.0,0.0,0.0,0.0,0.0,0.0,0.0,0.0,1.0,6.237039857927018,1.0,3.2878049348137233,0,0,1,1
ETH-USD_1h_1705910400_1706482800_42.png,C:\Users\afierro\CV_chart_pattern_detector\data\images\rendered\train\ETH-USD_1h_1705910400_1706482800_42.png,train,ETH-USD,1h,2024-01-22T08:00:00+00:00,2024-01-28T23:00:00+00:00,160,-0.0004003419203368669,0.00548897225556269,0.003765329736495924,18.416442292135176,5.78050607861049,0.0013354689004345666,-0.004832749817008097,-0.020264110645169642,-0.002625901410703735,-0.008060252131754098,-0.0064780326389728415,0.43257904952357773,0.24630753360704566,0.27938691908807434,0.28803403138834793,0.48125,0.51875,18.0,17.0,8.235294117647058,8.4375,42.10848826484532,36.941455609661006,0.0,0.0,0.0,0.9928303701888609,0.023804986069137033,52.0,0.007119709644854055,1.0,0.8352780121894009,0.005802036493194299,1.0,565.0,5.357516566209034,65.11962883127148,710.0,0.2407079646017699,0.39646017699115044,0.36283185840707965,0.0,0.0,0.0,0.0,0.0,0.0,40.941253445449114,7.8660683728963825,0.6122226257788527,0.0,76.0,0.0,0.0,1.0,3.037632400864448,0,1,0,1
ETH-USD_1h_1706054400_1706626800_42.png,C:\Users\afierro\CV_chart_pattern_detector\data\images\rendered\train\ETH-USD_1h_1706054400_1706626800_42.png,train,ETH-USD,1h,2024-01-24T00:00:00+00:00,2024-01-30T15:00:00+00:00,160,0.0002734922540399162,0.004186618926903888,0.003088688425785338,15.111575755541867,3.223871461129381,0.011624841724970691,0.015975869102903495,0.01652293235368174,0.012429444016034852,0.0128225846054133,0.02429703218105317,0.4295507685178088,0.24949489124053967,0.29821510533621576,0.2722341261459754,0.51875,0.48125,19.0,19.0,8.0,8.166666666666666,26.73678526724169,35.33251826704991,0.9903671444639921,0.02370055174831224,25.0,0.9738686059211384,0.03535873361169669,73.0,0.006373990275186937,1.0,0.5804647210501717,-0.005510616132288003,1.0,2109.0,12.342337708215457,63.88609714913498,780.0,0.11711711711711711,0.5576102418207681,0.32527264106211473,0.0,0.0,0.0,0.0,0.0,0.0,38.58646587437425,6.857768277415431,0.8874911574219005,0.0,113.0,1.0,3.625616580325678,1.0,5.471397411548403,0,1,1,1
ETH-USD_1h_1706198400_1706770800_42.png,C:\Users\afierro\CV_chart_pattern_detector\data\images\rendered\train\ETH-USD_1h_1706198400_1706770800_42.png,train,ETH-USD,1h,2024-01-25T16:00:00+00:00,2024-02-01T07:00:00+00:00,160,0.0002531198946939326,0.004585663900244916,0.003260068201194143,14.36513612187141,2.78317031894767,0.006534615742443073,-0.0060330307338947176,-0.014145867323914318,0.0011540795323401465,-0.009323295287683941,-0.01972543890063727,0.446701204444724,0.2580742283214053,0.2827015423788958,0.27059725317638017,0.51875,0.48125,18.0,19.0,8.294117647058824,8.055555555555555,38.79350068067755,31.60712731256843,0.0,0.0,0.0,0.9738686059211384,0.03535873361169669,73.0,0.008579321736710966,1.0,0.38047573839662846,-0.015619375456640468,1.0,408.0,16.205877731828128,63.82748498749537,737.0,0.29411764705882354,0.48284313725490197,0.22303921568627452,0.0,0.0,0.0,0.0,0.0,0.0,0.0,0.0,0.0,0.0,0.0,0.0,0.0,1.0,5.7419080459697485,0,0,0,1
ETH-USD_1h_1706342400_1706914800_42.png,C:\Users\afierro\CV_chart_pattern_detector\data\images\rendered\train\ETH-USD_1h_1706342400_1706914800_42.png,train,ETH-USD,1h,2024-01-27T08:00:00+00:00,2024-02-02T23:00:00+00:00,160,0.0001617841120501863,0.004436075926416134,0.0031251720023499994,14.28180049315759,3.1370103719325466,0.0033240491698567354,0.007267492584191126,0.0046642359267992095,0.0033284087946465757,0.0017798592815703174,0.007263362294710474,0.44072376563502347,0.25224439239111035,0.28750816648704564,0.27176806787793095,0.53125,0.46875,17.0,20.0,8.75,7.421052631578948,31.024107871204837,23.46114559756194,0.0,0.0,0.0,0.9877423445268791,0.0249179671423646,45.0,0.008579321736710966,1.0,-0.6635793483356758,0.01548976972359863,1.0,1482.0,8.730089689475482,65.31355996735716,738.0,0.15789473684210525,0.49460188933873145,0.3475033738191633,0.0,0.0,0.0,0.0,0.0,0.0,17.08254823497802,5.417503615610001,0.4735026782689337,0.0,122.0,0.0,0.0,1.0,4.085060698532521,0,1,0,1
ETH-USD_1h_1706486400_1707058800_42.png,C:\Users\afierro\CV_chart_pattern_detector\data\images\rendered\train\ETH-USD_1h_1706486400_1707058800_42.png,train,ETH-USD,1h,2024-01-29T00:00:00+00:00,2024-02-04T15:00:00+00:00,160,0.00013223939832407788,0.004331991366072282,0.00298704433846007,13.900215253358875,3.4075422216430233,-0.0017088678967045468,0.006198907103825091,-0.00048636442591643014,0.0013020476472000997,0.0008738208365068889,-0.0014319426376083744,0.45332932054165304,0.2564632957204412,0.2914331393452701,0.2552375401130768,0.50625,0.49375,17.0,19.0,9.5,7.944444444444445,26.16920901261674,21.79593385037613,0.0,0.0,0.0,0.9810941819124672,0.018606981353466792,29.0,0.007294500950455611,1.0,0.1602263244256902,0.0060648545870452,1.0,1196.0,-1.8010080886824076,66.8491710463241,709.0,0.1596989966555184,0.40468227424749165,0.43561872909698995,0.0,0.0,0.0,0.0,0.0,0.0,0.0,0.0,0.0,0.0,0.0,0.0,0.0,1.0,3.1514505410754787,0,0,0,1
ETH-USD_1h_1706630400_1707202800_42.png,C:\Users\afierro\CV_chart_pattern_detector\data\images\rendered\train\ETH-USD_1h_1706630400_1707202800_42.png,train,ETH-USD,1h,2024-01-30T16:00:00+00:00,2024-02-06T07:00:00+00:00,160,-0.00010427922958120826,0.004106304507296778,0.002866783975156062,15.043254929755829,5.629858377478368,0.004450007553359114,0.014176577487438058,0.0007009154902322123,0.00652444232994176,0.007695763487071794,0.010233346556191902,0.4531159889304609,0.25318050931714575,0.2620187339881591,0.2848652770813801,0.5125,0.4875,17.0,18.0,9.3125,8.235294117647058,22.286493683216356,17.70888429643979,0.0,0.0,0.0,0.9903993544015386,0.011594018565341402,25.0,0.005958346160480153,1.0,-0.026624120956405137,-0.008835454740184366,1.0,2641.0,-0.21128885626838045,62.43976411889907,770.0,0.10867095797046573,0.4369556985990155,0.4543733434305187,0.0,0.0,0.0,0.0,0.0,0.0,0.0,0.0,0.0,0.0,0.0,0.0,0.0,1.0,1.8481750631629137,0,0,0,1
ETH-USD_1h_1706774400_1707346800_42.png,C:\Users\afierro\CV_chart_pattern_detector\data\images\rendered\train\ETH-USD_1h_1706774400_1707346800_42.png,train,ETH-USD,1h,2024-02-01T08:00:00+00:00,2024-02-07T23:00:00+00:00,160,0.0004149304925297039,0.0034201954513818043,0.002515811005700198,11.916271569681982,2.255761536536136,0.00212400204962071,0.02502652278846429,0.027262637986394056,0.006165778580464298,0.015659993671756745,0.027583352429352725,0.42242254491013104,0.2523536848985249,0.29053284429798454,0.28704461079188437,0.54375,0.45625,17.0,19.0,9.0625,7.944444444444445,35.069221977452095,27.602724352674826,0.9913835649799458,0.014002245704174672,34.0,0.9619047619047619,0.03106060606060606,63.0,0.005958346160480153,1.0,1.5941520159400033,-0.005719275461112833,1.0,967.0,10.582208389395149,68.25514287295432,764.0,0.1282316442605998,0.5305067218200621,0.34126163391933817,0.0,0.0,0.0,0.0,0.0,0.0,0.0,0.0,0.0,0.0,0.0,1.0,2.8497407336181415,1.0,6.25026956219833,0,0,1,1
ETH-USD_1h_1706918400_1707490800_42.png,C:\Users\afierro\CV_chart_pattern_detector\data\images\rendered\train\ETH-USD_1h_1706918400_1707490800_42.png,train,ETH-USD,1h,2024-02-03T00:00:00+00:00,2024-02-09T15:00:00+00:00,160,0.0004817805682839738,0.0036536760084178673,0.0026233615747472488,12.746812054135974,2.3304170896323404,-0.003143975711089708,0.01897201566436757,0.027811072530387504,0.004523987034296573,0.01449932338388149,0.023767128907852486,0.43344151425066535,0.253091163202275,0.283787289028343,0.28277119672099166,0.5375,0.4625,16.0,19.0,10.066666666666666,7.166666666666667,67.54836044226023,54.72292533104113,0.0,0.0,0.0,0.9426386395923543,0.04373346490519177,75.0,0.00928721260231149,1.0,1.837943506797954,-0.007110586674703297,1.0,539.0,21.473094219842956,60.84967964965499,710.0,0.15955473098330242,0.62708719851577,0.21335807050092764,0.0,0.0,0.0,0.0,0.0,0.0,0.0,0.0,0.0,0.0,0.0,0.0,0.0,1.0,8.339057862942418,0,0,0,1
ETH-USD_1h_1707062400_1707634800_42.png,C:\Users\afierro\CV_chart_pattern_detector\data\images\rendered\train\ETH-USD_1h_1707062400_1707634800_42.png,train,ETH-USD,1h,2024-02-04T16:00:00+00:00,2024-02-11T07:00:00+00:00,160,0.0005910194769885264,0.0038402102119721527,0.0028802211354471297,13.698779619080403,2.6175445939366284,-0.0005931151196906237,0.012632262148486229,0.015920993926629157,0.005333495617337647,0.009317796418118363,0.012519975829506702,0.4436439050595439,0.25586417671364176,0.2869826508929005,0.2693734440475556,0.575,0.425,15.0,19.0,9.142857142857142,8.166666666666666,73.95445776963011,74.5663623820551,0.0,0.0,0.0,0.9426386395923543,0.04373346490519177,75.0,0.00928721260231149,1.0,1.32918647444914,-0.0003202746106148552,1.0,490.0,23.087751186745507,56.32057069564988,710.0,0.20816326530612245,0.6224489795918368,0.16938775510204082,0.0,0.0,0.0,0.0,0.0,0.0,0.0,0.0,0.0,0.0,0.0,0.0,0.0,1.0,7.778505368229071,0,0,0,1
ETH-USD_1h_1707206400_1707778800_42.png,C:\Users\afierro\CV_chart_pattern_detector\data\images\rendered\train\ETH-USD_1h_1707206400_1707778800_42.png,train,ETH-USD,1h,2024-02-06T08:00:00+00:00,2024-02-12T23:00:00+00:00,160,0.0008249734737689695,0.004404268750314589,0.0030854715220885575,14.921374846076944,2.610258896710427,0.01905564601091836,0.05212799620283204,0.06623081979829704,0.020392975526971613,0.04384376111663424,0.05270968888354166,0.44680645071486713,0.26404315085286195,0.2967754674485778,0.25641808183655507,0.55,0.45,15.0,16.0,9.214285714285714,9.466666666666667,48.97692762924188,54.24231084621581,0.9864701206906462,0.011022510817362422,24.0,0.9549339483636657,0.03749585129344532,59.0,0.007936205120378391,1.0,0.9674781997187036,-0.027525486081485983,1.0,829.0,21.20626836109219,64.59921724014252,771.0,0.13148371531966224,0.6200241254523522,0.24849215922798554,0.0,0.0,0.0,0.0,0.0,0.0,19.372863856430165,3.3661569481620564e-13,0.39988167867415414,1.0,60.0,1.0,1.9507069139227728,1.0,6.158032627466189,0,1,1,1
ETH-USD_1h_1707350400_1707922800_42.png,C:\Users\afierro\CV_chart_pattern_detector\data\images\rendered\train\ETH-USD_1h_1707350400_1707922800_42.png,train,ETH-USD,1h,2024-02-08T00:00:00+00:00,2024-02-14T15:00:00+00:00,160,0.0007766532369164847,0.005064220691539874,0.0035977884018679606,16.88809295728168,4.828546518388202,-0.002347715966282804,0.03939210645697888,0.046334176926150716,0.008077378573497551,0.0258949481931261,0.03640458756231579,0.47900792784466406,0.25011856409331323,0.2698947509868469,0.2510973211684891,0.55,0.45,14.0,15.0,9.846153846153847,10.714285714285714,71.3416939232363,92.10349677521593,0.9864701206906462,0.011022510817362422,24.0,0.9356283761426757,0.04159544828909451,65.0,0.007936205120378391,1.0,3.0808384903891266,-0.01952358746517733,1.0,707.0,18.496459854458482,63.57991551440942,760.0,0.173974540311174,0.5756718528995757,0.25035360678925034,0.0,0.0,0.0,0.0,0.0,0.0,19.372863856429763,6.911932660734832e-13,0.399881678674149,1.0,60.0,1.0,1.7336990034859387,1.0,6.526298223335351,0,1,1,1
ETH-USD_1h_1707494400_1708066800_42.png,C:\Users\afierro\CV_chart_pattern_detector\data\images\rendered\train\ETH-USD_1h_1707494400_1708066800_42.png,train,ETH-USD,1h,2024-02-09T16:00:00+00:00,2024-02-16T07:00:00+00:00,160,0.0007946674903174657,0.005397890084994887,0.003928688263859249,20.259360806318483,5.574384703262647,-0.010937467061113426,0.0005829225032967233,0.006277055503326245,-0.006621815467841019,-0.004420260165298506,0.009910580553736947,0.47925636904597946,0.24192696126352065,0.2614906699099989,0.2592529610440216,0.575,0.425,16.0,15.0,9.933333333333334,10.428571428571429,138.75419842606343,127.69492265900355,0.9864701206906462,0.011022510817362422,24.0,0.9356283761426757,0.04159544828909451,65.0,0.014932576499740691,1.0,3.1219490154711704,0.000863094586157473,1.0,1156.0,23.929061782504448,58.71661066421621,718.0,0.13062283737024222,0.6548442906574394,0.21453287197231835,0.0,0.0,0.0,0.0,0.0,0.0,0.0,0.0,0.0,0.0,0.0,1.0,1.4597247145697807,1.0,5.479618890836918,0,0,1,1
ETH-USD_1h_1707638400_1708210800_42.png,C:\Users\afierro\CV_chart_pattern_detector\data\images\rendered\train\ETH-USD_1h_1707638400_1708210800_42.png,train,ETH-USD,1h,2024-02-11T08:00:00+00:00,2024-02-17T23:00:00+00:00,160,0.0006353583731589854,0.005676615036961622,0.004059784639143495,21.764818605099737,4.79943239029062,0.004188428834557056,0.0167664845492137,-0.002645597353686746,0.005799921656831408,0.003987762285329488,-0.0036389906673748307,0.455385692094559,0.25152120597915084,0.24106748414874185,0.30354682375669917,0.575,0.425,15.0,16.0,10.357142857142858,9.2,122.34544467567599,104.58535105768577,0.0,0.0,0.0,0.9444341551952368,0.03715242103867691,31.0,0.014932576499740691,1.0,-0.16063748241912318,0.006349387161693591,1.0,828.0,19.131638746834607,61.30302796436566,740.0,0.15942028985507245,0.6014492753623188,0.2391304347826087,0.0,0.0,0.0,0.0,0.0,0.0,0.0,0.0,0.0,0.0,0.0,0.0,0.0,1.0,4.4906640581812765,0,0,0,1
ETH-USD_1h_1707782400_1708354800_42.png,C:\Users\afierro\CV_chart_pattern_detector\data\images\rendered\train\ETH-USD_1h_1707782400_1708354800_42.png,train,ETH-USD,1h,2024-02-13T00:00:00+00:00,2024-02-19T15:00:00+00:00,160,0.0005572226907616999,0.005281383970144724,0.003947100476680366,22.733472419398243,3.7221166733121898,-0.0014657421392283432,-0.004357112052737144,0.02879565412677576,-0.00025363718472359853,0.005777742664413887,0.027398034383802727,0.4568960989391259,0.23988007186824054,0.24236080362061108,0.300743097440263,0.60625,0.39375,15.0,18.0,10.285714285714286,8.764705882352942,72.12716115306358,74.92196583450128,0.0,0.0,0.0,0.9998887311583267,0.021864327388825364,64.0,0.007564937357105224,1.0,1.4823997890295488,0.004116254704497672,1.0,785.0,17.216556330091635,63.78562084282948,713.0,0.17070063694267515,0.5719745222929936,0.2573248407643312,0.0,0.0,0.0,0.0,0.0,0.0,0.0,0.0,0.0,0.0,0.0,0.0,0.0,1.0,2.9122563334976728,0,0,0,1
ETH-USD_1h_1707926400_1708498800_42.png,C:\Users\afierro\CV_chart_pattern_detector\data\images\rendered\train\ETH-USD_1h_1707926400_1708498800_42.png,train,ETH-USD,1h,2024-02-14T16:00:00+00:00,2024-02-21T07:00:00+00:00,160,0.0004639011905278091,0.005755992582279521,0.004160505529550134,23.128411806194798,4.423508178080663,-0.021496502658777894,-0.018200030049581928,0.003323324689504581,-0.016360869056180838,-0.009644259829033497,-0.0002414619470317847,0.4504276108286989,0.2381798072168149,0.24389186464661178,0.30568052452468936,0.56875,0.43125,17.0,17.0,8.9375,8.1875,73.88654410180489,57.67718061176188,0.0,0.0,0.0,0.9443825678412893,0.061157722170277685,67.0,0.021365257137794892,1.0,2.643785747773106,-0.01474095960648938,1.0,1238.0,17.88287130893721,61.20998686606287,779.0,0.12277867528271405,0.6058158319870759,0.27140549273021003,0.0,0.0,0.0,0.0,0.0,0.0,0.0,0.0,0.0,0.0,0.0,0.0,0.0,1.0,7.639085797574008,0,0,0,1
ETH-USD_1h_1708070400_1708642800_42.png,C:\Users\afierro\CV_chart_pattern_detector\data\images\rendered\train\ETH-USD_1h_1708070400_1708642800_42.png,train,ETH-USD,1h,2024-02-16T08:00:00+00:00,2024-02-22T23:00:00+00:00,160,0.00035611606282816017,0.006076001381518962,0.004579169059167653,24.18977488653574,6.350613740068439,-0.005542242868043723,0.0018172561791767183,0.015207267782527012,-0.00444204997691533,-0.0032237396050331935,0.00457294695940047,0.46605109548639734,0.24377773601747582,0.22879485498544744,0.30515404952815517,0.55625,0.44375,18.0,16.0,8.941176470588236,9.466666666666667,81.44999549068191,67.22871056780264,0.0,0.0,0.0,0.9570881388812189,0.06115347309247201,63.0,0.021365257137794892,1.0,0.5593802156587061,0.0002576213611223098,1.0,832.0,31.01802481775387,55.06083597088962,716.0,0.17548076923076922,0.6790865384615384,0.14543269230769232,0.0,0.0,0.0,0.0,0.0,0.0,0.0,0.0,0.0,0.0,0.0,0.0,0.0,1.0,7.37053810363073,0,0,0,1
ETH-USD_1h_1708214400_1708786800_42.png,C:\Users\afierro\CV_chart_pattern_detector\data\images\rendered\train\ETH-USD_1h_1708214400_1708786800_42.png,train,ETH-USD,1h,2024-02-18T00:00:00+00:00,2024-02-24T15:00:00+00:00,160,0.00038423389746070926,0.006060917060337747,0.004669211200415259,25.35537262353167,6.156864363186331,-0.0020462396126328386,0.0024727119782375073,0.0013790065731515977,-0.0009529156887648771,0.0032811070795768504,0.0005012204850836088,0.49075566935155185,0.24232153190394384,0.22132200776195238,0.28792232288649583,0.54375,0.45625,18.0,14.0,8.352941176470589,10.153846153846153,46.25691062151598,36.89388119170655,0.0,0.0,0.0,0.9648832026180669,0.05710446876939581,52.0,0.010317981746942203,1.0,0.25895827473042,0.0135098675846754,1.0,624.0,23.7051238118647,58.72635608784734,717.0,0.25961538461538464,0.5657051282051282,0.17467948717948717,0.0,0.0,0.0,0.0,0.0,0.0,69.46134441516992,3.7253333412407397,0.5712602163665325,0.0,45.0,0.0,0.0,1.0,6.575508588857809,0,1,0,1
ETH-USD_1h_1708358400_1708930800_42.png,C:\Users\afierro\CV_chart_pattern_detector\data\images\rendered\train\ETH-USD_1h_1708358400_1708930800_42.png,train,ETH-USD,1h,2024-02-19T16:00:00+00:00,2024-02-26T07:00:00+00:00,160,0.00041744217533408223,0.0060592103202524675,0.004623510208867393,28.018088046401147,7.265542702977534,-0.006631700881652658,-0.004902656008251682,0.014358516045724024,-0.005737831102419877,0.0006988577759596826,0.01915504008990987,0.48539409008579015,0.24398316984751303,0.2197471007001925,0.2948588092140173,0.55625,0.44375,19.0,13.0,8.166666666666666,11.916666666666666,47.989604945503416,55.123759619207874,0.0,0.0,0.0,0.9515215642112176,0.0320201276178067,91.0,0.008810152558035512,1.0,2.3536243553680367,0.0020373712039086817,1.0,853.0,2.898001981368518,64.04369331923763,732.0,0.1735052754982415,0.44431418522860494,0.3821805392731536,0.0,0.0,0.0,0.0,0.0,0.0,69.46134441517007,3.7253333412393643,0.571260216366541,0.0,45.0,0.0,0.0,1.0,3.689989119643924,0,1,0,1
ETH-USD_1h_1708502400_1709074800_42.png,C:\Users\afierro\CV_chart_pattern_detector\data\images\rendered\train\ETH-USD_1h_1708502400_1709074800_42.png,train,ETH-USD,1h,2024-02-21T08:00:00+00:00,2024-02-27T23:00:00+00:00,160,0.0006287838678762851,0.005653660638564129,0.004319304085748957,25.64058254990787,5.064424824063068,-0.0025717379534379026,-0.0035036388670338647,0.009568350027867378,7.40207060578868e-06,0.00037255266452285163,0.02163102897826752,0.4615857721728228,0.25843936534392276,0.2377190113486308,0.30069521647854625,0.59375,0.40625,19.0,15.0,8.444444444444445,10.5,107.21066085307943,114.32562876664576,0.0,0.0,0.0,0.9560666639742607,0.04856763997146048,65.0,0.00937190452178487,1.0,3.807604430379741,-0.0058682853194823355,1.0,1477.0,22.40690149515161,60.76808415379623,725.0,0.1083276912660799,0.6479350033852403,0.24373730534867977,0.0,0.0,0.0,0.0,0.0,0.0,0.0,0.0,0.0,0.0,0.0,0.0,0.0,1.0,5.864550894555181,0,0,0,1
ETH-USD_1h_1708646400_1709218800_42.png,C:\Users\afierro\CV_chart_pattern_detector\data\images\rendered\train\ETH-USD_1h_1708646400_1709218800_42.png,train,ETH-USD,1h,2024-02-23T00:00:00+00:00,2024-02-29T15:00:00+00:00,160,0.000954553860574905,0.006322137991033456,0.004543944518076094,28.806867360193372,12.42542779992939,-0.012934456880874912,-0.003264574197219372,0.051313528111956774,-0.0020508995991422863,0.009852292047808353,0.03680839906813338,0.4541166954532322,0.2656651527087714,0.236873774963572,0.3090095295831958,0.6,0.39375,19.0,15.0,8.277777777777779,10.357142857142858,193.061785680918,160.0219700416165,0.0,0.0,0.0,0.9550698161039798,0.08150818880527952,56.0,0.023369270343671072,1.0,4.839168073136441,-0.004797591165839599,1.0,517.0,21.99806179126411,59.14423645973518,728.0,0.22243713733075435,0.5938104448742747,0.18375241779497098,0.0,0.0,0.0,0.0,0.0,0.0,0.0,0.0,0.0,0.0,0.0,0.0,0.0,1.0,8.993033587364911,0,0,0,1
ETH-USD_1h_1708790400_1709362800_42.png,C:\Users\afierro\CV_chart_pattern_detector\data\images\rendered\train\ETH-USD_1h_1708790400_1709362800_42.png,train,ETH-USD,1h,2024-02-24T16:00:00+00:00,2024-03-02T07:00:00+00:00,160,0.0009436894202378409,0.0067312314602474815,0.004940980408410992,33.2640976148949,13.950865170599437,-0.0035121458077935763,-0.0008621668933738169,0.001831202285060174,-0.0016818833601229821,0.0005725891677095252,0.003123903735665179,0.4459637624186973,0.25142038035303277,0.24966454543120858,0.304371692150094,0.58125,0.4125,18.0,15.0,8.117647058823529,9.5,149.63112912351423,132.22386914455183,0.0,0.0,0.0,0.9550698161039798,0.08150818880527952,56.0,0.023369270343671072,1.0,1.718562001875304,0.022508134674049468,1.0,785.0,29.933754167738993,53.319187906525606,709.0,0.1592356687898089,0.6993630573248407,0.14140127388535031,0.0,0.0,0.0,0.0,0.0,0.0,0.0,0.0,0.0,0.0,0.0,0.0,0.0,1.0,7.815296326016501,0,0,0,1
ETH-USD_1h_1708934400_1709506800_42.png,C:\Users\afierro\CV_chart_pattern_detector\data\images\rendered\train\ETH-USD_1h_1708934400_1709506800_42.png,train,ETH-USD,1h,2024-02-26T08:00:00+00:00,2024-03-03T23:00:00+00:00,160,0.0007792881677091602,0.006751043268677478,0.004923119198271387,34.45658730892794,12.547837140805575,0.006524875909038386,0.020289897468150908,0.013721443934197497,0.007337676365900769,0.014549897674102086,0.017145789428619995,0.4598441212122329,0.2534904978319175,0.24958186308826152,0.2905740156995056,0.5625,0.43125,18.0,16.0,7.882352941176471,8.866666666666667,84.14399008966639,97.74366990373339,0.0,0.0,0.0,0.9949054477619007,0.060440202140722016,41.0,0.011302816696788167,1.0,0.8340962259728211,0.013017291101995846,1.0,579.0,25.61830326230209,57.377950081659556,713.0,0.23316062176165803,0.6062176165803109,0.16062176165803108,0.0,0.0,0.0,0.0,0.0,0.0,66.35688384412047,2.1237453408342826,0.8601701371523899,0.0,96.0,0.0,0.0,1.0,5.706228598997484,0,1,0,1
ETH-USD_1h_1709078400_1709650800_42.png,C:\Users\afierro\CV_chart_pattern_detector\data\images\rendered\train\ETH-USD_1h_1709078400_1709650800_42.png,train,ETH-USD,1h,2024-02-28T00:00:00+00:00,2024-03-05T15:00:00+00:00,160,0.0009696979632360189,0.006799411107178066,0.005131889021747499,35.96163299392726,12.162318203468654,0.013817684814214415,0.019061216243518198,0.055712918286417557,0.013292498173238965,0.026320312284869862,0.0590529499319834,0.47193137583212563,0.2416667398553398,0.23241432260307476,0.29565430156479966,0.54375,0.45,18.0,15.0,8.235294117647058,10.0,79.72387712568059,97.61863677711456,0.0,0.0,0.0,0.9709548132212352,0.03651105802438167,31.0,0.011302816696788167,1.0,4.473407524613247,-0.025612814861897044,1.0,805.0,18.678256449343994,64.24751952079158,721.0,0.1826086956521739,0.5664596273291925,0.25093167701863356,0.0,0.0,0.0,0.0,0.0,0.0,66.35688384412025,2.1237453408346725,0.8601701371523937,0.0,96.0,0.0,0.0,1.0,3.574333146437766,0,1,0,1
ETH-USD_1h_1709222400_1709794800_42.png,C:\Users\afierro\CV_chart_pattern_detector\data\images\rendered\train\ETH-USD_1h_1709222400_1709794800_42.png,train,ETH-USD,1h,2024-02-29T16:00:00+00:00,2024-03-07T07:00:00+00:00,160,0.000653999498861432,0.009685591172162037,0.006043182270663012,46.48849038550729,21.791363937377636,0.0037190279668783965,-0.006346009618662607,-0.007384587979808344,-0.0016774743932890246,-0.006214535832226087,0.01676832417919316,0.4655987286192612,0.2432070301957313,0.24525364001162941,0.28914763136910937,0.53125,0.46875,17.0,16.0,8.625,9.6,158.77102803705915,144.27682506074692,0.9202611889538839,0.05714868725343496,39.0,0.9512195121951219,0.15974085365853652,60.0,0.021146423645005803,1.0,4.476636075949376,-0.020523234578527765,1.0,872.0,19.543573579315197,61.774638539918215,724.0,0.17889908256880735,0.5814220183486238,0.2396788990825688,0.0,0.0,0.0,0.0,0.0,0.0,36.24247254710891,5.244760385412318,0.44743621843772635,0.0,39.0,1.0,4.660140851755489,1.0,11.48871341977025,0,1,1,1
ETH-USD_1h_1709366400_1709938800_42.png,C:\Users\afierro\CV_chart_pattern_detector\data\images\rendered\train\ETH-USD_1h_1709366400_1709938800_42.png,train,ETH-USD,1h,2024-03-02T08:00:00+00:00,2024-03-08T23:00:00+00:00,160,0.000851285602715076,0.009678129273017574,0.005948919214706501,45.81636813601568,20.767293422085444,-0.011570904240968072,-0.02266561299837422,-0.004047046271741905,-0.008884249534859445,-0.010497613935427363,0.003907249120518763,0.4457793922049361,0.2546412373027743,0.2545940111967461,0.2996265965983178,0.54375,0.45625,15.0,16.0,10.428571428571429,9.133333333333333,198.6483145483215,188.91864809604556,0.9202611889538839,0.05714868725343496,39.0,0.9512195121951219,0.15974085365853652,60.0,0.021146423645005803,1.0,4.542560360993914,0.056145088747275244,1.0,1569.0,22.483743528107155,57.52437857922613,750.0,0.13575525812619502,0.6335245379222435,0.2307202039515615,0.0,0.0,0.0,0.0,0.0,0.0,0.0,0.0,0.0,0.0,0.0,1.0,4.726424263566561,1.0,11.654051166108792,0,0,1,1
ETH-USD_1h_1709510400_1710082800_42.png,C:\Users\afierro\CV_chart_pattern_detector\data\images\rendered\train\ETH-USD_1h_1709510400_1710082800_42.png,train,ETH-USD,1h,2024-03-04T00:00:00+00:00,2024-03-10T15:00:00+00:00,160,0.0007268742056743832,0.009581906125655142,0.00575016154714455,53.638536580737195,20.94142130545907,-0.012467198274985214,-0.015039348311814082,-0.004355650809602318,-0.011031293528664499,-0.009964367088833415,-0.008515550162829233,0.4172464288957853,0.2519808410192524,0.2686297487737767,0.31412382233043806,0.51875,0.48125,12.0,16.0,13.090909090909092,8.933333333333334,154.8338863911902,174.50652647179132,0.9245470515246709,0.0523935065393461,31.0,0.9222018822561243,0.14249372656377865,29.0,0.015298462142766648,1.0,1.066163033286471,0.010152434064866055,1.0,966.0,15.075565338566683,62.353310562696706,710.0,0.1873706004140787,0.5362318840579711,0.27639751552795033,0.0,0.0,0.0,0.0,0.0,0.0,0.0,0.0,0.0,0.0,0.0,1.0,3.7103272875886053,1.0,8.950494515660962,0,0,1,1
ETH-USD_1h_1709654400_1710226800_42.png,C:\Users\afierro\CV_chart_pattern_detector\data\images\rendered\train\ETH-USD_1h_1709654400_1710226800_42.png,train,ETH-USD,1h,2024-03-05T16:00:00+00:00,2024-03-12T07:00:00+00:00,160,0.0005987523435332201,0.009496969592449197,0.005533673226663583,54.4727538417171,32.424346961414095,-0.00038722264557455865,-0.009995599576182568,-0.0068705471530138285,-0.004842679034192221,-0.0038333984312673985,0.01558672285913798,0.42233173164404975,0.2535145306079396,0.2811566061127352,0.296511662243215,0.525,0.475,12.0,17.0,12.909090909090908,9.5,128.02533487068095,164.82129144048938,0.0,0.0,0.0,0.9742673622389117,0.04976434949190965,56.0,0.013806804072510597,1.0,1.8753008673230387,-0.010610829408074675,1.0,378.0,10.39682077163111,65.53185922313492,709.0,0.328042328042328,0.42063492063492064,0.25132275132275134,0.0,0.0,0.0,0.0,0.0,0.0,0.0,0.0,0.0,0.0,0.0,0.0,0.0,1.0,3.6491203306368414,0,0,0,1
ETH-USD_1h_1709798400_1710370800_42.png,C:\Users\afierro\CV_chart_pattern_detector\data\images\rendered\train\ETH-USD_1h_1709798400_1710370800_42.png,train,ETH-USD,1h,2024-03-07T08:00:00+00:00,2024-03-13T23:00:00+00:00,160,0.0003612480594195691,0.005843351882683114,0.0040680457403776986,35.98867522367057,7.185672952805159,0.0010873803881572552,0.009829013492830052,-0.009450902794954197,0.004257472518764516,-0.0018691323245743074,-0.0011438188885252165,0.4126512475793144,0.24796282717058488,0.2809398218166077,0.3064089306040779,0.5125,0.4875,12.0,16.0,12.0,9.8,59.60673673242723,70.73133321546754,0.0,0.0,0.0,0.9742673622389117,0.04976434949190965,56.0,0.013806804072510597,1.0,1.2719846460384452,0.012687795047419114,1.0,1785.0,13.34229228095848,62.18488766362083,735.0,0.1411764705882353,0.542296918767507,0.3165266106442577,0.0,0.0,0.0,0.0,0.0,0.0,0.0,0.0,0.0,0.0,0.0,0.0,0.0,1.0,5.418749141017935,0,0,0,1
ETH-USD_1h_1709942400_1710514800_42.png,C:\Users\afierro\CV_chart_pattern_detector\data\images\rendered\train\ETH-USD_1h_1709942400_1710514800_42.png,train,ETH-USD,1h,2024-03-09T00:00:00+00:00,2024-03-15T15:00:00+00:00,160,-0.000331719465867504,0.007044122742701851,0.004737834010703191,37.938291213198625,13.026362761986444,-0.00011655232792939785,-0.016248736609392966,-0.04039852244940423,-0.0037377725684223373,-0.01755086822200913,-0.04724791818414209,0.4299055618196316,0.24540617385931157,0.26814793666522085,0.30194650151514757,0.5125,0.4875,15.0,16.0,10.357142857142858,9.6,81.63807974768203,111.83053496075829,0.9601641267871956,0.05682155073406138,72.0,0.9612641183412002,0.04285021915037083,31.0,0.013044487260441837,1.0,-4.040001406469758,-0.018934646099307957,1.0,349.0,0.18910703242337465,64.5611489101635,757.0,0.3868194842406877,0.30945558739255014,0.3037249283667622,0.0,0.0,0.0,0.0,0.0,0.0,0.0,0.0,0.0,0.0,0.0,1.0,6.27368621030366,1.0,4.400743279716115,0,0,1,1
ETH-USD_1h_1710086400_1710658800_42.png,C:\Users\afierro\CV_chart_pattern_detector\data\images\rendered\train\ETH-USD_1h_1710086400_1710658800_42.png,train,ETH-USD,1h,2024-03-10T16:00:00+00:00,2024-03-17T07:00:00+00:00,160,-0.0007005869892383295,0.00850439902728914,0.005965560599849573,46.96607912020849,10.735352952049576,-0.02765784684306316,-0.023965778431080498,-0.05256466569723828,-0.016592133462010827,-0.03048671369357392,-0.05116748050255626,0.4567216135915036,0.2534175629507407,0.24721263231087948,0.296065754097617,0.50625,0.49375,18.0,18.0,7.882352941176471,8.411764705882353,152.60334638662107,163.80115025542403,0.9601641267871956,0.05682155073406138,72.0,0.0,0.0,0.0,0.02584540964669594,1.0,-5.546181434599145,-0.0022645510809258464,1.0,990.0,-30.960611872600786,56.495781095106274,771.0,0.15757575757575756,0.16262626262626262,0.6797979797979798,0.0,0.0,0.0,0.0,0.0,0.0,0.0,0.0,0.0,0.0,0.0,1.0,5.118089011159404,0.0,0.0,0,0,1,0
ETH-USD_1h_1710230400_1710802800_42.png,C:\Users\afierro\CV_chart_pattern_detector\data\images\rendered\train\ETH-USD_1h_1710230400_1710802800_42.png,train,ETH-USD,1h,2024-03-12T08:00:00+00:00,2024-03-18T23:00:00+00:00,160,-0.0007429073665298179,0.008579372121590455,0.0061523522720366534,50.92289422839266,10.249260587153502,0.01194921368597468,0.002009449536061858,-0.026284127462667506,0.0034938115040663575,-0.009443385550230055,-0.013912161473641271,0.4471831784797427,0.26166483590821243,0.2520502360376837,0.3007665854825737,0.5,0.5,19.0,18.0,7.944444444444445,8.588235294117647,161.78868092638703,174.25050586744857,0.9628340705149794,0.0555368453614935,40.0,0.0,0.0,0.0,0.02584540964669594,1.0,-2.391017346460343,0.0132734026185775,1.0,656.0,-34.54573759836395,52.695812063641476,710.0,0.1875,0.12195121951219512,0.6905487804878049,0.0,0.0,0.0,0.0,0.0,0.0,0.0,0.0,0.0,0.0,0.0,1.0,4.517162072554919,0.0,0.0,0,0,1,0
ETH-USD_1h_1710374400_1710946800_42.png,C:\Users\afierro\CV_chart_pattern_detector\data\images\rendered\train\ETH-USD_1h_1710374400_1710946800_42.png,train,ETH-USD,1h,2024-03-14T00:00:00+00:00,2024-03-20T15:00:00+00:00,160,-0.0011248791958479005,0.010860671612118032,0.008051005519954786,53.45231102581088,11.006395637179294,-0.0002155918451625105,0.04818889716603336,0.0040466199897537525,0.006709767764679686,0.018088144531998918,-0.010802741289112516,0.4682232366047433,0.26683385567986406,0.24245155552500205,0.2893252078702546,0.49375,0.50625,17.0,18.0,8.5,8.529411764705882,166.32156940021594,217.58165658885545,0.929696752149303,0.06343825929234459,77.0,0.0,0.0,0.0,0.02150293178739565,1.0,-6.345801336146269,-0.030971782408721817,1.0,337.0,-26.81899656368646,58.29684562259291,717.0,0.29080118694362017,0.14836795252225518,0.5608308605341247,0.0,0.0,0.0,0.0,0.0,0.0,0.0,0.0,0.0,0.0,0.0,1.0,4.644357602561879,0.0,0.0,0,0,1,0
ETH-USD_1h_1710518400_1711090800_42.png,C:\Users\afierro\CV_chart_pattern_detector\data\images\rendered\train\ETH-USD_1h_1710518400_1711090800_42.png,train,ETH-USD,1h,2024-03-15T16:00:00+00:00,2024-03-22T07:00:00+00:00,160,-0.00024222850771502393,0.010884550575577499,0.008133435546200314,55.208213348131174,9.946724739833462,-0.0030124843484260477,0.008096003674781915,-0.008527219335893288,0.002652113924397792,0.0037970422663045067,0.01908463365251145,0.4702031810422092,0.2633746289526792,0.2527995613024291,0.2769972576553617,0.50625,0.49375,14.0,17.0,10.846153846153847,9.3125,115.11764045035468,173.01654005377617,0.9358704733369826,0.06709400478234574,65.0,0.0,0.0,0.0,0.02150293178739565,1.0,3.6441473277074823,0.01916844479949889,1.0,814.0,-24.900496647603976,57.75546847978732,715.0,0.1928746928746929,0.19656019656019655,0.6105651105651105,0.0,0.0,0.0,0.0,0.0,0.0,0.0,0.0,0.0,0.0,0.0,1.0,4.454757709931021,0.0,0.0,0,0,1,0
ETH-USD_1h_1710662400_1711234800_42.png,C:\Users\afierro\CV_chart_pattern_detector\data\images\rendered\train\ETH-USD_1h_1710662400_1711234800_42.png,train,ETH-USD,1h,2024-03-17T08:00:00+00:00,2024-03-23T23:00:00+00:00,160,-0.0003617569201660593,0.010299457613999162,0.0077406733355131095,59.05980859460453,14.249071895663402,-0.016712343331010016,-0.025076350518422164,0.0005860114557727503,-0.018192541043428156,-0.012467211062877515,-0.017864759588320456,0.4576884203104069,0.26283840130650993,0.26173137835760835,0.2805802013319847,0.50625,0.49375,13.0,16.0,11.583333333333334,9.466666666666667,106.54348916212676,142.19756804876934,0.0,0.0,0.0,0.0,0.0,0.0,0.01751969093468286,1.0,-2.1089497187060333,0.029674259021712973,1.0,419.0,-8.114563196968634,64.10352124535801,717.0,0.3198090692124105,0.28878281622911695,0.3914081145584726,0.0,0.0,0.0,0.0,0.0,0.0,80.06330335739733,4.084572732133202,0.8588674100714667,0.0,78.0,0.0,0.0,0.0,0.0,0,1,0,0
ETH-USD_1h_1710806400_1711378800_42.png,C:\Users\afierro\CV_chart_pattern_detector\data\images\rendered\train\ETH-USD_1h_1710806400_1711378800_42.png,train,ETH-USD,1h,2024-03-19T00:00:00+00:00,2024-03-25T15:00:00+00:00,160,0.0002735626246230288,0.010133235418565447,0.007527258224972367,54.46843330207419,19.394994522642143,0.04228520541646419,0.03279340902078265,0.04900444616276811,0.02951495237024826,0.03433905506517099,0.05068625567112517,0.470936842350663,0.2566510461598147,0.25746666226548376,0.2715964953838532,0.53125,0.46875,12.0,17.0,11.727272727272727,9.0625,77.76861915322905,103.61500555648585,0.0,0.0,0.0,0.0,0.0,0.0,0.014913207044039546,1.0,1.5673621659634578,0.011706157563696916,1.0,395.0,7.098729432232772,63.23240580416774,778.0,0.3493670886075949,0.3822784810126582,0.2683544303797468,0.0,0.0,0.0,0.0,0.0,0.0,0.0,0.0,0.0,0.0,0.0,0.0,0.0,0.0,0.0,0,0,0,0
ETH-USD_1h_1710950400_1711522800_42.png,C:\Users\afierro\CV_chart_pattern_detector\data\images\rendered\train\ETH-USD_1h_1710950400_1711522800_42.png,train,ETH-USD,1h,2024-03-20T16:00:00+00:00,2024-03-27T07:00:00+00:00,160,0.0006278813656261502,0.0075586137829580105,0.005717414550426923,51.72422763403947,31.02118322942827,-0.010518690797671981,-0.0110429345745654,-0.021769491432412802,-0.010022205851604182,-0.008227747568909982,-0.005455418238689003,0.46929174426553877,0.2469062698471322,0.2595323026147187,0.27117595311974246,0.5375,0.4625,13.0,14.0,12.0,10.384615384615385,99.55275409811972,96.41667548844916,0.0,0.0,0.0,0.9461077844311377,0.04490718562874245,64.0,0.007201560188940339,1.0,4.180738513830298,0.0023927533597210486,1.0,904.0,3.6780923711778843,62.788074564148715,710.0,0.16039823008849557,0.45132743362831856,0.38827433628318586,0.0,0.0,0.0,0.0,0.0,0.0,0.0,0.0,0.0,0.0,0.0,0.0,0.0,1.0,3.132528910389467,0,0,0,1
ETH-USD_1h_1711094400_1711666800_42.png,C:\Users\afierro\CV_chart_pattern_detector\data\images\rendered\train\ETH-USD_1h_1711094400_1711666800_42.png,train,ETH-USD,1h,2024-03-22T08:00:00+00:00,2024-03-28T23:00:00+00:00,160,0.00015832119161158828,0.0063128076478080625,0.004846196650506853,36.697613978444885,6.429565604058681,-0.0007184855671406032,-0.012998353375580196,0.012598864111438735,-0.002003566505346277,-0.0021491478027111377,0.0007769007506479575,0.45674710297193233,0.25600338182912236,0.2555047253401713,0.28774817168789635,0.51875,0.48125,13.0,16.0,11.083333333333334,9.8,105.85370361603205,109.0347796505203,0.0,0.0,0.0,0.9220098962452825,0.06009849633588389,41.0,0.007466531867861831,1.0,-1.2081819034224,0.0009022559207589888,1.0,1797.0,17.02169847272805,61.94786748659504,717.0,0.12409571508069003,0.5948803561491375,0.2810239287701725,0.0,0.0,0.0,0.0,0.0,0.0,0.0,0.0,0.0,0.0,0.0,0.0,0.0,1.0,5.770573551563844,0,0,0,1
ETH-USD_1h_1711238400_1711810800_42.png,C:\Users\afierro\CV_chart_pattern_detector\data\images\rendered\train\ETH-USD_1h_1711238400_1711810800_42.png,train,ETH-USD,1h,2024-03-24T00:00:00+00:00,2024-03-30T15:00:00+00:00,160,0.0003411655678209971,0.005376767466940765,0.004121282184464324,31.30891897978658,4.326674420638911,-0.00657022471910107,0.0105754943422105,0.01126901521216972,0.0028418403283854143,0.005900397199551488,0.0006416469803063318,0.46082915668066515,0.25402652951127846,0.2560745803408631,0.2830962629784717,0.53125,0.46875,16.0,17.0,9.533333333333333,9.25,66.9732169386343,72.86349825430207,0.0,0.0,0.0,0.9220098962452825,0.06009849633588389,41.0,0.010137803480622442,1.0,-0.38899507735583444,0.009413731014712176,1.0,1137.0,8.36762965600954,65.41135948201924,714.0,0.16886543535620052,0.5057167985927881,0.3254177660510114,0.0,0.0,0.0,0.0,0.0,0.0,0.0,0.0,0.0,0.0,0.0,0.0,0.0,1.0,6.738107927953383,0,0,0,1
ETH-USD_1h_1711382400_1711954800_42.png,C:\Users\afierro\CV_chart_pattern_detector\data\images\rendered\train\ETH-USD_1h_1711382400_1711954800_42.png,train,ETH-USD,1h,2024-03-25T16:00:00+00:00,2024-04-01T07:00:00+00:00,160,-8.999891196689014e-05,0.005170175315701831,0.0037124238500603635,30.012833109989998,7.513829626896756,-0.01759906049711668,-0.022844233842085004,-0.019204552681862497,-0.012927002828294842,-0.017302788618889675,-0.006562065811341888,0.44949486385016096,0.25128202438520625,0.2644025200069969,0.28610261614284205,0.51875,0.48125,16.0,16.0,8.933333333333334,9.6,46.31012119396793,48.80109949693122,0.9964545863003255,0.032987051887755886,30.0,0.0,0.0,0.0,0.010137803480622442,1.0,1.2127222222222436,-0.003743638368501374,1.0,1426.0,-15.622726530965213,58.57407524803265,777.0,0.18373071528751753,0.2776998597475456,0.5385694249649369,0.0,0.0,0.0,0.0,0.0,0.0,37.846795611430004,5.946395390588626,0.45144887296974806,0.0,101.0,1.0,4.145364311073675,0.0,0.0,0,1,1,0
ETH-USD_1h_1711526400_1712098800_42.png,C:\Users\afierro\CV_chart_pattern_detector\data\images\rendered\train\ETH-USD_1h_1711526400_1712098800_42.png,train,ETH-USD,1h,2024-03-27T08:00:00+00:00,2024-04-02T23:00:00+00:00,160,-0.00048271405214185206,0.006108179439863732,0.0039050439862038013,29.52736674092169,7.3708443057048,0.0004363041680777169,-0.00434220195186541,-0.02497799557532654,0.0018356517296922448,-0.007769690822226671,-0.04560042332896541,0.4200586324946265,0.2534286140678903,0.27743248197746617,0.30250888552790733,0.50625,0.49375,17.0,16.0,8.6875,9.4,62.548508466778664,83.76830784735583,0.9608267551811664,0.03948285961339995,28.0,0.0,0.0,0.0,0.019439150875943625,1.0,-4.2163293483356545,-0.013157343566060683,1.0,301.0,-9.109639886407757,66.09058034791339,711.0,0.3654485049833887,0.2591362126245847,0.3754152823920266,0.0,0.0,0.0,0.0,0.0,0.0,37.846795611430046,5.946395390589679,0.45144887296976227,0.0,101.0,1.0,4.895676071076807,0.0,0.0,0,1,1,0
ETH-USD_1h_1711670400_1712242800_42.png,C:\Users\afierro\CV_chart_pattern_detector\data\images\rendered\train\ETH-USD_1h_1711670400_1712242800_42.png,train,ETH-USD,1h,2024-03-29T00:00:00+00:00,2024-04-04T15:00:00+00:00,160,-0.00034391049656342005,0.0061949543344703775,0.003954399345030126,28.130395912816788,8.625477595627927,0.007109990809401445,0.016144768279532595,0.017647877354209696,0.005906650169269945,0.012086693986617325,0.015813575749421105,0.4178378562114652,0.2491316939756019,0.2723226617135165,0.3098394820750184,0.525,0.475,17.0,16.0,8.625,9.333333333333334,120.62412689394827,121.49139214460577,0.9608267551811664,0.03948285961339995,28.0,0.0,0.0,0.0,0.019439150875943625,1.0,-2.3424653070792174,0.022398592360164137,1.0,655.0,-19.349623952385123,57.493829278579724,709.0,0.20305343511450383,0.19389312977099238,0.6030534351145038,0.0,0.0,0.0,0.0,0.0,0.0,17.556459295374474,5.560049769952214,0.23936859858663614,0.0,49.0,1.0,5.133741672646375,0.0,0.0,0,1,1,0
ETH-USD_1h_1711814400_1712386800_42.png,C:\Users\afierro\CV_chart_pattern_detector\data\images\rendered\train\ETH-USD_1h_1711814400_1712386800_42.png,train,ETH-USD,1h,2024-03-30T16:00:00+00:00,2024-04-06T07:00:00+00:00,160,-0.00036801372402546885,0.006347330016081511,0.004202288955522042,31.583725882898072,7.447008084931624,-0.000285170531978185,0.004751647237709156,0.020921848847688995,0.0011408061396112057,0.0032559827195084434,0.0025925270988893523,0.40366767632482914,0.23992374757259993,0.28079936087364105,0.3155329628015298,0.5125,0.4875,15.0,15.0,9.5,10.357142857142858,131.12391400842523,127.76738360351946,0.9608267551811664,0.03948285961339995,28.0,0.0,0.0,0.0,0.011177415687532352,1.0,-0.028853258321617593,0.002771994210741527,1.0,452.0,-4.117261657540777,63.48459496051536,708.0,0.25442477876106195,0.3053097345132743,0.44026548672566373,0.0,0.0,0.0,0.0,0.0,0.0,0.0,0.0,0.0,0.0,0.0,1.0,4.583556673496472,0.0,0.0,0,0,1,0
ETH-USD_1h_1711958400_1712530800_42.png,C:\Users\afierro\CV_chart_pattern_detector\data\images\rendered\train\ETH-USD_1h_1711958400_1712530800_42.png,train,ETH-USD,1h,2024-04-01T08:00:00+00:00,2024-04-07T23:00:00+00:00,160,-0.00012567113944151684,0.006032924505368465,0.00414147030748887,31.958237828962506,6.95295010480483,0.02153256501024714,0.013496860512880682,0.020512472043890728,0.015335558672650462,0.016819978089887444,0.02674354531080292,0.4052891550706236,0.24294332971056792,0.2795123069185597,0.3151985380108167,0.525,0.475,15.0,15.0,10.428571428571429,10.428571428571429,68.61966334967134,54.50461952287466,0.0,0.0,0.0,0.951961082395865,0.036242018850714444,54.0,0.00804719231906001,1.0,1.3290202766057377,0.013911797871877647,1.0,1083.0,-1.5780292173722004,65.22337693600923,708.0,0.14312096029547552,0.40627885503231764,0.45060018467220686,0.0,0.0,0.0,0.0,0.0,0.0,26.895953651055432,4.5338264737562035,0.3570787083608918,0.0,71.0,0.0,0.0,1.0,3.9262313668044397,0,1,0,1
ETH-USD_1h_1712102400_1712674800_42.png,C:\Users\afierro\CV_chart_pattern_detector\data\images\rendered\train\ETH-USD_1h_1712102400_1712674800_42.png,train,ETH-USD,1h,2024-04-03T00:00:00+00:00,2024-04-09T15:00:00+00:00,160,0.0004831287233484395,0.005918440847240994,0.004085383259060949,34.88070060440966,13.056791244569146,-0.028333126883851478,-0.030904683334751715,-0.04338211382113821,-0.02162940921152634,-0.03333442416576293,-0.00980872605499139,0.4082167757027083,0.2484479634489683,0.2867673263523732,0.30501589794491857,0.53125,0.46875,15.0,15.0,10.857142857142858,10.0,133.9018746628374,131.0001506971143,0.0,0.0,0.0,0.9406441003814786,0.04413907344824027,63.0,0.008481380377501636,1.0,5.212786333802173,-0.022290455016660677,1.0,781.0,23.23943224011249,62.19458839528184,777.0,0.15108834827144688,0.6248399487836107,0.22407170294494239,0.0,0.0,0.0,0.0,0.0,0.0,26.89595365105374,4.53382647375494,0.3570787083608639,1.0,71.0,0.0,0.0,1.0,4.415360034130774,0,1,0,1
ETH-USD_1h_1712246400_1712818800_42.png,C:\Users\afierro\CV_chart_pattern_detector\data\images\rendered\train\ETH-USD_1h_1712246400_1712818800_42.png,train,ETH-USD,1h,2024-04-04T16:00:00+00:00,2024-04-11T07:00:00+00:00,160,0.0003953275306033371,0.006148339308098158,0.004159140502668848,31.619902704120864,6.632923224263899,0.00211418855429768,0.012771994878766346,0.04168301836331878,0.007307575973940494,0.016118121959411758,0.012765296941688486,0.4067928239552587,0.24455661769368156,0.2897697429689159,0.3034374330758255,0.525,0.46875,14.0,16.0,11.307692307692308,9.533333333333333,128.34624416922736,128.44761135381225,0.0,0.0,0.0,0.9406441003814786,0.04413907344824027,63.0,0.011957893042811075,1.0,-0.8436575246132013,0.01553245585789876,1.0,409.0,24.74816183458039,58.07909376324748,725.0,0.293398533007335,0.5525672371638142,0.15403422982885084,0.0,0.0,0.0,0.0,0.0,0.0,0.0,0.0,0.0,0.0,0.0,0.0,0.0,1.0,4.847068433132104,0,0,0,1
ETH-USD_1h_1712390400_1712962800_42.png,C:\Users\afierro\CV_chart_pattern_detector\data\images\rendered\train\ETH-USD_1h_1712390400_1712962800_42.png,train,ETH-USD,1h,2024-04-06T08:00:00+00:00,2024-04-12T23:00:00+00:00,160,-0.0001729486361269043,0.00704215977679144,0.004541546392201084,30.70222865683594,7.963322797039936,0.009749950875967306,-0.05944986432543309,-0.08743351157539869,-0.017486836315078746,-0.04999900963006387,-0.07102348996947672,0.43158093486091537,0.2503600276257711,0.2776927955332202,0.29072626960586445,0.51875,0.475,15.0,15.0,9.285714285714286,10.714285714285714,97.7368872614406,121.80311482972107,0.9510346541518665,0.055345861863956486,77.0,0.9723323452028049,0.028072431158255563,38.0,0.011957893042811075,1.0,-1.770626933895934,-0.03661599536216391,1.0,470.0,3.272335335548888,68.38740050264022,766.0,0.29148936170212764,0.3893617021276596,0.3191489361702128,0.0,0.0,0.0,0.0,0.0,0.0,65.81980697686389,7.742031706444903,0.8003195863794467,0.0,42.0,1.0,6.84450716502385,1.0,3.210271504381165,0,1,1,1
ETH-USD_1h_1712534400_1713106800_42.png,C:\Users\afierro\CV_chart_pattern_detector\data\images\rendered\train\ETH-USD_1h_1712534400_1713106800_42.png,train,ETH-USD,1h,2024-04-08T00:00:00+00:00,2024-04-14T15:00:00+00:00,160,-0.0006739359076706309,0.010055257260072312,0.0062236351992188315,40.02163507227058,11.737964388205171,0.009491214102364864,-0.011362533404942421,0.049523449708917866,0.0006061124029064224,0.011332454520090796,-0.0338986876913594,0.44026469747185215,0.2429428538518484,0.26260383400565657,0.2971314685224914,0.4875,0.50625,14.0,15.0,9.846153846153847,10.785714285714286,172.96317330694458,242.29620601973016,0.9282885045237605,0.07729009444636668,66.0,0.0,0.0,0.0,0.03000218180312497,1.0,-8.19158122362867,-0.02132480062159299,1.0,857.0,-16.371066849387514,66.0260376086875,712.0,0.17736289381563594,0.28588098016336055,0.5367561260210035,0.0,0.0,0.0,0.0,0.0,0.0,65.81980697686329,7.742031706447049,0.8003195863794422,0.0,42.0,1.0,6.8537977501922835,0.0,0.0,0,1,1,0
ETH-USD_1h_1712678400_1713250800_42.png,C:\Users\afierro\CV_chart_pattern_detector\data\images\rendered\train\ETH-USD_1h_1712678400_1713250800_42.png,train,ETH-USD,1h,2024-04-09T16:00:00+00:00,2024-04-16T07:00:00+00:00,160,-0.0006867902638226025,0.01058170227355181,0.006984713050394292,43.896181502241554,12.357952399619881,0.011425074621035813,-0.00624914050332126,-0.03846998864343165,0.008231881424566545,0.00020150231888615977,-0.002198490727638114,0.45382780239232295,0.23122085794595526,0.25543434687269045,0.2907378507349866,0.5,0.49375,15.0,14.0,10.285714285714286,11.23076923076923,192.97228152826054,230.19470659728069,0.9282885045237605,0.07729009444636668,66.0,0.0,0.0,0.0,0.03000218180312497,1.0,-1.0899974214720805,0.011000550945760725,1.0,530.0,-17.3264200246559,65.72556684048433,715.0,0.23962264150943396,0.24716981132075472,0.5132075471698113,0.0,0.0,0.0,0.0,0.0,0.0,65.81980697686271,7.742031706445333,0.8003195863794416,0.0,42.0,1.0,6.270023362885975,0.0,0.0,0,1,1,0
ETH-USD_1h_1712822400_1713394800_42.png,C:\Users\afierro\CV_chart_pattern_detector\data\images\rendered\train\ETH-USD_1h_1712822400_1713394800_42.png,train,ETH-USD,1h,2024-04-11T08:00:00+00:00,2024-04-17T23:00:00+00:00,160,-0.0011314083647448148,0.010852468432139807,0.007548941692344568,46.686836541634435,11.19238475401239,-0.00539378997867801,0.0009421310266211069,-0.04098926762201227,-0.0007373779669589409,-0.014285124683236172,-0.02340432770376799,0.4747983094080258,0.2259349574088238,0.24757395343273902,0.2776277371592353,0.4625,0.5375,15.0,14.0,10.142857142857142,11.538461538461538,171.69346120209576,179.5607577705174,0.9269071969420656,0.0779510672132822,31.0,0.0,0.0,0.0,0.014928012449119956,1.0,-1.8919473745897828,0.015444262701212703,1.0,1027.0,-18.964951875205166,63.38788679793251,709.0,0.13339824732229796,0.28432327166504384,0.5822784810126582,0.0,0.0,0.0,0.0,0.0,0.0,0.0,0.0,0.0,0.0,0.0,1.0,5.834896941725102,0.0,0.0,0,0,1,0
ETH-USD_1h_1712966400_1713538800_42.png,C:\Users\afierro\CV_chart_pattern_detector\data\images\rendered\train\ETH-USD_1h_1712966400_1713538800_42.png,train,ETH-USD,1h,2024-04-13T00:00:00+00:00,2024-04-19T15:00:00+00:00,160,-0.0002424614845184937,0.011016820499795065,0.007595032325940859,45.5884162201033,10.88553324989805,-0.007048903987288191,-0.00744239393783197,0.00406745191085478,-0.004997073843780786,0.007695900709535186,0.0168146018582378,0.44632452442487497,0.22871589330670622,0.26000079962408945,0.2936746759510356,0.49375,0.50625,16.0,13.0,9.333333333333334,10.416666666666666,71.4033430781387,48.241271117718796,0.0,0.0,0.0,0.9829436038514443,0.0658603894699507,34.0,0.02012416970955873,1.0,-0.19523593530238945,-0.006266811792028368,1.0,1134.0,-20.958559161929227,58.21677833702767,763.0,0.20899470899470898,0.24338624338624337,0.5476190476190477,0.0,0.0,0.0,0.0,0.0,0.0,0.0,0.0,0.0,0.0,0.0,0.0,0.0,1.0,4.29849076263766,0,0,0,1
ETH-USD_1h_1713110400_1713682800_42.png,C:\Users\afierro\CV_chart_pattern_detector\data\images\rendered\train\ETH-USD_1h_1713110400_1713682800_42.png,train,ETH-USD,1h,2024-04-14T16:00:00+00:00,2024-04-21T07:00:00+00:00,160,0.00023419605902776585,0.008570108551935811,0.006191698864335103,41.47547171860246,7.853978763454862,0.00402614626752551,0.012273161413562717,0.03925542172612739,0.004901643183511162,0.012813909240941612,0.025627543867911662,0.43801160452538374,0.23428592885801827,0.26770199664228256,0.2942863988323337,0.5125,0.4875,17.0,14.0,9.25,11.307692307692308,60.081569017795616,50.898152426273434,0.0,0.0,0.0,0.9829436038514443,0.0658603894699507,34.0,0.02012416970955873,1.0,1.8441489685888635,0.00981596039917569,1.0,1636.0,-9.504895213872995,65.83971957207936,742.0,0.1271393643031785,0.35880195599022,0.5140586797066015,0.0,0.0,0.0,0.0,0.0,0.0,0.0,0.0,0.0,0.0,0.0,0.0,0.0,1.0,4.712493153290096,0,0,0,1
ETH-USD_1h_1713254400_1713826800_42.png,C:\Users\afierro\CV_chart_pattern_detector\data\images\rendered\train\ETH-USD_1h_1713254400_1713826800_42.png,train,ETH-USD,1h,2024-04-16T08:00:00+00:00,2024-04-22T23:00:00+00:00,160,0.000255543783000954,0.007078978921587614,0.004959113341373418,34.06971752562379,7.061426622866653,0.0037544342785809093,0.005154234418727421,0.001875268063151747,0.0020214519385399754,-1.0467986164108822e-05,0.008061404238796976,0.42196622486794355,0.23469972204558995,0.28796485875521655,0.29006891637683985,0.5,0.5,18.0,13.0,8.823529411764707,12.0,61.14948649633484,77.28316379339789,0.0,0.0,0.0,0.9829436038514443,0.0658603894699507,34.0,0.011285342840379667,1.0,2.0399034224097536,0.00762253380511689,1.0,1123.0,15.333032069732754,63.0877460886363,710.0,0.1558325912733749,0.5529830810329475,0.29118432769367764,0.0,0.0,0.0,0.0,0.0,0.0,0.0,0.0,0.0,0.0,0.0,0.0,0.0,1.0,5.7099756063042,0,0,0,1
ETH-USD_1h_1713398400_1713970800_42.png,C:\Users\afierro\CV_chart_pattern_detector\data\images\rendered\train\ETH-USD_1h_1713398400_1713970800_42.png,train,ETH-USD,1h,2024-04-18T00:00:00+00:00,2024-04-24T15:00:00+00:00,160,0.0003925058478185233,0.006320594394472665,0.004280313757684446,30.768857509070063,7.998078262042609,-0.03234652463771648,-0.02464343189887097,-0.010530907278165413,-0.021986367306665366,-0.019684862545822024,-0.011963584707368913,0.415230094123291,0.23405952502450184,0.2847098679474607,0.3000600379292483,0.51875,0.48125,17.0,13.0,9.5,12.083333333333334,73.71878960268158,89.52372994725282,0.0,0.0,0.0,0.9605272735801901,0.04421391817198021,70.0,0.009581863932869389,1.0,1.2294887482419214,-0.009949666766305463,1.0,1005.0,22.987060244759515,62.45408185436054,709.0,0.17313432835820897,0.5980099502487563,0.22885572139303484,0.0,0.0,0.0,0.0,0.0,0.0,0.0,0.0,0.0,0.0,0.0,0.0,0.0,1.0,4.696211836201445,0,0,0,1
ETH-USD_1h_1713542400_1714114800_42.png,C:\Users\afierro\CV_chart_pattern_detector\data\images\rendered\train\ETH-USD_1h_1713542400_1714114800_42.png,train,ETH-USD,1h,2024-04-19T16:00:00+00:00,2024-04-26T07:00:00+00:00,160,0.00015424606592853805,0.005071558160705801,0.0037166235730685484,28.965982430662894,6.927252128008633,-0.0019512412504496535,-0.0077030191784290825,0.00851077516886467,-0.003574212661045406,-0.00427622057111221,-0.009679397973409665,0.4146592097297441,0.24221042635300585,0.2836911283572453,0.30164966191301046,0.49375,0.50625,16.0,13.0,9.666666666666666,12.333333333333334,55.28864222409855,58.72925979622953,0.9820603624689058,0.03179874275491065,54.0,0.9605272735801901,0.04421391817198021,70.0,0.009581863932869389,1.0,-1.1270021097046274,0.0050205858876442595,1.0,1080.0,11.239810001463802,63.00340242757223,732.0,0.1824074074074074,0.5185185185185185,0.29907407407407405,0.0,0.0,0.0,0.0,0.0,0.0,0.0,0.0,0.0,0.0,0.0,1.0,3.7798775133215545,1.0,4.972666109598008,0,0,1,1
ETH-USD_1h_1713686400_1714258800_42.png,C:\Users\afierro\CV_chart_pattern_detector\data\images\rendered\train\ETH-USD_1h_1713686400_1714258800_42.png,train,ETH-USD,1h,2024-04-21T08:00:00+00:00,2024-04-27T23:00:00+00:00,160,0.0001825839165866266,0.005295831941888371,0.0036085793765019357,25.383689618153255,3.4342189801982066,0.005609439673812222,0.033140492458261006,0.041239421483902694,0.01160457321980446,0.026440241264974906,0.03335187650766436,0.41377953036864284,0.24181142306546916,0.28753206703532846,0.29868840259602863,0.5,0.5,16.0,14.0,9.733333333333333,10.23076923076923,49.14109564559991,43.15337322757481,0.9820603624689058,0.03179874275491065,54.0,0.9886703177320215,0.029804625994457986,39.0,0.016520505927817668,1.0,0.4221987810595401,-0.011827158705866009,1.0,714.0,-25.71709232746052,59.026757802961704,784.0,0.25210084033613445,0.19187675070028012,0.5560224089635855,0.0,0.0,0.0,0.0,0.0,0.0,0.0,0.0,0.0,0.0,0.0,1.0,4.285603678353699,1.0,3.8219372427286107,0,0,1,1
ETH-USD_1h_1713830400_1714402800_42.png,C:\Users\afierro\CV_chart_pattern_detector\data\images\rendered\train\ETH-USD_1h_1713830400_1714402800_42.png,train,ETH-USD,1h,2024-04-23T00:00:00+00:00,2024-04-29T15:00:00+00:00,160,-5.330460956724888e-05,0.005791039202109365,0.003948466737572348,26.30326551207882,3.4373499523862563,0.007069374167354869,0.0001885695428760492,-0.03894413557970777,0.003371001192398415,-0.009406197775120972,-0.021284272349328837,0.4267504280232721,0.24633799432252057,0.2677081625352189,0.305541409441509,0.49375,0.50625,13.0,13.0,10.333333333333334,11.666666666666666,72.11471308815548,58.424949572459,0.966415692336824,0.02846083046583117,26.0,0.9360947565938419,0.04676227822933232,73.0,0.016520505927817668,1.0,1.809066807313664,-0.011080072026342766,1.0,678.0,-10.862837035835316,61.741399961027724,777.0,0.2345132743362832,0.31268436578171094,0.4528023598820059,0.0,0.0,0.0,0.0,0.0,0.0,0.0,0.0,0.0,0.0,0.0,1.0,3.5802343306242244,1.0,5.907529668478742,0,0,1,1
ETH-USD_1h_1713974400_1714546800_42.png,C:\Users\afierro\CV_chart_pattern_detector\data\images\rendered\train\ETH-USD_1h_1713974400_1714546800_42.png,train,ETH-USD,1h,2024-04-24T16:00:00+00:00,2024-05-01T07:00:00+00:00,160,-0.0006073891571581087,0.007138869866442821,0.004717378640628981,29.944236620361057,5.029789273911822,-0.04482137686103904,-0.046642813717771126,-0.0463545128273295,-0.03839052527948128,-0.038503451937150546,-0.07141212881611347,0.43063239137614656,0.2629699055449974,0.26735914824804546,0.302008460375808,0.48125,0.51875,15.0,12.0,10.571428571428571,13.454545454545455,97.73380860730275,84.73264779341743,0.9677831833967631,0.05223240294475929,30.0,0.9360947565938419,0.04676227822933232,73.0,0.015431610937492613,1.0,-5.043519573370851,-0.017006626550615814,1.0,467.0,-7.633838037479613,67.45156758535771,775.0,0.2826552462526767,0.31263383297644537,0.40471092077087795,0.0,0.0,0.0,0.0,0.0,0.0,0.0,0.0,0.0,0.0,0.0,1.0,5.872637403465327,1.0,5.221500073731258,0,0,1,1
ETH-USD_1h_1714118400_1714690800_42.png,C:\Users\afierro\CV_chart_pattern_detector\data\images\rendered\train\ETH-USD_1h_1714118400_1714690800_42.png,train,ETH-USD,1h,2024-04-26T08:00:00+00:00,2024-05-02T23:00:00+00:00,160,-0.0002923416861893544,0.007610234873850483,0.00516975335371514,30.448275901951195,7.806728884317256,-0.004540287551544897,-0.0020285670362869546,0.021688107294375314,-0.0017409920044073601,0.005680758098986827,0.011260649563248348,0.44256812145489705,0.24897671806871746,0.26890506488172583,0.28852681366337707,0.51875,0.48125,16.0,13.0,10.0,12.416666666666666,130.37112976038824,126.57773163848987,0.9677831833967631,0.05223240294475929,30.0,0.9343178144833838,0.04766349982260424,34.0,0.0225889965423959,1.0,-2.932834857008902,0.0189520269024304,1.0,325.0,-7.916928134881533,65.34346589386313,711.0,0.3353846153846154,0.26461538461538464,0.4,0.0,0.0,0.0,0.0,0.0,0.0,0.0,0.0,0.0,0.0,0.0,1.0,5.777227934509166,1.0,5.087300003793906,0,0,1,1
ETH-USD_1h_1714262400_1714834800_42.png,C:\Users\afierro\CV_chart_pattern_detector\data\images\rendered\train\ETH-USD_1h_1714262400_1714834800_42.png,train,ETH-USD,1h,2024-04-28T00:00:00+00:00,2024-05-04T15:00:00+00:00,160,-0.00022331883857640568,0.007534203066631978,0.005293036991848819,30.49201187278885,7.8778546168799375,-0.0011627721254132695,0.006589748707481968,0.004436235142948997,0.0005587085576488349,0.0029361802585019525,0.024154214046367084,0.4491371602547908,0.2518996962416583,0.26492646683553034,0.2859363729096789,0.4875,0.5125,17.0,14.0,9.25,10.76923076923077,122.02186537283283,120.01716887383151,0.9677831833967631,0.05223240294475929,30.0,0.0,0.0,0.0,0.0225889965423959,1.0,3.232949835911875,0.006481700353185466,1.0,453.0,-21.061815586837447,56.731354432341064,711.0,0.2560706401766004,0.17218543046357615,0.5717439293598234,0.0,0.0,0.0,0.0,0.0,0.0,76.02720758928145,7.417747164515792,0.8300349521619189,0.0,52.0,1.0,5.769097887968394,0.0,0.0,0,1,1,0
ETH-USD_1h_1714406400_1714978800_42.png,C:\Users\afierro\CV_chart_pattern_detector\data\images\rendered\train\ETH-USD_1h_1714406400_1714978800_42.png,train,ETH-USD,1h,2024-04-29T16:00:00+00:00,2024-05-06T07:00:00+00:00,160,6.906501473071269e-05,0.007108616526274352,0.004809335714253794,30.84921275637809,7.1229195977779955,0.014649350317902377,0.01549813377437359,0.013811679204386307,0.009343439472334625,0.010317016732413808,0.016085791398612326,0.4343020743956755,0.2453551975147963,0.2694628694266494,0.2962350561776752,0.5,0.5,18.0,15.0,8.470588235294118,9.071428571428571,86.52462693746018,93.1159992315439,0.0,0.0,0.0,0.9834155456266125,0.019848742289067817,26.0,0.015054218596425457,1.0,1.918115447726219,0.008849626022276581,1.0,1994.0,0.770305816962224,63.43998280966195,713.0,0.09729187562688064,0.4453360080240722,0.4573721163490471,0.0,0.0,0.0,0.0,0.0,0.0,76.02720758928139,7.417747164515584,0.8300349521619078,0.0,52.0,0.0,0.0,1.0,2.0882754237902588,0,1,0,1
ETH-USD_1h_1714550400_1715122800_42.png,C:\Users\afierro\CV_chart_pattern_detector\data\images\rendered\train\ETH-USD_1h_1714550400_1715122800_42.png,train,ETH-USD,1h,2024-05-01T08:00:00+00:00,2024-05-07T23:00:00+00:00,160,0.000326071101692786,0.006204251501006756,0.004413073326128338,30.284015779208545,8.930254799775298,-0.014405073418983338,-0.027847945688419973,-0.019724933712090387,-0.015596833864341408,-0.02011450129083725,-0.029408970516500044,0.43170153097867453,0.23709775314933113,0.27198460098738564,0.2963138680339398,0.50625,0.49375,19.0,17.0,8.11111111111111,9.1875,76.86084782600211,77.67580498189108,0.9832848154756315,0.0356246282906063,46.0,0.9458759029864123,0.041023085866135234,59.0,0.009914202783529245,1.0,-1.0140799343647382,-0.006372448367344602,1.0,1085.0,19.771424207544545,63.66388851517019,719.0,0.14285714285714285,0.6,0.2571428571428571,0.0,0.0,0.0,0.0,0.0,0.0,0.0,0.0,0.0,0.0,0.0,1.0,3.925360849724971,1.0,4.333384941006058,0,0,1,1
ETH-USD_1h_1714694400_1715266800_42.png,C:\Users\afierro\CV_chart_pattern_detector\data\images\rendered\train\ETH-USD_1h_1714694400_1715266800_42.png,train,ETH-USD,1h,2024-05-03T00:00:00+00:00,2024-05-09T15:00:00+00:00,160,6.231410906496607e-05,0.005528024438314961,0.0039819297772108716,24.96194996586728,3.028990749040035,0.009670159881768114,0.0016627790736420955,0.018423843258424943,0.007393610033485931,0.007287443966098595,-0.0010509935587846853,0.42617138347673417,0.23722389086619344,0.264197860326936,0.30963075619632985,0.4875,0.5125,17.0,17.0,8.0625,9.1875,52.61940170684348,58.80992873944922,0.9832848154756315,0.0356246282906063,46.0,0.9458759029864123,0.041023085866135234,59.0,0.008662869717170405,1.0,-2.0086193155180547,0.012367470183520182,1.0,1446.0,-18.161831771808046,58.669552529173636,712.0,0.1396957123098202,0.26141078838174275,0.598893499308437,0.0,0.0,0.0,0.0,0.0,0.0,0.0,0.0,0.0,0.0,0.0,1.0,4.726612047943692,1.0,5.21155090366147,0,0,1,1
ETH-USD_1h_1714838400_1715410800_42.png,C:\Users\afierro\CV_chart_pattern_detector\data\images\rendered\train\ETH-USD_1h_1714838400_1715410800_42.png,train,ETH-USD,1h,2024-05-04T16:00:00+00:00,2024-05-11T07:00:00+00:00,160,-0.00041504262050733346,0.00539271597108665,0.0037324151167756605,24.04548705935946,3.9764423083904816,0.0037066300240466976,0.005585842316111256,-0.0350759577278732,0.002218622848522367,-0.0007523965540239264,-0.018872843631745018,0.4111838934612983,0.22971179602691724,0.26054352312423673,0.3282725834144649,0.4875,0.5125,17.0,15.0,9.375,10.357142857142858,67.64153964185849,70.73877882274564,0.977103985393086,0.04615235463777601,61.0,0.9834155456266125,0.019848742289067817,26.0,0.008595553295402453,1.0,-1.0512542194092507,-0.0005678400219590047,1.0,700.0,-28.828577058230128,60.3209452314167,717.0,0.17857142857142858,0.18285714285714286,0.6385714285714286,0.0,0.0,0.0,0.0,0.0,0.0,0.0,0.0,0.0,0.0,0.0,1.0,6.161186332167658,1.0,2.6524058899846246,0,0,1,1
ETH-USD_1h_1714982400_1715554800_42.png,C:\Users\afierro\CV_chart_pattern_detector\data\images\rendered\train\ETH-USD_1h_1714982400_1715554800_42.png,train,ETH-USD,1h,2024-05-06T08:00:00+00:00,2024-05-12T23:00:00+00:00,160,-0.0005376139037266505,0.005173130632478089,0.00355458339946431,25.302601675010347,7.817305677884836,-0.0001024034079855074,-8.192440425602854e-05,0.00016047418414233405,-0.0006311537490534258,0.0006162283952853009,0.0029114763689310763,0.42527869929738404,0.23124236219237118,0.2526945005666576,0.32202680013595836,0.475,0.525,16.0,16.0,9.333333333333334,9.666666666666666,66.25059506513414,63.63047950066364,0.977103985393086,0.04615235463777601,61.0,0.0,0.0,0.0,0.008595553295402453,1.0,-1.4617162447257175,0.015284392762979196,1.0,1107.0,-23.485100645252253,61.57419004707078,710.0,0.12917795844625113,0.24119241192411925,0.6296296296296297,0.0,0.0,0.0,0.0,0.0,0.0,0.0,0.0,0.0,0.0,0.0,1.0,5.8660994234996915,0.0,0.0,0,0,1,0
ETH-USD_1h_1715126400_1715698800_42.png,C:\Users\afierro\CV_chart_pattern_detector\data\images\rendered\train\ETH-USD_1h_1715126400_1715698800_42.png,train,ETH-USD,1h,2024-05-08T00:00:00+00:00,2024-05-14T15:00:00+00:00,160,-0.0002465837697146618,0.004729244672808589,0.0032040209838898786,21.61686667759664,4.3222713946652975,-0.0030984133097657907,-0.005864137200234709,-0.018772064622477047,-0.002405091126077674,-0.009227496634402255,-0.011540871436244604,0.4115003964914328,0.2289214923288493,0.26864306394090176,0.3198565395676655,0.4875,0.5125,14.0,13.0,10.23076923076923,11.25,49.65456192947599,34.68992923792935,0.9912993515554461,0.030908643191332144,32.0,0.9953785529333303,0.024453270971078408,58.0,0.008551063249404078,1.0,0.20978656821380784,-0.004833882742558122,1.0,1308.0,-17.918201253820634,62.059286504434056,772.0,0.17889908256880735,0.2668195718654434,0.5542813455657493,0.0,0.0,0.0,0.0,0.0,0.0,38.97787079379315,7.730347006351853,0.5725812018710374,0.0,47.0,1.0,4.471296356449522,1.0,3.459067163363197,0,1,1,1
ETH-USD_1h_1715270400_1715842800_42.png,C:\Users\afierro\CV_chart_pattern_detector\data\images\rendered\train\ETH-USD_1h_1715270400_1715842800_42.png,train,ETH-USD,1h,2024-05-09T16:00:00+00:00,2024-05-16T07:00:00+00:00,160,5.6228363481486234e-05,0.004644690261247771,0.003085539184822998,21.062302859458306,4.194136531761038,0.0009523999150471418,0.000982295451905646,0.02339728909019967,0.0005682351571369981,0.005149193997183499,0.025970229648812015,0.4214807623051355,0.23833401998540038,0.27664066412217203,0.3018785735726925,0.4875,0.5125,15.0,14.0,10.357142857142858,9.923076923076923,55.01739660224659,42.18784927595398,0.9936827347885788,0.015514809590973178,39.0,0.9923325283357415,0.0382869373058139,56.0,0.008551063249404078,1.0,0.7798729488982857,0.008629894114922407,1.0,1747.0,-7.524905079524723,63.59771751152994,750.0,0.12192329708070979,0.37893531768746425,0.499141385231826,0.0,0.0,0.0,0.0,0.0,0.0,38.97787079379243,7.730347006351794,0.5725812018709752,0.0,47.0,1.0,2.311808818880714,1.0,5.431222384723128,0,1,1,1
ETH-USD_1h_1715414400_1715986800_42.png,C:\Users\afierro\CV_chart_pattern_detector\data\images\rendered\train\ETH-USD_1h_1715414400_1715986800_42.png,train,ETH-USD,1h,2024-05-11T08:00:00+00:00,2024-05-17T23:00:00+00:00,160,0.00039135826299713553,0.00468446803089177,0.0031666655042906504,19.785120699565105,3.5514831448470185,0.0022203062401950913,3.234152652131783e-06,0.04980443551125169,0.0001494396981707169,0.012840462911143824,0.027685874270684474,0.42049995786603284,0.24193528770428463,0.2748405375985984,0.3046595045353688,0.5125,0.4875,13.0,15.0,11.75,10.785714285714286,59.106475160655286,56.999575320055335,0.9967699678183048,0.0144504115494833,25.0,0.9789793942746507,0.048454570598810705,53.0,0.011445217311342723,1.0,2.153711087669954,-0.005814689225684357,1.0,507.0,10.351080435150003,60.45693108914583,749.0,0.3214990138067061,0.4240631163708087,0.25443786982248523,0.0,0.0,0.0,0.0,0.0,0.0,0.0,0.0,0.0,0.0,0.0,1.0,2.245811284704498,1.0,7.276333287983005,0,0,1,1
ETH-USD_1h_1715558400_1716130800_42.png,C:\Users\afierro\CV_chart_pattern_detector\data\images\rendered\train\ETH-USD_1h_1715558400_1716130800_42.png,train,ETH-USD,1h,2024-05-13T00:00:00+00:00,2024-05-19T15:00:00+00:00,160,0.00031324009793045,0.004708409015567607,0.0031967146090159907,20.366260014130667,3.0348337671697623,-0.008164173043080258,-0.010530546623794157,-0.013701923076923084,-0.0063819516534469045,-0.010257651426398118,-0.009448647963795298,0.42084498240236934,0.24479192137848654,0.2742355490704629,0.3049194685271678,0.525,0.475,12.0,14.0,12.454545454545455,10.692307692307692,82.4321731747111,87.32266079469463,0.9994689410492573,0.00858012111983048,31.0,0.9789793942746507,0.048454570598810705,53.0,0.011445217311342723,1.0,2.389714135021104,0.012821604958023505,1.0,507.0,17.802757093186916,57.4330297033338,709.0,0.2682445759368836,0.5364891518737672,0.1952662721893491,0.0,0.0,0.0,0.0,0.0,0.0,46.556944225888884,6.788974574438614,0.8645064315761422,0.0,42.0,1.0,1.4296111768604451,1.0,7.074206734482165,0,1,1,1
ETH-USD_1h_1715702400_1716274800_42.png,C:\Users\afierro\CV_chart_pattern_detector\data\images\rendered\train\ETH-USD_1h_1715702400_1716274800_42.png,train,ETH-USD,1h,2024-05-14T16:00:00+00:00,2024-05-21T07:00:00+00:00,160,0.0015232788374034537,0.00934823114321425,0.004243853702931644,22.59230049441627,10.908408539734605,-0.009580886928759025,0.013435918448709172,0.18639458869057068,-0.0013842344588718136,0.06011940385823111,0.13159413902808814,0.43555198130135614,0.24376690982821989,0.2696583518501784,0.2947896668484654,0.5375,0.4625,12.0,13.0,13.636363636363637,11.0,190.92346797684553,81.17449736515283,0.0,0.0,0.0,0.9795906023450933,0.048137491251263737,46.0,0.02532750846101594,1.0,5.314551570557912,-0.06856123568583176,1.0,775.0,6.870963274355858,68.16616455481066,749.0,0.16516129032258065,0.48,0.3548387096774194,0.0,0.0,0.0,0.0,0.0,0.0,46.55694422588823,6.788974574437382,0.8645064315761508,0.0,42.0,0.0,0.0,1.0,6.331983577963747,0,1,0,1
ETH-USD_1h_1715846400_1716418800_42.png,C:\Users\afierro\CV_chart_pattern_detector\data\images\rendered\train\ETH-USD_1h_1715846400_1716418800_42.png,train,ETH-USD,1h,2024-05-16T08:00:00+00:00,2024-05-22T23:00:00+00:00,160,0.00141022543205815,0.00973602264081458,0.004765652174614155,30.268974507975678,15.147168806142613,0.00029973692732188084,-0.0018159822461030206,-0.0031390852113615253,-0.0029000152323492845,-0.0005919874736091124,0.0013733576545147397,0.4280855123633017,0.2466423216156296,0.2730443221485571,0.29887016548814127,0.54375,0.45625,13.0,13.0,11.25,12.333333333333334,340.0022447541631,298.0734610677365,0.0,0.0,0.0,0.9916467799815131,0.0192780361647966,48.0,0.02532750846101594,1.0,11.34901160337552,0.006823909004896672,1.0,339.0,7.9940961423525065,65.07368202139506,707.0,0.2920353982300885,0.43952802359882004,0.26843657817109146,0.0,0.0,0.0,0.0,0.0,0.0,46.55694422588796,6.788974574439206,0.8645064315761454,0.0,42.0,0.0,0.0,1.0,2.1348034733417522,0,1,0,1
ETH-USD_1h_1715990400_1716562800_42.png,C:\Users\afierro\CV_chart_pattern_detector\data\images\rendered\train\ETH-USD_1h_1715990400_1716562800_42.png,train,ETH-USD,1h,2024-05-18T00:00:00+00:00,2024-05-24T15:00:00+00:00,160,0.0011618694389342926,0.010363205184264338,0.005507792001425214,39.26651976470267,21.386364679038046,-0.005104212119742879,0.0057096958640783235,-0.016597399900426302,0.0003344676345014008,-0.013710093779343069,-0.019523472379839202,0.42535956747918335,0.2476777751175692,0.2763937572367769,0.29824667528403975,0.525,0.475,16.0,15.0,10.2,10.357142857142858,313.48274537781083,309.65879655876444,0.0,0.0,0.0,0.9916467799815131,0.0192780361647966,48.0,0.018617878570463,1.0,0.04788795124238754,0.0006105772216732937,1.0,323.0,6.566559275421934,64.73578900630595,714.0,0.3281733746130031,0.4086687306501548,0.2631578947368421,0.0,0.0,0.0,0.0,0.0,0.0,0.0,0.0,0.0,0.0,0.0,0.0,0.0,1.0,1.6856292061881772,0,0,0,1
ETH-USD_1h_1716134400_1716706800_42.png,C:\Users\afierro\CV_chart_pattern_detector\data\images\rendered\train\ETH-USD_1h_1716134400_1716706800_42.png,train,ETH-USD,1h,2024-05-19T16:00:00+00:00,2024-05-26T07:00:00+00:00,160,0.001388381286473101,0.010465449869453266,0.005779437762393704,44.53598960981647,17.359349306705987,0.003825972600415062,0.012938576542542712,0.01299007082331105,0.008149565360952016,0.009394033515650824,0.014149697562121144,0.44487404645318573,0.25945634564096764,0.2781564401612555,0.2769695133855587,0.525,0.475,18.0,17.0,8.352941176470589,8.75,215.05733827800952,209.00170185396735,0.0,0.0,0.0,0.9731274703019349,0.03820733659258927,55.0,0.018617878570463,1.0,-0.7542894983591167,0.023842435150598917,1.0,275.0,-1.6981860373236917,65.65402345208636,709.0,0.38545454545454544,0.31272727272727274,0.3018181818181818,0.0,0.0,0.0,0.0,0.0,0.0,0.0,0.0,0.0,0.0,0.0,0.0,0.0,1.0,3.351608423428005,0,0,0,1
ETH-USD_1h_1716278400_1716850800_42.png,C:\Users\afierro\CV_chart_pattern_detector\data\images\rendered\train\ETH-USD_1h_1716278400_1716850800_42.png,train,ETH-USD,1h,2024-05-21T08:00:00+00:00,2024-05-27T23:00:00+00:00,160,0.00041461004130004524,0.006628803801413447,0.0048234045039811015,40.17595872889742,16.17705846725166,0.005414057961659946,-0.01258415000570512,-0.006432057722679074,-0.005485355232871525,-0.004818334023540816,0.010384683661861072,0.4392392532040727,0.26199095987197674,0.27914203025384954,0.2816187165420777,0.5125,0.4875,18.0,18.0,8.647058823529411,8.470588235294118,66.69799940777833,69.93904578273856,0.0,0.0,0.0,0.9486020670411326,0.042215412393917434,63.0,0.010841473707626907,1.0,3.0593709563994587,-0.007336953834406288,1.0,514.0,8.984431186886614,63.874723951350276,758.0,0.28599221789883267,0.4377431906614786,0.27626459143968873,0.0,0.0,0.0,0.0,0.0,0.0,67.58201019684167,6.435233783742764,0.6240508413796323,0.0,86.0,0.0,0.0,1.0,4.139762986892301,0,1,0,1
ETH-USD_1h_1716422400_1716994800_42.png,C:\Users\afierro\CV_chart_pattern_detector\data\images\rendered\train\ETH-USD_1h_1716422400_1716994800_42.png,train,ETH-USD,1h,2024-05-23T00:00:00+00:00,2024-05-29T15:00:00+00:00,160,1.6721129818503022e-05,0.006119306151411483,0.004413051813900687,38.722876692353154,15.615800307584395,-0.013463092601727511,-0.025501264825412595,-0.019086827323696043,-0.012448374729857159,-0.018162370563960084,-0.025491515295183897,0.44021018385489974,0.2572423737955468,0.2780027572952877,0.2817870588498126,0.48125,0.51875,17.0,18.0,8.9375,8.647058823529411,70.53938316894092,68.35094419182212,0.9941005194383573,0.026917965262559882,26.0,0.9486020670411326,0.042215412393917434,63.0,0.010841473707626907,1.0,-0.48600140646973555,0.001686064523272552,1.0,919.0,17.62676345303217,62.11109279888217,711.0,0.19368879216539717,0.5353645266594124,0.27094668117519044,0.0,0.0,0.0,0.0,0.0,0.0,62.24478808214285,5.5989012451529065,0.9788008170126713,0.0,127.0,1.0,2.835302574508039,1.0,4.286511571513614,0,1,1,1
ETH-USD_1h_1716566400_1717138800_42.png,C:\Users\afierro\CV_chart_pattern_detector\data\images\rendered\train\ETH-USD_1h_1716566400_1717138800_42.png,train,ETH-USD,1h,2024-05-24T16:00:00+00:00,2024-05-31T07:00:00+00:00,160,0.00011947218822724154,0.004635663722210014,0.003562746180893059,30.650924709311532,4.838033697912468,-0.008270814661947012,-0.004891339154195928,-0.009608821631268749,-0.0052311188885805215,-0.00889219927615903,-0.010960011500002254,0.44348477458915025,0.25026671772629927,0.2842021131125556,0.2723131122982941,0.5,0.5,18.0,17.0,9.0,8.75,64.26015447690004,61.353113839923964,0.9941005194383573,0.026917965262559882,26.0,0.953869251435495,0.032392140336090065,58.0,0.007561464127606081,1.0,-1.8151652601968802,0.0019690281243815912,1.0,659.0,-11.166924507827789,62.572249381599974,735.0,0.24279210925644917,0.3110773899848255,0.44613050075872535,0.0,0.0,0.0,0.0,0.0,0.0,0.0,0.0,0.0,0.0,0.0,1.0,3.5570837305198357,1.0,4.223186083082156,0,0,1,1
ETH-USD_1h_1716710400_1717282800_42.png,C:\Users\afierro\CV_chart_pattern_detector\data\images\rendered\train\ETH-USD_1h_1716710400_1717282800_42.png,train,ETH-USD,1h,2024-05-26T08:00:00+00:00,2024-06-01T23:00:00+00:00,160,4.552811998780249e-05,0.004520499552159579,0.0034339203849268933,30.470860402298683,5.145861393813445,0.00297278756002739,0.0016169421943166284,0.008315827024456102,0.002033835993251243,0.004414658038716768,0.009682133578039487,0.4292210982410031,0.24095396402135438,0.2872833038193699,0.2834955979396271,0.5375,0.4625,17.0,16.0,8.6875,8.533333333333333,55.34568327737442,57.52415736766051,0.9941005194383573,0.026917965262559882,26.0,0.0,0.0,0.0,0.008064346102759775,1.0,0.5749302625410199,0.007658442046145011,1.0,895.0,-32.649168318010574,52.496830422807726,710.0,0.1888268156424581,0.13072625698324022,0.6804469273743017,0.0,0.0,0.0,0.0,0.0,0.0,33.46125191582665,1.01689330034611,0.2774189140557133,0.0,40.0,1.0,3.577545231998204,0.0,0.0,0,1,1,0
ETH-USD_1h_1716854400_1717426800_42.png,C:\Users\afierro\CV_chart_pattern_detector\data\images\rendered\train\ETH-USD_1h_1716854400_1717426800_42.png,train,ETH-USD,1h,2024-05-28T00:00:00+00:00,2024-06-03T15:00:00+00:00,160,-0.00012259640232641534,0.004275476052026233,0.0032545338533550676,26.55728739211118,6.169296678885433,-0.0031976896823312506,-0.00770457099547861,0.0024766068901422855,-0.0043365989599190025,-0.0019462576336197746,-0.001575676104945467,0.4469320387598764,0.25270865218765554,0.2778243183116444,0.27524364292847914,0.525,0.475,18.0,15.0,8.529411764705882,10.0,34.608594348481965,34.95713402948752,0.0,0.0,0.0,0.0,0.0,0.0,0.008064346102759775,1.0,0.4321261134552269,0.004592547640659921,1.0,595.0,1.4100788689461075,63.88605899792726,777.0,0.2773109243697479,0.36134453781512604,0.36134453781512604,0.0,0.0,0.0,0.0,0.0,0.0,51.90242069973856,5.958671290711679,0.8740773264305174,0.0,80.0,0.0,0.0,0.0,0.0,0,1,0,0
ETH-USD_1h_1716998400_1717570800_42.png,C:\Users\afierro\CV_chart_pattern_detector\data\images\rendered\train\ETH-USD_1h_1716998400_1717570800_42.png,train,ETH-USD,1h,2024-05-29T16:00:00+00:00,2024-06-05T07:00:00+00:00,160,8.26518343353108e-05,0.0038826654975253672,0.0028709092378553804,23.12925684875894,3.9027901789303368,-0.00022831948982404704,-0.001261014211971001,0.012173996216549243,-0.00020916565473694249,0.0012523604958454282,0.0045953834781375935,0.4341386621458163,0.2557247215881549,0.28234703619956586,0.28351430165461783,0.5375,0.4625,18.0,15.0,8.647058823529411,10.285714285714286,21.869060908049963,20.09418671047809,0.9859912012151453,0.011760570215824795,50.0,0.0,0.0,0.0,0.00721691737750417,1.0,-0.0857620721987701,0.0018907055188600158,1.0,2383.0,13.642882459387778,62.47922135129813,777.0,0.16365925304238355,0.5346202266051195,0.30172052035249686,0.0,0.0,0.0,0.0,0.0,0.0,22.553878452568046,4.365257735028242,0.9009466196908998,0.0,131.0,1.0,2.1200559857018746,0.0,0.0,0,1,1,0
ETH-USD_1h_1717142400_1717714800_42.png,C:\Users\afierro\CV_chart_pattern_detector\data\images\rendered\train\ETH-USD_1h_1717142400_1717714800_42.png,train,ETH-USD,1h,2024-05-31T08:00:00+00:00,2024-06-06T23:00:00+00:00,160,0.00013708912717682052,0.0036558447276398283,0.0026819657658135295,20.85692436875415,2.4880127444632505,0.005921904716684967,-0.008045489661558713,-0.012698996248553418,-0.00183014994037356,-0.005487285046998136,-0.004145108299539402,0.436224591819541,0.26626800851227,0.2743423736363977,0.28943303454406133,0.51875,0.48125,17.0,15.0,8.375,10.571428571428571,27.050039853119706,24.018051267050527,0.9859912012151453,0.011760570215824795,50.0,0.9934368754108593,0.02013691989986655,59.0,0.005601895746891397,1.0,1.0881986638537597,-0.004027393521103168,1.0,2466.0,8.458632623192168,63.28799310246649,774.0,0.13260340632603407,0.5085158150851582,0.3588807785888078,0.0,0.0,0.0,0.0,0.0,0.0,25.8127503597536,6.851331203496217,0.3904120851197115,0.0,66.0,1.0,2.3312242595024064,1.0,3.849549286346218,0,1,1,1
ETH-USD_1h_1717286400_1717858800_42.png,C:\Users\afierro\CV_chart_pattern_detector\data\images\rendered\train\ETH-USD_1h_1717286400_1717858800_42.png,train,ETH-USD,1h,2024-06-02T00:00:00+00:00,2024-06-08T15:00:00+00:00,160,-0.00023902686685769707,0.0037465607628332535,0.0026141931642666844,21.45673048262939,2.9278666843668923,0.0013575410045261194,0.0008521054331220856,-0.0008858427696808446,-0.0009096602779150587,-0.00037024027129994863,-0.018450092581271837,0.4309611501196642,0.2756228388645919,0.25621742930641844,0.3128214205739174,0.475,0.525,17.0,17.0,8.5625,9.1875,46.06164730281729,49.27010857118053,0.9880758611231152,0.018998920927536436,40.0,0.9934368754108593,0.02013691989986655,59.0,0.006762503806533644,1.0,-2.2637164791373703,-0.0009030633133183195,1.0,1049.0,-0.693999631900351,65.93050978000454,715.0,0.1954242135367016,0.38989513822688276,0.41468064823641565,0.0,0.0,0.0,0.0,0.0,0.0,20.383845109530018,5.172676524757693,0.4241369078292428,0.0,95.0,1.0,3.567224700951342,1.0,3.7479355980893274,0,1,1,1
ETH-USD_1h_1717430400_1718002800_42.png,C:\Users\afierro\CV_chart_pattern_detector\data\images\rendered\train\ETH-USD_1h_1717430400_1718002800_42.png,train,ETH-USD,1h,2024-06-03T16:00:00+00:00,2024-06-10T07:00:00+00:00,160,-0.00020166463939206,0.0032376481370144277,0.002184071119711343,20.684190579757747,5.898554757469984,-0.009866617446676829,-0.016168879155496252,-0.015353594247260904,-0.010636809033232497,-0.012302791028008797,-0.01102939222847743,0.4103087866810625,0.26174081413711425,0.264347202277857,0.3253440110410805,0.4875,0.5125,18.0,15.0,8.411764705882353,8.714285714285714,64.7055608120353,59.640076369278155,0.9880758611231152,0.018998920927536436,40.0,0.9873909898725646,0.01836471821539747,29.0,0.006762503806533644,1.0,-1.5356290436005582,0.007258790377871317,1.0,447.0,-4.5906090720387915,65.50021097932674,709.0,0.3087248322147651,0.30201342281879195,0.38926174496644295,0.0,0.0,0.0,0.0,0.0,0.0,0.0,0.0,0.0,0.0,0.0,1.0,3.6950253984639416,1.0,3.4381931282957847,0,0,1,1
ETH-USD_1h_1717574400_1718146800_42.png,C:\Users\afierro\CV_chart_pattern_detector\data\images\rendered\train\ETH-USD_1h_1717574400_1718146800_42.png,train,ETH-USD,1h,2024-06-05T08:00:00+00:00,2024-06-11T23:00:00+00:00,160,-0.0005195692352857084,0.0037108789686723636,0.002435912915640917,19.188461224886666,6.333798403203533,3.431306670176326e-05,-0.004602248470186421,-0.019146847655373556,0.003237480651420155,-0.003984682120392713,-0.030965019558694795,0.40116863624242355,0.2569300534583159,0.24841846911909418,0.35041289463848224,0.46875,0.53125,17.0,15.0,9.0,10.357142857142858,86.28913291268793,100.06230135714891,0.9880758611231152,0.018998920927536436,40.0,0.0,0.0,0.0,0.003812388229556214,1.0,-2.6454035396155686,-0.019544704250400717,1.0,299.0,-10.468232949641237,61.45081137183096,716.0,0.41471571906354515,0.21070234113712374,0.3745819397993311,0.0,0.0,0.0,0.0,0.0,0.0,0.0,0.0,0.0,0.0,0.0,1.0,3.9717123750702323,0.0,0.0,0,0,1,0
ETH-USD_1h_1717718400_1718290800_42.png,C:\Users\afierro\CV_chart_pattern_detector\data\images\rendered\train\ETH-USD_1h_1717718400_1718290800_42.png,train,ETH-USD,1h,2024-06-07T00:00:00+00:00,2024-06-13T15:00:00+00:00,160,-0.0006244379008809747,0.004885404222507127,0.0030278583424718465,21.445108733674225,8.517003980639762,-0.015852818135806968,-0.014610222288390928,-0.03214802941465955,-0.014904953195727932,-0.02098936472671087,-0.023376558222503396,0.42679320004436133,0.25691006028796043,0.24453976513588574,0.328667034819753,0.45625,0.54375,16.0,14.0,9.133333333333333,10.384615384615385,84.1801503380547,88.03978992594242,0.9988764907714629,0.017188074636577115,56.0,0.0,0.0,0.0,0.0181913838240665,1.0,-2.029857594936705,-0.004115970583796006,1.0,902.0,-24.525504411059842,62.23616587039545,780.0,0.1696230598669623,0.21618625277161863,0.614190687361419,0.0,0.0,0.0,0.0,0.0,0.0,0.0,0.0,0.0,0.0,0.0,1.0,3.178440585534565,0.0,0.0,0,0,1,0
ETH-USD_1h_1717862400_1718434800_42.png,C:\Users\afierro\CV_chart_pattern_detector\data\images\rendered\train\ETH-USD_1h_1717862400_1718434800_42.png,train,ETH-USD,1h,2024-06-08T16:00:00+00:00,2024-06-15T07:00:00+00:00,160,-0.00025285956426419665,0.005425409984975543,0.0033590086448574016,23.95711282646776,8.71088950155425,0.007193813491610523,0.012794761579560499,0.00465951657159791,0.007548600323250332,0.01559674340112882,0.012309204519264094,0.4279547942807421,0.24552305599250132,0.2629990328360789,0.3090461728831789,0.4625,0.5375,14.0,14.0,10.76923076923077,11.461538461538462,86.99863341936314,98.91867449205587,0.9996848981372632,0.01758510780119498,27.0,0.0,0.0,0.0,0.0181913838240665,1.0,-1.0343456399437325,-0.0011335793612790481,1.0,716.0,-24.917602980270065,60.17038433081093,741.0,0.21368715083798884,0.20391061452513967,0.5824022346368715,0.0,0.0,0.0,0.0,0.0,0.0,0.0,0.0,0.0,0.0,0.0,1.0,2.8236771845459283,0.0,0.0,0,0,1,0
ETH-USD_1h_1718006400_1718578800_42.png,C:\Users\afierro\CV_chart_pattern_detector\data\images\rendered\train\ETH-USD_1h_1718006400_1718578800_42.png,train,ETH-USD,1h,2024-06-10T08:00:00+00:00,2024-06-16T23:00:00+00:00,160,-6.511522422596617e-05,0.005530795566695143,0.003538271643629066,27.273452319179604,5.467963426136434,0.007051900095303321,0.012549273779225656,0.019805741104439445,0.006624528753598646,0.011718585350888988,0.019065102290022118,0.434943209024446,0.24899770618247552,0.25479809447108764,0.31025869650446636,0.475,0.525,15.0,15.0,9.642857142857142,9.928571428571429,61.696309473635985,75.66365097074167,0.0,0.0,0.0,0.0,0.0,0.0,0.01595746223004374,1.0,1.8024641350210922,0.007497531054679419,1.0,877.0,-8.868876429349013,64.15213179755197,709.0,0.18358038768529075,0.3272519954389966,0.48916761687571264,0.0,0.0,0.0,0.0,0.0,0.0,0.0,0.0,0.0,0.0,0.0,0.0,0.0,0.0,0.0,0,0,0,0
ETH-USD_1h_1718150400_1718722800_42.png,C:\Users\afierro\CV_chart_pattern_detector\data\images\rendered\train\ETH-USD_1h_1718150400_1718722800_42.png,train,ETH-USD,1h,2024-06-12T00:00:00+00:00,2024-06-18T15:00:00+00:00,160,-0.00010867592175067272,0.005797983283633479,0.0038906287635492877,26.703797682983417,6.083502011726503,0.002899730822967017,-0.0039707242717428315,-0.025833544345213455,0.00039384549219301235,-0.006729792130387269,-0.027071099299606716,0.4554952188651142,0.24307641189845985,0.2541834930345332,0.2903212881003526,0.475,0.525,15.0,14.0,10.0,9.692307692307692,54.989028384457484,58.643491805335444,0.9648479758385454,0.042849872490482076,41.0,0.0,0.0,0.0,0.008400717364628859,1.0,-1.7803939287388533,-0.01687878346874711,1.0,601.0,-3.57737605276203,62.92444188774083,722.0,0.28286189683860236,0.33444259567387685,0.3826955074875208,0.0,0.0,0.0,0.0,0.0,0.0,38.128203753872675,2.8460755946356677,0.4104537866796126,0.0,105.0,1.0,5.919056733022592,0.0,0.0,0,1,1,0
ETH-USD_1h_1718294400_1718866800_42.png,C:\Users\afierro\CV_chart_pattern_detector\data\images\rendered\train\ETH-USD_1h_1718294400_1718866800_42.png,train,ETH-USD,1h,2024-06-13T16:00:00+00:00,2024-06-20T07:00:00+00:00,160,0.00025630786281383085,0.004947937138200496,0.0035271810355314106,28.504939096376937,6.244999543789585,0.015257552094325444,0.014298526009204338,0.01716098111079778,0.01100998156129318,0.014087270300816357,0.02826701864610559,0.43581255911163463,0.2359523499303472,0.262493836203058,0.30169360468530737,0.5125,0.4875,17.0,17.0,9.0,9.1875,53.81723985752479,64.8020771165239,0.9904836746757537,0.027782607183838102,28.0,0.0,0.0,0.0,0.008400717364628859,1.0,0.37353715424285155,0.011314973701259298,1.0,750.0,0.6799951446056366,62.34210228150411,757.0,0.248,0.368,0.384,0.0,0.0,0.0,0.0,0.0,0.0,0.0,0.0,0.0,0.0,0.0,1.0,3.6055969361707705,0.0,0.0,0,0,1,0
ETH-USD_1h_1718438400_1719010800_42.png,C:\Users\afierro\CV_chart_pattern_detector\data\images\rendered\train\ETH-USD_1h_1718438400_1719010800_42.png,train,ETH-USD,1h,2024-06-15T08:00:00+00:00,2024-06-21T23:00:00+00:00,160,-1.645553453491087e-05,0.004914069246763229,0.0037020331789327653,26.539258458388712,7.374930300334449,-0.004794297755589816,0.0012179089527690756,0.0003696121915159889,0.0019523619136792014,0.004067207010920226,-0.0032964161615495202,0.4448912084726084,0.22823804883099966,0.2528922476385042,0.3022165438888874,0.48125,0.51875,20.0,19.0,7.894736842105263,8.055555555555555,50.82060237738234,55.99797557183686,0.9904836746757537,0.027782607183838102,28.0,0.0,0.0,0.0,0.010526497387783877,1.0,0.038753281762792004,0.005563811013401263,1.0,651.0,-10.57757804049508,61.41687152031332,722.0,0.25960061443932414,0.3010752688172043,0.4393241167434716,0.0,0.0,0.0,0.0,0.0,0.0,0.0,0.0,0.0,0.0,0.0,1.0,3.8651109715016414,0.0,0.0,0,0,1,0
ETH-USD_1h_1718582400_1719154800_42.png,C:\Users\afierro\CV_chart_pattern_detector\data\images\rendered\train\ETH-USD_1h_1718582400_1719154800_42.png,train,ETH-USD,1h,2024-06-17T00:00:00+00:00,2024-06-23T15:00:00+00:00,160,-0.00024305566694225446,0.004749635059749035,0.00348913133041398,27.173579017939282,7.381423429343398,-0.006789031212392382,-0.009346167444088449,-0.006175399656191294,-0.0066635256877944915,-0.008004677698734364,-0.008141057075094382,0.44722540407510636,0.21838577677062807,0.24619434824090317,0.30658024768399045,0.4625,0.5375,18.0,20.0,7.588235294117647,7.631578947368421,45.877089675553364,42.317096828586855,0.9836593424470037,0.016472482287804253,25.0,0.0,0.0,0.0,0.010526497387783877,1.0,-0.579044421003276,0.017489070124048642,1.0,498.0,-10.236953142536692,62.719431388035666,709.0,0.3333333333333333,0.27309236947791166,0.39357429718875503,0.0,0.0,0.0,0.0,0.0,0.0,0.0,0.0,0.0,0.0,0.0,1.0,2.2521996577949626,0.0,0.0,0,0,1,0
ETH-USD_1h_1718726400_1719298800_42.png,C:\Users\afierro\CV_chart_pattern_detector\data\images\rendered\train\ETH-USD_1h_1718726400_1719298800_42.png,train,ETH-USD,1h,2024-06-18T16:00:00+00:00,2024-06-25T07:00:00+00:00,160,-0.0001033936773436953,0.004885190320679159,0.0034686989306625836,25.51452307795025,7.327579968261183,-0.0031468645543227813,0.008500691637635782,0.012617802309045745,0.00040272088109261084,0.008637338757947699,-0.009982475423205073,0.4418927596969306,0.22409355898349334,0.24733192270321713,0.31077531759985233,0.48125,0.51875,19.0,19.0,8.055555555555555,7.666666666666667,76.39123992576715,76.16673617612211,0.9836593424470037,0.016472482287804253,25.0,0.0,0.0,0.0,0.01368566546716808,1.0,-2.875498827941872,-0.019519256158096212,1.0,833.0,-22.69988525443289,63.13799967244866,725.0,0.18247298919567828,0.22929171668667467,0.5882352941176471,0.0,0.0,0.0,0.0,0.0,0.0,0.0,0.0,0.0,0.0,0.0,1.0,2.392735381001682,0.0,0.0,0,0,1,0
ETH-USD_1h_1718870400_1719442800_42.png,C:\Users\afierro\CV_chart_pattern_detector\data\images\rendered\train\ETH-USD_1h_1718870400_1719442800_42.png,train,ETH-USD,1h,2024-06-20T08:00:00+00:00,2024-06-26T23:00:00+00:00,160,-0.00037809634461029524,0.004939998140902976,0.003439593811122945,25.135828173528843,7.385159430247958,-0.010750921339874653,-0.0019449320753935906,-0.004717454581953273,-0.001669194987262701,-0.002777276996665967,-0.0030036693903106038,0.45099433930924826,0.22700533953461924,0.24178519469553414,0.30722046599521746,0.425,0.575,20.0,20.0,7.578947368421052,7.631578947368421,68.32210960589549,74.48688106639987,0.0,0.0,0.0,0.0,0.0,0.0,0.01368566546716808,1.0,-0.09860712611345007,0.010635732078275537,1.0,957.0,-25.5475499084377,62.22668281697419,713.0,0.1400208986415883,0.219435736677116,0.6405433646812957,0.0,0.0,0.0,0.0,0.0,0.0,43.44528141228919,2.793124832417925,0.6554752232111346,0.0,33.0,0.0,0.0,0.0,0.0,0,1,0,0
ETH-USD_1h_1719014400_1719586800_42.png,C:\Users\afierro\CV_chart_pattern_detector\data\images\rendered\train\ETH-USD_1h_1719014400_1719586800_42.png,train,ETH-USD,1h,2024-06-22T00:00:00+00:00,2024-06-28T15:00:00+00:00,160,-0.00014931014195330235,0.004529280057927683,0.003082518969825741,22.69602660209921,6.967553497074986,-0.011344481837823439,-0.012034070485269943,-0.008826919782462861,-0.007090197574975532,-0.009346982342073762,-0.0013042455562615185,0.44122048406802794,0.23825496613885197,0.24959551087260562,0.30918400505936655,0.48125,0.51875,19.0,19.0,8.333333333333334,7.944444444444445,54.133336092044885,67.79633399824145,0.0,0.0,0.0,0.9671821753123818,0.024067588034835326,31.0,0.011440365534338606,1.0,0.964707688701376,0.002269212585906383,1.0,665.0,10.544356213834948,62.27466457614008,717.0,0.21203007518796993,0.47518796992481205,0.31278195488721805,0.0,0.0,0.0,0.0,0.0,0.0,43.445281412290605,2.793124832419287,0.6554752232111183,0.0,33.0,0.0,0.0,1.0,3.697495718164103,0,1,0,1
ETH-USD_1h_1719158400_1719730800_42.png,C:\Users\afierro\CV_chart_pattern_detector\data\images\rendered\train\ETH-USD_1h_1719158400_1719730800_42.png,train,ETH-USD,1h,2024-06-23T16:00:00+00:00,2024-06-30T07:00:00+00:00,160,-0.00011657912568127491,0.004583398056333352,0.003189194008896518,23.574145298844776,6.771377682296129,0.006748178733300136,0.005141159781678395,0.00041265920539523826,0.005532155561619234,0.0034305253935305036,-0.0006492483588443898,0.4377548969690544,0.2294014952449842,0.2477293120254604,0.31451579100548516,0.49375,0.50625,21.0,17.0,7.0,8.5625,39.0186052254754,43.601948989802544,0.0,0.0,0.0,0.9671821753123818,0.024067588034835326,31.0,0.011440365534338606,1.0,-0.6099669479605965,0.007917437649598255,1.0,646.0,2.464391235781159,63.64407043253585,710.0,0.2585139318885449,0.4055727554179567,0.33591331269349844,0.0,0.0,0.0,0.0,0.0,0.0,26.92104058759858,7.786036896115624,0.8054487904275027,0.0,98.0,0.0,0.0,1.0,3.5639658635060902,0,1,0,1
ETH-USD_1h_1719302400_1719874800_42.png,C:\Users\afierro\CV_chart_pattern_detector\data\images\rendered\train\ETH-USD_1h_1719302400_1719874800_42.png,train,ETH-USD,1h,2024-06-25T08:00:00+00:00,2024-07-01T23:00:00+00:00,160,0.00017101730293435868,0.00413643346417552,0.002873428243939406,19.247377846678894,3.6173415015016,-0.008431586618925069,-0.0077827741265997785,-0.01269199328830184,-0.007081560539410114,-0.008745684032287593,0.002457655031902206,0.4593939900116812,0.22518151655869836,0.254305833409258,0.2863001765790608,0.475,0.525,18.0,18.0,8.588235294117647,8.411764705882353,40.137023797498884,36.414240685360355,0.0,0.0,0.0,0.9671821753123818,0.024067588034835326,31.0,0.01346234143953465,1.0,1.4267127285513517,-0.01147402239658027,1.0,1158.0,2.8989590831062335,66.34924405070679,716.0,0.14075993091537134,0.45768566493955093,0.4015544041450777,0.0,0.0,0.0,0.0,0.0,0.0,12.761296685148958,2.2327607289404767,0.5732236761244356,0.0,89.0,0.0,0.0,1.0,4.339796572665117,0,1,0,1
ETH-USD_1h_1719446400_1720018800_42.png,C:\Users\afierro\CV_chart_pattern_detector\data\images\rendered\train\ETH-USD_1h_1719446400_1720018800_42.png,train,ETH-USD,1h,2024-06-27T00:00:00+00:00,2024-07-03T15:00:00+00:00,160,-0.00012091173901472845,0.0038444203356016718,0.002636879657589502,17.06938171611621,2.946002844347802,-0.0009795918367345724,-0.0199145755472504,-0.03406805425631432,-0.006074978883763071,-0.016928971864186182,-0.03206739233636968,0.4538326273804715,0.2266587681383762,0.2545031484174727,0.29166422420205584,0.51875,0.48125,17.0,19.0,8.5625,8.38888888888889,41.05848496405167,43.68168441649886,0.9733104883686164,0.0194795487736163,46.0,0.9835264152493632,0.015440684531145431,60.0,0.01346234143953465,1.0,-1.1200966947960582,-0.003102322134843407,1.0,327.0,-6.605509848951929,64.76190548177912,746.0,0.37920489296636084,0.27217125382262997,0.3486238532110092,0.0,0.0,0.0,0.0,0.0,0.0,15.249039861377726,6.947171768959531,0.5306606981895964,0.0,119.0,1.0,4.136953710856541,1.0,3.30089453004989,0,1,1,1
ETH-USD_1h_1719590400_1720162800_42.png,C:\Users\afierro\CV_chart_pattern_detector\data\images\rendered\train\ETH-USD_1h_1719590400_1720162800_42.png,train,ETH-USD,1h,2024-06-28T16:00:00+00:00,2024-07-05T07:00:00+00:00,160,-0.0010106136204982323,0.006848925825325452,0.0037713080844840683,22.999557799753454,9.611207691894574,-0.013276320699488808,-0.07860387648692979,-0.07992747215562845,-0.031258948942125775,-0.05701394565596307,-0.09489614517285372,0.4666588196011897,0.228183013103071,0.2272284055713131,0.30611277482749727,0.475,0.525,16.0,19.0,9.666666666666666,7.777777777777778,79.97458049280414,101.59603239739215,0.9205348771336693,0.05390426074957308,46.0,0.0,0.0,0.0,0.016713597127609833,1.0,-6.475958977965282,-0.049445406142076195,1.0,325.0,-8.166158458819757,69.33581720582137,761.0,0.3323076923076923,0.28307692307692306,0.38461538461538464,0.0,0.0,0.0,0.0,0.0,0.0,0.0,0.0,0.0,0.0,0.0,1.0,7.9037258169015585,0.0,0.0,0,0,1,0
ETH-USD_1h_1719734400_1720306800_42.png,C:\Users\afierro\CV_chart_pattern_detector\data\images\rendered\train\ETH-USD_1h_1719734400_1720306800_42.png,train,ETH-USD,1h,2024-06-30T08:00:00+00:00,2024-07-06T23:00:00+00:00,160,-0.0006115992615778429,0.007392125506573238,0.0043787153359211945,26.56201767927423,12.692275118791397,0.0028186422776721454,0.018227515247698278,0.03526230686916221,0.00556550866663863,0.014498506616438478,0.026209237291867415,0.4513373749886208,0.24631862354467585,0.2576558816808772,0.291006743330502,0.5,0.5,13.0,19.0,10.75,8.0,189.52176134282107,193.630732445468,0.9205348771336693,0.05390426074957308,46.0,0.0,0.0,0.0,0.016713597127609833,1.0,-3.762885724331937,0.021385990719389344,1.0,454.0,-24.86784639245613,59.91087574591268,710.0,0.2422907488986784,0.17400881057268722,0.5837004405286343,0.0,0.0,0.0,0.0,0.0,0.0,0.0,0.0,0.0,0.0,0.0,1.0,6.8661237764849385,0.0,0.0,0,0,1,0
ETH-USD_1h_1719878400_1720450800_42.png,C:\Users\afierro\CV_chart_pattern_detector\data\images\rendered\train\ETH-USD_1h_1719878400_1720450800_42.png,train,ETH-USD,1h,2024-07-02T00:00:00+00:00,2024-07-08T15:00:00+00:00,160,-0.0008953099993144679,0.008588143530562444,0.005233870357182264,29.47397995443065,12.261397821904206,-0.027754038186360575,0.019425742370297705,-0.009933311103701215,-0.012079460591612357,0.0026602893562761576,-0.010077029830347306,0.4430310774431083,0.2582026672236452,0.25138472131060485,0.30558420124628677,0.5,0.5,15.0,17.0,10.5,8.625,187.5553151188559,192.26393287105356,0.9205348771336693,0.05390426074957308,46.0,0.0,0.0,0.0,0.022833647261133284,1.0,0.13934353023910037,-0.018691362527333718,1.0,512.0,-24.216802768060006,59.97142873927193,772.0,0.22265625,0.18359375,0.59375,0.0,0.0,0.0,0.0,0.0,0.0,21.213360399739752,4.663214239246521,0.3114432243617932,0.0,51.0,1.0,6.204292507943765,0.0,0.0,0,1,1,0
ETH-USD_1h_1720022400_1720594800_42.png,C:\Users\afierro\CV_chart_pattern_detector\data\images\rendered\train\ETH-USD_1h_1720022400_1720594800_42.png,train,ETH-USD,1h,2024-07-03T16:00:00+00:00,2024-07-10T07:00:00+00:00,160,-0.00038845840063880794,0.008843923449756876,0.005584306880066595,35.52064667234861,9.391257840914077,0.00554545454545452,0.012210267606186154,0.008712418534815525,0.005601285006407775,0.008151263704659906,0.01663796497511716,0.42987430189218534,0.25752057927562155,0.26315178832577785,0.30697390978203676,0.5125,0.4875,15.0,16.0,10.571428571428571,9.866666666666667,79.35578666570781,107.37169357540193,0.9944102332162034,0.018437615452540822,42.0,0.0,0.0,0.0,0.022833647261133284,1.0,1.3697532817627949,0.008040163153283767,1.0,413.0,-3.934629583185579,65.05924398427048,709.0,0.3026634382566586,0.31234866828087166,0.38498789346246975,0.0,0.0,0.0,0.0,0.0,0.0,21.213360399737926,4.6632142392456934,0.31144322436179767,0.0,51.0,1.0,1.7192809594684932,0.0,0.0,0,1,1,0
ETH-USD_1h_1720166400_1720738800_42.png,C:\Users\afierro\CV_chart_pattern_detector\data\images\rendered\train\ETH-USD_1h_1720166400_1720738800_42.png,train,ETH-USD,1h,2024-07-05T08:00:00+00:00,2024-07-11T23:00:00+00:00,160,0.0005463506297205393,0.006742696903004014,0.004509814339787928,32.30545354212634,7.536062381164669,-0.002426692328240665,-0.015762683339631156,0.004820566019386074,-0.006453180464031538,-0.00870160913246798,-0.0026106266308371096,0.3969189768669471,0.2524245024104082,0.2914113510219176,0.3116696721111353,0.5375,0.4625,17.0,16.0,9.0,9.266666666666667,56.612300734590086,66.68942906066519,0.9944102332162034,0.018437615452540822,42.0,0.9445696714417402,0.05059245453138566,61.0,0.009052233663942252,1.0,1.4703879512423996,-0.0027632328321950477,1.0,1344.0,19.090769445434923,60.73132579227771,731.0,0.13616071428571427,0.5959821428571429,0.26785714285714285,0.0,0.0,0.0,0.0,0.0,0.0,21.213360399738466,4.663214239246195,0.31144322436177674,0.0,51.0,1.0,1.8751918692214486,1.0,4.876759794196552,0,1,1,1
ETH-USD_1h_1720310400_1720882800_42.png,C:\Users\afierro\CV_chart_pattern_detector\data\images\rendered\train\ETH-USD_1h_1720310400_1720882800_42.png,train,ETH-USD,1h,2024-07-07T00:00:00+00:00,2024-07-13T15:00:00+00:00,160,0.00023828250199643556,0.006525949785170967,0.004210107587770545,30.002669441040076,7.730823000657541,-0.0006240417632823458,0.006206524824504678,0.014629926223234113,0.0013171592524880982,0.005408556076622606,0.011655002386385505,0.3982400863685779,0.25994182425229734,0.2754977686516675,0.3262621449797546,0.5,0.5,18.0,16.0,8.352941176470589,9.666666666666666,50.254669192198286,70.53558958736713,0.0,0.0,0.0,0.9445696714417402,0.05059245453138566,61.0,0.009052233663942252,1.0,0.43999367088607577,0.0006711158407520754,1.0,1751.0,20.801252238243936,58.6122151006566,709.0,0.1262135922330097,0.6282124500285551,0.24557395773843518,0.0,0.0,0.0,0.0,0.0,0.0,0.0,0.0,0.0,0.0,0.0,0.0,0.0,1.0,5.23403885423269,0,0,0,1
ETH-USD_1h_1720454400_1721026800_42.png,C:\Users\afierro\CV_chart_pattern_detector\data\images\rendered\train\ETH-USD_1h_1720454400_1721026800_42.png,train,ETH-USD,1h,2024-07-08T16:00:00+00:00,2024-07-15T07:00:00+00:00,160,0.0007763458928055371,0.0048604834006457836,0.003464131565586146,27.438010470047516,7.492441406708367,0.0079834923724309,0.03390749532485704,0.05218356424654558,0.014506203816002872,0.03174190819143319,0.04737658218327234,0.39422738081036784,0.25442298889913706,0.28728893756773033,0.3184836816219018,0.53125,0.46875,18.0,16.0,8.176470588235293,8.733333333333333,49.695395183750534,46.31976322515456,0.0,0.0,0.0,0.9588053884224168,0.033232249495920636,52.0,0.00973145044065343,1.0,2.662618846694815,-0.01027485301676462,1.0,1217.0,13.456034919279173,65.59978015621027,755.0,0.10846343467543139,0.5562859490550535,0.3352506162695152,0.0,0.0,0.0,0.0,0.0,0.0,67.28846985411413,6.523314588830809,0.7670230214115984,0.0,69.0,0.0,0.0,1.0,3.9553989696848055,0,1,0,1
ETH-USD_1h_1720598400_1721170800_42.png,C:\Users\afierro\CV_chart_pattern_detector\data\images\rendered\train\ETH-USD_1h_1720598400_1721170800_42.png,train,ETH-USD,1h,2024-07-10T08:00:00+00:00,2024-07-16T23:00:00+00:00,160,0.0007001242627441493,0.0049972964469079525,0.003521656678688457,25.221075894602052,5.690391934995558,-0.008712295648169444,0.008922948029540079,-0.004402548448267929,-0.0016560173897768315,0.004893272049995456,0.014698310703036954,0.3953685181870049,0.2480369690699854,0.2889055830851119,0.31572589872788315,0.50625,0.49375,17.0,15.0,9.25,10.214285714285714,138.58941624384482,104.39537786703015,0.0,0.0,0.0,0.9258335930196323,0.04579308195699589,63.0,0.010646493954291564,1.0,4.542940459446789,-0.01339790972621563,1.0,580.0,29.45861695203288,53.72895017443159,746.0,0.16724137931034483,0.6896551724137931,0.14310344827586208,0.0,0.0,0.0,0.0,0.0,0.0,67.28846985411457,6.523314588830524,0.7670230214116149,0.0,69.0,0.0,0.0,1.0,6.055567171011632,0,1,0,1
ETH-USD_1h_1720742400_1721314800_42.png,C:\Users\afierro\CV_chart_pattern_detector\data\images\rendered\train\ETH-USD_1h_1720742400_1721314800_42.png,train,ETH-USD,1h,2024-07-12T00:00:00+00:00,2024-07-18T15:00:00+00:00,160,0.0005865667939719131,0.004999416260604864,0.0035962373835681082,26.14489018038568,5.784082481166521,-0.020107955580355164,-0.016859082206880482,-0.00780168211877863,-0.016307799114662958,-0.01180833756100963,-0.016653479093731827,0.42416498827986115,0.2548712864845084,0.286715664696944,0.28911934702319486,0.49375,0.50625,16.0,16.0,10.0,9.266666666666667,152.74616818025254,135.39356823113644,0.0,0.0,0.0,0.9258335930196323,0.04579308195699589,63.0,0.010646493954291564,1.0,0.6708943975621424,0.005826827030660854,1.0,361.0,14.418278597398478,59.85383567991083,710.0,0.2742382271468144,0.5207756232686981,0.20498614958448755,0.0,0.0,0.0,0.0,0.0,0.0,0.0,0.0,0.0,0.0,0.0,0.0,0.0,1.0,5.849692066186,0,0,0,1
ETH-USD_1h_1720886400_1721458800_42.png,C:\Users\afierro\CV_chart_pattern_detector\data\images\rendered\train\ETH-USD_1h_1720886400_1721458800_42.png,train,ETH-USD,1h,2024-07-13T16:00:00+00:00,2024-07-20T07:00:00+00:00,160,0.0006486880078641395,0.005047490506910804,0.003739382198441778,26.339600326313438,6.062362235146219,-0.0021773900503861965,-0.005968634738936385,0.0212394615314786,-0.002699294991848289,-0.0005526851369824781,0.01089988583678081,0.4420049838805119,0.24831271515393652,0.2886611150113114,0.2693339011081767,0.525,0.475,16.0,15.0,10.0,10.142857142857142,109.88138334699833,95.19408146868513,0.0,0.0,0.0,0.9432223056552117,0.0370257066310685,37.0,0.009414902747883968,1.0,0.3030955227379287,-0.001392925619210676,1.0,853.0,19.2579091621731,63.77664080603412,724.0,0.1746776084407972,0.5838218053927315,0.24150058616647127,0.0,0.0,0.0,0.0,0.0,0.0,0.0,0.0,0.0,0.0,0.0,0.0,0.0,1.0,4.683589423154907,0,0,0,1
ETH-USD_1h_1721030400_1721602800_42.png,C:\Users\afierro\CV_chart_pattern_detector\data\images\rendered\train\ETH-USD_1h_1721030400_1721602800_42.png,train,ETH-USD,1h,2024-07-15T08:00:00+00:00,2024-07-21T23:00:00+00:00,160,0.00034590308265007195,0.004770203462300591,0.0035688033296105855,26.855616476627766,5.515630813358287,0.012948618050144356,0.007172277069791733,0.008859101764116861,0.009145876820913168,0.010394352750765057,0.009826150610981577,0.43441305719739287,0.23774677085790308,0.293771897145616,0.2718150456569911,0.51875,0.48125,15.0,16.0,9.785714285714286,8.666666666666666,32.07410125873452,43.98572914434152,0.9959951262242814,0.01381044635238067,46.0,0.989012429118977,0.03026073025675462,58.0,0.009512739379067508,1.0,1.375925574308475,0.0020980027312767872,1.0,2023.0,9.226391581721785,64.57527899814073,781.0,0.11913000494315373,0.5195254572417202,0.36134453781512604,0.0,0.0,0.0,0.0,0.0,0.0,54.008776430243046,4.655242568291225,0.8046668455785003,0.0,112.0,1.0,1.9842110962900807,1.0,4.03711058918514,0,1,1,1
ETH-USD_1h_1721174400_1721746800_42.png,C:\Users\afierro\CV_chart_pattern_detector\data\images\rendered\train\ETH-USD_1h_1721174400_1721746800_42.png,train,ETH-USD,1h,2024-07-17T00:00:00+00:00,2024-07-23T15:00:00+00:00,160,-6.809133558183733e-06,0.004960981922099523,0.003609010249314906,25.37208521567688,4.286918115718337,-0.01752559726962455,0.002609283709536614,-0.009965177765358324,-0.008934957537218957,-0.005961560209686301,-0.009404006121404795,0.44892342411364955,0.24882619946714946,0.2719084523380222,0.2791681235483283,0.50625,0.49375,16.0,17.0,9.866666666666667,8.625,30.195241392218986,39.16572830111038,0.990657839100292,0.017058240938075585,65.0,0.9997038353324449,0.028408114911891033,40.0,0.009512739379067508,1.0,-0.45979981247069335,-0.015699080319985976,1.0,1745.0,12.202860572959768,64.93188121084002,780.0,0.14498567335243553,0.529512893982808,0.32550143266475645,0.0,0.0,0.0,0.0,0.0,0.0,37.221542607551584,5.297230729940819,0.6603017031629981,0.0,103.0,1.0,2.6055027705353684,1.0,3.9259873311765925,0,1,1,1
ETH-USD_1h_1721318400_1721890800_42.png,C:\Users\afierro\CV_chart_pattern_detector\data\images\rendered\train\ETH-USD_1h_1721318400_1721890800_42.png,train,ETH-USD,1h,2024-07-18T16:00:00+00:00,2024-07-25T07:00:00+00:00,160,-0.0004584634710318475,0.0056280589270066095,0.0038090565104490345,28.888713494765863,7.580375976651754,0.0011173184357542443,-0.047280919125929244,-0.08007146337502025,-0.017004936917169422,-0.0432426660489057,-0.0683773828213986,0.4371626516983823,0.24393527436528842,0.27544364088021656,0.28739370742140113,0.4875,0.5125,14.0,15.0,10.153846153846153,10.5,31.050866702222375,79.09362425772521,0.9938568263272436,0.03161960747879308,33.0,0.0,0.0,0.0,0.011980320944965865,1.0,-2.8639362400374773,-0.022406755429123057,1.0,916.0,-0.4432360638567454,69.5564403826852,761.0,0.18013100436681223,0.4104803493449782,0.4093886462882096,0.0,0.0,0.0,0.0,0.0,0.0,0.0,0.0,0.0,0.0,0.0,1.0,4.0076774495461205,0.0,0.0,0,0,1,0
ETH-USD_1h_1721462400_1722034800_42.png,C:\Users\afierro\CV_chart_pattern_detector\data\images\rendered\train\ETH-USD_1h_1721462400_1722034800_42.png,train,ETH-USD,1h,2024-07-20T08:00:00+00:00,2024-07-26T23:00:00+00:00,160,-0.0003755614779595718,0.0059071503561713805,0.004015231537860405,28.001449346570343,7.8898536032630915,0.00012827600108722415,0.010429491392583978,0.006231697461535957,0.004564178895688498,0.005604571608263997,0.018203416558600027,0.42376192719258937,0.2344779654971164,0.28708329673970673,0.2891547760677039,0.48125,0.51875,11.0,13.0,13.1,11.166666666666666,70.98012513116873,125.13958039824377,0.9938568263272436,0.03161960747879308,33.0,0.0,0.0,0.0,0.010623189759880447,1.0,-3.6654737458977773,0.008371001537916886,1.0,358.0,-16.533524465794002,64.9875604811888,757.0,0.30726256983240224,0.21787709497206703,0.4748603351955307,0.0,0.0,0.0,0.0,0.0,0.0,0.0,0.0,0.0,0.0,0.0,1.0,4.130863816724395,0.0,0.0,0,0,1,0
ETH-USD_1h_1721606400_1722178800_42.png,C:\Users\afierro\CV_chart_pattern_detector\data\images\rendered\train\ETH-USD_1h_1721606400_1722178800_42.png,train,ETH-USD,1h,2024-07-22T00:00:00+00:00,2024-07-28T15:00:00+00:00,160,-0.0004894580135513337,0.005980737689033843,0.004173368916980385,29.978037660031333,5.763068935452647,0.003731045368283281,0.014472467240640885,0.00797782122526014,0.005804451854251935,0.006204487979670326,0.0028670877799643613,0.4441611424467206,0.24913636015997917,0.2642419717921157,0.2915968857611636,0.5,0.5,11.0,12.0,13.5,12.727272727272727,107.64843294587475,123.83883537575042,0.9804172910728569,0.029422542501208467,25.0,0.0,0.0,0.0,0.010623189759880447,1.0,1.232594233473995,0.002998346783014806,1.0,667.0,-17.998506265959104,60.29740198765987,716.0,0.18590704647676162,0.2383808095952024,0.5757121439280359,0.0,0.0,0.0,0.0,0.0,0.0,0.0,0.0,0.0,0.0,0.0,1.0,3.5325953403582933,0.0,0.0,0,0,1,0
ETH-USD_1h_1721750400_1722322800_42.png,C:\Users\afierro\CV_chart_pattern_detector\data\images\rendered\train\ETH-USD_1h_1721750400_1722322800_42.png,train,ETH-USD,1h,2024-07-23T16:00:00+00:00,2024-07-30T07:00:00+00:00,160,-0.00010085478114433298,0.00562332364046858,0.003963957323859809,30.828304472888316,10.164720894063402,0.005992171032821458,0.0034570897371590803,-0.010045039706056635,0.006108505168920253,0.005683591815699884,0.010556563823351572,0.4547757837942685,0.24860292674442683,0.27338313901455685,0.2718410771911747,0.5125,0.4875,11.0,10.0,14.2,15.666666666666666,78.54670806028382,80.68549922383826,0.0,0.0,0.0,0.9483956261704065,0.046787860429968034,73.0,0.0075898329684423345,1.0,1.2030021097046566,-0.00854596321013889,1.0,1213.0,2.8755103353125344,64.66809369098397,717.0,0.14756801319043694,0.4402308326463314,0.41220115416323166,0.0,0.0,0.0,0.0,0.0,0.0,0.0,0.0,0.0,0.0,0.0,0.0,0.0,1.0,5.075482295453181,0,0,0,1
ETH-USD_1h_1721894400_1722466800_42.png,C:\Users\afierro\CV_chart_pattern_detector\data\images\rendered\train\ETH-USD_1h_1721894400_1722466800_42.png,train,ETH-USD,1h,2024-07-25T08:00:00+00:00,2024-07-31T23:00:00+00:00,160,0.00012284424914799365,0.005106621617266353,0.0038036375071051126,25.97364886007682,4.481879970735759,-0.010241290310729068,-0.026538226428616585,-0.013762069649312814,-0.012917681156234151,-0.01874654443063517,-0.021446602890406452,0.4466590814876673,0.2532259287648624,0.2684683042994148,0.2848726142129179,0.525,0.475,14.0,13.0,10.23076923076923,12.166666666666666,38.9954670835115,49.26076540497543,0.9861355878442574,0.03035378410706173,51.0,0.9483956261704065,0.046787860429968034,73.0,0.00820318494467139,1.0,-0.4138372011251705,0.000521038785282889,1.0,1208.0,26.586916317312134,57.2489403139045,767.0,0.17963576158940397,0.6324503311258278,0.1879139072847682,0.0,0.0,0.0,0.0,0.0,0.0,41.389685954452915,2.830652739953915,0.5857388564221427,0.0,90.0,1.0,4.1277192827509745,1.0,5.974509934584853,0,1,1,1
ETH-USD_1h_1722038400_1722610800_42.png,C:\Users\afierro\CV_chart_pattern_detector\data\images\rendered\train\ETH-USD_1h_1722038400_1722610800_42.png,train,ETH-USD,1h,2024-07-27T00:00:00+00:00,2024-08-02T15:00:00+00:00,160,-0.00042177542880010116,0.005998667923688318,0.004128752146958785,25.361597517036625,4.934522848996144,-0.036382315543816435,-0.036904520447227696,-0.041971798129332716,-0.029677781080665988,-0.036660437219391606,-0.045349413316750464,0.4600842987727055,0.26336679081733944,0.2416027638355825,0.29831293739171205,0.48125,0.51875,15.0,14.0,9.928571428571429,11.384615384615385,62.96834727243701,63.87941278339229,0.9425267688002459,0.0467293682245142,74.0,0.9813507728082036,0.01664521917576432,25.0,0.020947803307071834,1.0,-2.978732536333803,-0.01240879143045707,1.0,1017.0,-10.720752384224237,67.93571468991743,783.0,0.14945919370698132,0.3421828908554572,0.5083579154375615,0.0,0.0,0.0,0.0,0.0,0.0,41.389685954452155,2.8306527399533263,0.5857388564221404,0.0,90.0,1.0,6.352895365665563,1.0,2.2049320724655153,0,1,1,1
ETH-USD_1h_1722182400_1722754800_42.png,C:\Users\afierro\CV_chart_pattern_detector\data\images\rendered\train\ETH-USD_1h_1722182400_1722754800_42.png,train,ETH-USD,1h,2024-07-28T16:00:00+00:00,2024-08-04T07:00:00+00:00,160,-0.0007420476933128269,0.006182313348571275,0.004303423295388299,27.60720382909934,6.171008907477597,-0.007730350026408206,-0.005544155607571488,-0.038777923959122496,-0.005744075080198918,-0.010891935318450674,-0.033224576500277325,0.44073025952149825,0.2626635141148255,0.2501703148619012,0.30909942561660053,0.44375,0.55625,14.0,13.0,10.538461538461538,11.916666666666666,147.9671445604995,131.18898709912602,0.9439320833078849,0.05576558969034403,72.0,0.0,0.0,0.0,0.020947803307071834,1.0,-4.411552039381138,0.013704507548204847,1.0,460.0,-24.70652664018714,58.2419135027156,710.0,0.26521739130434785,0.16304347826086957,0.5717391304347826,0.0,0.0,0.0,0.0,0.0,0.0,0.0,0.0,0.0,0.0,0.0,1.0,6.876396069909866,0.0,0.0,0,0,1,0
ETH-USD_1h_1722326400_1722898800_42.png,C:\Users\afierro\CV_chart_pattern_detector\data\images\rendered\train\ETH-USD_1h_1722326400_1722898800_42.png,train,ETH-USD,1h,2024-07-30T08:00:00+00:00,2024-08-05T23:00:00+00:00,160,-0.0019335321380781214,0.01295847991373777,0.007304144421528036,38.04072779688603,20.60142664844883,0.006108362094058073,0.006665085685043426,0.03542879150975686,-0.004064270966764649,0.022189495349939747,-0.07650089644210156,0.43680815091328107,0.25976980415736944,0.23912998863536009,0.3240618604513588,0.43125,0.56875,15.0,14.0,10.642857142857142,11.0,289.93488441065904,366.5050336159332,0.9439320833078849,0.05576558969034403,72.0,0.0,0.0,0.0,0.026438670773785714,1.0,-10.127736286919836,-0.07118291650798837,1.0,430.0,-19.630237733070242,63.00328982377357,718.0,0.2930232558139535,0.2,0.5069767441860465,0.0,0.0,0.0,0.0,0.0,0.0,0.0,0.0,0.0,0.0,0.0,1.0,5.06219952507284,0.0,0.0,0,0,1,0
ETH-USD_1h_1722470400_1723042800_42.png,C:\Users\afierro\CV_chart_pattern_detector\data\images\rendered\train\ETH-USD_1h_1722470400_1723042800_42.png,train,ETH-USD,1h,2024-08-01T00:00:00+00:00,2024-08-07T15:00:00+00:00,160,-0.00174075917608732,0.014185541754770626,0.00838805889200678,45.44044547585386,20.511714601394328,-0.024367066853753228,-0.03504667290571839,-0.030420542908235926,-0.025326365694396613,-0.028214504505193916,-0.026037722444062994,0.4340671724047562,0.25213887667589596,0.24892617309855827,0.3170066544966855,0.43125,0.56875,16.0,16.0,9.333333333333334,9.733333333333333,293.99575160355204,307.58352835043036,0.9924254280259164,0.03221071082037006,25.0,0.0,0.0,0.0,0.02949416862666451,1.0,-3.2418849038912265,0.07122105317178168,1.0,426.0,-17.575122359353053,63.496776822319625,709.0,0.2793427230046948,0.21830985915492956,0.5023474178403756,0.0,0.0,0.0,0.0,0.0,0.0,0.0,0.0,0.0,0.0,0.0,1.0,2.3556316067718504,0.0,0.0,0,0,1,0
ETH-USD_1h_1722614400_1723186800_42.png,C:\Users\afierro\CV_chart_pattern_detector\data\images\rendered\train\ETH-USD_1h_1722614400_1723186800_42.png,train,ETH-USD,1h,2024-08-02T16:00:00+00:00,2024-08-09T07:00:00+00:00,160,-0.0006755936713973279,0.01499412603292183,0.009155133090155426,48.159138427347514,19.21792841653785,-0.00907717828157062,-0.01383477307057357,0.07558296442799195,-0.0031143692562248804,0.022361538337839937,0.06821526229143049,0.4252275190060447,0.24868198546241452,0.2709302696614467,0.30384221133250866,0.4625,0.5375,17.0,19.0,8.8125,8.166666666666666,215.54224110448982,204.8826997410606,0.9689694506226636,0.026471191927077226,25.0,0.9813691925392961,0.06475944635576208,61.0,0.01727091708306731,1.0,1.4637962962963182,-0.017049799249996125,1.0,381.0,-10.514440452019999,61.823879897290816,711.0,0.2992125984251969,0.2572178477690289,0.4435695538057743,0.0,0.0,0.0,0.0,0.0,0.0,0.0,0.0,0.0,0.0,0.0,1.0,1.7244516036905642,1.0,3.4307626323742846,0,0,1,1
ETH-USD_1h_1722758400_1723330800_42.png,C:\Users\afierro\CV_chart_pattern_detector\data\images\rendered\train\ETH-USD_1h_1722758400_1723330800_42.png,train,ETH-USD,1h,2024-08-04T08:00:00+00:00,2024-08-10T23:00:00+00:00,160,-0.0005634106095451823,0.014946998704763416,0.009012133940336233,49.70382491155472,18.83112249527463,0.0026546190756084886,-0.00028345322638712034,0.0038346891286371587,0.0012809883905393615,-0.0018338518729574815,-0.005485392495124586,0.40552837279010656,0.2465161623638086,0.282634852182876,0.31183677502701745,0.48125,0.51875,16.0,20.0,9.533333333333333,7.473684210526316,134.82670768898126,123.09844358378376,0.0,0.0,0.0,0.9813691925392961,0.06475944635576208,61.0,0.01727091708306731,1.0,3.216788912330044,0.03271776541384816,1.0,993.0,-0.7875173974853508,65.81872851356,710.0,0.14803625377643503,0.4229607250755287,0.42900302114803623,0.0,0.0,0.0,0.0,0.0,0.0,0.0,0.0,0.0,0.0,0.0,0.0,0.0,1.0,3.3310356369133496,0,0,0,1
ETH-USD_1h_1722902400_1723474800_42.png,C:\Users\afierro\CV_chart_pattern_detector\data\images\rendered\train\ETH-USD_1h_1722902400_1723474800_42.png,train,ETH-USD,1h,2024-08-06T00:00:00+00:00,2024-08-12T15:00:00+00:00,160,0.00040198345097160936,0.009533223501862038,0.006352119291150321,43.86859604694136,19.95777985804612,0.005834829443446932,0.05344803271752907,0.051532605252970765,0.023077839058122995,0.03792285746044688,0.028308933493129462,0.39105783252309195,0.25061553509548623,0.2966824192473532,0.3122597482295548,0.49375,0.50625,14.0,18.0,10.23076923076923,8.529411764705882,95.29906811545152,88.66593232778612,0.979182609083277,0.03989628451920151,43.0,0.9929956372708222,0.044485770966027016,31.0,0.015508786925795765,1.0,-0.04880274261601614,-0.016057645744144474,1.0,969.0,13.181626085341899,66.10577346057579,778.0,0.17647058823529413,0.5211558307533539,0.3023735810113519,0.0,0.0,0.0,0.0,0.0,0.0,56.43377871226129,3.9751805268806817,0.47066831675356363,0.0,59.0,1.0,2.6045842241635575,1.0,2.5637972792746337,0,1,1,1
ETH-USD_1h_1723046400_1723618800_42.png,C:\Users\afierro\CV_chart_pattern_detector\data\images\rendered\train\ETH-USD_1h_1723046400_1723618800_42.png,train,ETH-USD,1h,2024-08-07T16:00:00+00:00,2024-08-14T07:00:00+00:00,160,0.000867030193431139,0.008945460038042497,0.005950736837189014,35.20632367167878,7.6008559846799635,0.006709997453301364,0.005188889584999634,0.029128008542203654,0.004966303635361102,0.009425628427656818,0.01981588823029945,0.4048624263736637,0.26192535334204864,0.2859283469987285,0.3092092266276078,0.50625,0.49375,14.0,16.0,11.076923076923077,9.733333333333333,104.35762854096426,91.007132378457,0.979182609083277,0.03989628451920151,43.0,0.9856972915602183,0.05969457305922113,63.0,0.018970240800064972,1.0,1.3093537271448867,0.005926911458521154,1.0,1433.0,10.949053303894262,63.42015004362116,723.0,0.15701325889741802,0.5191905094207956,0.32379623168178645,0.0,0.0,0.0,0.0,0.0,0.0,56.433778712261805,3.9751805268799614,0.47066831675357057,0.0,59.0,1.0,3.2069519625283607,1.0,4.526472294631802,0,1,1,1
ETH-USD_1h_1723190400_1723762800_42.png,C:\Users\afierro\CV_chart_pattern_detector\data\images\rendered\train\ETH-USD_1h_1723190400_1723762800_42.png,train,ETH-USD,1h,2024-08-09T08:00:00+00:00,2024-08-15T23:00:00+00:00,160,-0.0002152173195490014,0.007468524691323207,0.005066585372217928,30.299202213773544,6.5736343807347195,0.007962064488800102,-0.03183405603547329,-0.03108210516790899,-0.01030863517644609,-0.01725216916452732,-0.03412786544622315,0.39374141180310007,0.25542761218175813,0.27425715621304664,0.33200143198385323,0.4875,0.5125,13.0,16.0,11.5,9.933333333333334,44.667579455773826,50.46737120020591,0.9617273993694552,0.04129334995234266,27.0,0.9856972915602183,0.05969457305922113,63.0,0.012436206658738758,1.0,-0.9906225972808191,-0.00019019122902471717,1.0,694.0,18.48702715470399,58.88184118248308,766.0,0.3025936599423631,0.49135446685878964,0.20605187319884727,0.0,0.0,0.0,0.0,0.0,0.0,37.712967512371215,7.113910901637823,0.6568407014389525,0.0,127.0,1.0,3.8157714499245294,1.0,5.222456705739632,0,1,1,1
ETH-USD_1h_1723334400_1723906800_42.png,C:\Users\afierro\CV_chart_pattern_detector\data\images\rendered\train\ETH-USD_1h_1723334400_1723906800_42.png,train,ETH-USD,1h,2024-08-11T00:00:00+00:00,2024-08-17T15:00:00+00:00,160,-1.535093075195168e-05,0.007445670624203122,0.005022350885633665,30.214860889192362,6.682798388241789,0.0029047063938167916,0.0036151675335627242,-0.0006823688165117359,0.001559521746664183,0.002128790376137779,0.0027344225120145005,0.4112071196344016,0.24904136311751898,0.261337928198108,0.3274549521674904,0.49375,0.50625,15.0,16.0,10.357142857142858,9.266666666666667,53.917288491004626,49.67275809218142,0.9617273993694552,0.04129334995234266,27.0,0.0,0.0,0.0,0.007345100836919619,1.0,-1.289298757618356,0.021295680029150537,1.0,497.0,-9.321936381175005,61.77160706464022,714.0,0.3501006036217304,0.2575452716297787,0.39235412474849096,0.0,0.0,0.0,0.0,0.0,0.0,0.0,0.0,0.0,0.0,0.0,1.0,3.826148675718827,0.0,0.0,0,0,1,0
ETH-USD_1h_1723478400_1724050800_42.png,C:\Users\afierro\CV_chart_pattern_detector\data\images\rendered\train\ETH-USD_1h_1723478400_1724050800_42.png,train,ETH-USD,1h,2024-08-12T16:00:00+00:00,2024-08-19T07:00:00+00:00,160,-0.00011048781441569818,0.006106311223338575,0.004176589574300282,26.175636460214285,6.910805488918287,-0.011382501200645878,-0.012196826860223942,-0.019686441853750347,-0.005502184668594756,-0.01177713113682044,-0.004326590597707236,0.41345354210682783,0.24098060925746836,0.277667432616552,0.30887902527662014,0.50625,0.49375,16.0,15.0,9.733333333333333,9.5,53.11665557628202,43.31151296774979,0.9617273993694552,0.04129334995234266,27.0,0.0,0.0,0.0,0.009008248932931014,1.0,0.7125629395218106,0.0026691272308904308,1.0,1249.0,-21.679749451702932,58.89663376861407,717.0,0.1689351481184948,0.22978382706164932,0.6012810248198559,0.0,0.0,0.0,0.0,0.0,0.0,31.7953286235566,6.134105713968456,0.323122024183827,0.0,87.0,1.0,4.401420066894805,0.0,0.0,0,1,1,0
ETH-USD_1h_1723622400_1724194800_42.png,C:\Users\afierro\CV_chart_pattern_detector\data\images\rendered\train\ETH-USD_1h_1723622400_1724194800_42.png,train,ETH-USD,1h,2024-08-14T08:00:00+00:00,2024-08-20T23:00:00+00:00,160,-0.00034752607788690463,0.005659784299735882,0.003795376931656224,22.663417773057944,4.985492474549493,-0.011191649307824125,-0.004869633829837294,-0.03441158036562075,-0.004739134824536584,-0.019172085964354046,-0.017702221461680323,0.3994210695167811,0.24127369661295234,0.2945836822222773,0.30599524826094165,0.5,0.5,14.0,14.0,11.692307692307692,11.23076923076923,43.39482789763434,30.39256784317579,0.9617273993694552,0.04129334995234266,27.0,0.0,0.0,0.0,0.009008248932931014,1.0,-0.13948112986402036,-0.010714927513334164,1.0,705.0,-0.6907851854960124,64.70402504831006,754.0,0.24964539007092199,0.36737588652482267,0.3829787234042553,0.0,0.0,0.0,0.0,0.0,0.0,31.795328623556937,6.134105713969382,0.32312202418380864,0.0,87.0,1.0,5.068305968384164,0.0,0.0,0,1,1,0
ETH-USD_1h_1723766400_1724338800_42.png,C:\Users\afierro\CV_chart_pattern_detector\data\images\rendered\train\ETH-USD_1h_1723766400_1724338800_42.png,train,ETH-USD,1h,2024-08-16T00:00:00+00:00,2024-08-22T15:00:00+00:00,160,7.54675395732417e-05,0.0047086095242722115,0.003334676087156623,19.526927474261846,3.045709106083482,-0.01609063139925271,-0.01061173533083648,-0.011852899360597191,-0.009793875304273003,-0.009805757137281823,-0.002529478412019448,0.40058084397905935,0.2471588134427621,0.3021433258919897,0.297275830128951,0.53125,0.46875,13.0,14.0,12.416666666666666,10.615384615384615,25.60002970135111,22.39668269897055,0.9935177730841723,0.017728568587150956,58.0,0.9947043386094391,0.04513045552856875,70.0,0.005830214619220594,1.0,0.07897855133614973,0.0059138036169546875,1.0,2220.0,-0.7396447948507361,64.9877250650907,731.0,0.13873873873873874,0.4252252252252252,0.436036036036036,0.0,0.0,0.0,0.0,0.0,0.0,16.862682800401856,0.7895138166719843,0.39099077774872437,0.0,82.0,1.0,2.607343453748786,1.0,6.16382125597882,0,1,1,1
ETH-USD_1h_1723910400_1724482800_42.png,C:\Users\afierro\CV_chart_pattern_detector\data\images\rendered\train\ETH-USD_1h_1723910400_1724482800_42.png,train,ETH-USD,1h,2024-08-17T16:00:00+00:00,2024-08-24T07:00:00+00:00,160,0.0003348555230654031,0.004766356880326242,0.0032952334217070454,20.20683241471188,2.3697906583882156,0.0043253477026141685,-0.0005000253636054941,0.0335372821725235,0.0012624310254585325,0.010366912175824528,0.03201850815246288,0.39706539193371865,0.25976910540450365,0.31977527247487936,0.28315933559140205,0.53125,0.46875,12.0,14.0,12.636363636363637,11.615384615384615,44.36111030665141,44.167712702925414,0.9962696025575544,0.015201558746192929,26.0,0.9626198237587177,0.037741944844797606,49.0,0.009244935270649204,1.0,2.1042139006094684,-0.006779052551559026,1.0,728.0,-1.5604442751833372,66.16896261436484,744.0,0.2239010989010989,0.3901098901098901,0.385989010989011,0.0,0.0,0.0,0.0,0.0,0.0,39.974378199437844,4.69868051730011,0.42508967646079493,0.0,73.0,1.0,2.082981800003845,1.0,5.005509426886162,0,1,1,1
ETH-USD_1h_1724054400_1724626800_42.png,C:\Users\afierro\CV_chart_pattern_detector\data\images\rendered\train\ETH-USD_1h_1724054400_1724626800_42.png,train,ETH-USD,1h,2024-08-19T08:00:00+00:00,2024-08-25T23:00:00+00:00,160,0.0003196294668951768,0.004993408636147157,0.003302966929934249,19.678681584334527,2.7764541354801615,-0.007291327766330458,-0.006856919666267669,-0.0075424647632814645,-0.007223140077581847,-0.005343580296593542,-0.00609906341757771,0.38727283665069534,0.26716671295637684,0.31578603360320356,0.29694112974610115,0.5375,0.4625,14.0,15.0,10.153846153846153,10.5,71.95744553454594,76.78652559459165,0.0,0.0,0.0,0.9626198237587177,0.037741944844797606,49.0,0.015043818435305781,1.0,2.0386913970933165,0.0061485570810304955,1.0,946.0,24.93445674221309,57.14102958801204,711.0,0.15644820295983086,0.6543340380549683,0.18921775898520085,0.0,0.0,0.0,0.0,0.0,0.0,39.97437819943784,4.69868051729898,0.4250896764607871,0.0,73.0,0.0,0.0,1.0,5.135068771302321,0,1,0,1
ETH-USD_1h_1724198400_1724770800_42.png,C:\Users\afierro\CV_chart_pattern_detector\data\images\rendered\train\ETH-USD_1h_1724198400_1724770800_42.png,train,ETH-USD,1h,2024-08-21T00:00:00+00:00,2024-08-27T15:00:00+00:00,160,1.7030409324789285e-05,0.004619203003134853,0.0031134492106976858,18.982117157068295,3.0103837228579375,-0.018034241073298096,-0.03717225109000777,-0.04061744467174999,-0.022527754671254785,-0.030914878648322874,-0.04819745358408101,0.3855111285586003,0.25933110310248536,0.3052373617500875,0.30925150969131215,0.51875,0.48125,16.0,16.0,9.466666666666667,9.0,65.65442092585525,64.0060790081692,0.9565143351968667,0.029858803836245732,61.0,0.9626198237587177,0.037741944844797606,49.0,0.015043818435305781,1.0,-1.7726270511017317,-0.00731992252239786,1.0,579.0,15.122620935781837,59.81719920153007,715.0,0.26252158894645944,0.5267702936096719,0.21070811744386875,0.0,0.0,0.0,0.0,0.0,0.0,0.0,0.0,0.0,0.0,0.0,1.0,4.56327278975759,1.0,5.316965821718435,0,0,1,1
ETH-USD_1h_1724342400_1724914800_42.png,C:\Users\afierro\CV_chart_pattern_detector\data\images\rendered\train\ETH-USD_1h_1724342400_1724914800_42.png,train,ETH-USD,1h,2024-08-22T16:00:00+00:00,2024-08-29T07:00:00+00:00,160,-0.00012085707376512197,0.0064925613414955835,0.003974213229297005,22.45593240667753,6.280899452510089,0.00956249504636597,0.0059586801661639655,0.008311795229029473,0.005623927528033645,0.009619909826844797,0.00398285851973168,0.3959675561119654,0.25951478333758776,0.30195938045756376,0.30207306343047086,0.4875,0.5125,17.0,17.0,9.25,9.125,103.49872531853016,113.32082022074195,0.9565143351968667,0.029858803836245732,61.0,0.0,0.0,0.0,0.019562683444043466,1.0,-3.8189212376933757,-0.012584364225204927,1.0,814.0,-14.276417606439287,66.30801546902354,722.0,0.18673218673218672,0.28869778869778867,0.5245700245700246,0.0,0.0,0.0,0.0,0.0,0.0,0.0,0.0,0.0,0.0,0.0,1.0,3.891672477224517,0.0,0.0,0,0,1,0
ETH-USD_1h_1724486400_1725058800_42.png,C:\Users\afierro\CV_chart_pattern_detector\data\images\rendered\train\ETH-USD_1h_1724486400_1725058800_42.png,train,ETH-USD,1h,2024-08-24T08:00:00+00:00,2024-08-30T23:00:00+00:00,160,-0.0005680919066406491,0.00710411554733893,0.004264232308916703,23.860943090119612,5.868372240807371,0.0076028943652419745,0.02569516632016633,0.002846559712247343,0.011527245962901,0.006900416910984308,-0.0006311927929603112,0.39893238621820404,0.2600511562094145,0.29358970850264415,0.3074779052791518,0.48125,0.51875,17.0,18.0,9.125,8.705882352941176,115.91968786151055,123.28684184794213,0.9565143351968667,0.029858803836245732,61.0,0.0,0.0,0.0,0.019751274291976144,1.0,0.12390787623065416,0.020848820819922027,1.0,1783.0,-17.118906548701172,63.409666143617066,759.0,0.09702748177229388,0.30061693774537296,0.6023555804823332,0.0,0.0,0.0,0.0,0.0,0.0,54.39968053210259,2.0886850545003197,0.6757859599066207,0.0,51.0,1.0,3.6755794052848416,0.0,0.0,0,1,1,0
ETH-USD_1h_1724630400_1725202800_42.png,C:\Users\afierro\CV_chart_pattern_detector\data\images\rendered\train\ETH-USD_1h_1724630400_1725202800_42.png,train,ETH-USD,1h,2024-08-26T00:00:00+00:00,2024-09-01T15:00:00+00:00,160,-0.0006319875229437426,0.006840574952108897,0.004196733961201427,22.798178985117005,6.6294250686306,0.0012471042159387657,0.0017079867560365614,-0.010442718616998081,0.002514742745009624,-0.0022345685665862147,-0.008142028761614406,0.4164651487444768,0.2566027226386401,0.28219409302096043,0.3013407582345627,0.4375,0.5625,17.0,17.0,9.1875,9.1875,80.17807877632748,85.02412825467324,0.9992709427572474,0.026430284881077376,51.0,0.0,0.0,0.0,0.019751274291976144,1.0,-0.8668788091889182,0.007279188827022098,1.0,1210.0,-12.933063190929161,64.15497585408261,710.0,0.14132231404958678,0.3247933884297521,0.5338842975206611,0.0,0.0,0.0,0.0,0.0,0.0,20.80489830820542,3.902547046370408,0.9636025280689068,0.0,101.0,1.0,3.143146913955519,0.0,0.0,0,1,1,0
ETH-USD_1h_1724774400_1725346800_42.png,C:\Users\afierro\CV_chart_pattern_detector\data\images\rendered\train\ETH-USD_1h_1724774400_1725346800_42.png,train,ETH-USD,1h,2024-08-27T16:00:00+00:00,2024-09-03T07:00:00+00:00,160,-8.685439479720919e-05,0.007554027412654291,0.004650514468301609,23.635634262794774,6.41486888104821,0.0014109697933228915,-0.010054456729295724,-0.0004919092824073878,-0.0030089183326379443,-0.0023970503689414446,0.011143426213277685,0.4397632838651596,0.2687543821365581,0.29067042236310553,0.26956629377173486,0.46875,0.53125,17.0,17.0,8.5625,8.3125,22.793972614339392,38.29531518864837,0.985726603488044,0.03367487673065427,56.0,0.9761466772248278,0.022484822643195016,38.0,0.007753039072949624,1.0,-0.027691748710725102,-0.012900148969410545,1.0,2095.0,-7.379957382007544,63.90798062960118,761.0,0.14749403341288783,0.36945107398568017,0.483054892601432,0.0,0.0,0.0,0.0,0.0,0.0,20.804898308205505,3.9025470463707914,0.9636025280689057,0.0,101.0,1.0,3.814074698025689,1.0,2.480831030991761,0,1,1,1
ETH-USD_1h_1724918400_1725490800_42.png,C:\Users\afierro\CV_chart_pattern_detector\data\images\rendered\train\ETH-USD_1h_1724918400_1725490800_42.png,train,ETH-USD,1h,2024-08-29T08:00:00+00:00,2024-09-04T23:00:00+00:00,160,-0.00021533868724649583,0.006589213338267863,0.004247204712048635,20.31047368325086,4.335622293324877,-0.0005913154117185293,0.005011297975386464,0.030316152358530246,-0.0016246397723873596,0.011525365524366116,-0.0013592249467572204,0.44026519638953693,0.27068612859507457,0.30392994908312715,0.2558048545273359,0.4875,0.5125,16.0,17.0,9.533333333333333,9.0,38.882227940401975,46.217154157393836,0.985726603488044,0.03367487673065427,56.0,0.9761466772248278,0.022484822643195016,38.0,0.010061387717155812,1.0,-0.9829706985466423,0.008393875334556683,1.0,778.0,-24.137537465840197,61.166492401899276,749.0,0.2120822622107969,0.2133676092544987,0.5745501285347043,0.0,0.0,0.0,0.0,0.0,0.0,70.28175602147763,7.940032275265533,0.9314569541239849,0.0,38.0,1.0,4.405163188211214,1.0,2.864361466353247,0,1,1,1
ETH-USD_1h_1725062400_1725634800_42.png,C:\Users\afierro\CV_chart_pattern_detector\data\images\rendered\train\ETH-USD_1h_1725062400_1725634800_42.png,train,ETH-USD,1h,2024-08-31T00:00:00+00:00,2024-09-06T15:00:00+00:00,160,-0.0005914554440749819,0.006363078205180314,0.0043929454100175595,19.877170321902366,5.283276240853595,-0.034867991318822456,-0.037516600265604216,-0.03276472998027691,-0.027646691945534374,-0.03290012780171969,-0.045367798981730045,0.4500243516105799,0.26029198884825827,0.28659006169707657,0.2633855866923434,0.475,0.525,16.0,16.0,10.133333333333333,9.533333333333333,53.96877016140322,53.916993462028096,0.9666829985301323,0.034799118079372866,34.0,0.9761466772248278,0.022484822643195016,38.0,0.01338428892665991,1.0,-1.3460114861696955,0.003933930906578695,1.0,601.0,-30.58902347514316,57.54549033866029,780.0,0.23960066555740434,0.15307820299500832,0.6073211314475874,0.0,0.0,0.0,0.0,0.0,0.0,0.0,0.0,0.0,0.0,0.0,1.0,4.4114700250547765,1.0,2.923789583437444,0,0,1,1
ETH-USD_1h_1725206400_1725778800_42.png,C:\Users\afierro\CV_chart_pattern_detector\data\images\rendered\train\ETH-USD_1h_1725206400_1725778800_42.png,train,ETH-USD,1h,2024-09-01T16:00:00+00:00,2024-09-08T07:00:00+00:00,160,-0.00044258862950184643,0.007096409292050987,0.004967801585077631,23.524381351223244,4.060782565127183,0.0038931952196812336,0.013294596062397579,0.0019515645260581582,0.0055739611316880655,0.004993349134840175,0.005246428478504317,0.46128715138820436,0.25893785743212827,0.28891840865316176,0.24979443995863387,0.53125,0.4625,16.0,14.0,10.133333333333333,11.0,84.58138129931429,88.69894665239775,0.9668614750869085,0.04285308941114517,44.0,0.0,0.0,0.0,0.014837459162170935,1.0,-2.2711118143459927,0.005398324876201289,1.0,1052.0,-18.375480237399216,63.61235087695131,710.0,0.1634980988593156,0.27566539923954375,0.5608365019011406,0.0,0.0,0.0,0.0,0.0,0.0,0.0,0.0,0.0,0.0,0.0,1.0,4.621966435284899,0.0,0.0,0,0,1,0
ETH-USD_1h_1725350400_1725922800_42.png,C:\Users\afierro\CV_chart_pattern_detector\data\images\rendered\train\ETH-USD_1h_1725350400_1725922800_42.png,train,ETH-USD,1h,2024-09-03T08:00:00+00:00,2024-09-09T23:00:00+00:00,160,-0.00034034168342827917,0.006855288199072203,0.0049372070003572315,23.218523714349587,4.473745800862785,0.0037990785213799505,0.03553152457275277,0.027213875550176736,0.009858910790446096,0.015210953693773677,0.025581153960703595,0.4638055704156866,0.24867378175169494,0.2747675564436979,0.26142687314061563,0.5375,0.45625,17.0,13.0,8.75,11.833333333333334,73.88509057310911,76.47540672095893,0.9668614750869085,0.04285308941114517,44.0,0.9447251517515005,0.05187697107395963,66.0,0.014837459162170935,1.0,1.2332497655883743,0.006772575547797487,1.0,1050.0,-14.75619578923498,64.09834472106013,749.0,0.15523809523809523,0.2980952380952381,0.5466666666666666,0.0,0.0,0.0,0.0,0.0,0.0,0.0,0.0,0.0,0.0,0.0,1.0,4.680743923746079,1.0,5.181528643747956,0,0,1,1
ETH-USD_1h_1725494400_1726066800_42.png,C:\Users\afierro\CV_chart_pattern_detector\data\images\rendered\train\ETH-USD_1h_1725494400_1726066800_42.png,train,ETH-USD,1h,2024-09-05T00:00:00+00:00,2024-09-11T15:00:00+00:00,160,-0.0003165031265272807,0.006707160510157249,0.004902991618938149,21.29352336639314,4.461535539019161,-0.0007260728908442537,-0.0021836215513578727,-0.02195440917367153,0.0013445113327710256,-0.0070828432034864,-0.0075072545548670044,0.4733406458749364,0.2451019769463318,0.25875589018524936,0.2679034639398143,0.525,0.46875,17.0,11.0,8.9375,12.0,43.11062978769906,56.53177569128634,0.9922240510644349,0.027479341867775283,26.0,0.9447251517515005,0.05187697107395963,66.0,0.01166698081935342,1.0,0.9090740740740857,0.0020227317775067,1.0,1021.0,0.3574878103469191,64.87044743728002,716.0,0.14495592556317335,0.43290891283055827,0.42213516160626835,0.0,0.0,0.0,0.0,0.0,0.0,60.3287618846686,4.71755086839058,0.7892284750094762,0.0,107.0,1.0,3.1797558666317864,1.0,5.628258111435054,0,1,1,1
ETH-USD_1h_1725638400_1726210800_42.png,C:\Users\afierro\CV_chart_pattern_detector\data\images\rendered\train\ETH-USD_1h_1725638400_1726210800_42.png,train,ETH-USD,1h,2024-09-06T16:00:00+00:00,2024-09-13T07:00:00+00:00,160,0.00024244560861073618,0.005981511032208809,0.004329638980548464,22.135286135411253,6.431367708003489,-0.0030389976401079544,-0.005129204274477939,0.002535276191451885,-0.001954128335115657,0.00020205198804057467,0.001659624555893302,0.47134213452156687,0.25768249682774746,0.29411082054648874,0.23454704493194437,0.53125,0.4625,17.0,12.0,8.4375,12.636363636363637,33.287025933563534,48.896030684163556,0.9922240510644349,0.027479341867775283,26.0,0.9447251517515005,0.05187697107395963,66.0,0.01166698081935342,1.0,0.01943495077356098,0.007312860567783277,1.0,478.0,17.253133747118785,61.30953060164097,712.0,0.3054393305439331,0.4874476987447699,0.20711297071129708,0.0,0.0,0.0,0.0,0.0,0.0,0.0,0.0,0.0,0.0,0.0,1.0,3.062431191287893,1.0,5.423352918869689,0,0,1,1
ETH-USD_1h_1725782400_1726354800_42.png,C:\Users\afierro\CV_chart_pattern_detector\data\images\rendered\train\ETH-USD_1h_1725782400_1726354800_42.png,train,ETH-USD,1h,2024-09-08T08:00:00+00:00,2024-09-14T23:00:00+00:00,160,0.00033687410037717123,0.0052573664208447135,0.003761275499788361,18.11811842797698,3.4474852847254045,0.003769652635643217,-0.0009627621770821326,-0.0034581111046995128,0.0009658627746220727,0.00035292603820447077,0.008244301548777644,0.44864229581785253,0.26925957215390167,0.2939584523142898,0.2573992518678578,0.51875,0.48125,16.0,14.0,9.266666666666667,11.307692307692308,41.83554618514472,54.31481366693134,0.9922240510644349,0.027479341867775283,26.0,0.9858831035903707,0.030812585572053314,24.0,0.008737146172811391,1.0,1.2533775199249924,0.004025498086804725,1.0,438.0,16.936068529679893,62.90632713367131,710.0,0.2808219178082192,0.4931506849315068,0.22602739726027396,0.0,0.0,0.0,0.0,0.0,0.0,0.0,0.0,0.0,0.0,0.0,1.0,3.720473845572924,1.0,3.9254196229581093,0,0,1,1
ETH-USD_1h_1725926400_1726498800_42.png,C:\Users\afierro\CV_chart_pattern_detector\data\images\rendered\train\ETH-USD_1h_1725926400_1726498800_42.png,train,ETH-USD,1h,2024-09-10T00:00:00+00:00,2024-09-16T15:00:00+00:00,160,-0.00015490931187033953,0.0047576711011930875,0.003441893966705594,17.361924750110717,4.095352229904924,-0.008700927290060001,-0.0016887837702208586,-0.031882389782739384,-0.004988280650264132,-0.006695638695155992,-0.033888563480825695,0.44835996740080997,0.26885931438913657,0.2872626000049452,0.2643774325942448,0.4875,0.5125,16.0,14.0,9.666666666666666,10.923076923076923,37.927889963842944,51.04847544646324,0.9811867221995009,0.024359605705748272,63.0,0.9741410131678451,0.028374680121255946,41.0,0.008737146172811391,1.0,-1.4070052742615837,-0.003485546586513507,1.0,1020.0,7.614701040585836,67.69839162414961,717.0,0.16862745098039217,0.48137254901960785,0.35,0.0,0.0,0.0,0.0,0.0,0.0,0.0,0.0,0.0,0.0,0.0,1.0,3.591045349057461,1.0,3.9202741703006074,0,0,1,1
ETH-USD_1h_1726070400_1726642800_42.png,C:\Users\afierro\CV_chart_pattern_detector\data\images\rendered\train\ETH-USD_1h_1726070400_1726642800_42.png,train,ETH-USD,1h,2024-09-11T16:00:00+00:00,2024-09-18T07:00:00+00:00,160,-3.354223612774276e-05,0.0046826793491869835,0.003335471918694395,17.653133061776497,4.452967155144765,-0.0020515763730356573,-0.0033322069133668863,0.004990446120866299,4.4207962841325e-05,-0.0039440396096829256,0.007370406120730921,0.4474946273400221,0.26974045156491006,0.28914263822108455,0.26336273443889335,0.50625,0.49375,15.0,16.0,10.428571428571429,9.733333333333333,47.123458371483025,57.44909711200318,0.9811867221995009,0.024359605705748272,63.0,0.0,0.0,0.0,0.011241722486414484,1.0,-1.0897669948429458,-0.0014128684998471746,1.0,965.0,-11.678761822139661,66.44494787138062,732.0,0.17409326424870467,0.3170984455958549,0.5088082901554404,0.0,0.0,0.0,0.0,0.0,0.0,0.0,0.0,0.0,0.0,0.0,1.0,3.535586124174611,0.0,0.0,0,0,1,0
ETH-USD_1h_1726214400_1726786800_42.png,C:\Users\afierro\CV_chart_pattern_detector\data\images\rendered\train\ETH-USD_1h_1726214400_1726786800_42.png,train,ETH-USD,1h,2024-09-13T08:00:00+00:00,2024-09-19T23:00:00+00:00,160,0.0003334655184914939,0.005149772982434898,0.003708074938533848,17.423762414036787,4.766597219394052,0.0017391799035324507,0.016061890002637913,0.020199470286376364,0.0015308099886164328,0.00848404419606541,0.037191573286004864,0.4489931388485389,0.2614728360002203,0.2743092958549946,0.2766975652964664,0.53125,0.46875,16.0,17.0,9.266666666666667,8.625,58.30245154244701,68.75222464598232,0.9811202529312751,0.014092236369518773,40.0,0.9889838908720827,0.05250864841833849,56.0,0.011241722486414484,1.0,2.233165260196916,-0.002224102832294168,1.0,316.0,-9.537979844061635,61.08607123239629,745.0,0.4050632911392405,0.24050632911392406,0.35443037974683544,0.0,0.0,0.0,0.0,0.0,0.0,43.228199111020615,6.864922357544258,0.41880890420868105,0.0,102.0,1.0,2.1203437331238373,1.0,7.029085263478617,0,1,1,1
ETH-USD_1h_1726358400_1726930800_42.png,C:\Users\afierro\CV_chart_pattern_detector\data\images\rendered\train\ETH-USD_1h_1726358400_1726930800_42.png,train,ETH-USD,1h,2024-09-15T00:00:00+00:00,2024-09-21T15:00:00+00:00,160,0.00037007004191117626,0.0055469098781257475,0.00405042029988726,19.034259926821502,5.094178812333668,0.001369059260708072,0.004725348906576166,0.007647890040423988,0.0012139719409784977,0.0029840735140309604,0.013505836249603886,0.4644075232334089,0.24830895006737966,0.2681527979703442,0.267439678796247,0.53125,0.46875,17.0,19.0,9.0,8.333333333333334,97.57790212286267,104.16994281001381,0.0,0.0,0.0,0.9259583882908565,0.05331659788112153,72.0,0.010120231813856973,1.0,3.705937529301467,0.008674483028373215,1.0,923.0,14.121338992439139,61.91858936754652,723.0,0.14409534127843987,0.570964247020585,0.28494041170097506,0.0,0.0,0.0,0.0,0.0,0.0,0.0,0.0,0.0,0.0,0.0,0.0,0.0,1.0,6.845210469291543,0,0,0,1
ETH-USD_1h_1726502400_1727074800_42.png,C:\Users\afierro\CV_chart_pattern_detector\data\images\rendered\train\ETH-USD_1h_1726502400_1727074800_42.png,train,ETH-USD,1h,2024-09-16T16:00:00+00:00,2024-09-23T07:00:00+00:00,160,0.0009340723600786734,0.005679326996326511,0.004164793623698512,19.731994525447597,3.5930462985979212,-0.011293715045709085,0.021834566957408263,0.025302479108311404,0.0057086223682842885,0.017221597624607066,0.023502644729163302,0.461241287264264,0.2587617785115551,0.27551324700554125,0.2632454657301947,0.55625,0.4375,19.0,20.0,8.222222222222221,7.631578947368421,118.21025880599629,112.02478661439173,0.9941100894709141,0.009245069812080073,28.0,0.9648238876718347,0.0562789582195496,69.0,0.010062093285208351,1.0,1.3048752930145464,-0.0012574675581364977,1.0,901.0,22.975578746837993,61.28552116339395,764.0,0.1365149833518313,0.6392896781354052,0.2241953385127636,0.0,0.0,0.0,0.0,0.0,0.0,33.157923884672634,5.973358876131763,0.41187599170023304,0.0,41.0,1.0,1.3125422152751065,1.0,7.326980383141178,0,1,1,1
ETH-USD_1h_1726646400_1727218800_42.png,C:\Users\afierro\CV_chart_pattern_detector\data\images\rendered\train\ETH-USD_1h_1726646400_1727218800_42.png,train,ETH-USD,1h,2024-09-18T08:00:00+00:00,2024-09-24T23:00:00+00:00,160,0.0008554247186528411,0.005303668100127437,0.0038999250365415157,20.36901822273235,3.3342607639252666,0.0010224524521880163,0.015361300544189493,0.011621522693997077,0.004756422685409545,0.004888092007935496,0.0039052869166757986,0.4466330395379957,0.2578454088111298,0.2819316152782384,0.2714353451837659,0.53125,0.4625,18.0,18.0,8.235294117647058,8.588235294117647,103.92396199406186,82.40060200697027,0.9941100894709141,0.009245069812080073,28.0,0.9648238876718347,0.0562789582195496,69.0,0.010062093285208351,1.0,1.1167017112048825,0.003520403414937842,1.0,1270.0,21.764563039954254,61.00721959754998,713.0,0.11023622047244094,0.6448818897637796,0.24488188976377953,0.0,0.0,0.0,0.0,0.0,0.0,33.157923884671,5.973358876131561,0.4118759917002149,0.0,41.0,1.0,1.2746778522630742,1.0,7.105682279936697,0,1,1,1
ETH-USD_1h_1726790400_1727362800_42.png,C:\Users\afierro\CV_chart_pattern_detector\data\images\rendered\train\ETH-USD_1h_1726790400_1727362800_42.png,train,ETH-USD,1h,2024-09-20T00:00:00+00:00,2024-09-26T15:00:00+00:00,160,0.000517464270402674,0.0050540724478710525,0.003632098265453906,20.01459977033769,3.083093986555659,0.008829123554473517,0.013377913641574368,0.02752055420809163,0.009816352718535537,0.01720087090783884,0.01291422573846579,0.44471536546519663,0.26320020472974054,0.2712456284862066,0.2840390060485968,0.50625,0.4875,16.0,17.0,9.866666666666667,8.4375,43.67506496399718,36.2272820114581,0.9941100894709141,0.009245069812080073,28.0,0.9966751177397148,0.03974781680612933,56.0,0.006814114184318416,1.0,-0.7260424285044492,0.0012492861359178966,1.0,558.0,13.853042210408864,64.10209672298578,715.0,0.27419354838709675,0.471326164874552,0.25448028673835127,0.0,0.0,0.0,0.0,0.0,0.0,47.06914709965966,1.4320961841647355,0.9659229750489103,0.0,82.0,1.0,1.295446846599461,1.0,5.208982518420354,0,1,1,1
ETH-USD_1h_1726934400_1727506800_42.png,C:\Users\afierro\CV_chart_pattern_detector\data\images\rendered\train\ETH-USD_1h_1726934400_1727506800_42.png,train,ETH-USD,1h,2024-09-21T16:00:00+00:00,2024-09-28T07:00:00+00:00,160,0.0002940454028465911,0.004743178808944644,0.0035166631496849204,19.493890158472148,3.4357757785566725,-0.004601700175816181,-0.010190352984660977,0.007168458781362075,-0.00514935966425345,-0.004781299805206252,0.006985306504557975,0.4319702255236484,0.270336771990507,0.27906319243121136,0.28896658204514025,0.5,0.49375,17.0,15.0,9.125,10.214285714285714,39.44016965859755,38.616491606566214,0.0,0.0,0.0,0.9763370385703176,0.02915697798137438,29.0,0.009143998485281657,1.0,1.2200522737927915,-0.00010740639875153976,1.0,2794.0,7.096630739798782,61.909447044950355,723.0,0.1062992125984252,0.5175375805297066,0.37616320687186827,0.0,0.0,0.0,0.0,0.0,0.0,47.0691470996594,1.4320961841649749,0.9659229750488912,0.0,82.0,0.0,0.0,1.0,3.971281191002141,0,1,0,1
ETH-USD_1h_1727078400_1727650800_42.png,C:\Users\afierro\CV_chart_pattern_detector\data\images\rendered\train\ETH-USD_1h_1727078400_1727650800_42.png,train,ETH-USD,1h,2024-09-23T08:00:00+00:00,2024-09-29T23:00:00+00:00,160,3.541413551290614e-05,0.004001299020473912,0.0030107546848910836,17.801874391984825,2.991830605759725,-0.0034348540187043586,0.0017905136701006352,-0.004916222035008966,-0.0015519858919937901,0.00022713445701216806,-0.004573996009786141,0.41633440116840265,0.262880192023665,0.2816881675567813,0.30197743127481613,0.475,0.525,15.0,16.0,10.357142857142858,9.533333333333333,24.691304488287585,31.81794962531961,0.0,0.0,0.0,0.9763370385703176,0.02915697798137438,29.0,0.009143998485281657,1.0,0.11903797468354704,0.00950489727193808,1.0,1809.0,1.0845720542274568,65.15152331293706,720.0,0.12106135986733002,0.4521835268103925,0.4267551133222775,0.0,0.0,0.0,0.0,0.0,0.0,44.67843418790778,6.002856362206695,0.8118110696760934,0.0,97.0,0.0,0.0,1.0,4.338716635761733,0,1,0,1
ETH-USD_1h_1727222400_1727794800_42.png,C:\Users\afierro\CV_chart_pattern_detector\data\images\rendered\train\ETH-USD_1h_1727222400_1727794800_42.png,train,ETH-USD,1h,2024-09-25T00:00:00+00:00,2024-10-01T15:00:00+00:00,160,-0.0002670277472952104,0.004521356899582713,0.0032855345466877186,18.499892756216656,3.2068950710689945,-0.03958354730359426,-0.04953696732419821,-0.03427159473839214,-0.03345344933785632,-0.034970153489514266,-0.03874883727446776,0.4360432854462715,0.26215687147735367,0.2575241901427172,0.30643252441101126,0.4625,0.5375,16.0,16.0,9.266666666666667,9.133333333333333,28.71350836278978,34.23956756603938,0.9741628925681194,0.03887074021827902,86.0,0.9763370385703176,0.02915697798137438,29.0,0.007199484443698777,1.0,-0.9986081809657731,-0.02093016725509502,1.0,432.0,-0.41435666948005007,66.31045206286517,782.0,0.3402777777777778,0.33796296296296297,0.32175925925925924,0.0,0.0,0.0,0.0,0.0,0.0,18.338428802919797,5.4760206733582875,0.44243659217150183,0.0,75.0,1.0,5.97276008371822,1.0,4.178991673104969,0,1,1,1
ETH-USD_1h_1727366400_1727938800_42.png,C:\Users\afierro\CV_chart_pattern_detector\data\images\rendered\train\ETH-USD_1h_1727366400_1727938800_42.png,train,ETH-USD,1h,2024-09-26T16:00:00+00:00,2024-10-03T07:00:00+00:00,160,-0.000703886408900066,0.005175405280802156,0.0037945676808610685,20.42384093349714,5.358453734543606,-0.014445759631895871,-0.007329605561432695,-0.029018654556056123,-0.0076528728068702145,-0.015454794133848315,-0.04410970493062916,0.44245011807846096,0.25597298419186254,0.2439222685241816,0.31362761339735734,0.4375,0.5625,16.0,17.0,9.8,8.8125,89.69926938238888,105.22825621420496,0.9741628925681194,0.03887074021827902,86.0,0.0,0.0,0.0,0.007739960168864498,1.0,-3.854315518049694,-0.006678652912592208,1.0,913.0,-18.686752113298414,63.522042277157404,739.0,0.19386637458926614,0.25629791894852133,0.5498357064622125,0.0,0.0,0.0,0.0,0.0,0.0,0.0,0.0,0.0,0.0,0.0,1.0,5.439578795952034,0.0,0.0,0,0,1,0
ETH-USD_1h_1727510400_1728082800_42.png,C:\Users\afierro\CV_chart_pattern_detector\data\images\rendered\train\ETH-USD_1h_1727510400_1728082800_42.png,train,ETH-USD,1h,2024-09-28T08:00:00+00:00,2024-10-04T23:00:00+00:00,160,-0.0006068475911819865,0.005719283082297237,0.004163414623886858,20.77727893831649,5.9331459570483585,-0.005965663469060134,0.019939084407382346,0.016927664664605713,-0.001621366140532543,0.006142301620160051,0.0161025323338444,0.45902591187201836,0.25331669864182005,0.22377973230996143,0.3171943558180202,0.4125,0.58125,16.0,19.0,9.4,8.11111111111111,127.79618811406063,129.38146694958948,0.9904519688369628,0.03094033696952002,60.0,0.0,0.0,0.0,0.009416739549456918,1.0,-1.3456208391936106,0.00888515258776613,1.0,446.0,-17.058300660864656,63.356322531570015,708.0,0.2825112107623318,0.2219730941704036,0.49551569506726456,0.0,0.0,0.0,0.0,0.0,0.0,0.0,0.0,0.0,0.0,0.0,1.0,4.196806750032399,0.0,0.0,0,0,1,0
ETH-USD_1h_1727654400_1728226800_42.png,C:\Users\afierro\CV_chart_pattern_detector\data\images\rendered\train\ETH-USD_1h_1727654400_1728226800_42.png,train,ETH-USD,1h,2024-09-30T00:00:00+00:00,2024-10-06T15:00:00+00:00,160,-0.00048205881666635065,0.005808940597563823,0.004303907949802075,22.958753525881384,6.740368829101646,0.00823776183431324,0.01261935409104642,0.022684807824941977,0.007536904145173606,0.01089139183393506,0.012229063586960187,0.48884080483942605,0.24783579218237647,0.22352218941529278,0.28763700574528117,0.44375,0.55,15.0,16.0,9.785714285714286,8.666666666666666,104.8702167994114,94.07611947704572,0.9941650495140999,0.0234510695837648,24.0,0.0,0.0,0.0,0.009416739549456918,1.0,1.1493219643694423,0.011435025780947133,1.0,1011.0,-17.499511263667653,62.195496457372464,710.0,0.14638971315529178,0.2571711177052423,0.5964391691394659,0.0,0.0,0.0,0.0,0.0,0.0,0.0,0.0,0.0,0.0,0.0,1.0,2.7953901313778915,0.0,0.0,0,0,1,0
ETH-USD_1h_1727798400_1728370800_42.png,C:\Users\afierro\CV_chart_pattern_detector\data\images\rendered\train\ETH-USD_1h_1727798400_1728370800_42.png,train,ETH-USD,1h,2024-10-01T16:00:00+00:00,2024-10-08T07:00:00+00:00,160,-0.00018809332407541737,0.006108930730579104,0.004441936996894176,22.5770962377546,9.34889190741529,-0.00390873333251307,0.004924070012827464,-0.015002494331985528,-0.0016119079753061927,-0.007959079843853467,-0.009021390056623613,0.4992177580543162,0.24939958269617554,0.22946473785351315,0.2713175040921706,0.4625,0.53125,16.0,17.0,9.6,8.9375,44.80858364598654,44.55985585292233,0.0,0.0,0.0,0.9552865743336895,0.03812173986647351,78.0,0.010463704283038703,1.0,0.7156979606188403,-0.013783893203063913,1.0,512.0,17.88085473049432,59.56731646359207,721.0,0.28515625,0.50390625,0.2109375,0.0,0.0,0.0,0.0,0.0,0.0,25.000368189294008,4.450434436367612,0.5719959302670866,0.0,83.0,0.0,0.0,1.0,4.2732991197073655,0,1,0,1
ETH-USD_1h_1727942400_1728514800_42.png,C:\Users\afierro\CV_chart_pattern_detector\data\images\rendered\train\ETH-USD_1h_1727942400_1728514800_42.png,train,ETH-USD,1h,2024-10-03T08:00:00+00:00,2024-10-09T23:00:00+00:00,160,0.00010565543464148013,0.005932974380504696,0.004185505062493662,20.005855666146072,6.51944726956107,-0.01977835669685335,-0.02726403519210807,-0.030676878662353912,-0.015529129161056643,-0.021756243166289546,-0.025254232785804964,0.5015238436381002,0.25143924690566155,0.22260296854072922,0.27587318782117065,0.46875,0.525,18.0,17.0,8.235294117647058,9.375,37.17413983994121,38.50887795001117,0.9804048803544104,0.03198026068078226,49.0,0.9552865743336895,0.03812173986647351,78.0,0.013671125903042623,1.0,-0.6651746366619723,0.0025464192818424095,1.0,1193.0,18.325226010290994,63.47244252717137,769.0,0.16345347862531434,0.5733445096395641,0.26320201173512153,0.0,0.0,0.0,0.0,0.0,0.0,25.000368189295475,4.450434436367312,0.5719959302671119,0.0,83.0,1.0,4.169013369321391,1.0,4.7860681267738565,0,1,1,1
ETH-USD_1h_1728086400_1728658800_42.png,C:\Users\afierro\CV_chart_pattern_detector\data\images\rendered\train\ETH-USD_1h_1728086400_1728658800_42.png,train,ETH-USD,1h,2024-10-05T00:00:00+00:00,2024-10-11T15:00:00+00:00,160,6.29864873735123e-05,0.005429532465667837,0.0038519333631953858,17.284864216550197,4.288448088261614,0.0107493527227005,0.013440325122335617,0.03145246044173566,0.00973912080583772,0.015228574010163642,0.018213862367947975,0.48843929714008744,0.2524127746275776,0.24438873256072463,0.2671719702991878,0.5,0.5,17.0,15.0,8.25,10.642857142857142,30.724453782087217,26.72734784198888,0.9804048803544104,0.03198026068078226,49.0,0.9893459849761742,0.020829431716503203,25.0,0.013671125903042623,1.0,-0.6370856774495818,-0.0014529040504272068,1.0,1265.0,-15.355736787894026,65.65361292485875,724.0,0.15256916996047432,0.3067193675889328,0.5407114624505929,0.0,0.0,0.0,0.0,0.0,0.0,0.0,0.0,0.0,0.0,0.0,1.0,4.7972519479635505,1.0,2.986506034741431,0,0,1,1
ETH-USD_1h_1728230400_1728802800_42.png,C:\Users\afierro\CV_chart_pattern_detector\data\images\rendered\train\ETH-USD_1h_1728230400_1728802800_42.png,train,ETH-USD,1h,2024-10-06T16:00:00+00:00,2024-10-13T07:00:00+00:00,160,8.619073264763574e-05,0.005342934622957049,0.003708636472172944,18.10452953845932,3.717201690323475,0.0029049661087285905,-0.008973513661290178,0.0028437638577547553,-0.001723596095342228,-0.0019263024811141394,0.005895157730889888,0.4601928747939049,0.2570131452274267,0.2581350993628019,0.2816720258432932,0.5125,0.4875,18.0,18.0,8.235294117647058,8.823529411764707,31.23181128450786,30.055515670542444,0.9804048803544104,0.03198026068078226,49.0,0.9784479403963341,0.014330878594551639,36.0,0.007274014405606323,1.0,1.3476406469761093,0.007565830578398362,1.0,1657.0,-12.8249904157242,63.30857388366551,716.0,0.11828605914302957,0.33614966807483404,0.5455642727821364,0.0,0.0,0.0,0.0,0.0,0.0,48.934330545868576,0.6941264450868763,0.44528191865365185,0.0,52.0,1.0,4.588127949640059,1.0,2.012482424678191,0,1,1,1
ETH-USD_1h_1728374400_1728946800_42.png,C:\Users\afierro\CV_chart_pattern_detector\data\images\rendered\train\ETH-USD_1h_1728374400_1728946800_42.png,train,ETH-USD,1h,2024-10-08T08:00:00+00:00,2024-10-14T23:00:00+00:00,160,0.0005198594083520949,0.005329798676300595,0.0035637539379839707,16.409925209714448,3.7757301064883007,0.0035412953966975635,0.0027453776610144587,0.034474755620242714,0.0009195493294824608,0.017860622852718278,0.047063739102799484,0.44480328498360666,0.2603336946763236,0.2802176100395891,0.2749791049768042,0.525,0.475,18.0,16.0,8.588235294117647,9.133333333333333,54.37000002554511,40.43068176192896,0.0,0.0,0.0,0.9556372271379004,0.04354465855265108,69.0,0.006283955626366884,1.0,2.005179559306136,-0.02205639478805785,1.0,829.0,12.477679450132303,66.15027415834717,746.0,0.1712907117008444,0.5295536791314838,0.2991556091676719,0.0,0.0,0.0,0.0,0.0,0.0,56.50681949875845,0.21888168840580086,0.9579525596828665,0.0,89.0,0.0,0.0,1.0,6.575739867015138,0,1,0,1
ETH-USD_1h_1728518400_1729090800_42.png,C:\Users\afierro\CV_chart_pattern_detector\data\images\rendered\train\ETH-USD_1h_1728518400_1729090800_42.png,train,ETH-USD,1h,2024-10-10T00:00:00+00:00,2024-10-16T15:00:00+00:00,160,0.0006040396736548625,0.006053195904014813,0.003713679425825515,18.00925440108306,5.621439464645144,-0.008641271289537733,-0.001355693337571462,0.013868584758942593,-0.0025616143410623904,-0.0007889708088463232,-0.0016299076023251757,0.44236403086309534,0.2614663547224251,0.3108223139690251,0.24681365516787954,0.5625,0.4375,18.0,16.0,8.764705882352942,9.533333333333333,95.578948100833,80.61292668324046,0.0,0.0,0.0,0.9378765292535988,0.05474961737562471,78.0,0.0332345682832673,1.0,2.313251640881396,0.002788029324152245,1.0,989.0,20.521734910980395,62.07843359768916,710.0,0.12942366026289182,0.6248736097067745,0.24570273003033366,0.0,0.0,0.0,0.0,0.0,0.0,33.21047705860049,0.44906583313998527,0.6005682225568442,0.0,37.0,0.0,0.0,1.0,7.9210985781591505,0,1,0,1
ETH-USD_1h_1728662400_1729234800_42.png,C:\Users\afierro\CV_chart_pattern_detector\data\images\rendered\train\ETH-USD_1h_1728662400_1729234800_42.png,train,ETH-USD,1h,2024-10-11T16:00:00+00:00,2024-10-18T07:00:00+00:00,160,0.0005300443748720227,0.006250013045837882,0.0038635446265784337,18.519234811468,5.841829230737092,0.013222272882271735,0.012179065174456882,0.011462863306215487,0.008644324053830976,0.011767221994047894,0.010549378893309092,0.46160138030539616,0.2653000652356563,0.297225664400143,0.24117295529446087,0.5375,0.4625,19.0,18.0,8.333333333333334,8.588235294117647,77.55322646888442,71.629916124135,0.0,0.0,0.0,0.9378765292535988,0.05474961737562471,78.0,0.0332345682832673,1.0,0.16887224566337988,0.005975436687047173,1.0,401.0,5.615955759462276,65.72729317782813,717.0,0.26433915211970077,0.4488778054862843,0.286783042394015,0.0,0.0,0.0,0.0,0.0,0.0,44.440587313967605,6.063586211374582,0.5835124077403565,0.0,53.0,0.0,0.0,1.0,7.710779083098271,0,1,0,1
ETH-USD_1h_1728806400_1729378800_42.png,C:\Users\afierro\CV_chart_pattern_detector\data\images\rendered\train\ETH-USD_1h_1728806400_1729378800_42.png,train,ETH-USD,1h,2024-10-13T08:00:00+00:00,2024-10-19T23:00:00+00:00,160,0.000475499112751366,0.0062827624946339275,0.003953672788569157,19.273546575607913,5.349036978744747,0.00259716658968534,-0.0007131833258494646,0.0028249657293031305,0.0013889062202805391,0.0020140929751932823,0.004058090231616518,0.48721820469215266,0.26200980870526985,0.291426827276105,0.22135496803174232,0.4875,0.5125,19.0,16.0,7.5,9.333333333333334,45.493959575912264,56.34535739526366,0.0,0.0,0.0,0.9387708412494107,0.05429218829886065,38.0,0.010837212414333566,1.0,0.46448476324427057,0.005707951865416379,1.0,497.0,11.136816233336566,66.71575081012419,710.0,0.2595573440643863,0.4647887323943662,0.27565392354124746,0.0,0.0,0.0,0.0,0.0,0.0,53.33861578960792,5.8451712594449425,0.8336099731298042,0.0,59.0,0.0,0.0,1.0,7.218093108234358,0,1,0,1
ETH-USD_1h_1728950400_1729522800_42.png,C:\Users\afierro\CV_chart_pattern_detector\data\images\rendered\train\ETH-USD_1h_1728950400_1729522800_42.png,train,ETH-USD,1h,2024-10-15T00:00:00+00:00,2024-10-21T15:00:00+00:00,160,0.00015073575516268153,0.005691237595977034,0.003496306340945872,18.40013903848338,5.409619315997418,-0.009368633931905568,-0.017649409547692785,-0.01183833481466201,-0.007981891077675662,-0.014219777523145516,-0.0005940270701187966,0.4669781273487531,0.2636187256383027,0.3010118567606148,0.23201001589063205,0.4625,0.5375,19.0,15.0,7.444444444444445,10.071428571428571,33.299814661792006,37.989664360483914,0.0,0.0,0.0,0.9769177921833682,0.022272373122699453,57.0,0.010144255221636743,1.0,1.2167458977965475,-0.0074314591613799785,1.0,559.0,14.207508820220696,65.28503567398865,712.0,0.23076923076923078,0.5062611806797853,0.2629695885509839,0.0,0.0,0.0,0.0,0.0,0.0,53.338615789608156,6.074435442814156,0.9435565581388274,0.0,67.0,0.0,0.0,1.0,3.361053243747717,0,1,0,1
ETH-USD_1h_1729094400_1729666800_42.png,C:\Users\afierro\CV_chart_pattern_detector\data\images\rendered\train\ETH-USD_1h_1729094400_1729666800_42.png,train,ETH-USD,1h,2024-10-16T16:00:00+00:00,2024-10-23T07:00:00+00:00,160,-2.9653556838680193e-05,0.004165183277482928,0.002982447976135135,17.11115770317888,3.969377292534535,-0.005232180393655694,-0.012527363297329508,-0.0074778258250013385,-0.005567775140283171,-0.0071751422450351265,-0.01781607178503719,0.4673020143436803,0.2638663140783623,0.29582595219954433,0.23687203345677527,0.4375,0.5625,17.0,14.0,8.8125,11.307692307692308,29.533039477189735,35.057677905161405,0.9866889134705384,0.013496065497352957,32.0,0.9769177921833682,0.022272373122699453,57.0,0.010144255221636743,1.0,-0.9207646507266637,0.0032088342317032653,1.0,1042.0,12.618037600377699,64.50483242135351,717.0,0.16122840690978887,0.5345489443378119,0.30422264875239924,0.0,0.0,0.0,0.0,0.0,0.0,53.33861578960776,6.074435442814517,0.9435565581388214,0.0,67.0,1.0,2.2483058832183205,1.0,3.5986271292731855,0,1,1,1
ETH-USD_1h_1729238400_1729810800_42.png,C:\Users\afierro\CV_chart_pattern_detector\data\images\rendered\train\ETH-USD_1h_1729238400_1729810800_42.png,train,ETH-USD,1h,2024-10-18T08:00:00+00:00,2024-10-24T23:00:00+00:00,160,-0.0002404641749267153,0.004158576224330094,0.0029050843889592785,16.28593112270791,3.5774224479225962,-0.0016299469282979873,0.004257307718201764,-0.006877158903100922,0.002167301101513752,0.0009263962947305693,-0.0068321948952877465,0.4398840194895368,0.25938437783261,0.31010459133098517,0.250011389179478,0.4625,0.5375,16.0,15.0,9.666666666666666,10.571428571428571,56.03537071782766,61.922109374062295,0.9463123081258249,0.0331432512198377,54.0,0.991104742231894,0.015103644616539734,38.0,0.006132606901232064,1.0,-2.16459716361931,-0.002626482770786057,1.0,430.0,-6.781400381825691,67.95291590301277,710.0,0.27209302325581397,0.30465116279069765,0.4232558139534884,0.0,0.0,0.0,0.0,0.0,0.0,24.969315949083168,7.080474419927467,0.4835707168281721,0.0,76.0,1.0,5.6851502047509355,1.0,2.571570471333061,0,1,1,1
ETH-USD_1h_1729382400_1729954800_42.png,C:\Users\afierro\CV_chart_pattern_detector\data\images\rendered\train\ETH-USD_1h_1729382400_1729954800_42.png,train,ETH-USD,1h,2024-10-20T00:00:00+00:00,2024-10-26T15:00:00+00:00,160,-0.0004444111313399472,0.00483704874597806,0.003348601129665876,18.61248167358161,4.174562194482405,-0.006223261004941305,-0.006448248259579348,-0.00915215559470861,-0.0034022984776842513,-0.0021081849713048273,-0.016108250311791195,0.4184790177957701,0.25729350355937447,0.3087398496948971,0.2727811325093328,0.4875,0.5125,15.0,14.0,10.642857142857142,10.846153846153847,83.14689329133112,82.65149669620298,0.9775188258161707,0.042933841391174336,56.0,0.0,0.0,0.0,0.010328245036416286,1.0,-1.235263127051086,0.006942525959017467,1.0,924.0,-24.619052978434087,61.48297197649317,718.0,0.15692640692640691,0.22077922077922077,0.6222943722943723,0.0,0.0,0.0,0.0,0.0,0.0,0.0,0.0,0.0,0.0,0.0,1.0,6.190747698615933,0.0,0.0,0,0,1,0
ETH-USD_1h_1729526400_1730098800_42.png,C:\Users\afierro\CV_chart_pattern_detector\data\images\rendered\train\ETH-USD_1h_1729526400_1730098800_42.png,train,ETH-USD,1h,2024-10-21T16:00:00+00:00,2024-10-28T07:00:00+00:00,160,-0.00037740970164532023,0.004560999347083053,0.003287372760795756,19.14954828988965,4.057345812357463,0.013746564367904224,-0.0010817302912319304,0.014381138537089777,0.006395120780476216,0.006719828906085912,0.011600642135252803,0.4366411810817349,0.2466521184127371,0.30564362012705076,0.2577151987912144,0.5125,0.4875,16.0,16.0,9.8,9.666666666666666,66.38573740540488,60.21651121941141,0.9775188258161707,0.042933841391174336,56.0,0.0,0.0,0.0,0.010328245036416286,1.0,-0.23575761837787104,0.013993316030393155,1.0,704.0,-24.039778131060302,60.30736793912796,710.0,0.1903409090909091,0.21022727272727273,0.5994318181818182,0.0,0.0,0.0,0.0,0.0,0.0,0.0,0.0,0.0,0.0,0.0,1.0,6.022833679054715,0.0,0.0,0,0,1,0
ETH-USD_1h_1729670400_1730242800_42.png,C:\Users\afierro\CV_chart_pattern_detector\data\images\rendered\train\ETH-USD_1h_1729670400_1730242800_42.png,train,ETH-USD,1h,2024-10-23T08:00:00+00:00,2024-10-29T23:00:00+00:00,160,0.00016247909902872734,0.004983828823056897,0.003550034402144001,21.262132228677167,6.124596168116136,0.005356721046656299,0.003109533113866858,0.0065647183579431445,-0.0009839482789234522,0.002353753613105747,0.02761459141065603,0.4355667542479787,0.25063462609038634,0.3099762300254285,0.2544570157265928,0.55,0.45,15.0,16.0,10.5,9.733333333333333,54.06629532959206,57.28108939898386,0.9985650168259577,0.031359061645785176,32.0,0.9632982164119763,0.03599312768578513,52.0,0.00974488327349319,1.0,2.4417664088138835,-0.015502140963167823,1.0,597.0,-5.767174091071539,67.24301156251664,710.0,0.21775544388609716,0.35678391959798994,0.42546063651591287,0.0,0.0,0.0,0.0,0.0,0.0,0.0,0.0,0.0,0.0,0.0,1.0,3.898674795708871,1.0,4.297803951622618,0,0,1,1
ETH-USD_1h_1729814400_1730386800_42.png,C:\Users\afierro\CV_chart_pattern_detector\data\images\rendered\train\ETH-USD_1h_1729814400_1730386800_42.png,train,ETH-USD,1h,2024-10-25T00:00:00+00:00,2024-10-31T15:00:00+00:00,160,0.00010694135503836294,0.005212029492490746,0.0037574001560305905,20.01283734788787,4.393011453413233,-0.02878191305929556,-0.02866412228206272,-0.04352693982810152,-0.021908836007933474,-0.029205539550482107,-0.03290717794144149,0.4425298258672422,0.25533825194650633,0.3025250113597144,0.2549451627730434,0.51875,0.48125,16.0,16.0,8.866666666666667,9.733333333333333,86.10325735844363,81.35064581796509,0.0,0.0,0.0,0.9495240893414549,0.05274553223710541,46.0,0.00974488327349319,1.0,1.630728668541979,0.0005161888508213791,1.0,762.0,20.069549397455425,61.122111946248005,767.0,0.18766404199475065,0.5905511811023622,0.22178477690288714,0.0,0.0,0.0,0.0,0.0,0.0,0.0,0.0,0.0,0.0,0.0,0.0,0.0,1.0,6.850233152877504,0,0,0,1
ETH-USD_1h_1729958400_1730530800_42.png,C:\Users\afierro\CV_chart_pattern_detector\data\images\rendered\train\ETH-USD_1h_1729958400_1730530800_42.png,train,ETH-USD,1h,2024-10-26T16:00:00+00:00,2024-11-02T07:00:00+00:00,160,0.00010354278215690647,0.005208908330738129,0.0036896791648650365,20.32031845141491,4.320107561621611,0.0002593050624326576,-0.0023396187376404365,-0.011609113844213259,-0.0015164318613167804,-0.004340461676131779,-0.012098235815127811,0.4409622760861094,0.24235366502119088,0.29982677888528364,0.25921094502860687,0.49375,0.50625,16.0,18.0,9.866666666666667,8.588235294117647,79.10999000600367,68.85675130297679,0.9430079135435302,0.03575188251062791,55.0,0.9495240893414549,0.05274553223710541,46.0,0.00968105095104141,1.0,-2.707842358180964,0.007835713876907185,1.0,382.0,9.83507411423778,58.18954050039414,725.0,0.3612565445026178,0.42408376963350786,0.21465968586387435,0.0,0.0,0.0,0.0,0.0,0.0,0.0,0.0,0.0,0.0,0.0,1.0,4.787772589435432,1.0,6.749108554293794,0,0,1,1
ETH-USD_1h_1730102400_1730674800_42.png,C:\Users\afierro\CV_chart_pattern_detector\data\images\rendered\train\ETH-USD_1h_1730102400_1730674800_42.png,train,ETH-USD,1h,2024-10-28T08:00:00+00:00,2024-11-03T23:00:00+00:00,160,-0.00012435187718102647,0.005557303408404385,0.004027298919541375,20.62923316733019,3.6937705388679003,0.0019731826539306496,0.013446757273867016,0.0008918608534171923,0.0035175971728562683,0.003036170609158395,-0.007680860946361445,0.44316402818666534,0.2499586711871365,0.2802415564482152,0.27659441536511953,0.4875,0.5125,15.0,21.0,8.857142857142858,7.35,83.55901582846833,76.35897799033124,0.9430079135435302,0.03575188251062791,55.0,0.9561055573682204,0.0493665064096264,32.0,0.00968105095104141,1.0,-1.1628245428973245,-0.00010534666823439385,1.0,531.0,-25.274958454619693,59.23542850292777,713.0,0.2730696798493409,0.1713747645951036,0.5555555555555556,0.0,0.0,0.0,0.0,0.0,0.0,0.0,0.0,0.0,0.0,0.0,1.0,4.719072485332979,1.0,6.203841487885362,0,0,1,1
ETH-USD_1h_1730246400_1730818800_42.png,C:\Users\afierro\CV_chart_pattern_detector\data\images\rendered\train\ETH-USD_1h_1730246400_1730818800_42.png,train,ETH-USD,1h,2024-10-30T00:00:00+00:00,2024-11-05T15:00:00+00:00,160,-0.00042935167127785255,0.005667710116168318,0.004040430296291178,21.297880236077397,3.609277939541049,0.00022944895375376362,0.004538795799453599,0.007631980847814468,-0.0005236504537007303,0.006225250784493541,-0.0006257781800982354,0.444108280808976,0.24206393139578017,0.2711307031346006,0.2847610160564234,0.4625,0.5375,18.0,20.0,8.352941176470589,6.842105263157895,87.3456104743438,75.43745270089651,0.9602586342848131,0.0439165746727645,71.0,0.0,0.0,0.0,0.00901157792771439,1.0,-0.8282728551335983,-0.007136609166401444,1.0,864.0,-32.48380193997313,56.805893756980964,709.0,0.1574074074074074,0.16666666666666666,0.6759259259259259,0.0,0.0,0.0,0.0,0.0,0.0,0.0,0.0,0.0,0.0,0.0,1.0,5.488279779354102,0.0,0.0,0,0,1,0
ETH-USD_1h_1730390400_1730962800_42.png,C:\Users\afierro\CV_chart_pattern_detector\data\images\rendered\train\ETH-USD_1h_1730390400_1730962800_42.png,train,ETH-USD,1h,2024-10-31T16:00:00+00:00,2024-11-07T07:00:00+00:00,160,0.0006538731199329686,0.007391953042275743,0.00485767859607367,22.88032046823586,6.863815441626329,-0.011264119589681765,0.0310677765957057,0.07097722318844979,0.006491200709753064,0.03364630904349353,0.08957081968869929,0.44475687987242657,0.24246718265022968,0.2808703199367063,0.2743728001908671,0.5125,0.4875,16.0,20.0,9.466666666666667,7.315789473684211,98.38823707003803,51.34415044335625,0.9602586342848131,0.0439165746727645,71.0,0.9959686636327745,0.032271471022172385,49.0,0.013717198387540904,1.0,4.699424636661993,-0.04252842684432593,1.0,328.0,-15.993907455627511,68.16443572203869,757.0,0.2804878048780488,0.2652439024390244,0.45426829268292684,0.0,0.0,0.0,0.0,0.0,0.0,0.0,0.0,0.0,0.0,0.0,1.0,5.1265576853223,1.0,3.5719279900415843,0,0,1,1
ETH-USD_1h_1730534400_1731106800_42.png,C:\Users\afierro\CV_chart_pattern_detector\data\images\rendered\train\ETH-USD_1h_1730534400_1731106800_42.png,train,ETH-USD,1h,2024-11-02T08:00:00+00:00,2024-11-08T23:00:00+00:00,160,0.0011046572800213284,0.007510936339579242,0.00521200684818111,25.86982069030505,8.559441599301827,0.00399666436155055,0.01670042223061352,0.02065607327840202,0.00803157903335161,0.011490712078532805,0.030126831768453988,0.45505569746697,0.2542045721888326,0.27602517415484557,0.2689191283781844,0.5625,0.4375,17.0,19.0,9.125,8.166666666666666,216.876753314014,198.32273217817203,0.9952286266350181,0.026860544674942463,39.0,0.9959686636327745,0.032271471022172385,49.0,0.013717198387540904,1.0,6.878698429442095,0.021798556559998773,1.0,473.0,13.084562556940204,62.44179820527029,708.0,0.22832980972515857,0.53276955602537,0.23890063424947147,0.0,0.0,0.0,0.0,0.0,0.0,0.0,0.0,0.0,0.0,0.0,1.0,2.729195991710926,1.0,3.179748815091856,0,0,1,1
ETH-USD_1h_1730678400_1731250800_42.png,C:\Users\afierro\CV_chart_pattern_detector\data\images\rendered\train\ETH-USD_1h_1730678400_1731250800_42.png,train,ETH-USD,1h,2024-11-04T00:00:00+00:00,2024-11-10T15:00:00+00:00,160,0.0017286071612591732,0.007669439308309431,0.005369235124041951,29.681375913202913,5.977486585261445,-0.0032515527950309764,0.009714816038255192,0.03993817780038689,0.0043342901461629335,0.014956675400472408,0.047964558068709806,0.4362799668562901,0.25464272800609805,0.28345450756474494,0.2802655255789649,0.575,0.425,17.0,17.0,9.3125,8.5,254.80200830038612,250.8912097078144,0.0,0.0,0.0,0.9255780722716064,0.058374287706057994,51.0,0.0117211618312506,1.0,5.028377988748253,6.188571524362136e-05,1.0,904.0,18.6515446132527,63.32467699150284,712.0,0.13053097345132744,0.6061946902654868,0.26327433628318586,0.0,0.0,0.0,0.0,0.0,0.0,0.0,0.0,0.0,0.0,0.0,0.0,0.0,1.0,5.856013770612704,0,0,0,1
ETH-USD_1h_1730822400_1731394800_42.png,C:\Users\afierro\CV_chart_pattern_detector\data\images\rendered\train\ETH-USD_1h_1730822400_1731394800_42.png,train,ETH-USD,1h,2024-11-05T16:00:00+00:00,2024-11-12T07:00:00+00:00,160,0.0020058056979804497,0.00812821094262768,0.005934196157629826,36.221863766729896,6.615464348171921,0.009929248111284261,0.00805553893111477,0.06180341923445454,0.008005769061016466,0.020264024723394503,0.04267904804187839,0.4213200682727686,0.2454236710323788,0.2889899399975443,0.28968999172968707,0.6,0.4,16.0,17.0,7.8,9.4375,153.15550083473173,208.7297681619826,0.0,0.0,0.0,0.9282873842376365,0.07422135632122555,60.0,0.012662126397823692,1.0,4.244603844350688,-0.013872942713055642,1.0,526.0,25.42585153815411,58.161186773547435,746.0,0.1958174904942966,0.6330798479087453,0.17110266159695817,0.0,0.0,0.0,0.0,0.0,0.0,0.0,0.0,0.0,0.0,0.0,0.0,0.0,1.0,6.360328490500482,0,0,0,1
ETH-USD_1h_1730966400_1731538800_42.png,C:\Users\afierro\CV_chart_pattern_detector\data\images\rendered\train\ETH-USD_1h_1730966400_1731538800_42.png,train,ETH-USD,1h,2024-11-07T08:00:00+00:00,2024-11-13T23:00:00+00:00,160,0.0008029706588479088,0.008460357216096998,0.006125876599323653,40.29893240199252,12.014586535285325,0.008974898775171658,-0.04006987530871631,-0.0009090738105239637,-0.013401831445363332,-0.0033804251790314765,-0.021710851275714815,0.41033169386888024,0.24645570694169688,0.27226114275197444,0.3174071633791453,0.55,0.45,18.0,18.0,8.117647058823529,8.176470588235293,165.31390423100768,144.87431950010077,0.0,0.0,0.0,0.9282873842376365,0.07422135632122555,60.0,0.01775445394018895,1.0,0.25954383497422673,-0.014329835798324267,1.0,1053.0,31.06457333573815,56.2068461238259,761.0,0.14719848053181386,0.6904083570750238,0.1623931623931624,0.0,0.0,0.0,0.0,0.0,0.0,0.0,0.0,0.0,0.0,0.0,0.0,0.0,1.0,5.738923603118032,0,0,0,1
ETH-USD_1h_1731110400_1731682800_42.png,C:\Users\afierro\CV_chart_pattern_detector\data\images\rendered\train\ETH-USD_1h_1731110400_1731682800_42.png,train,ETH-USD,1h,2024-11-09T00:00:00+00:00,2024-11-15T15:00:00+00:00,160,0.0001281961691560739,0.009141559862722378,0.006527613593141011,45.39114698022719,9.809938811421473,-0.02595118368451399,-0.013146171193958334,-0.02433885310858419,-0.017133759431758877,-0.016698912434975233,-0.03934451520944926,0.40652577945623314,0.25118802475615754,0.2682209992804337,0.32525322126333317,0.525,0.475,16.0,18.0,10.0,8.529411764705882,107.321816949581,90.80747584557365,0.0,0.0,0.0,0.9431983309642227,0.061756223268359604,27.0,0.02164783884046569,1.0,-3.029958157524613,0.014291022795362722,1.0,792.0,3.5479748494396306,61.156822149577344,715.0,0.21843434343434343,0.4255050505050505,0.3560606060606061,0.0,0.0,0.0,0.0,0.0,0.0,19.911089362557583,5.655242935413666,0.32240405331996286,0.0,82.0,0.0,0.0,1.0,4.395715874436764,0,1,0,1
ETH-USD_1h_1731218400_1731574800_42.png,C:\Users\afierro\CV_chart_pattern_detector\data\images\rendered\train\ETH-USD_1h_1731218400_1731574800_42.png,train,ETH-USD,1h,2024-11-10T06:00:00+00:00,2024-11-14T09:00:00+00:00,100,0.0001250628977654104,0.0094197031280584,0.0068907309427276,47.017896636349654,11.987250419506507,-0.005709799443294528,0.007584881808547772,-0.03495873742545619,-0.0015617881664319322,-0.004866143776721454,-0.008416665970358395,0.3904396588838226,0.23505594751588035,0.2734143399128792,0.33614600120329813,0.53,0.47,10.0,10.0,9.88888888888889,9.11111111111111,71.99985497207611,61.149713163677234,0.0,0.0,0.0,0.9431983309642227,0.061756223268359604,27.0,0.01775445394018895,1.0,-2.1289330132052737,0.009613082106733456,1.0,2333.0,-1.036439205820449,63.166535807958155,694.0,0.10372910415773683,0.44020574367766824,0.4560651521645949,0.0,0.0,0.0,0.0,0.0,0.0,19.91108936255673,5.6552429354137415,0.3224040533199601,0.0,82.0,0.0,0.0,1.0,4.247027554704857,0,1,0,1
ETH-USD_1h_1731254400_1731610800_42.png,C:\Users\afierro\CV_chart_pattern_detector\data\images\rendered\train\ETH-USD_1h_1731254400_1731610800_42.png,train,ETH-USD,1h,2024-11-10T16:00:00+00:00,2024-11-14T19:00:00+00:00,100,-0.00015983145680907628,0.010176883391993657,0.0074876047389700095,50.42207191254088,7.614444344427046,0.02200683631826572,-0.010989321963551402,-0.010880468929343134,-0.0008516272242448109,-0.010446840630192522,-0.018063834326473738,0.40505431217277305,0.24500445990645917,0.27007326673237103,0.3248724210948559,0.51,0.49,9.0,11.0,10.75,9.1,79.12185161173326,66.52735976043404,0.0,0.0,0.0,0.9431983309642227,0.061756223268359604,27.0,0.02164783884046569,1.0,-2.008549819927982,-0.006298997695514332,1.0,1102.0,-16.459170646492236,65.33265293490979,752.0,0.15063520871143377,0.3030852994555354,0.5462794918330308,0.0,0.0,0.0,0.0,0.0,0.0,0.0,0.0,0.0,0.0,0.0,0.0,0.0,1.0,3.96692406936017,0,0,0,1
ETH-USD_1h_1731254400_1731826800_42.png,C:\Users\afierro\CV_chart_pattern_detector\data\images\rendered\train\ETH-USD_1h_1731254400_1731826800_42.png,train,ETH-USD,1h,2024-11-10T16:00:00+00:00,2024-11-17T07:00:00+00:00,160,-0.00010459436937218042,0.009426148177673847,0.006936534742399207,46.142356512874784,8.835028439167052,0.018213511302699548,0.001212898860194267,-0.012295959494181163,0.007084415826249968,-0.0005733467215129906,0.008410390646468757,0.42575367268821046,0.25754363223747556,0.26593418110586287,0.3083121462059266,0.5125,0.4875,15.0,18.0,9.714285714285714,8.823529411764707,96.14449989237842,77.76849721020287,0.0,0.0,0.0,0.9431983309642227,0.061756223268359604,27.0,0.02164783884046569,1.0,-0.5020887248007329,0.0006280202872475688,1.0,1870.0,-21.561503195858258,61.58631463981686,762.0,0.12459893048128343,0.26149732620320854,0.613903743315508,0.0,0.0,0.0,0.0,0.0,0.0,0.0,0.0,0.0,0.0,0.0,0.0,0.0,1.0,4.325750905286659,0,0,0,1
ETH-USD_1h_1731362400_1731718800_42.png,C:\Users\afierro\CV_chart_pattern_detector\data\images\rendered\train\ETH-USD_1h_1731362400_1731718800_42.png,train,ETH-USD,1h,2024-11-11T22:00:00+00:00,2024-11-16T01:00:00+00:00,100,-0.000715753923441812,0.00991091846070296,0.007159177167137439,52.84797582285965,8.165668544334556,0.00258898838515087,0.02076112026359156,0.011096569528167288,0.009592400381284616,0.008300059755743439,-0.005516125513603587,0.4112201109032554,0.2669968742235741,0.2560489572802138,0.3327309318165308,0.49,0.51,9.0,11.0,10.75,8.8,109.73806184402908,93.82827930157418,0.0,0.0,0.0,0.0,0.0,0.0,0.02164783884046569,1.0,-3.412224249699868,0.005049943583341969,1.0,1784.0,-25.117158690342187,58.07501869870063,712.0,0.11491031390134529,0.218609865470852,0.6664798206278026,0.0,0.0,0.0,0.0,0.0,0.0,0.0,0.0,0.0,0.0,0.0,0.0,0.0,0.0,0.0,0,0,0,0
ETH-USD_1h_1731398400_1731970800_42.png,C:\Users\afierro\CV_chart_pattern_detector\data\images\rendered\train\ETH-USD_1h_1731398400_1731970800_42.png,train,ETH-USD,1h,2024-11-12T08:00:00+00:00,2024-11-18T23:00:00+00:00,160,-0.00036265198225747313,0.009090268168190203,0.00658928456063228,44.775178265914626,11.21332000380172,0.02578369580163531,0.0390914509316127,0.034557270249786276,0.01755712696022016,0.025257652796646157,0.029822210399502946,0.44046557854991997,0.2637721215652321,0.2603087322297843,0.2992256892202957,0.49375,0.50625,16.0,18.0,9.8,8.882352941176471,70.6105254636304,69.21745278067115,0.0,0.0,0.0,0.9950632703368939,0.03412982744453579,33.0,0.013918879254951975,1.0,0.2918190342241007,-0.001520786634181051,1.0,1235.0,-21.906078289974072,64.90644294443918,780.0,0.13360323886639677,0.2623481781376518,0.6040485829959514,0.0,0.0,0.0,0.0,0.0,0.0,0.0,0.0,0.0,0.0,0.0,0.0,0.0,1.0,2.4391420787496667,0,0,0,1
ETH-USD_1h_1731542400_1732114800_42.png,C:\Users\afierro\CV_chart_pattern_detector\data\images\rendered\train\ETH-USD_1h_1731542400_1732114800_42.png,train,ETH-USD,1h,2024-11-14T00:00:00+00:00,2024-11-20T15:00:00+00:00,160,-7.083529143524845e-05,0.007600878999902309,0.005585449291628647,35.35675665806325,4.622353541291826,0.009736049189952967,0.008207387937587685,0.009622052984191276,0.006023929870168088,0.008051205136487827,0.002393189721453748,0.4442967303894263,0.2522314398496933,0.2631744008390836,0.2925288687714901,0.5125,0.4875,18.0,18.0,8.705882352941176,8.823529411764707,40.63911144846782,38.2033075655841,0.0,0.0,0.0,0.9950632703368939,0.03412982744453579,33.0,0.017522267617428304,1.0,0.046018166901061884,0.009454057111373593,1.0,2391.0,-2.9326695811294803,60.80402485577303,772.0,0.15181932245922208,0.3943956503554998,0.45378502718527813,0.0,0.0,0.0,0.0,0.0,0.0,43.90806319870718,7.453860094089634,0.3801370597955536,0.0,36.0,0.0,0.0,1.0,3.0569209682958585,0,1,0,1
ETH-USD_1h_1731686400_1732258800_42.png,C:\Users\afierro\CV_chart_pattern_detector\data\images\rendered\train\ETH-USD_1h_1731686400_1732258800_42.png,train,ETH-USD,1h,2024-11-15T16:00:00+00:00,2024-11-22T07:00:00+00:00,160,0.0006761083772648007,0.007910731524307959,0.005592267872338962,34.832225220569754,5.320870803143976,-0.0009329134232575198,-0.0025746439101367313,0.023643907591804014,0.001920616504191841,0.005013320836394275,0.051284747958150634,0.44988419754508413,0.24324493073223089,0.2721433805660151,0.2779724218889007,0.525,0.475,19.0,18.0,8.333333333333334,8.470588235294118,97.46930811763643,70.04973642234141,0.9794052135448157,0.034422804011190127,39.0,0.994272186236149,0.05474632558445401,63.0,0.011575700883242881,1.0,3.1579624941397064,-0.02655608284835128,1.0,1853.0,1.8440318177728092,65.05926640960814,762.0,0.11764705882352941,0.46735024284943333,0.41500269832703723,0.0,0.0,0.0,0.0,0.0,0.0,43.908063198708206,7.453860094089827,0.3801370597955574,0.0,36.0,1.0,3.296368294657695,1.0,5.009147277745629,0,1,1,1
ETH-USD_1h_1731830400_1732402800_42.png,C:\Users\afierro\CV_chart_pattern_detector\data\images\rendered\train\ETH-USD_1h_1731830400_1732402800_42.png,train,ETH-USD,1h,2024-11-17T08:00:00+00:00,2024-11-23T23:00:00+00:00,160,0.0005071872277930983,0.00759410837469528,0.005369410880273511,35.884810160148,5.657049772770254,-0.004084710798367364,-0.022547664305051507,0.011938447226636617,-0.008338186099010492,-1.2669592065694957e-05,0.010958858245094572,0.4322349050744996,0.2305985144478842,0.2666313203165288,0.3011337746089716,0.51875,0.48125,17.0,18.0,8.8125,7.647058823529412,125.19792126301978,105.89556951206198,0.9794052135448157,0.034422804011190127,39.0,0.994272186236149,0.05474632558445401,63.0,0.011575700883242881,1.0,4.255217651195515,0.009176286293523532,1.0,371.0,5.590291737064197,63.82763537838681,745.0,0.3288409703504043,0.40431266846361186,0.2668463611859838,0.0,0.0,0.0,0.0,0.0,0.0,43.90806319870742,7.453860094087067,0.38013705979555046,0.0,36.0,1.0,3.203838003286466,1.0,4.8689371074388434,0,1,1,1
ETH-USD_1h_1731974400_1732546800_42.png,C:\Users\afierro\CV_chart_pattern_detector\data\images\rendered\train\ETH-USD_1h_1731974400_1732546800_42.png,train,ETH-USD,1h,2024-11-19T00:00:00+00:00,2024-11-25T15:00:00+00:00,160,0.0007132512482725447,0.0076905902882742,0.0052223478100384526,38.06707313677191,7.070509213822584,0.013413636573113896,0.04082960841796357,0.052914929719085846,0.019016430666445316,0.03391996605329273,0.036518617717500756,0.42676782085670856,0.23430844435376527,0.263503914641371,0.3097282645019204,0.5375,0.4625,15.0,18.0,10.142857142857142,8.0,134.36244277823076,124.42768531496317,0.997083623914284,0.021606542826348777,26.0,0.9870469916355955,0.058993069057803514,60.0,0.00887320803379346,1.0,1.1289907407407365,-0.00921279236676738,1.0,586.0,18.827640752540105,59.71067396834793,780.0,0.21331058020477817,0.5750853242320819,0.21160409556313994,0.0,0.0,0.0,0.0,0.0,0.0,0.0,0.0,0.0,0.0,0.0,1.0,1.8850692427838225,1.0,5.299344725165483,0,0,1,1
ETH-USD_1h_1732118400_1732690800_42.png,C:\Users\afierro\CV_chart_pattern_detector\data\images\rendered\train\ETH-USD_1h_1732118400_1732690800_42.png,train,ETH-USD,1h,2024-11-20T16:00:00+00:00,2024-11-27T07:00:00+00:00,160,0.0006812098649031797,0.008202662040834738,0.0057897077407694005,42.85655716576473,7.739814876654889,0.01876805622086075,0.02968674350978384,0.03384963768115945,0.016710755379352404,0.024619860738166466,0.008138335690095033,0.4248730930638095,0.23635671703747899,0.2652554974543143,0.30987140948187625,0.50625,0.49375,13.0,16.0,10.083333333333334,9.466666666666667,62.50893993340181,93.83617844913279,0.0,0.0,0.0,0.9870469916355955,0.058993069057803514,60.0,0.02108091950420367,1.0,-0.3339902719174825,-0.010243802230483122,1.0,450.0,13.133328415817685,64.14701896830559,711.0,0.2866666666666667,0.46444444444444444,0.24888888888888888,0.0,0.0,0.0,0.0,0.0,0.0,0.0,0.0,0.0,0.0,0.0,0.0,0.0,1.0,4.731493497695687,0,0,0,1
ETH-USD_1h_1732262400_1732834800_42.png,C:\Users\afierro\CV_chart_pattern_detector\data\images\rendered\train\ETH-USD_1h_1732262400_1732834800_42.png,train,ETH-USD,1h,2024-11-22T08:00:00+00:00,2024-11-28T23:00:00+00:00,160,0.0003986069564780835,0.006966330315307315,0.0052085367502647,38.96631760462087,7.986696580436661,0.0010461392148362059,0.0032574842241888113,-0.006995005549389588,0.0036947332522625498,-0.0017056242362942786,0.013504845369846086,0.4149397881204143,0.24315456370702546,0.2661262397064837,0.318933972173102,0.5125,0.4875,14.0,15.0,10.307692307692308,10.428571428571429,104.94375333132179,89.7928445899535,0.0,0.0,0.0,0.9870469916355955,0.058993069057803514,60.0,0.014518995794807532,1.0,3.430734060009412,0.005183845090665917,1.0,2196.0,8.230414205425859,63.45348006960116,725.0,0.09836065573770492,0.5259562841530054,0.3756830601092896,0.0,0.0,0.0,0.0,0.0,0.0,0.0,0.0,0.0,0.0,0.0,0.0,0.0,1.0,5.182084282936716,0,0,0,1
ETH-USD_1h_1732406400_1732978800_42.png,C:\Users\afierro\CV_chart_pattern_detector\data\images\rendered\train\ETH-USD_1h_1732406400_1732978800_42.png,train,ETH-USD,1h,2024-11-24T00:00:00+00:00,2024-11-30T15:00:00+00:00,160,0.00047770160809062313,0.006704889021274596,0.004999194459126252,38.770494923422866,7.830226342197446,0.0055587638798035854,-0.006003479258371525,0.022583679853932503,-0.0005326502642304387,0.007277677174906794,0.019012204959355516,0.42710965143070806,0.2581776039279415,0.26921156268815827,0.3036787858811336,0.5125,0.4875,14.0,15.0,9.846153846153847,10.714285714285714,106.44137750615673,118.61780459198452,0.0,0.0,0.0,0.0,0.0,0.0,0.00938982805711768,1.0,1.5012243319268732,0.015154669433777967,1.0,641.0,23.226204995618037,55.83595662846317,707.0,0.19656786271450857,0.62402496099844,0.1794071762870515,0.0,0.0,0.0,0.0,0.0,0.0,0.0,0.0,0.0,0.0,0.0,0.0,0.0,0.0,0.0,0,0,0,0
ETH-USD_1h_1732550400_1733122800_42.png,C:\Users\afierro\CV_chart_pattern_detector\data\images\rendered\train\ETH-USD_1h_1732550400_1733122800_42.png,train,ETH-USD,1h,2024-11-25T16:00:00+00:00,2024-12-02T07:00:00+00:00,160,0.00033908307497131074,0.005812943896048263,0.00453520769805864,40.58856371345439,13.526282367635,-0.004919932374674696,-0.014600089755751444,-0.0042741309176618225,-0.009060622504329041,-0.010127159765629834,-0.007582190283383916,0.4267866051980908,0.25849701788172375,0.27247281150645364,0.30074058329545544,0.4875,0.5125,16.0,15.0,10.0,10.071428571428571,109.13261498165603,127.39844760261235,0.0,0.0,0.0,0.0,0.0,0.0,0.009062162107024109,1.0,2.015543248945171,0.003233201179829154,1.0,363.0,13.67768174130726,61.60277353231047,707.0,0.2892561983471074,0.4931129476584022,0.21763085399449036,0.0,0.0,0.0,0.0,0.0,0.0,0.0,0.0,0.0,0.0,0.0,0.0,0.0,0.0,0.0,0,0,0,0
ETH-USD_1h_1732694400_1733266800_42.png,C:\Users\afierro\CV_chart_pattern_detector\data\images\rendered\train\ETH-USD_1h_1732694400_1733266800_42.png,train,ETH-USD,1h,2024-11-27T08:00:00+00:00,2024-12-03T23:00:00+00:00,160,0.00036141859811238787,0.005844829725627617,0.004503016419164943,34.00225046421987,4.349107454800945,0.010390401806929184,0.009538147001977526,-0.00820978863635724,0.0067159704066153125,0.0035009300646882124,-0.0038536110640757792,0.4379064105622623,0.2662693626216129,0.26683313664632957,0.29526045279140817,0.50625,0.49375,16.0,14.0,8.866666666666667,9.846153846153847,50.98321785386227,53.1352365935934,0.9757738896366084,0.04001345895020191,27.0,0.0,0.0,0.0,0.010719244960000705,1.0,-1.7228808016877608,-0.008746093905978584,1.0,754.0,8.12731666787866,65.1764371881298,731.0,0.21618037135278514,0.473474801061008,0.3103448275862069,0.0,0.0,0.0,0.0,0.0,0.0,49.26647738903123,1.4751670420079879,0.8675942778886949,0.0,113.0,1.0,4.469951273748372,0.0,0.0,0,1,1,0
ETH-USD_1h_1732838400_1733410800_42.png,C:\Users\afierro\CV_chart_pattern_detector\data\images\rendered\train\ETH-USD_1h_1732838400_1733410800_42.png,train,ETH-USD,1h,2024-11-29T00:00:00+00:00,2024-12-05T15:00:00+00:00,160,0.0005793071985065682,0.006559327217403059,0.004871114347829937,36.27328854280094,6.821020118845321,-0.010933660308625304,0.009791444822481399,0.002317601656092627,-0.00391669792236693,0.004423156138845474,0.03454821614671122,0.44322139473429656,0.26299629303278477,0.2754467449391266,0.28133186032657687,0.5125,0.4875,14.0,13.0,10.846153846153847,11.416666666666666,90.03533671366408,72.70964897754547,0.9911069081078338,0.027132078042290952,45.0,0.9268591782496136,0.06775800300314772,35.0,0.014155982551527281,1.0,4.355684716361939,-0.0011115682879879688,1.0,763.0,0.9803361894262571,61.7644745180405,729.0,0.1782437745740498,0.4456094364351245,0.3761467889908257,0.0,0.0,0.0,0.0,0.0,0.0,0.0,0.0,0.0,0.0,0.0,1.0,2.963630631599073,1.0,6.913395791619312,0,0,1,1
ETH-USD_1h_1732982400_1733554800_42.png,C:\Users\afierro\CV_chart_pattern_detector\data\images\rendered\train\ETH-USD_1h_1732982400_1733554800_42.png,train,ETH-USD,1h,2024-11-30T16:00:00+00:00,2024-12-07T07:00:00+00:00,160,0.0005355891079445441,0.007140733388781033,0.005259423944932623,40.31852534044663,8.7760321820232,-0.0002508233275727578,-0.009460876653230477,0.03879854052645304,-0.002145482220286099,-0.0017028709367093997,0.015430202080257915,0.44051504465572633,0.2529676885902481,0.2750317457630628,0.28445320958121095,0.525,0.475,15.0,11.0,10.785714285714286,14.3,132.18855260573815,124.78807444610621,0.994393904237643,0.02279776716300072,28.0,0.9268591782496136,0.06775800300314772,35.0,0.014155982551527281,1.0,3.9706400609470434,-0.0008141106069603756,1.0,668.0,14.190115457969512,61.27332660283127,718.0,0.20209580838323354,0.5419161676646707,0.2559880239520958,0.0,0.0,0.0,0.0,0.0,0.0,0.0,0.0,0.0,0.0,0.0,1.0,2.221935405308198,1.0,6.232530742576752,0,0,1,1
ETH-USD_1h_1733126400_1733698800_42.png,C:\Users\afierro\CV_chart_pattern_detector\data\images\rendered\train\ETH-USD_1h_1733126400_1733698800_42.png,train,ETH-USD,1h,2024-12-02T08:00:00+00:00,2024-12-08T23:00:00+00:00,160,0.0006875860750899447,0.006728691190455809,0.004847014025276369,43.80255039103804,13.593774707134806,0.0035488810748900423,0.006401620638000649,0.006174018363746869,0.0040778477229050925,0.0062878066310978475,0.003661070037076941,0.4484206568306428,0.25528560092300234,0.27214154504683535,0.2794377981225218,0.5375,0.4625,13.0,11.0,11.833333333333334,14.5,150.02867816189652,156.6379066668049,0.0,0.0,0.0,0.9268591782496136,0.06775800300314772,35.0,0.010705784898656714,1.0,1.6638897093295844,0.025877053735149643,1.0,524.0,15.295797454833075,59.93783676688557,715.0,0.24427480916030533,0.5419847328244275,0.21374045801526717,0.0,0.0,0.0,0.0,0.0,0.0,0.0,0.0,0.0,0.0,0.0,0.0,0.0,1.0,5.746922674650295,0,0,0,1
ETH-USD_1h_1733270400_1733842800_42.png,C:\Users\afierro\CV_chart_pattern_detector\data\images\rendered\train\ETH-USD_1h_1733270400_1733842800_42.png,train,ETH-USD,1h,2024-12-04T00:00:00+00:00,2024-12-10T15:00:00+00:00,160,-0.00018726301093895107,0.007447460204608941,0.005217871103337667,45.52365046748661,15.330186063611277,-0.04862790691473051,-0.04592860008022459,-0.047021868213761975,-0.03816239479838002,-0.039217639993752273,-0.07066929939913313,0.4467414376132883,0.25230991676980624,0.2607480920212171,0.2925104703654946,0.53125,0.46875,14.0,13.0,10.307692307692308,11.166666666666666,87.4494091297526,108.97655848579672,0.9357170338830891,0.055480031805473555,62.0,0.0,0.0,0.0,0.018462610461584712,1.0,-4.5363155180497134,-0.03355311640675844,1.0,345.0,6.7941976303639615,63.96331397762466,782.0,0.40869565217391307,0.3507246376811594,0.24057971014492754,0.0,0.0,0.0,0.0,0.0,0.0,0.0,0.0,0.0,0.0,0.0,1.0,4.976830978996119,0.0,0.0,0,0,1,0
ETH-USD_1h_1733414400_1733986800_42.png,C:\Users\afierro\CV_chart_pattern_detector\data\images\rendered\train\ETH-USD_1h_1733414400_1733986800_42.png,train,ETH-USD,1h,2024-12-05T16:00:00+00:00,2024-12-12T07:00:00+00:00,160,3.697822777242833e-05,0.00784475171332924,0.005476331461847025,43.9468673662832,14.484992942689384,-0.007522236340533617,0.018089108214003558,0.04918156101151694,0.007006552220898854,0.019396435557969882,0.0465527029888575,0.4597070041845841,0.2482589809898169,0.243602598872433,0.29669039694298294,0.5375,0.4625,13.0,16.0,11.333333333333334,9.733333333333333,119.03608537456942,143.302623295456,0.9357170338830891,0.055480031805473555,62.0,0.0,0.0,0.0,0.018539137395951658,1.0,-1.0613322784810097,-0.0022084245825538277,1.0,324.0,-13.51543717785382,61.28910797072903,726.0,0.41975308641975306,0.19135802469135801,0.3888888888888889,0.0,0.0,0.0,0.0,0.0,0.0,77.28163658315809,1.6995892081510002,0.5677090845184709,0.0,61.0,1.0,5.147307067892785,0.0,0.0,0,1,1,0
ETH-USD_1h_1733558400_1734130800_42.png,C:\Users\afierro\CV_chart_pattern_detector\data\images\rendered\train\ETH-USD_1h_1733558400_1734130800_42.png,train,ETH-USD,1h,2024-12-07T08:00:00+00:00,2024-12-13T23:00:00+00:00,160,-8.732827958008208e-05,0.007494168062189485,0.005298986113054949,40.39780943909597,14.896588873856155,-0.002853511248143148,-0.011187041255378394,-0.0025963946622005185,-0.0018969272333603238,-0.0006839794816387856,0.0002026621345720958,0.46402571558592937,0.25237771682572696,0.24728954271186604,0.28868474170220465,0.525,0.475,14.0,16.0,10.615384615384615,9.466666666666667,106.95727091951731,135.24008214416082,0.9357170338830891,0.055480031805473555,62.0,0.0,0.0,0.0,0.01168391215172957,1.0,4.36923136427568,0.015344060755782415,1.0,718.0,-4.423403705478046,55.68166328667358,747.0,0.19220055710306408,0.3551532033426184,0.45264623955431754,0.0,0.0,0.0,0.0,0.0,0.0,79.02553921081555,3.238812860172195,0.9133934133588628,0.0,85.0,1.0,5.5797052586298514,0.0,0.0,0,1,1,0
ETH-USD_1h_1733702400_1734274800_42.png,C:\Users\afierro\CV_chart_pattern_detector\data\images\rendered\train\ETH-USD_1h_1733702400_1734274800_42.png,train,ETH-USD,1h,2024-12-09T00:00:00+00:00,2024-12-15T15:00:00+00:00,160,-9.531111230399254e-05,0.007572887951249837,0.005446624996351241,44.2792199035405,13.503573380919239,0.004422827463308687,0.004347713968900768,0.016125960422129326,0.00490667208842277,0.005439258175021777,0.0010217476444209783,0.47234196171151155,0.24835266138789358,0.24610102975365936,0.28155700853482907,0.50625,0.49375,14.0,17.0,11.0,8.75,90.9554170700556,114.26295019318904,0.0,0.0,0.0,0.0,0.0,0.0,0.01168391215172957,1.0,-0.7272825832161,0.007858961150390382,1.0,1012.0,14.488137783092473,56.5077118201426,710.0,0.18181818181818182,0.532608695652174,0.2855731225296443,0.0,0.0,0.0,0.0,0.0,0.0,79.02553921081554,3.238812860171918,0.9133934133588661,0.0,85.0,0.0,0.0,0.0,0.0,0,1,0,0
ETH-USD_1h_1733846400_1734418800_42.png,C:\Users\afierro\CV_chart_pattern_detector\data\images\rendered\train\ETH-USD_1h_1733846400_1734418800_42.png,train,ETH-USD,1h,2024-12-10T16:00:00+00:00,2024-12-17T07:00:00+00:00,160,0.0006527738791080955,0.006691874842716698,0.005092596899861709,40.73489460452901,14.118151848418535,-0.010104064178279692,-0.009129157735968896,0.025481451813740286,-0.0024951107965551778,-0.0006605152018573923,0.01146308282817654,0.49562210766056447,0.23577601802167453,0.2562012626293272,0.24817662971010837,0.525,0.475,15.0,16.0,10.785714285714286,9.533333333333333,96.22987364754373,99.3067007097677,0.0,0.0,0.0,0.9847010583692112,0.040232039569180506,41.0,0.01022670809756529,1.0,1.7933485700890932,-0.022152304607696974,1.0,517.0,15.752413162640954,65.38856287447493,719.0,0.23210831721470018,0.5183752417794971,0.2495164410058027,0.0,0.0,0.0,0.0,0.0,0.0,18.211689480066287,3.495680930491018,0.21667347320134536,0.0,46.0,0.0,0.0,1.0,3.956023552602847,0,1,0,1
ETH-USD_1h_1733990400_1734562800_42.png,C:\Users\afierro\CV_chart_pattern_detector\data\images\rendered\train\ETH-USD_1h_1733990400_1734562800_42.png,train,ETH-USD,1h,2024-12-12T08:00:00+00:00,2024-12-18T23:00:00+00:00,160,-0.00045371565986077425,0.006654541468561378,0.0049149071078211665,34.45754786962645,6.704698003780707,-0.038058080412912476,-0.05491785123320869,-0.05579622610072055,-0.04108542319231201,-0.05009885200198061,-0.07155265283068157,0.47926440872225984,0.23610925174751055,0.2560556123814252,0.26467997889631495,0.48125,0.51875,16.0,16.0,9.866666666666667,9.133333333333333,59.24968011517026,53.262457110989494,0.949941297493821,0.044445470300025276,49.0,0.9847010583692112,0.040232039569180506,41.0,0.019392587809140903,1.0,-2.0950588373183057,-0.006189601265180323,1.0,615.0,2.3024340958130067,68.90473914739422,770.0,0.1886178861788618,0.43577235772357725,0.375609756097561,0.0,0.0,0.0,0.0,0.0,0.0,0.0,0.0,0.0,0.0,0.0,1.0,5.347296018470113,1.0,4.64955625232257,0,0,1,1
ETH-USD_1h_1734134400_1734706800_42.png,C:\Users\afierro\CV_chart_pattern_detector\data\images\rendered\train\ETH-USD_1h_1734134400_1734706800_42.png,train,ETH-USD,1h,2024-12-14T00:00:00+00:00,2024-12-20T15:00:00+00:00,160,-0.0008727892386869398,0.00962941451901022,0.006666336849733473,40.90795777951261,14.552546692801991,0.08698495116860361,0.004581420686945226,-0.0020287034928595515,0.027821078158150936,0.008542821924100608,-0.04917711490547538,0.5025244742170772,0.23428424164171,0.24159908397513172,0.255876441807791,0.48125,0.51875,15.0,17.0,10.0,8.875,187.11555124634148,245.35384464696082,0.949941297493821,0.044445470300025276,49.0,0.9847010583692112,0.040232039569180506,41.0,0.02066323078311078,1.0,-9.838268049695237,-0.04412249441481037,1.0,306.0,-3.578436336875741,67.01128178092414,738.0,0.37254901960784315,0.2875816993464052,0.33986928104575165,0.0,0.0,0.0,0.0,0.0,0.0,0.0,0.0,0.0,0.0,0.0,1.0,4.532224641830247,1.0,3.939918132386421,0,0,1,1
ETH-USD_1h_1734278400_1734850800_42.png,C:\Users\afierro\CV_chart_pattern_detector\data\images\rendered\train\ETH-USD_1h_1734278400_1734850800_42.png,train,ETH-USD,1h,2024-12-15T16:00:00+00:00,2024-12-22T07:00:00+00:00,160,-0.0009573697889408494,0.010020678031405784,0.007172097972385789,48.72164184296925,13.110244500923768,-0.007144602220249152,0.000570484912175484,-0.02080107193544878,-0.0022177928245553646,-0.006860394058030517,-0.01592201793275705,0.48210302998053517,0.24245948396991493,0.24079787780512504,0.2770990922143398,0.46875,0.53125,14.0,16.0,11.0,10.066666666666666,258.0622153598403,286.6629448062655,0.949941297493821,0.044445470300025276,49.0,0.0,0.0,0.0,0.02066323078311078,1.0,-3.634692217533994,0.024406718304702316,1.0,471.0,-28.673041919740648,53.928388717382674,710.0,0.2611464968152866,0.12738853503184713,0.6114649681528662,0.0,0.0,0.0,0.0,0.0,0.0,0.0,0.0,0.0,0.0,0.0,1.0,3.833949424989235,0.0,0.0,0,0,1,0
ETH-USD_1h_1734422400_1734994800_42.png,C:\Users\afierro\CV_chart_pattern_detector\data\images\rendered\train\ETH-USD_1h_1734422400_1734994800_42.png,train,ETH-USD,1h,2024-12-17T08:00:00+00:00,2024-12-23T23:00:00+00:00,160,-0.0009384146722543789,0.010791624548222956,0.007746902622609276,49.59054802712407,12.982535303937716,0.025259046015679187,0.03302325300622977,0.02914971478745132,0.017005006681419355,0.023326711044820092,0.027057730011351033,0.4767333426174706,0.2552989771318463,0.2480473233745771,0.27521933400795223,0.4625,0.5375,13.0,16.0,12.166666666666666,9.866666666666667,227.56941003705967,275.7283625463656,0.0,0.0,0.0,0.9927588130060983,0.03117123761516267,41.0,0.020583014023425928,1.0,-1.9247415611814251,-0.012931831566240923,1.0,413.0,-25.377729319054048,55.604211582246975,710.0,0.2736077481840194,0.14769975786924938,0.5786924939467313,0.0,0.0,0.0,0.0,0.0,0.0,0.0,0.0,0.0,0.0,0.0,0.0,0.0,1.0,2.211580719529323,0,0,0,1
ETH-USD_1h_1734566400_1735138800_42.png,C:\Users\afierro\CV_chart_pattern_detector\data\images\rendered\train\ETH-USD_1h_1734566400_1735138800_42.png,train,ETH-USD,1h,2024-12-19T00:00:00+00:00,2024-12-25T15:00:00+00:00,160,-0.00026983433658771564,0.010298975668574666,0.007356819215711863,48.99923795139084,12.501332072840537,0.0005617912786946011,-0.003932084779304179,0.006602496659623647,-0.004033203959560194,-0.0033945804079666964,0.010037821415725068,0.4757666718228831,0.261250896727827,0.2611252775191012,0.26310805065801574,0.4875,0.5125,16.0,17.0,9.6,9.1875,87.25662993927381,120.13677675925803,0.0,0.0,0.0,0.0,0.0,0.0,0.020583014023425928,1.0,2.856743670886092,0.022003158840515666,1.0,1237.0,-6.2069575452187795,62.85262154442859,714.0,0.15844785772029102,0.35731608730800324,0.48423605497170574,0.0,0.0,0.0,0.0,0.0,0.0,60.218702558949815,4.176912921221204,0.5674840502294041,0.0,99.0,0.0,0.0,0.0,0.0,0,1,0,0
ETH-USD_1h_1734710400_1735282800_42.png,C:\Users\afierro\CV_chart_pattern_detector\data\images\rendered\train\ETH-USD_1h_1734710400_1735282800_42.png,train,ETH-USD,1h,2024-12-20T16:00:00+00:00,2024-12-27T07:00:00+00:00,160,-7.919695989757488e-05,0.007479591919483345,0.0053665668777671234,40.26745173535236,8.32356506594454,-0.015795703379298143,-0.004471768593458214,-0.009529425077873244,-0.01067636194035948,-0.007811572439163861,-0.026386579929141507,0.4289053488390577,0.25971232358244534,0.27209776375341155,0.2989968874075307,0.4875,0.5125,18.0,17.0,8.294117647058824,7.25,64.1711830445203,78.76814431716389,0.9862645428985968,0.03386026499836003,50.0,0.0,0.0,0.0,0.009122843283764236,1.0,-1.2377192920768827,0.00036405963507437375,1.0,2140.0,6.133172476598036,59.32709632574503,780.0,0.13037383177570094,0.4864485981308411,0.38317757009345793,0.0,0.0,0.0,0.0,0.0,0.0,60.21870255894986,4.176912921221973,0.5674840502294025,0.0,99.0,1.0,3.1173155849534084,0.0,0.0,0,1,1,0
ETH-USD_1h_1734854400_1735426800_42.png,C:\Users\afierro\CV_chart_pattern_detector\data\images\rendered\train\ETH-USD_1h_1734854400_1735426800_42.png,train,ETH-USD,1h,2024-12-22T08:00:00+00:00,2024-12-28T23:00:00+00:00,160,0.00011207392818973167,0.0071229698442638,0.004976425691397217,35.15244650824864,7.790283787862843,0.0009203527332712902,0.00913079568362396,0.01779953176437532,0.00310360964063916,0.009802111121246515,0.01202237390005001,0.4478323040644992,0.2530392280542458,0.27655470099200363,0.2756129949434972,0.50625,0.49375,17.0,20.0,7.625,7.2105263157894735,63.04204819666353,73.31310581335376,0.9862645428985968,0.03386026499836003,50.0,0.0,0.0,0.0,0.012821257982548268,1.0,-1.0790582512892684,0.00675523021030869,1.0,1602.0,6.480020298828347,57.2366904905688,717.0,0.1616729088639201,0.4875156054931336,0.35081148564294634,0.0,0.0,0.0,0.0,0.0,0.0,0.0,0.0,0.0,0.0,0.0,1.0,3.5444575353056478,0.0,0.0,0,0,1,0
ETH-USD_1h_1734998400_1735570800_42.png,C:\Users\afierro\CV_chart_pattern_detector\data\images\rendered\train\ETH-USD_1h_1734998400_1735570800_42.png,train,ETH-USD,1h,2024-12-24T00:00:00+00:00,2024-12-30T15:00:00+00:00,160,-0.00016255974780982028,0.005362337618497934,0.003867303594802003,28.53809320327995,5.601982273917115,-0.02919573731137548,-0.03121020036429878,-0.01048113187889399,-0.020116996643973928,-0.01881908281414779,-0.01884390191839258,0.43118760072283735,0.24288912400091509,0.2729207226470778,0.29589167663008487,0.4875,0.5125,19.0,18.0,8.333333333333334,8.352941176470589,54.47839831115152,55.73991388583231,0.998347668595358,0.026540755322357567,34.0,0.9940989963469259,0.028411960613740534,54.0,0.005768213088728139,1.0,0.4792141350210986,-0.001026834312116777,1.0,583.0,-16.041172335937134,54.850256749677875,779.0,0.35506003430531735,0.17152658662092624,0.4734133790737564,0.0,0.0,0.0,0.0,0.0,0.0,32.12327973949008,7.86669353086132,0.4062798878248877,0.0,71.0,1.0,3.3149848307978753,1.0,3.4980908866331255,0,1,1,1
ETH-USD_1h_1735142400_1735714800_42.png,C:\Users\afierro\CV_chart_pattern_detector\data\images\rendered\train\ETH-USD_1h_1735142400_1735714800_42.png,train,ETH-USD,1h,2024-12-25T16:00:00+00:00,2025-01-01T07:00:00+00:00,160,-0.0001828814346317494,0.0055879959597636055,0.0037989931459495355,28.216187229252192,5.349005857219193,-0.002408202193609932,0.0021677425536246187,-0.013568473045774465,-0.0004413787501517108,-0.005828334064752361,-0.006935654526398438,0.4235933051582109,0.2471563850115843,0.27237181209034383,0.3040348827514453,0.48125,0.51875,16.0,17.0,9.933333333333334,9.4375,42.136385534802386,36.88020350242966,0.998347668595358,0.026540755322357567,34.0,0.9940989963469259,0.028411960613740534,54.0,0.006444933815257188,1.0,-0.45744397562118727,-0.00281532007353677,1.0,2007.0,-2.1913355052560255,65.42406518515826,726.0,0.1489785749875436,0.4075734927752865,0.4434479322371699,0.0,0.0,0.0,0.0,0.0,0.0,32.12327973949012,7.866693530860934,0.40627988782487745,0.0,71.0,1.0,3.3513935109798165,1.0,3.5357588294291005,0,1,1,1
ETH-USD_1h_1735286400_1735858800_42.png,C:\Users\afierro\CV_chart_pattern_detector\data\images\rendered\train\ETH-USD_1h_1735286400_1735858800_42.png,train,ETH-USD,1h,2024-12-27T08:00:00+00:00,2025-01-02T23:00:00+00:00,160,0.00019230943966031815,0.0052580213130436985,0.0036647916353409332,27.409885515075047,7.0165339555653645,-0.0021685271917716298,-0.011306967575439364,0.011112769151093271,-0.001557326368222367,0.0007254214611813747,0.018305794607202275,0.4380590787184396,0.24500090686446255,0.261875989842559,0.3000649314390015,0.50625,0.49375,14.0,17.0,10.76923076923077,9.0625,41.21418314545302,33.20862565649292,0.998347668595358,0.026540755322357567,34.0,0.9940989963469259,0.028411960613740534,54.0,0.008806008058464205,1.0,1.23543366150961,0.008155792604326698,1.0,1729.0,-0.6171248052215356,64.90363352772178,750.0,0.14285714285714285,0.4233661075766339,0.43377674956622325,0.0,0.0,0.0,0.0,0.0,0.0,0.0,0.0,0.0,0.0,0.0,1.0,3.4463426897868272,1.0,3.6339920039895244,0,0,1,1
ETH-USD_1h_1735430400_1736002800_42.png,C:\Users\afierro\CV_chart_pattern_detector\data\images\rendered\train\ETH-USD_1h_1735430400_1736002800_42.png,train,ETH-USD,1h,2024-12-29T00:00:00+00:00,2025-01-04T15:00:00+00:00,160,0.00039796861734910663,0.005097488980169733,0.0035607571033930674,24.72923643099224,4.392671586165666,0.001610212076035289,0.001999661168524236,0.0020107927355945687,-0.00015325509102048773,0.0007107695102761546,0.02169772058788544,0.43642096601844366,0.24712052693582143,0.26763335851926257,0.2959456754622938,0.5125,0.4875,14.0,16.0,11.0,9.066666666666666,82.13836811647003,85.28231263537297,0.0,0.0,0.0,0.9276653445387901,0.050788563473014685,65.0,0.008806008058464205,1.0,3.9043368495077133,-0.00622304951557399,1.0,576.0,5.868050964859624,65.95803132415718,780.0,0.2326388888888889,0.453125,0.3142361111111111,0.0,0.0,0.0,0.0,0.0,0.0,0.0,0.0,0.0,0.0,0.0,0.0,0.0,1.0,7.317253516996866,0,0,0,1
ETH-USD_1h_1735574400_1736146800_42.png,C:\Users\afierro\CV_chart_pattern_detector\data\images\rendered\train\ETH-USD_1h_1735574400_1736146800_42.png,train,ETH-USD,1h,2024-12-30T16:00:00+00:00,2025-01-06T07:00:00+00:00,160,0.0005704051558459049,0.004587555135596913,0.0031968575797428848,24.19674002016174,3.4943832600262583,-0.0038663872608406535,0.0014895811615989185,0.010146427306534367,-0.0010406197420039787,0.0025023083708908267,0.004955255920805701,0.419612426800472,0.24861446252396,0.29242778591984375,0.2879597872796842,0.5375,0.4625,13.0,16.0,12.166666666666666,9.8,121.07212068962878,123.25053976650314,0.0,0.0,0.0,0.9462944477150113,0.04102712864134957,75.0,0.0054814214505367635,1.0,2.4158477496483926,0.009720236138297854,1.0,728.0,19.788457599478765,59.93482583969755,725.0,0.18818681318681318,0.592032967032967,0.21978021978021978,0.0,0.0,0.0,0.0,0.0,0.0,0.0,0.0,0.0,0.0,0.0,0.0,0.0,1.0,6.2346874326412225,0,0,0,1
ETH-USD_1h_1735718400_1736290800_42.png,C:\Users\afierro\CV_chart_pattern_detector\data\images\rendered\train\ETH-USD_1h_1735718400_1736290800_42.png,train,ETH-USD,1h,2025-01-01T08:00:00+00:00,2025-01-07T23:00:00+00:00,160,9.511901174559357e-05,0.0049222116022371995,0.0033810577542564947,23.939402068088206,5.207654709001138,-0.0012877805574672552,-0.05252259194395803,-0.07954495960277885,-0.013546519226640075,-0.045673233306139815,-0.0653173530246085,0.4344069630476205,0.23064671898422437,0.2822761420894401,0.28331689486293943,0.50625,0.49375,13.0,14.0,11.416666666666666,9.615384615384615,100.9110597090212,112.11028267573252,0.9930559603910462,0.02131069086551048,50.0,0.9436068775423886,0.04480565009921174,78.0,0.009695688938195005,1.0,-1.4116698312236118,-0.030094310127808624,1.0,874.0,20.434778418502763,63.40701432235046,747.0,0.16819221967963388,0.5915331807780321,0.2402745995423341,0.0,0.0,0.0,0.0,0.0,0.0,0.0,0.0,0.0,0.0,0.0,1.0,3.464899345518977,1.0,6.8769505805526085,0,0,1,1
ETH-USD_1h_1735862400_1736434800_42.png,C:\Users\afierro\CV_chart_pattern_detector\data\images\rendered\train\ETH-USD_1h_1735862400_1736434800_42.png,train,ETH-USD,1h,2025-01-03T00:00:00+00:00,2025-01-09T15:00:00+00:00,160,-0.00022104701635296901,0.005984235081042323,0.00411594159586614,27.715178231564984,8.224062438667474,0.005806609903041382,0.0013177693813117841,0.010621849967130226,0.008221643709340531,0.0031398532982960248,-0.00801746349081367,0.4507390092915632,0.23297929336060103,0.2899991598433632,0.2592618308650736,0.475,0.525,16.0,15.0,10.0,10.214285714285714,140.2023889872579,149.55438327095447,0.920445822801182,0.04805191518794784,43.0,0.9436068775423886,0.04480565009921174,78.0,0.009695688938195005,1.0,-6.435791959681195,-0.0023539451668614796,1.0,346.0,-8.511566052719347,63.48010645936653,782.0,0.3352601156069364,0.2543352601156069,0.41040462427745666,0.0,0.0,0.0,0.0,0.0,0.0,0.0,0.0,0.0,0.0,0.0,1.0,6.3226599008906526,1.0,5.978710690101824,0,0,1,1
ETH-USD_1h_1736006400_1736578800_42.png,C:\Users\afierro\CV_chart_pattern_detector\data\images\rendered\train\ETH-USD_1h_1736006400_1736578800_42.png,train,ETH-USD,1h,2025-01-04T16:00:00+00:00,2025-01-11T07:00:00+00:00,160,-0.0006877454166840946,0.006533336685522625,0.004387714664225948,32.01167965304226,8.339902380585237,-0.00033366287691560803,-0.011577397498793385,-0.022656634639490414,-0.004255973904079169,-0.007781737249766052,-0.009213822748937117,0.43109014469438767,0.24026851855909864,0.2819294463772362,0.28698040892837606,0.48125,0.51875,15.0,16.0,10.071428571428571,9.733333333333333,166.0498995148413,183.57594701767846,0.920445822801182,0.04805191518794784,43.0,0.9921283849330635,0.0201529975886251,24.0,0.014690510624947499,1.0,-1.5067022972339414,0.010216970947125285,1.0,547.0,-27.091413100088317,57.852859504107116,709.0,0.22851919561243145,0.1590493601462523,0.6124314442413162,0.0,0.0,0.0,0.0,0.0,0.0,0.0,0.0,0.0,0.0,0.0,1.0,5.495040077346888,1.0,2.358631206055031,0,0,1,1
ETH-USD_1h_1736150400_1736722800_42.png,C:\Users\afierro\CV_chart_pattern_detector\data\images\rendered\train\ETH-USD_1h_1736150400_1736722800_42.png,train,ETH-USD,1h,2025-01-06T08:00:00+00:00,2025-01-12T23:00:00+00:00,160,-0.0006586003371170001,0.006632913346302455,0.004521367056645189,31.91025178712954,8.696656986001827,-0.003908393595356219,-0.000550610259704376,-0.004930729193632244,-0.0022341550887187145,8.203164217546188e-05,6.286931514032368e-05,0.44390820622258104,0.24695077951625605,0.2558222451808909,0.30026954859652805,0.475,0.525,15.0,15.0,10.428571428571429,9.714285714285714,150.7747754971707,143.99782358849112,0.0,0.0,0.0,0.0,0.0,0.0,0.014690510624947499,1.0,0.29094561650258305,0.015536341790978073,1.0,772.0,-27.119176802008262,59.378398194831426,709.0,0.1645077720207254,0.18911917098445596,0.6463730569948186,0.0,0.0,0.0,0.0,0.0,0.0,54.221806415774076,1.751068443387252,0.36982789223872437,0.0,35.0,0.0,0.0,0.0,0.0,0,1,0,0
ETH-USD_1h_1736294400_1736866800_42.png,C:\Users\afierro\CV_chart_pattern_detector\data\images\rendered\train\ETH-USD_1h_1736294400_1736866800_42.png,train,ETH-USD,1h,2025-01-08T00:00:00+00:00,2025-01-14T15:00:00+00:00,160,-0.000379557684064493,0.006975386988823001,0.004960042089584766,33.25745543187609,8.755156037215707,-0.005647031035361572,0.004880791228395243,0.03496519331297532,-0.00076735520425808,0.008983228919781316,0.0070870194070700165,0.4498812436654166,0.2553552229303939,0.26720650807883695,0.2829122482557465,0.49375,0.50625,13.0,15.0,12.083333333333334,10.714285714285714,33.258058488701224,72.7181234142417,0.9994008388256441,0.04267525464349905,81.0,0.0,0.0,0.0,0.013530858751558366,1.0,-2.22506329113921,-0.022355194157073047,1.0,614.0,-20.36808377523764,61.39357289004766,723.0,0.26058631921824105,0.20846905537459284,0.5309446254071661,0.0,0.0,0.0,0.0,0.0,0.0,43.73026319467535,1.4144232114027104,0.43772058327937835,0.0,81.0,1.0,4.577795575463202,0.0,0.0,0,1,1,0
ETH-USD_1h_1736438400_1737010800_42.png,C:\Users\afierro\CV_chart_pattern_detector\data\images\rendered\train\ETH-USD_1h_1736438400_1737010800_42.png,train,ETH-USD,1h,2025-01-09T16:00:00+00:00,2025-01-16T07:00:00+00:00,160,0.0001773401710452122,0.0069257417975608125,0.004698712663031147,31.94863645931445,8.241849592986659,0.006219933519257426,-0.013547939535615838,0.056725253931924735,-0.0028935326701670094,0.0035621221500243827,0.03258562332528636,0.43789677612436295,0.2641354852084736,0.2842375370616464,0.2778656868139907,0.5125,0.4875,14.0,15.0,10.23076923076923,10.785714285714286,67.29996884191287,75.95218877396199,0.994669869749634,0.031675988138583425,62.0,0.9881045415194554,0.03217514058198203,74.0,0.010753191987817675,1.0,3.4955793483356867,0.012992225355896713,1.0,338.0,0.45561644681812036,66.85553290557506,724.0,0.33136094674556216,0.33727810650887574,0.33136094674556216,0.0,0.0,0.0,0.0,0.0,0.0,54.221806415773635,1.7510684433876418,0.3698278922387122,0.0,35.0,1.0,3.527160398670906,1.0,3.497241197487061,0,1,1,1
ETH-USD_1h_1736582400_1737154800_42.png,C:\Users\afierro\CV_chart_pattern_detector\data\images\rendered\train\ETH-USD_1h_1736582400_1737154800_42.png,train,ETH-USD,1h,2025-01-11T08:00:00+00:00,2025-01-17T23:00:00+00:00,160,0.0004943429314951422,0.007285077431460474,0.0050468018401554765,30.94365703682231,8.11190020025336,0.012097514357057415,0.013053863226077489,0.03042357471070023,0.007471279369581696,0.01525306942904936,0.02735753537588881,0.4542332904730538,0.25894970405839934,0.29079695771111264,0.2549697518158337,0.5,0.5,19.0,15.0,8.333333333333334,9.928571428571429,85.54687715919115,98.10987764519714,0.9943476524136605,0.027306665385227632,27.0,0.9365554964673708,0.048855124211805816,50.0,0.017946070559205433,1.0,2.8339221753399184,-0.005009180790560376,1.0,547.0,15.325407048139102,63.54083068308626,723.0,0.2303473491773309,0.5173674588665448,0.2522851919561243,0.0,0.0,0.0,0.0,0.0,0.0,0.0,0.0,0.0,0.0,0.0,1.0,3.036425345500104,1.0,5.377390243927293,0,0,1,1
ETH-USD_1h_1736726400_1737298800_42.png,C:\Users\afierro\CV_chart_pattern_detector\data\images\rendered\train\ETH-USD_1h_1736726400_1737298800_42.png,train,ETH-USD,1h,2025-01-13T00:00:00+00:00,2025-01-19T15:00:00+00:00,160,0.0001807835399742982,0.008911187657777826,0.0064122501880881505,41.199337323209434,9.786072089054231,0.07419435740657843,0.030528957434885262,0.036025498925297494,0.03858218896371368,0.030814489004747925,0.015464977490198262,0.478424978711116,0.2631466596268142,0.2884584017500262,0.2331166195388578,0.50625,0.49375,18.0,15.0,6.647058823529412,9.785714285714286,91.1336873604573,101.74649494154033,0.9572382286354097,0.057366708044665086,29.0,0.9696357676311997,0.054949445377728307,25.0,0.017946070559205433,1.0,-1.2526898734177105,-0.025734899526733985,1.0,719.0,16.109870157172185,63.76513325638962,781.0,0.1780250347705146,0.545201668984701,0.2767732962447844,0.0,0.0,0.0,0.0,0.0,0.0,0.0,0.0,0.0,0.0,0.0,1.0,4.911963894051367,1.0,4.330540389580505,0,0,1,1
ETH-USD_1h_1736870400_1737442800_42.png,C:\Users\afierro\CV_chart_pattern_detector\data\images\rendered\train\ETH-USD_1h_1736870400_1737442800_42.png,train,ETH-USD,1h,2025-01-14T16:00:00+00:00,2025-01-21T07:00:00+00:00,160,0.0001780767461449747,0.010393872650582267,0.007392150775610749,44.289432265472136,15.303699907966065,-0.002421381720100535,-0.019222598229917787,-0.014927270416038696,-0.0006908303781144598,-0.011689856391828402,-0.013585109417587726,0.47581126306822163,0.25288189958229057,0.2686638297282087,0.25552490720356963,0.51875,0.48125,20.0,16.0,7.842105263157895,9.466666666666667,82.50793658188282,73.75732581199986,0.9572382286354097,0.057366708044665086,29.0,0.9696357676311997,0.054949445377728307,25.0,0.02368922612197934,1.0,-0.5090571964369381,0.007204022971824646,1.0,2670.0,-8.342702346549052,63.21176529023867,743.0,0.12172284644194757,0.36404494382022473,0.5142322097378277,0.0,0.0,0.0,0.0,0.0,0.0,0.0,0.0,0.0,0.0,0.0,1.0,4.57661143030763,1.0,4.034739279406948,0,0,1,1
ETH-USD_1h_1737014400_1737586800_42.png,C:\Users\afierro\CV_chart_pattern_detector\data\images\rendered\train\ETH-USD_1h_1737014400_1737586800_42.png,train,ETH-USD,1h,2025-01-16T08:00:00+00:00,2025-01-22T23:00:00+00:00,160,-9.228887110766795e-05,0.009881814833067366,0.007062496769521374,50.48856456672571,14.30796758609351,-0.005944224231220763,-0.015595163283211422,-0.026819049448372767,-0.006708226897909841,-0.013309339054796254,-0.01531781159682688,0.46909202884161205,0.25106057367099477,0.2485120095972948,0.2823959615610932,0.51875,0.48125,17.0,16.0,8.9375,9.866666666666667,65.1395653690642,66.50383022040441,0.9572382286354097,0.057366708044665086,29.0,0.9696357676311997,0.054949445377728307,25.0,0.02368922612197934,1.0,-0.576339779653062,0.05483357925145099,1.0,3376.0,-5.3830031345982405,62.128541327581026,716.0,0.10604265402843602,0.39484597156398105,0.49911137440758296,0.0,0.0,0.0,0.0,0.0,0.0,0.0,0.0,0.0,0.0,0.0,1.0,4.027629828102761,1.0,3.550504377464646,0,0,1,1
ETH-USD_1h_1737158400_1737730800_42.png,C:\Users\afierro\CV_chart_pattern_detector\data\images\rendered\train\ETH-USD_1h_1737158400_1737730800_42.png,train,ETH-USD,1h,2025-01-18T00:00:00+00:00,2025-01-24T15:00:00+00:00,160,-0.0001410670237324604,0.009930820258280319,0.007214974735894542,46.13217757924129,14.569509381013766,-0.004568695171245141,-0.0008002598629813784,0.042039554320980166,-0.0037671298415861143,0.009512784902463212,0.03012107649721152,0.4676320682632259,0.24970491558457658,0.24329519141715683,0.2890727403196173,0.53125,0.46875,15.0,16.0,10.071428571428571,9.066666666666666,59.405426314062886,48.76803076411197,0.0,0.0,0.0,0.9696357676311997,0.054949445377728307,25.0,0.014899252953956946,1.0,0.3365327004219536,-0.011130431604930947,1.0,2714.0,-0.9933730449497304,64.51218863280494,756.0,0.12122328666175387,0.42483419307295506,0.4539425202652911,0.0,0.0,0.0,0.0,0.0,0.0,0.0,0.0,0.0,0.0,0.0,0.0,0.0,1.0,3.877203368909934,0,0,0,1
ETH-USD_1h_1737302400_1737874800_42.png,C:\Users\afierro\CV_chart_pattern_detector\data\images\rendered\train\ETH-USD_1h_1737302400_1737874800_42.png,train,ETH-USD,1h,2025-01-19T16:00:00+00:00,2025-01-26T07:00:00+00:00,160,-9.842106815734961e-05,0.008487153189468416,0.0057973107523648084,42.36515467579079,15.676902236470037,-0.00011380857397857991,0.0012415952399518204,0.00979683440355461,0.0011374107996151572,0.0017051334327671253,-0.0003494896229848665,0.4292285561313586,0.23985244704036252,0.2602584642372735,0.31051297963136804,0.50625,0.49375,14.0,16.0,10.923076923076923,9.533333333333333,53.76285915946064,45.8656411264194,0.0,0.0,0.0,0.9782944872455732,0.04070673719178146,52.0,0.014899252953956946,1.0,1.404420182841062,0.016083972441385423,1.0,1120.0,-0.5098263214741434,63.2143745537511,717.0,0.2125,0.38392857142857145,0.4035714285714286,0.0,0.0,0.0,0.0,0.0,0.0,0.0,0.0,0.0,0.0,0.0,0.0,0.0,1.0,3.2927028516465127,0,0,0,1
ETH-USD_1h_1737446400_1738018800_42.png,C:\Users\afierro\CV_chart_pattern_detector\data\images\rendered\train\ETH-USD_1h_1737446400_1738018800_42.png,train,ETH-USD,1h,2025-01-21T08:00:00+00:00,2025-01-27T23:00:00+00:00,160,-0.00011833030233910919,0.006606245589975821,0.004769064567343832,30.881144586765306,7.6381123496543,0.034626925840315126,0.014320273082794932,0.008013581912743817,0.019477594775563434,0.02468301038708476,-0.012859649228378123,0.4307196096949454,0.26378141118301535,0.26401279854285553,0.3052675917621991,0.4875,0.5125,13.0,14.0,11.75,11.384615384615385,70.42948687376452,86.45894969077897,0.9754550501411512,0.03321186851088466,52.0,0.9782944872455732,0.04070673719178146,52.0,0.009272000524212103,1.0,-3.32771179090482,-0.022758304206120898,1.0,1214.0,-9.724058207609312,65.74338991749724,786.0,0.1515650741350906,0.342668863261944,0.5057660626029654,0.0,0.0,0.0,0.0,0.0,0.0,57.43035955655051,6.876324971242835,0.9535037061293073,0.0,101.0,1.0,3.8311191274426792,1.0,4.44686702974513,0,1,1,1
ETH-USD_1h_1737590400_1738162800_42.png,C:\Users\afierro\CV_chart_pattern_detector\data\images\rendered\train\ETH-USD_1h_1737590400_1738162800_42.png,train,ETH-USD,1h,2025-01-23T00:00:00+00:00,2025-01-29T15:00:00+00:00,160,-0.00027971554740276086,0.006661074170363853,0.004722474679606086,31.354542960742457,7.989656478058543,-0.010848035009712542,-0.01467915559904942,0.0018414302420994844,-0.008397122064756402,-0.004542142414622252,-0.013378339271711281,0.42078830016481233,0.26175874372778707,0.2891111544863116,0.2901005453488761,0.48125,0.51875,13.0,13.0,12.0,11.416666666666666,89.38624557629015,93.36896392093377,0.9754550501411512,0.03321186851088466,52.0,0.0,0.0,0.0,0.009272000524212103,1.0,-2.120403891233009,0.009337427752098221,1.0,919.0,-22.371060897139134,62.21774184317803,710.0,0.20783460282916214,0.21980413492927095,0.5723612622415669,0.0,0.0,0.0,0.0,0.0,0.0,0.0,0.0,0.0,0.0,0.0,1.0,3.776130916046795,0.0,0.0,0,0,1,0
ETH-USD_1h_1737734400_1738306800_42.png,C:\Users\afierro\CV_chart_pattern_detector\data\images\rendered\train\ETH-USD_1h_1737734400_1738306800_42.png,train,ETH-USD,1h,2025-01-24T16:00:00+00:00,2025-01-31T07:00:00+00:00,160,-0.0002451074198851125,0.006018236563050549,0.004332199525644035,29.489282615095554,7.774182057766548,0.003398696856669714,-0.00590331444272707,0.0067142648625313495,-0.002395815862239803,-0.003698446382055187,0.015673677494883576,0.41221015626130286,0.26446925601716104,0.2832015216391798,0.3045883220995173,0.48125,0.51875,12.0,14.0,12.909090909090908,11.384615384615385,78.87772597860278,93.44015116367153,0.0,0.0,0.0,0.0,0.0,0.0,0.008837274901113608,1.0,1.3150930614158431,-0.000743704826897001,1.0,865.0,-19.641623576734798,61.79502753630738,718.0,0.18959537572254334,0.24739884393063583,0.5630057803468208,0.0,0.0,0.0,0.0,0.0,0.0,33.74669632541989,2.0895947466803317,0.13053655214972182,0.0,37.0,0.0,0.0,0.0,0.0,0,1,0,0
ETH-USD_1h_1737878400_1738450800_42.png,C:\Users\afierro\CV_chart_pattern_detector\data\images\rendered\train\ETH-USD_1h_1737878400_1738450800_42.png,train,ETH-USD,1h,2025-01-26T08:00:00+00:00,2025-02-01T23:00:00+00:00,160,-0.0003949196656327228,0.006867120319331102,0.005062338790768178,32.790658428541654,6.252439656588396,-0.02487895204373991,-0.037439792515746584,-0.05373961555155582,-0.025873772983850296,-0.03598743382838254,-0.047547353627091726,0.437734373396775,0.2653654788394274,0.26749487458719456,0.2947707520160304,0.475,0.525,12.0,16.0,12.909090909090908,8.266666666666667,82.45974689709712,87.6408950544065,0.9492672886323467,0.03518953546472163,26.0,0.9378261448456081,0.05198265587177011,93.0,0.014971425187290718,1.0,1.3165403187998341,-0.011186826742531363,1.0,2099.0,11.713192081553643,62.01909059296824,758.0,0.11481657932348738,0.554073368270605,0.3311100524059076,0.0,0.0,0.0,0.0,0.0,0.0,67.16333817323117,5.754908837157568,0.8183770598995537,0.0,128.0,1.0,3.6920639446688663,1.0,5.279375675361879,0,1,1,1
ETH-USD_1h_1738022400_1738594800_42.png,C:\Users\afierro\CV_chart_pattern_detector\data\images\rendered\train\ETH-USD_1h_1738022400_1738594800_42.png,train,ETH-USD,1h,2025-01-28T00:00:00+00:00,2025-02-03T15:00:00+00:00,160,-0.0009160307192585967,0.012820391703396324,0.006837307880768568,40.77331090583271,20.027257622957098,0.04621892686555018,0.06932527725755544,-0.0847002684163436,0.040254432324645206,0.021786821669498746,-0.07744366989350071,0.4327944007192043,0.2682058457731705,0.2664850551246641,0.30072054415613153,0.45625,0.54375,13.0,16.0,12.166666666666666,9.466666666666667,178.14084363670682,196.93214367120845,0.9492672886323467,0.03518953546472163,26.0,0.9444276547331795,0.048615008722654715,54.0,0.028689223937564998,1.0,-10.793197140178131,-0.04302508391376714,1.0,386.0,-6.603631667213737,69.01051911315795,731.0,0.31865284974093266,0.30310880829015546,0.37823834196891193,0.0,0.0,0.0,0.0,0.0,0.0,33.74669632542019,2.0895947466806946,0.13053655214972248,1.0,37.0,1.0,2.987737039414383,1.0,3.9246603241426463,0,1,1,1
ETH-USD_1h_1738166400_1738738800_42.png,C:\Users\afierro\CV_chart_pattern_detector\data\images\rendered\train\ETH-USD_1h_1738166400_1738738800_42.png,train,ETH-USD,1h,2025-01-29T16:00:00+00:00,2025-02-05T07:00:00+00:00,160,-0.0005917570389635308,0.014721159916799762,0.008770996531526019,50.23382382253839,22.733783317181437,0.014310500738867304,0.028062697700065975,-0.01628526304906608,0.009098788412941872,0.0012140942334515348,0.011509308799223072,0.46397728365394125,0.2716584462816813,0.2525949046641046,0.2834278116819541,0.475,0.525,13.0,20.0,11.75,7.7894736842105265,226.47299859955612,283.42266721453313,0.9492672886323467,0.03518953546472163,26.0,0.0,0.0,0.0,0.028689223937564998,1.0,-4.351852203469274,0.012373524133022841,1.0,502.0,-18.434267796605706,65.47587648750532,709.0,0.25697211155378485,0.2350597609561753,0.5079681274900398,0.0,0.0,0.0,0.0,0.0,0.0,0.0,0.0,0.0,0.0,0.0,1.0,2.4428636000391366,0.0,0.0,0,0,1,0
ETH-USD_1h_1738310400_1738882800_42.png,C:\Users\afierro\CV_chart_pattern_detector\data\images\rendered\train\ETH-USD_1h_1738310400_1738882800_42.png,train,ETH-USD,1h,2025-01-31T08:00:00+00:00,2025-02-06T23:00:00+00:00,160,-0.0010553291631015668,0.015002045083229375,0.009445380919626854,51.69791087557653,22.55977952694034,-0.0010893934718190224,-0.02249970893002684,-0.047496818064177715,-0.007337156724298355,-0.027966618643399443,-0.027872780235217554,0.4778690556799708,0.264516421798503,0.2556517336212681,0.2664792106987611,0.4375,0.5625,13.0,18.0,12.416666666666666,8.529411764705882,238.9863191127829,278.82306368814693,0.0,0.0,0.0,0.0,0.0,0.0,0.01746475991435698,1.0,-0.15426007969994987,0.04012525572565292,1.0,789.0,-12.178712185495858,65.28049916762974,709.0,0.17490494296577946,0.31685678073510776,0.5082382762991128,0.0,0.0,0.0,0.0,0.0,0.0,0.0,0.0,0.0,0.0,0.0,0.0,0.0,0.0,0.0,0,0,0,0
ETH-USD_1h_1738454400_1739026800_42.png,C:\Users\afierro\CV_chart_pattern_detector\data\images\rendered\train\ETH-USD_1h_1738454400_1739026800_42.png,train,ETH-USD,1h,2025-02-02T00:00:00+00:00,2025-02-08T15:00:00+00:00,160,-0.0010806425141619334,0.014977372061330829,0.009322277183696704,54.225770525919486,20.754081421579553,-0.0030918525094517646,-0.004166443691851374,0.006797673564817419,-0.0037323135755259473,-0.004595251458869187,-0.02661421254440821,0.4641773881829835,0.2692266234892253,0.2722768566603987,0.2635457551566179,0.45625,0.54375,12.0,18.0,12.636363636363637,9.0,122.52125155797799,146.87215805288318,0.9827066869839469,0.06460540770402917,72.0,0.0,0.0,0.0,0.01236508092416165,1.0,-2.6114469057665195,0.008167828383916385,1.0,369.0,-7.685641910487075,68.56918551211285,708.0,0.3089430894308943,0.2926829268292683,0.3983739837398374,0.0,0.0,0.0,0.0,0.0,0.0,0.0,0.0,0.0,0.0,0.0,1.0,3.6238727590391218,0.0,0.0,0,0,1,0
ETH-USD_1h_1738598400_1739170800_42.png,C:\Users\afierro\CV_chart_pattern_detector\data\images\rendered\train\ETH-USD_1h_1738598400_1739170800_42.png,train,ETH-USD,1h,2025-02-03T16:00:00+00:00,2025-02-10T07:00:00+00:00,160,-0.00010653809200769794,0.010623342465195949,0.007503548878160378,41.7787534654106,11.940336969637228,0.0042117769814584705,0.008127625899830626,-0.006764620582374925,0.005874591713778132,0.004167609927399507,0.00175009867335163,0.4517677882244113,0.2538080024952507,0.2878019745195949,0.26043023725599374,0.51875,0.48125,16.0,18.0,9.666666666666666,8.764705882352942,84.69470328913356,63.232512031215194,0.9827066869839469,0.06460540770402917,72.0,0.0,0.0,0.0,0.018953802641670483,1.0,-1.169784810126565,0.002806249102410044,1.0,1386.0,-25.551953714991374,60.847886540639735,762.0,0.14502164502164502,0.22366522366522368,0.6313131313131313,0.0,0.0,0.0,0.0,0.0,0.0,33.91102191688087,1.3175706299446723,0.33866128203468426,0.0,40.0,1.0,4.6255194624448945,0.0,0.0,0,1,1,0
ETH-USD_1h_1738742400_1739314800_42.png,C:\Users\afierro\CV_chart_pattern_detector\data\images\rendered\train\ETH-USD_1h_1738742400_1739314800_42.png,train,ETH-USD,1h,2025-02-05T08:00:00+00:00,2025-02-11T23:00:00+00:00,160,-0.00036740083938406636,0.00815296818786334,0.005989495787590929,32.49041236851803,5.42950017639955,0.004977410510870195,-0.02298211959561669,-0.033647580396627075,-0.007493593263774523,-0.021835521834112415,-0.019966314366311355,0.44830028111443765,0.23830315351127856,0.27462364645398996,0.2770760724315724,0.5,0.5,16.0,16.0,9.133333333333333,9.266666666666667,64.12010106774238,55.096597951773525,0.9520048024480773,0.05423618381077186,50.0,0.9490618280817362,0.03764289139480551,26.0,0.018953802641670483,1.0,0.3203312236287038,-0.010746848208594482,1.0,734.0,-18.912811815901087,62.74183191263135,778.0,0.1989100817438692,0.24659400544959129,0.5544959128065395,0.0,0.0,0.0,0.0,0.0,0.0,59.375253309138685,7.280102820664908,0.49928364211465104,0.0,40.0,1.0,4.742240447913245,1.0,3.090506198162191,0,1,1,1
ETH-USD_1h_1738886400_1739458800_42.png,C:\Users\afierro\CV_chart_pattern_detector\data\images\rendered\train\ETH-USD_1h_1738886400_1739458800_42.png,train,ETH-USD,1h,2025-02-07T00:00:00+00:00,2025-02-13T15:00:00+00:00,160,-6.269404824535994e-05,0.007850990299524258,0.00550111522389002,31.26218484638798,4.664574173217431,-0.003102187720005034,-0.01424311576533488,-0.011147210396594387,-0.006420118121168272,-0.017410311486441787,-0.0011412403147914585,0.4253363853691755,0.23729246531125928,0.2762604892670194,0.2984031253638051,0.525,0.475,16.0,15.0,8.733333333333333,9.071428571428571,46.58735341739752,38.61840709068952,0.9520048024480773,0.05423618381077186,50.0,0.9893821517523397,0.0747354419037919,65.0,0.013028126141482995,1.0,0.09508368495077882,-0.009165603140671497,1.0,1682.0,-0.8400762651678214,61.87532147226342,732.0,0.16409036860879905,0.4161712247324614,0.41973840665873957,0.0,0.0,0.0,0.0,0.0,0.0,59.375253309139566,7.280102820664495,0.4992836421146542,0.0,40.0,1.0,4.921410143418382,1.0,6.292882108452319,0,1,1,1
ETH-USD_1h_1739030400_1739602800_42.png,C:\Users\afierro\CV_chart_pattern_detector\data\images\rendered\train\ETH-USD_1h_1739030400_1739602800_42.png,train,ETH-USD,1h,2025-02-08T16:00:00+00:00,2025-02-15T07:00:00+00:00,160,0.00023522224898467074,0.007229455885206575,0.0050967080628097775,28.92145171836678,5.025114576180103,-0.009815005138746224,-0.007483443708609316,0.004180268981510693,-0.00802322797859456,-0.010410161118414085,0.0010209622693697629,0.4275468358939598,0.229982922768058,0.2711780746569553,0.3012750894490849,0.55625,0.44375,17.0,14.0,9.3125,11.23076923076923,44.93280929963193,44.609796489752554,0.9753398296300974,0.024452130366782017,30.0,0.9893821517523397,0.0747354419037919,65.0,0.013028126141482995,1.0,1.4285414908579472,0.006110900725611604,1.0,935.0,14.366840314546371,62.233880571795304,728.0,0.21283422459893048,0.5005347593582887,0.28663101604278074,0.0,0.0,0.0,0.0,0.0,0.0,74.44619165754571,4.76795231794933,0.6354549065655064,0.0,44.0,1.0,2.384910278082013,1.0,6.783061286390587,0,1,1,1
ETH-USD_1h_1739174400_1739746800_42.png,C:\Users\afierro\CV_chart_pattern_detector\data\images\rendered\train\ETH-USD_1h_1739174400_1739746800_42.png,train,ETH-USD,1h,2025-02-10T08:00:00+00:00,2025-02-16T23:00:00+00:00,160,5.61761223087924e-05,0.005800075998494411,0.004333078846938547,25.57528120163611,5.893503018374042,-0.008220699318419733,-0.011337590501981798,-0.015525009432636239,-0.008124597031167968,-0.011689309024363492,-0.014366843623706438,0.43069933010338807,0.2350069325210626,0.2605955187820123,0.30870515111459945,0.51875,0.48125,17.0,14.0,9.1875,10.692307692307692,41.121505432030766,42.48244303022522,0.0,0.0,0.0,0.9674324470468275,0.05165155190260634,50.0,0.008940164909306962,1.0,0.08496097046413935,0.012482013120519372,1.0,1282.0,15.566298065849473,60.65811069342134,714.0,0.16380655226209048,0.5475819032761311,0.28861154446177845,0.0,0.0,0.0,0.0,0.0,0.0,58.788243800253426,1.0403769988962897,0.9679744542811112,0.0,125.0,0.0,0.0,1.0,5.410695195746968,0,1,0,1
ETH-USD_1h_1739318400_1739890800_42.png,C:\Users\afierro\CV_chart_pattern_detector\data\images\rendered\train\ETH-USD_1h_1739318400_1739890800_42.png,train,ETH-USD,1h,2025-02-12T00:00:00+00:00,2025-02-18T15:00:00+00:00,160,0.000169421954499931,0.006119762351877696,0.0045196967571591,26.031883597406686,5.933124222318213,-0.002075199868620592,0.003927546897763534,-0.02151517480393339,-0.00399081661428391,-0.011523841899270248,-0.011774727956222808,0.4411827439542651,0.24728982020755136,0.2611166955723562,0.2977005604733787,0.525,0.475,16.0,13.0,9.866666666666667,12.25,43.762923515338585,39.00534408841466,0.0,0.0,0.0,0.9853723960015349,0.053935965288885515,77.0,0.021851631596927927,1.0,0.19296671354899564,-0.02469938444344207,1.0,1432.0,11.71577737035032,62.14287628740478,781.0,0.1627094972067039,0.5181564245810056,0.3191340782122905,0.0,0.0,0.0,0.0,0.0,0.0,74.44619165754577,4.767952317949988,0.6354549065655076,0.0,44.0,0.0,0.0,1.0,5.733312645195668,0,1,0,1
ETH-USD_1h_1739462400_1740034800_42.png,C:\Users\afierro\CV_chart_pattern_detector\data\images\rendered\train\ETH-USD_1h_1739462400_1740034800_42.png,train,ETH-USD,1h,2025-02-13T16:00:00+00:00,2025-02-20T07:00:00+00:00,160,0.0002593064632043945,0.005665404677478342,0.004227312684055748,24.606290195171006,4.896470059642207,-0.004212607184410189,0.0032372924329666652,0.009674341545675702,4.6152257028531096e-05,0.00419613496559057,0.013294164690159871,0.44680232717304935,0.26402948391594017,0.2849038669389684,0.26829380588798213,0.5375,0.4625,16.0,13.0,9.6,10.25,36.86958192717102,23.836585847223795,0.0,0.0,0.0,0.9850540155104099,0.043799410739886475,65.0,0.021851631596927927,1.0,0.017732536333805924,0.022493758214234272,1.0,543.0,-3.988955608608534,65.66879284931345,722.0,0.32044198895027626,0.31123388581952116,0.3683241252302026,0.0,0.0,0.0,0.0,0.0,0.0,18.793301905066343,5.501518083320917,0.17483241639108357,0.0,57.0,0.0,0.0,1.0,4.966861369940868,0,1,0,1
ETH-USD_1h_1739606400_1740178800_42.png,C:\Users\afierro\CV_chart_pattern_detector\data\images\rendered\train\ETH-USD_1h_1739606400_1740178800_42.png,train,ETH-USD,1h,2025-02-15T08:00:00+00:00,2025-02-21T23:00:00+00:00,160,-7.63933778753724e-05,0.006545753677219061,0.004599648318399647,23.731615517536376,6.8949656977347145,0.008639529730814832,-0.05130032062700396,-0.032083365136827746,-0.007894004483290806,-0.025124728573381883,-0.02555782880672075,0.4494730500204904,0.26724821737082205,0.2972298368575573,0.2532971131219524,0.54375,0.45625,14.0,15.0,10.692307692307692,10.285714285714286,46.906710264706774,34.34944467285219,0.9610821888850272,0.035868735690664,51.0,0.9907282843929893,0.02301702456042366,39.0,0.014381129585838362,1.0,0.8744322550398597,-0.024773180880786245,1.0,703.0,13.13655266119101,62.60282516113479,758.0,0.2603129445234708,0.4722617354196302,0.267425320056899,0.0,0.0,0.0,0.0,0.0,0.0,61.09211334964824,6.634132682901779,0.7274019580980087,0.0,65.0,1.0,4.403877851951496,1.0,2.7120182575327023,0,1,1,1
ETH-USD_1h_1739750400_1740322800_42.png,C:\Users\afierro\CV_chart_pattern_detector\data\images\rendered\train\ETH-USD_1h_1739750400_1740322800_42.png,train,ETH-USD,1h,2025-02-17T00:00:00+00:00,2025-02-23T15:00:00+00:00,160,0.0002818396265440783,0.00679673580790266,0.00488011910385845,26.051199511357936,5.877198015682083,-0.005176087049773348,-0.004115226337448541,0.004446561854851483,-0.006573818383274754,-0.00010275623848932103,0.016363265980185115,0.4539101920049989,0.2654910789444291,0.30983267463446984,0.23625713336053122,0.5625,0.4375,12.0,15.0,12.454545454545455,10.142857142857142,46.551120011290315,42.020452871852214,0.9610821888850272,0.035868735690664,51.0,0.9520004177444411,0.03879615003739199,30.0,0.014381129585838362,1.0,0.6311019690576695,0.0007908613397102893,1.0,775.0,25.780640595420714,57.28733178243282,741.0,0.2296774193548387,0.5922580645161291,0.17806451612903226,0.0,0.0,0.0,0.0,0.0,0.0,61.09211334964816,6.634132682901585,0.7274019580980008,0.0,65.0,1.0,4.028271839005795,1.0,4.101805331114023,0,1,1,1
ETH-USD_1h_1739894400_1740466800_42.png,C:\Users\afierro\CV_chart_pattern_detector\data\images\rendered\train\ETH-USD_1h_1739894400_1740466800_42.png,train,ETH-USD,1h,2025-02-18T16:00:00+00:00,2025-02-25T07:00:00+00:00,160,-0.0006393821214229919,0.008059279828763036,0.00488894615804602,29.44842794511743,8.060919191234868,-0.05093759643476903,-0.05585280280679361,-0.1161163178698198,-0.0478482289110993,-0.07923230671337944,-0.12068700859807846,0.4189185001487771,0.26711296349410707,0.3253486350113466,0.25573286483987634,0.51875,0.48125,14.0,15.0,10.384615384615385,9.285714285714286,82.77756380437731,40.95610401393178,0.9610821888850272,0.035868735690664,51.0,0.9520004177444411,0.03879615003739199,30.0,0.008839666552994296,1.0,-2.4109433895921275,-0.031009218626024532,1.0,313.0,2.533541426681482,69.15177350656532,780.0,0.3354632587859425,0.35782747603833864,0.30670926517571884,0.0,0.0,0.0,0.0,0.0,0.0,0.0,0.0,0.0,0.0,0.0,1.0,3.584956895344786,1.0,3.6411979605726192,0,0,1,1
ETH-USD_1h_1740038400_1740610800_42.png,C:\Users\afierro\CV_chart_pattern_detector\data\images\rendered\train\ETH-USD_1h_1740038400_1740610800_42.png,train,ETH-USD,1h,2025-02-20T08:00:00+00:00,2025-02-26T23:00:00+00:00,160,-0.0009428994553031437,0.009200365539435835,0.005981916534740571,30.58213448515263,10.687216362263914,0.01745424140679086,-0.04085176609685215,-0.06158573322086991,-0.009535526225982749,-0.032596460551113315,-0.043416995706130335,0.42922861176570726,0.2563016058420054,0.30596807690697625,0.26480331132731644,0.5125,0.4875,17.0,17.0,8.8125,9.1875,142.01320514895158,153.36838973834944,0.9630186083233974,0.029497783789853058,37.0,0.9520004177444411,0.03879615003739199,30.0,0.008908484421201042,1.0,-5.852074777308968,-0.016754036209027892,1.0,437.0,-15.027464974390288,66.029840680123,708.0,0.2723112128146453,0.2448512585812357,0.482837528604119,0.0,0.0,0.0,0.0,0.0,0.0,0.0,0.0,0.0,0.0,0.0,1.0,2.840537086364907,1.0,3.5102596551932694,0,0,1,1
ETH-USD_1h_1740182400_1740754800_42.png,C:\Users\afierro\CV_chart_pattern_detector\data\images\rendered\train\ETH-USD_1h_1740182400_1740754800_42.png,train,ETH-USD,1h,2025-02-22T00:00:00+00:00,2025-02-28T15:00:00+00:00,160,-0.0011210291515056296,0.010056970330379325,0.006761863463147046,34.971485880643726,9.540633299025624,0.045728666854831124,0.05398383234952475,-0.01481973897050659,0.03958398121929596,0.019860115092737773,-0.02402991732170079,0.4265125086089018,0.25426221820657974,0.2930249905741877,0.2804625008169105,0.475,0.525,18.0,16.0,8.0,9.866666666666667,207.04508588442494,210.23526867238522,0.9381944175996778,0.06686144099090761,37.0,0.0,0.0,0.0,0.011790526986524446,1.0,-4.345876230661035,-0.013824629797369222,1.0,940.0,-26.218090350957628,60.45957313518701,714.0,0.13936170212765958,0.21170212765957447,0.648936170212766,0.0,0.0,0.0,0.0,0.0,0.0,0.0,0.0,0.0,0.0,0.0,1.0,4.83308759143951,0.0,0.0,0,0,1,0
ETH-USD_1h_1740326400_1740898800_42.png,C:\Users\afierro\CV_chart_pattern_detector\data\images\rendered\train\ETH-USD_1h_1740326400_1740898800_42.png,train,ETH-USD,1h,2025-02-23T16:00:00+00:00,2025-03-02T07:00:00+00:00,160,-0.0014155034538561194,0.01025102355455155,0.0070785384605389886,38.17045464774297,7.271988873171841,0.000549504995090544,0.002893918256967387,0.01838353275569604,0.0006594784714513136,0.005905745354693348,0.00812783209765744,0.42337060665229365,0.2515868244012505,0.2881891558387587,0.28844023750894776,0.46875,0.53125,16.0,15.0,9.466666666666667,10.142857142857142,168.54652081171645,186.30880234945664,0.9381944175996778,0.06686144099090761,37.0,0.0,0.0,0.0,0.013010034359250194,1.0,-1.6387733239568452,0.019075703386179522,1.0,959.0,-23.521381972728605,61.81402210447808,710.0,0.13764337851929093,0.23149113660062565,0.6308654848800834,0.0,0.0,0.0,0.0,0.0,0.0,0.0,0.0,0.0,0.0,0.0,1.0,4.439314719580029,0.0,0.0,0,0,1,0
ETH-USD_1h_1740470400_1741042800_42.png,C:\Users\afierro\CV_chart_pattern_detector\data\images\rendered\train\ETH-USD_1h_1740470400_1741042800_42.png,train,ETH-USD,1h,2025-02-25T08:00:00+00:00,2025-03-03T23:00:00+00:00,160,-0.0005977416334069505,0.01341492077020432,0.008429777123524908,41.168715569048786,8.9615601620343,0.01854607844995937,-0.05530132186863945,-0.1229676123934833,-0.02210158447019006,-0.06133383884500487,-0.07040267598203342,0.4411968220259711,0.2465912501164916,0.2772512672515002,0.2815519107225287,0.5,0.5,17.0,16.0,9.0625,9.933333333333334,119.24051916640019,107.16979144533919,0.9538086652648529,0.07810472491188687,57.0,0.9795106492179217,0.06600654888240928,84.0,0.023965535810447004,1.0,1.680231715893115,-0.0665749432452508,1.0,623.0,-19.683793649723214,58.110852651386224,765.0,0.29213483146067415,0.1926163723916533,0.5152487961476726,0.0,0.0,0.0,0.0,0.0,0.0,71.28733790879868,4.318221247543318,0.7481680149001319,0.0,98.0,1.0,4.63733563982848,1.0,3.8823210559732386,0,1,1,1
ETH-USD_1h_1740614400_1741186800_42.png,C:\Users\afierro\CV_chart_pattern_detector\data\images\rendered\train\ETH-USD_1h_1740614400_1741186800_42.png,train,ETH-USD,1h,2025-02-27T00:00:00+00:00,2025-03-05T15:00:00+00:00,160,-0.00032899623462349464,0.013574221522296308,0.008577783021571413,39.61517060828632,9.023415449819527,-0.013933228721389357,-0.0016207307441207242,0.02233234379748028,-0.009778057918487959,-0.0011601563927355896,0.015558315121129374,0.43701589766831156,0.2391932085945566,0.2829656021912187,0.2800185001404698,0.5125,0.4875,17.0,16.0,8.9375,9.533333333333333,107.33124911542859,84.51396833281095,0.9538086652648529,0.07810472491188687,57.0,0.9549090224325025,0.06888873196337354,56.0,0.023965535810447004,1.0,-3.5085257852789344,0.05461918813582337,1.0,734.0,-6.089923416967288,64.71160225256091,733.0,0.20572207084468666,0.3528610354223433,0.44141689373297005,0.0,0.0,0.0,0.0,0.0,0.0,71.28733790879853,4.318221247543342,0.7481680149001311,0.0,98.0,1.0,4.811064587804338,1.0,3.8974233082113803,0,1,1,1
ETH-USD_1h_1740758400_1741330800_42.png,C:\Users\afierro\CV_chart_pattern_detector\data\images\rendered\train\ETH-USD_1h_1740758400_1741330800_42.png,train,ETH-USD,1h,2025-02-28T16:00:00+00:00,2025-03-07T07:00:00+00:00,160,1.3840173390384624e-06,0.01328871732051759,0.008197749936497412,38.082151412929264,9.109130994637539,0.020727318438094944,-0.008582837039147306,-0.03316266906566834,0.009637192646684278,-0.002060141943142746,-0.014329295596638314,0.4400210933707732,0.23603538883462036,0.28614816395033726,0.27383074267888957,0.55,0.45,16.0,16.0,9.733333333333333,9.6,101.91317626531111,74.80472393798064,0.9538086652648529,0.07810472491188687,57.0,0.9864141078203473,0.04107982580763285,25.0,0.017939129580141027,1.0,1.855178152836394,-0.009637010593766046,1.0,466.0,-7.675970370549501,66.79100858115481,745.0,0.27253218884120173,0.2982832618025751,0.4291845493562232,0.0,0.0,0.0,0.0,0.0,0.0,0.0,0.0,0.0,0.0,0.0,1.0,4.996392911750537,1.0,2.4181147952042252,0,0,1,1
ETH-USD_1h_1740902400_1741474800_42.png,C:\Users\afierro\CV_chart_pattern_detector\data\images\rendered\train\ETH-USD_1h_1740902400_1741474800_42.png,train,ETH-USD,1h,2025-03-02T08:00:00+00:00,2025-03-08T23:00:00+00:00,160,6.228637012199819e-05,0.013347623907723257,0.008237193409302122,37.819736313743974,9.039482681855342,-0.009448889688033812,0.011368591111661885,0.024916163180636275,0.0005898429855226706,0.013394393858321862,0.014358112540270085,0.43124351885308315,0.2354336024620499,0.2813831412586708,0.287373339888246,0.55625,0.44375,16.0,16.0,9.4,9.2,106.74366837194604,72.09584461629876,0.0,0.0,0.0,0.0,0.0,0.0,0.017939129580141027,1.0,-1.277714721050173,0.01169184002454578,1.0,483.0,-7.8136694346155435,65.05419395630753,710.0,0.2898550724637681,0.29606625258799174,0.4140786749482402,0.0,0.0,0.0,0.0,0.0,0.0,0.0,0.0,0.0,0.0,0.0,0.0,0.0,0.0,0.0,0,0,0,0
ETH-USD_1h_1741046400_1741618800_42.png,C:\Users\afierro\CV_chart_pattern_detector\data\images\rendered\train\ETH-USD_1h_1741046400_1741618800_42.png,train,ETH-USD,1h,2025-03-04T00:00:00+00:00,2025-03-10T15:00:00+00:00,160,-0.00028023246161178243,0.009547286696850121,0.0069314104131092584,33.94335394706926,7.756961252769723,-0.05182508505159478,-0.023835324851240847,-0.014264568667777255,-0.028980960071297357,-0.020830219589315968,-0.047827348721324436,0.432728457844627,0.23061851737794745,0.27814918950182516,0.28912235265354774,0.54375,0.45625,15.0,15.0,10.714285714285714,10.357142857142858,69.87073070241135,57.05171756690005,0.0,0.0,0.0,0.0,0.0,0.0,0.01129554329420724,1.0,-1.8103007501172013,-0.017705351950214242,1.0,885.0,-12.228253674574491,64.80017094463057,778.0,0.192090395480226,0.3163841807909605,0.4915254237288136,0.0,0.0,0.0,0.0,0.0,0.0,0.0,0.0,0.0,0.0,0.0,0.0,0.0,0.0,0.0,0,0,0,0
ETH-USD_1h_1741190400_1741762800_42.png,C:\Users\afierro\CV_chart_pattern_detector\data\images\rendered\train\ETH-USD_1h_1741190400_1741762800_42.png,train,ETH-USD,1h,2025-03-05T16:00:00+00:00,2025-03-12T07:00:00+00:00,160,-0.0007946853392989716,0.011123574111578377,0.00765638849879468,33.68472291638104,7.536604983650287,0.02266573920487991,-0.0166898183876113,0.008633700986859338,0.0062377198838377,0.0012111382813990712,-0.011481188320369373,0.4374655006882705,0.23780575962988684,0.27247903096781007,0.2900554683439195,0.51875,0.48125,13.0,15.0,11.083333333333334,9.357142857142858,133.3460514565514,133.3857336632703,0.9250557308284834,0.10112937378001462,100.0,0.0,0.0,0.0,0.012818850763063884,1.0,-4.131366854195958,-0.004354770170847655,1.0,392.0,-20.673474633724105,62.50367828396903,711.0,0.29846938775510207,0.19642857142857142,0.5051020408163265,0.0,0.0,0.0,0.0,0.0,0.0,0.0,0.0,0.0,0.0,0.0,1.0,7.077213927013747,0.0,0.0,0,0,1,0
ETH-USD_1h_1741334400_1741906800_42.png,C:\Users\afierro\CV_chart_pattern_detector\data\images\rendered\train\ETH-USD_1h_1741334400_1741906800_42.png,train,ETH-USD,1h,2025-03-07T08:00:00+00:00,2025-03-13T23:00:00+00:00,160,-0.0009399437361837241,0.010739521251813888,0.0075258978402919915,31.798640824342478,8.246291718652953,0.0068959186098001,-0.010591387864476998,-0.004909835146948205,0.0026246041719431012,-0.0033207674246749086,-0.011169611359890363,0.4320058334464424,0.2471650775787639,0.27070394493486555,0.297290221618692,0.49375,0.50625,14.0,16.0,10.846153846153847,9.933333333333334,127.60591025153364,140.37251395283013,0.9519051797037774,0.0885924998923115,67.0,0.0,0.0,0.0,0.014401858914879459,1.0,-0.3211317393342666,0.037626216067984934,1.0,371.0,-14.816716535554098,60.771712087450176,710.0,0.32345013477088946,0.21293800539083557,0.4636118598382749,0.0,0.0,0.0,0.0,0.0,0.0,0.0,0.0,0.0,0.0,0.0,1.0,6.388081375588856,0.0,0.0,0,0,1,0
ETH-USD_1h_1741478400_1742050800_42.png,C:\Users\afierro\CV_chart_pattern_detector\data\images\rendered\train\ETH-USD_1h_1741478400_1742050800_42.png,train,ETH-USD,1h,2025-03-09T00:00:00+00:00,2025-03-15T15:00:00+00:00,160,-0.0007620869878354378,0.010288461881293322,0.006840820077589679,28.23042192992931,10.887113933239371,0.004577501296008313,0.004619165128672886,0.006722462062767054,0.005654056831185361,0.0072713909309554126,0.01812826599331907,0.42434716695273095,0.25380183820253505,0.2778019240043815,0.2978509090428877,0.51875,0.48125,12.0,13.0,11.636363636363637,11.5,67.22824825836894,76.81040603040846,0.0,0.0,0.0,0.0,0.0,0.0,0.014401858914879459,1.0,0.6113676746366636,0.024420470878336185,1.0,502.0,-7.195224564388929,63.422112426832655,709.0,0.2729083665338645,0.2868525896414343,0.4402390438247012,0.0,0.0,0.0,0.0,0.0,0.0,0.0,0.0,0.0,0.0,0.0,0.0,0.0,0.0,0.0,0,0,0,0
ETH-USD_1h_1741622400_1742194800_42.png,C:\Users\afierro\CV_chart_pattern_detector\data\images\rendered\train\ETH-USD_1h_1741622400_1742194800_42.png,train,ETH-USD,1h,2025-03-10T16:00:00+00:00,2025-03-17T07:00:00+00:00,160,-0.0002926393093616267,0.009347452588297379,0.0059423285460867385,25.332046235619778,10.655148854745317,-0.0042486313749114935,0.013895630744283016,0.010489045778597772,0.0016441647959022365,0.002808617525488444,-0.0072262505019390355,0.4259800980328844,0.26304735923114886,0.29072512521554417,0.2832947767515714,0.51875,0.48125,14.0,13.0,11.538461538461538,11.833333333333334,19.12821568270502,36.063979439570346,0.9939994432473116,0.014650843892732352,36.0,0.0,0.0,0.0,0.005101535155210684,1.0,-0.0798752930145312,-0.007165999163835481,1.0,793.0,6.851192911891889,65.93357608820935,724.0,0.21689785624211855,0.43631778058007564,0.3467843631778058,0.0,0.0,0.0,0.0,0.0,0.0,41.012422349899474,0.7689235072693084,0.8634445642541834,0.0,76.0,1.0,1.2528081959264454,0.0,0.0,0,1,1,0
ETH-USD_1h_1741766400_1742338800_42.png,C:\Users\afierro\CV_chart_pattern_detector\data\images\rendered\train\ETH-USD_1h_1741766400_1742338800_42.png,train,ETH-USD,1h,2025-03-12T08:00:00+00:00,2025-03-18T23:00:00+00:00,160,2.741511475968452e-05,0.005684352514338375,0.004244878555389422,22.108499283198416,12.207086707727528,0.014160676688176332,0.0193522510779105,0.014373716632443578,0.01641918437667389,0.016817545438010617,0.012935944127998367,0.43706847937999144,0.25739604095732616,0.28746613081426586,0.27546538980574276,0.5375,0.4625,13.0,15.0,11.666666666666666,10.5,17.278802418505496,27.604279587693586,0.9939994432473116,0.014650843892732352,36.0,0.9887560554047901,0.0189059125252004,27.0,0.00768713289353676,1.0,-0.2909605016408706,-0.004188017233107232,1.0,1385.0,14.428876129987007,62.206929547929064,782.0,0.20866425992779783,0.5169675090252708,0.2743682310469314,0.0,0.0,0.0,0.0,0.0,0.0,41.012422349899396,0.7689235072696761,0.8634445642541665,0.0,76.0,1.0,1.4163875684825618,1.0,1.7036729709429155,0,1,1,1
ETH-USD_1h_1741910400_1742482800_42.png,C:\Users\afierro\CV_chart_pattern_detector\data\images\rendered\train\ETH-USD_1h_1741910400_1742482800_42.png,train,ETH-USD,1h,2025-03-14T00:00:00+00:00,2025-03-20T15:00:00+00:00,160,0.00033472669562362514,0.005583440935454324,0.004155399530602664,16.354411359209728,3.1965060281468736,-0.008501417740865103,-0.02026855839878383,-0.030493560121915286,-0.012725828260139238,-0.02150664072791242,-0.0033957424006128,0.4630574063296139,0.24734561058728283,0.27335914416351687,0.2635834495068692,0.5375,0.4625,14.0,15.0,11.307692307692308,9.214285714285714,50.774495309944626,40.81799911259194,0.9939994432473116,0.014650843892732352,36.0,0.9929190836587235,0.04369064644159847,47.0,0.019725859329431415,1.0,1.8215934130333098,-0.008927608128163277,1.0,1298.0,4.389055295929152,66.38407102831766,751.0,0.12326656394453005,0.4830508474576271,0.39368258859784283,0.0,0.0,0.0,0.0,0.0,0.0,0.0,0.0,0.0,0.0,0.0,1.0,1.868666529913204,1.0,5.158554210527846,0,0,1,1
ETH-USD_1h_1742054400_1742626800_42.png,C:\Users\afierro\CV_chart_pattern_detector\data\images\rendered\train\ETH-USD_1h_1742054400_1742626800_42.png,train,ETH-USD,1h,2025-03-15T16:00:00+00:00,2025-03-22T07:00:00+00:00,160,0.00016481834443142382,0.005630725230628904,0.004200818410311161,16.31977192761666,3.324031836935467,-0.0009113613018871813,0.009067331163547632,0.01956159822419523,0.001868692657365889,0.006264844679674475,0.0027327363991835885,0.46639889256407996,0.24077248360159106,0.27547348377425773,0.25812762366166236,0.5,0.5,15.0,14.0,10.785714285714286,10.846153846153847,48.49804309454144,45.533706936147205,0.9987723747756971,0.010868401187923217,29.0,0.9929190836587235,0.04369064644159847,47.0,0.019725859329431415,1.0,-0.22861978434130092,0.016824685694621033,1.0,937.0,15.82390171028634,63.397090496503644,726.0,0.1664887940234792,0.5624332977588047,0.2710779082177161,0.0,0.0,0.0,0.0,0.0,0.0,0.0,0.0,0.0,0.0,0.0,1.0,1.3802885377601106,1.0,5.169140706019194,0,0,1,1
ETH-USD_1h_1742198400_1742770800_42.png,C:\Users\afierro\CV_chart_pattern_detector\data\images\rendered\train\ETH-USD_1h_1742198400_1742770800_42.png,train,ETH-USD,1h,2025-03-17T08:00:00+00:00,2025-03-23T23:00:00+00:00,160,0.00034304773097066754,0.005283036318816634,0.003872685505781696,15.423035590645185,3.9157308782560256,0.0048539798627460495,0.0008182203706939006,0.0028746550413949468,0.004195013040583451,0.0015012608694131568,0.006031000352864746,0.45682511041351903,0.23228975192603374,0.27929689088288845,0.2638779987035925,0.53125,0.46875,15.0,14.0,9.928571428571429,10.461538461538462,37.37649311175853,45.59590335272482,0.0,0.0,0.0,0.9923383870204513,0.03602446824630949,28.0,0.0058452430783950335,1.0,0.49160736052509035,0.0027762668793212776,1.0,1026.0,11.291418378987508,64.1249538484309,715.0,0.17543859649122806,0.51364522417154,0.310916179337232,0.0,0.0,0.0,0.0,0.0,0.0,38.11219020121375,6.717224092336496,0.686762184762348,0.0,54.0,0.0,0.0,1.0,4.494922224260824,0,1,0,1
ETH-USD_1h_1742342400_1742914800_42.png,C:\Users\afierro\CV_chart_pattern_detector\data\images\rendered\train\ETH-USD_1h_1742342400_1742914800_42.png,train,ETH-USD,1h,2025-03-19T00:00:00+00:00,2025-03-25T15:00:00+00:00,160,0.0003975392501233098,0.005293214442888934,0.003770898408294007,16.058903158047126,4.1555809055884305,-0.00048823404296449713,0.0057885852989392195,-0.008492457010233156,0.001443800979227472,0.0006482506065703664,0.007876928140359452,0.4392736068858595,0.24207073500573761,0.2903775397015842,0.2703488534125563,0.525,0.475,17.0,14.0,8.6875,11.461538461538462,38.34684196360002,41.3968179295689,0.0,0.0,0.0,0.979273367273173,0.031217670514487452,60.0,0.00647488692153118,1.0,1.3986705344585149,-0.008839914731485031,1.0,740.0,12.772968487723453,62.51574862480707,720.0,0.2391891891891892,0.4918918918918919,0.2689189189189189,0.0,0.0,0.0,0.0,0.0,0.0,38.11219020121371,6.717224092336173,0.6867621847623525,0.0,54.0,0.0,0.0,1.0,4.02323621066567,0,1,0,1
ETH-USD_1h_1742486400_1743058800_42.png,C:\Users\afierro\CV_chart_pattern_detector\data\images\rendered\train\ETH-USD_1h_1742486400_1743058800_42.png,train,ETH-USD,1h,2025-03-20T16:00:00+00:00,2025-03-27T07:00:00+00:00,160,0.00022285803963973048,0.0042252563003094675,0.003105892243994179,15.28784736674858,3.3654283920309966,-0.002407301656065952,0.013169407376668163,-0.018506858338499632,0.002473992408340786,0.0038898670252029977,-0.00973576012894739,0.41222819716361003,0.24774927054040433,0.30754262431432017,0.28022917852206974,0.53125,0.46875,18.0,15.0,8.588235294117647,9.0,40.33585463499943,42.27813137886877,0.9880955795875046,0.023139515982520995,38.0,0.979273367273173,0.031217670514487452,60.0,0.006747212527486663,1.0,-0.5708381387716777,0.01479421911409047,1.0,1274.0,18.720560961746532,61.39935803845858,723.0,0.1554160125588697,0.5824175824175825,0.2621664050235479,0.0,0.0,0.0,0.0,0.0,0.0,0.0,0.0,0.0,0.0,0.0,1.0,3.3040951635276765,1.0,4.215147416680977,0,0,1,1
ETH-USD_1h_1742630400_1743202800_42.png,C:\Users\afierro\CV_chart_pattern_detector\data\images\rendered\train\ETH-USD_1h_1742630400_1743202800_42.png,train,ETH-USD,1h,2025-03-22T08:00:00+00:00,2025-03-28T23:00:00+00:00,160,-0.0002824577071441372,0.005151364705232369,0.0035375245497783077,14.987451079930855,3.591405292698413,0.012133435779229096,0.00474591353538778,-0.021015472590084627,0.007421963169005785,0.0008558111263887724,-0.03554574972552016,0.41694445164483784,0.25861355593485114,0.3081118005637816,0.2749437477913805,0.50625,0.49375,18.0,16.0,7.411764705882353,9.733333333333333,34.012029376147964,50.12352352875344,0.9690412133972784,0.027820017935821027,52.0,0.9985376159091196,0.021386734810054573,26.0,0.010644003362577129,1.0,-2.4733236052508047,-0.009749537975872241,1.0,334.0,-1.8203642503943986,65.27659340212703,729.0,0.36826347305389223,0.2994011976047904,0.3323353293413174,0.0,0.0,0.0,0.0,0.0,0.0,0.0,0.0,0.0,0.0,0.0,1.0,3.9976104295605293,1.0,2.914571339840627,0,0,1,1
ETH-USD_1h_1742774400_1743346800_42.png,C:\Users\afierro\CV_chart_pattern_detector\data\images\rendered\train\ETH-USD_1h_1742774400_1743346800_42.png,train,ETH-USD,1h,2025-03-24T00:00:00+00:00,2025-03-30T15:00:00+00:00,160,-0.0005957127677928913,0.005476302225415815,0.0038533363152589,17.921913331366774,2.649397591973725,-0.010647640554855564,-0.013912599084454191,-0.00220601179473634,-0.00881261899713437,-0.008770637859851882,-0.02209675826221069,0.4119011118704696,0.2585775135092792,0.30521802451488106,0.28288086361464937,0.48125,0.51875,17.0,14.0,8.9375,9.692307692307692,89.28493000861681,84.8084046422239,0.9690412133972784,0.027820017935821027,52.0,0.0,0.0,0.0,0.010644003362577129,1.0,-2.816992616033742,0.006003161028562717,1.0,631.0,-27.473856220721444,59.33134272386479,706.0,0.20285261489698891,0.17591125198098256,0.6212361331220285,0.0,0.0,0.0,0.0,0.0,0.0,0.0,0.0,0.0,0.0,0.0,1.0,3.374018709187969,0.0,0.0,0,0,1,0
GOOGL_1h_1700058600_1703003400_42.png,C:\Users\afierro\CV_chart_pattern_detector\data\images\rendered\train\GOOGL_1h_1700058600_1703003400_42.png,train,GOOGL,1h,2023-11-15T14:30:00+00:00,2023-12-19T16:30:00+00:00,160,0.00012787857080118675,0.00691853947324567,0.0036368194008747647,0.9640223062522836,0.17301455528861892,-0.0006597972281356945,0.004717324377431442,0.03867106278537924,0.0011751004056841374,0.016876441545093046,0.02320222818536788,0.43714383631487436,0.25513765672693667,0.25957324723027525,0.3032829164548504,0.5125,0.4875,17.0,15.0,9.125,10.0,2.4199350981425627,2.506094235495486,0.9644483887205112,0.03239315176935938,32.0,0.958181273454597,0.03416469210020615,48.0,0.029158292778167564,1.0,0.04779954669736055,0.008772583544442339,1.0,537.0,-7.8044744161698185,61.8965392061048,747.0,0.29981378026070765,0.2718808193668529,0.42830540037243947,0.0,0.0,0.0,0.0,0.0,0.0,0.0,0.0,0.0,0.0,0.0,1.0,4.6909503793339615,1.0,4.875576197447335,0,0,1,1
GOOGL_1h_1700681400_1703773800_42.png,C:\Users\afierro\CV_chart_pattern_detector\data\images\rendered\train\GOOGL_1h_1700681400_1703773800_42.png,train,GOOGL,1h,2023-11-22T19:30:00+00:00,2023-12-28T14:30:00+00:00,160,0.00011431144902763973,0.0074057179659070506,0.003800285677199819,0.9262512646957408,0.19411627817331975,-0.0012952215804092893,-0.00849286978009356,-0.0058940260047981585,-0.001741921777513089,-0.0047043485110103145,0.006334019780336098,0.44240213854296695,0.262108943962736,0.2637080887450768,0.2938897727119563,0.48125,0.51875,20.0,15.0,7.631578947368421,9.928571428571429,3.633559862676146,3.3844129407050736,0.9644483887205112,0.03239315176935938,32.0,0.958181273454597,0.03416469210020615,48.0,0.019870581195958095,1.0,0.15598424418789597,0.0019244617401085677,1.0,1314.0,13.388884594768875,61.709404083026705,746.0,0.121765601217656,0.5593607305936074,0.3188736681887367,0.0,0.0,0.0,0.0,0.0,0.0,0.0,0.0,0.0,0.0,0.0,1.0,4.877494692479379,1.0,5.06727669418788,0,0,1,1
GOOGL_1h_1701700200_1704483000_42.png,C:\Users\afierro\CV_chart_pattern_detector\data\images\rendered\train\GOOGL_1h_1701700200_1704483000_42.png,train,GOOGL,1h,2023-12-04T14:30:00+00:00,2024-01-05T19:30:00+00:00,160,0.00037041002067730253,0.006915203114692813,0.003549380507184255,1.0016238978220031,0.24365062539546048,-0.004451280266522195,-0.016856842562740337,-0.0203446109030746,-0.0071650749471646735,-0.016122281962074325,-0.024977094041109926,0.4456511403980863,0.2534342954567604,0.2623071334663266,0.2920417261355871,0.51875,0.48125,19.0,14.0,7.277777777777778,9.076923076923077,3.7920614136044306,3.6076579069363732,0.9644483887205112,0.03239315176935938,32.0,0.0,0.0,0.0,0.019870581195958095,1.0,-0.04178007691889014,0.01040951823010175,1.0,1213.0,21.900243341824485,57.29218892780927,711.0,0.13107996702390767,0.638911788953009,0.23000824402308326,0.0,0.0,0.0,0.0,0.0,0.0,0.0,0.0,0.0,0.0,0.0,1.0,4.519217513651086,0.0,0.0,0,0,1,0
GOOGL_1h_1702323000_1705426200_42.png,C:\Users\afierro\CV_chart_pattern_detector\data\images\rendered\train\GOOGL_1h_1702323000_1705426200_42.png,train,GOOGL,1h,2023-12-11T19:30:00+00:00,2024-01-16T17:30:00+00:00,160,0.00043084956810524185,0.005230666523234424,0.003232030545038729,0.8182484225827487,0.15906698647031486,-0.004241821255108413,-0.006332505148089584,-0.0011253202859424771,-0.004838477407735242,-0.0021681448868470232,0.013476222539563487,0.4619937362113801,0.2520799738194222,0.26020361403000314,0.27780264975861674,0.5375,0.4625,19.0,14.0,8.38888888888889,10.76923076923077,3.799376633151136,3.616038482331234,0.9783926334926504,0.02855016693810459,40.0,0.9902072533824736,0.027132535645926874,25.0,0.008757557404168288,1.0,0.05575421382941633,0.0018376434465659178,1.0,824.0,14.807034700023896,64.98319780807618,718.0,0.17233009708737865,0.5485436893203883,0.279126213592233,0.0,0.0,0.0,0.0,0.0,0.0,0.0,0.0,0.0,0.0,0.0,1.0,5.070607675082883,1.0,4.5944377092189175,0,0,1,1
GOOGL_1h_1703007000_1706110200_42.png,C:\Users\afierro\CV_chart_pattern_detector\data\images\rendered\train\GOOGL_1h_1703007000_1706110200_42.png,train,GOOGL,1h,2023-12-19T17:30:00+00:00,2024-01-24T15:30:00+00:00,160,0.0005551646472334126,0.005267702594603836,0.0033346447750960463,0.8210268798238666,0.11732088119724501,0.016916762707906763,0.020759102767354154,0.022229883315019405,0.012883889455612696,0.014824091456060007,0.03246965288861592,0.47738778536825277,0.2487491422230246,0.2645590844151563,0.258053130216591,0.5625,0.4375,18.0,11.0,8.647058823529411,14.1,2.2500801931029177,2.636622539292529,0.9783926334926504,0.02855016693810459,40.0,0.9726327300343984,0.04590409651595143,44.0,0.009637875448012687,1.0,0.10998678444362994,0.0019317458124573424,1.0,767.0,8.924376245350073,65.14216403134887,718.0,0.19947848761408082,0.4915254237288136,0.3089960886571056,11.91253534370337,3.93614980970857,0.9667582150989468,0.9411764705882353,1.0,51.0,0.0,0.0,0.0,0.0,0.0,1.0,5.053940343339048,1.0,7.821148129853263,1,0,1,1
GOOGL_1h_1703777400_1706733000_42.png,C:\Users\afierro\CV_chart_pattern_detector\data\images\rendered\train\GOOGL_1h_1703777400_1706733000_42.png,train,GOOGL,1h,2023-12-28T15:30:00+00:00,2024-01-31T20:30:00+00:00,160,4.455002481744015e-06,0.006653152553752871,0.0035237835700244894,0.857103641176509,0.16696082279480645,-0.007921488231385831,-0.07968847620699926,-0.07944651268746972,-0.030437665877775633,-0.05717126042897669,-0.062086783040856686,0.4731211651521255,0.25279718331487416,0.2701098225620635,0.25676901228581095,0.55625,0.4375,16.0,12.0,9.466666666666667,12.818181818181818,4.4895342317844715,5.897633716383156,0.9704544898492301,0.030906557885508577,35.0,0.9726327300343984,0.04590409651595143,44.0,0.011011954985645792,1.0,0.09919116882667671,-0.03354482493431147,1.0,857.0,27.1003460835409,56.068692648397594,744.0,0.15052508751458576,0.6686114352392065,0.1808634772462077,11.91253534370337,3.965336439406186,0.9667582150989468,0.9411764705882353,1.0,51.0,0.0,0.0,0.0,0.0,0.0,1.0,5.55834421766173,1.0,7.49867906136515,1,0,1,1
GOOGL_1h_1704486600_1707417000_42.png,C:\Users\afierro\CV_chart_pattern_detector\data\images\rendered\train\GOOGL_1h_1704486600_1707417000_42.png,train,GOOGL,1h,2024-01-05T20:30:00+00:00,2024-02-08T18:30:00+00:00,160,0.00045668705032955254,0.0069169839863658655,0.0037793703797128577,0.9823887960153062,0.21949341953035276,-0.0032565892055941292,0.002033208190717062,0.01221882311746314,-0.0011027764642081994,0.0038204371770056422,0.012692755360501629,0.46696303567297015,0.25791388521362923,0.2672085477490825,0.26582841657794737,0.5625,0.425,18.0,12.0,8.117647058823529,12.0,3.8056983204839363,4.78492710086093,0.9321758520048975,0.046489880628295566,33.0,0.9331268849510831,0.04136947172818256,41.0,0.011131310407831848,1.0,-0.12592072305799987,0.012178198131019419,1.0,537.0,10.798878377820305,64.73729065134651,710.0,0.23277467411545624,0.4897579143389199,0.2774674115456238,0.0,0.0,0.0,0.0,0.0,0.0,0.0,0.0,0.0,0.0,0.0,1.0,7.125268179533499,1.0,6.200666129551376,0,0,1,1
GOOGL_1h_1705429800_1708101000_42.png,C:\Users\afierro\CV_chart_pattern_detector\data\images\rendered\train\GOOGL_1h_1705429800_1708101000_42.png,train,GOOGL,1h,2024-01-16T18:30:00+00:00,2024-02-16T16:30:00+00:00,160,9.644972356271099e-06,0.0073652384202358865,0.003997310077700153,0.9946199896225956,0.2179031109298897,-0.007412407229661966,-0.0029993158850458723,-0.02275798768277515,-0.0042618989443588,-0.015162360868624325,-0.02934481049909088,0.47250578234773666,0.2594268043420349,0.2637623949668141,0.2637318226854492,0.525,0.45625,18.0,15.0,8.529411764705882,10.571428571428571,3.4693087523679202,4.166292103821437,0.9321758520048975,0.046489880628295566,33.0,0.9600579744582675,0.028929365674656073,28.0,0.015388168114096839,1.0,0.03503535324790612,0.002509641339279264,1.0,695.0,-0.5410117004415114,66.94011732862414,719.0,0.21151079136690648,0.39136690647482014,0.3971223021582734,0.0,0.0,0.0,0.0,0.0,0.0,0.0,0.0,0.0,0.0,0.0,1.0,7.039121920390477,1.0,4.420048474550415,0,0,1,1
GOOGL_1h_1706113800_1709044200_42.png,C:\Users\afierro\CV_chart_pattern_detector\data\images\rendered\train\GOOGL_1h_1706113800_1709044200_42.png,train,GOOGL,1h,2024-01-24T16:30:00+00:00,2024-02-27T14:30:00+00:00,160,-0.0004620609893210353,0.007432377684586171,0.003950928401328992,0.9986546991080683,0.22180406324318777,0.001196767753723238,-0.039164508322010905,-0.039498616150950405,-0.010090498060193354,-0.02512017166547642,-0.025234126408138047,0.45895859413580775,0.25859388570966335,0.259026852072325,0.28201455379186724,0.50625,0.475,16.0,16.0,9.2,9.466666666666667,3.7784259455664224,4.105690554979077,0.9321758520048975,0.046489880628295566,33.0,0.0,0.0,0.0,0.015388168114096839,1.0,-0.10147978849272396,-0.0030564034090362867,1.0,868.0,-11.15899090118672,65.11682290508122,745.0,0.16705069124423963,0.33410138248847926,0.4988479262672811,0.0,0.0,0.0,0.0,0.0,0.0,0.0,0.0,0.0,0.0,0.0,1.0,7.011167666664665,0.0,0.0,0,0,1,0
GOOGL_1h_1706797800_1709667000_42.png,C:\Users\afierro\CV_chart_pattern_detector\data\images\rendered\train\GOOGL_1h_1706797800_1709667000_42.png,train,GOOGL,1h,2024-02-01T14:30:00+00:00,2024-03-05T19:30:00+00:00,160,-0.00043050940341328946,0.0062447488875054386,0.003920353785589857,1.0363226368912712,0.2062239195587202,0.004069010265583373,-0.0039595846119492295,-0.04124928828100871,-0.003534952208742337,-0.017544011028273965,-0.033009375266984886,0.47556869863990003,0.25402844907617844,0.24767582039807995,0.2767554809620201,0.50625,0.48125,17.0,15.0,9.1875,10.5,3.834108531434451,4.730873845537379,0.9225479534555285,0.048708244956783706,54.0,0.0,0.0,0.0,0.014677151385795428,1.0,-0.1329716116846644,-0.014063031357290074,1.0,587.0,-16.96423009967073,64.13667679011903,730.0,0.21635434412265758,0.2572402044293015,0.5264054514480409,0.0,0.0,0.0,0.0,0.0,0.0,0.0,0.0,0.0,0.0,0.0,1.0,6.741141275351687,0.0,0.0,0,0,1,0
GOOGL_1h_1707420600_1710347400_42.png,C:\Users\afierro\CV_chart_pattern_detector\data\images\rendered\train\GOOGL_1h_1707420600_1710347400_42.png,train,GOOGL,1h,2024-02-08T19:30:00+00:00,2024-03-13T16:30:00+00:00,160,-0.00020522549520263222,0.0065885814856405595,0.004080338309455073,0.957395682409172,0.13068467899332525,0.01639099518834186,0.01683969578738087,0.04116266785852152,0.00960838069624348,0.015879064314602953,0.039278438902141444,0.47986847885344036,0.2549207214656953,0.2507468019233142,0.26938471922324536,0.51875,0.475,14.0,17.0,10.76923076923077,9.125,4.102645770804334,5.129637437118185,0.9225479534555285,0.048708244956783706,54.0,0.0,0.0,0.0,0.012821384925900261,1.0,0.017557977389352306,0.0038972318765002007,1.0,889.0,-28.53656346759056,58.17085454813237,716.0,0.15073115860517436,0.18672665916760406,0.6625421822272216,0.0,0.0,0.0,0.0,0.0,0.0,0.0,0.0,0.0,0.0,0.0,1.0,7.280687647138126,0.0,0.0,0,0,1,0
GOOGL_1h_1708104600_1711031400_42.png,C:\Users\afierro\CV_chart_pattern_detector\data\images\rendered\train\GOOGL_1h_1708104600_1711031400_42.png,train,GOOGL,1h,2024-02-16T17:30:00+00:00,2024-03-21T14:30:00+00:00,160,0.00034429515368492855,0.008383872211572163,0.004436666540043698,1.0375558402755571,0.160789588529641,-0.0034105818723080272,0.0037753074981885515,-0.0062293960370308765,-0.0021908874591310967,0.0002755334080715155,0.024548740067956043,0.4760676401717558,0.2474819940510811,0.24745639931964947,0.27647596050859474,0.50625,0.49375,13.0,16.0,11.0,9.2,4.177231735826192,4.9939558882827235,0.9225479534555285,0.048708244956783706,54.0,0.9308076930296483,0.05786953488355051,58.0,0.03350437241052303,1.0,0.2271206492277805,-0.008224943071668604,1.0,1123.0,-1.3775650811641214,65.98604824579311,715.0,0.10863757791629564,0.4416740872662511,0.44968833481745324,0.0,0.0,0.0,0.0,0.0,0.0,0.0,0.0,0.0,0.0,0.0,1.0,6.733362376500657,1.0,7.75989714439663,0,0,1,1
GOOGL_1h_1709047800_1711654200_42.png,C:\Users\afierro\CV_chart_pattern_detector\data\images\rendered\train\GOOGL_1h_1709047800_1711654200_42.png,train,GOOGL,1h,2024-02-27T15:30:00+00:00,2024-03-28T19:30:00+00:00,160,0.0005898754751252888,0.008228032059896272,0.0042956802986736705,1.0174558261394353,0.19423300529782678,0.0010621592057731277,0.006910851442776478,-0.0044870879247623785,0.0011639048345182257,0.0011080400400103052,0.007666499755271339,0.46937025729204046,0.24529429734233824,0.25733097201400235,0.27329877069395725,0.5375,0.4625,15.0,16.0,10.5,9.133333333333333,6.332918853836442,6.4007111667888905,0.960491354190802,0.029933553686852132,27.0,0.9308076930296483,0.05786953488355051,58.0,0.03350437241052303,1.0,0.12653635993453183,0.02491649481837609,1.0,944.0,26.60592819743995,58.93187182246114,709.0,0.1271186440677966,0.6694915254237288,0.2033898305084746,0.0,0.0,0.0,0.0,0.0,0.0,0.0,0.0,0.0,0.0,0.0,1.0,4.115556745787513,1.0,7.909028696539043,0,0,1,1
GOOGL_1h_1709670600_1712597400_42.png,C:\Users\afierro\CV_chart_pattern_detector\data\images\rendered\train\GOOGL_1h_1709670600_1712597400_42.png,train,GOOGL,1h,2024-03-05T20:30:00+00:00,2024-04-08T17:30:00+00:00,160,0.0009936434578282883,0.008152592344933379,0.004266553396490854,1.0486708472970157,0.16790180526149834,-0.0014210128555439683,0.009863543025320887,-0.002129907621929439,0.005979940780636905,0.008248044798131682,0.008908627654835133,0.46378641520419916,0.24506378962650502,0.26325440770855096,0.2729591770872498,0.55,0.45,16.0,17.0,9.4,9.1875,5.921597250981346,7.170598644218926,0.0,0.0,0.0,0.9559902287621187,0.04499502473156659,38.0,0.015783589922769927,1.0,0.07241914877017519,0.0035224466180799586,1.0,410.0,22.86584935217369,57.931070292207224,723.0,0.24878048780487805,0.5829268292682926,0.16829268292682928,0.0,0.0,0.0,0.0,0.0,0.0,0.0,0.0,0.0,0.0,0.0,0.0,0.0,1.0,6.017045812564126,0,0,0,1
GOOGL_1h_1710351000_1713281400_42.png,C:\Users\afierro\CV_chart_pattern_detector\data\images\rendered\train\GOOGL_1h_1710351000_1713281400_42.png,train,GOOGL,1h,2024-03-13T17:30:00+00:00,2024-04-16T15:30:00+00:00,160,0.0006472161788715207,0.007802386091816594,0.004096626715610269,1.0515849880796484,0.16662200326930668,-0.00032295453830955,-0.023100249972937914,-0.028038534803588977,-0.007215942552687649,-0.014879008077523181,-0.00834560701323861,0.4600961515595833,0.24570618637695574,0.2737785860320707,0.266125262408346,0.54375,0.45625,17.0,13.0,8.875,11.166666666666666,3.814449942534092,4.35743724536066,0.0,0.0,0.0,0.0,0.0,0.0,0.01020093562715411,1.0,0.048616995903119534,-0.006797603329722425,1.0,1156.0,20.15570498147019,62.973741144954744,713.0,0.11764705882352941,0.6150519031141869,0.2673010380622837,0.0,0.0,0.0,0.0,0.0,0.0,0.0,0.0,0.0,0.0,0.0,0.0,0.0,0.0,0.0,0,0,0,0
GOOGL_1h_1711035000_1713965400_42.png,C:\Users\afierro\CV_chart_pattern_detector\data\images\rendered\train\GOOGL_1h_1711035000_1713965400_42.png,train,GOOGL,1h,2024-03-21T15:30:00+00:00,2024-04-24T13:30:00+00:00,160,0.0004411103968596583,0.005454270997570415,0.003605662572702564,1.0420891422458456,0.12290070368952846,-0.0037785179803201396,0.0067459907443157,0.03588498124950612,0.0011518547041280414,0.011229978152138331,0.014215285043787551,0.44791556083442574,0.2535906131335709,0.2873482100926454,0.2647362290729289,0.575,0.425,17.0,14.0,9.3125,10.692307692307692,2.6136216394321248,2.444004576891707,0.0,0.0,0.0,0.0,0.0,0.0,0.01020093562715411,1.0,-0.001998211752904361,-0.0029048103384543317,1.0,1197.0,29.73934429261519,55.501396156307116,740.0,0.14786967418546365,0.6750208855472013,0.177109440267335,0.0,0.0,0.0,0.0,0.0,0.0,0.0,0.0,0.0,0.0,0.0,0.0,0.0,0.0,0.0,0,0,0,0
GOOGL_1h_1711978200_1714588200_42.png,C:\Users\afierro\CV_chart_pattern_detector\data\images\rendered\train\GOOGL_1h_1711978200_1714588200_42.png,train,GOOGL,1h,2024-04-01T13:30:00+00:00,2024-05-01T18:30:00+00:00,160,0.00048329069031857725,0.009204519195159862,0.004425654721466049,1.602448201635428,0.7538682340170768,0.005916419531213135,0.01418225044903787,-0.008981203365083346,0.010837586208703343,0.005771099768526744,0.024181706231635403,0.4505979768283076,0.25724661160066126,0.27904667888508755,0.2703553442866049,0.54375,0.45625,14.0,15.0,9.923076923076923,10.357142857142858,4.412762106342575,2.7871715381695727,0.0,0.0,0.0,0.9905662965121409,0.04753105020401842,25.0,0.014987186218044004,1.0,0.1866215120611543,-0.02747862049452656,1.0,352.0,5.494313284754753,69.81546312322894,708.0,0.2556818181818182,0.42045454545454547,0.32386363636363635,0.0,0.0,0.0,0.0,0.0,0.0,0.0,0.0,0.0,0.0,0.0,0.0,0.0,1.0,4.587150650734162,0,0,0,1
GOOGL_1h_1712601000_1715272200_42.png,C:\Users\afierro\CV_chart_pattern_detector\data\images\rendered\train\GOOGL_1h_1712601000_1715272200_42.png,train,GOOGL,1h,2024-04-08T18:30:00+00:00,2024-05-09T16:30:00+00:00,160,0.0006047668717364888,0.00923426493793324,0.00447327536484011,1.2954990539164801,0.4038071731969376,-0.0003543715100082778,-0.0042233444184718305,0.013730781688940707,-0.0006452584850905607,-0.0027419186271797624,0.01205127434527542,0.4551425628188813,0.25302791796954915,0.27448375916692985,0.2703736780141888,0.56875,0.43125,14.0,14.0,11.076923076923077,11.23076923076923,5.968544615396787,5.36569177812437,0.0,0.0,0.0,0.9905662965121409,0.04753105020401842,25.0,0.014987186218044004,1.0,0.1242831554314476,0.04425749990606962,1.0,297.0,2.0606011676065847,64.11660588611242,712.0,0.3501683501683502,0.36363636363636365,0.28619528619528617,0.0,0.0,0.0,0.0,0.0,0.0,0.0,0.0,0.0,0.0,0.0,0.0,0.0,1.0,5.652467920209986,0,0,0,1
GOOGL_1h_1713285000_1715956200_42.png,C:\Users\afierro\CV_chart_pattern_detector\data\images\rendered\train\GOOGL_1h_1713285000_1715956200_42.png,train,GOOGL,1h,2024-04-16T16:30:00+00:00,2024-05-17T14:30:00+00:00,160,0.0008467930640360334,0.00944778263587372,0.004687389426799229,1.3236955133862198,0.38980296547396615,0.006702171735447848,0.018251400556880792,0.030008267040799952,0.007728122541199589,0.01693203358107831,0.031849967217904895,0.4722520933583086,0.255006514189379,0.2485293731721236,0.27921853346956776,0.56875,0.43125,14.0,16.0,11.384615384615385,10.066666666666666,6.0416089702070686,6.507515501363796,0.9879276053639094,0.015771102275919047,34.0,0.9905662965121409,0.04753105020401842,25.0,0.009722564662239119,1.0,0.09500456021752042,-0.0004659771335161978,1.0,450.0,22.1999957022402,59.038933281870264,715.0,0.24666666666666667,0.5711111111111111,0.18222222222222223,0.0,0.0,0.0,0.0,0.0,0.0,0.0,0.0,0.0,0.0,0.0,1.0,2.1369399433318597,1.0,5.533999385314226,0,0,1,1
GOOGL_1h_1713969000_1716579000_42.png,C:\Users\afierro\CV_chart_pattern_detector\data\images\rendered\train\GOOGL_1h_1713969000_1716579000_42.png,train,GOOGL,1h,2024-04-24T14:30:00+00:00,2024-05-24T19:30:00+00:00,160,0.0006857899072407244,0.0093532643926106,0.004483169842020069,1.2950591575365618,0.3794976796745591,-0.002280857088563404,0.005722712612087566,-0.005637605635732568,0.0015716613673089075,-0.0016187340585198662,-0.0043262723556386495,0.4751136854092827,0.26083817214936067,0.2353516918550654,0.2895346227356519,0.5625,0.4375,15.0,15.0,10.0,10.357142857142858,5.077206615298436,5.79317375985984,0.9879276053639094,0.015771102275919047,34.0,0.0,0.0,0.0,0.009883621214725096,1.0,0.12195095647068879,0.009707505287755427,1.0,392.0,18.40050564964815,62.71404457732681,710.0,0.26785714285714285,0.5204081632653061,0.21173469387755103,0.0,0.0,0.0,0.0,0.0,0.0,0.0,0.0,0.0,0.0,0.0,1.0,2.1814581241470266,0.0,0.0,0,0,1,0
GOOGL_1h_1714591800_1717522200_42.png,C:\Users\afierro\CV_chart_pattern_detector\data\images\rendered\train\GOOGL_1h_1714591800_1717522200_42.png,train,GOOGL,1h,2024-05-01T19:30:00+00:00,2024-06-04T17:30:00+00:00,160,0.0003642572322378026,0.00479489901099609,0.003317256209821087,1.2383489480701055,0.41985340289461576,0.0038559971403255844,0.009766852675692217,0.006363990428215116,0.0041787973493609964,0.007826081517414485,-0.0032032076714505475,0.4718307413501089,0.2627585579395996,0.25195637031689994,0.2762128883329913,0.5375,0.4625,18.0,16.0,8.647058823529411,9.466666666666667,3.573615425523552,3.8660228520443742,0.9879276053639094,0.015771102275919047,34.0,0.0,0.0,0.0,0.009883621214725096,1.0,-0.07180588154853096,-0.0008086251784951355,1.0,1034.0,19.451640133470356,59.39688951138019,742.0,0.15667311411992263,0.6112185686653772,0.23210831721470018,0.0,0.0,0.0,0.0,0.0,0.0,0.0,0.0,0.0,0.0,0.0,1.0,2.2756961038901844,0.0,0.0,0,0,1,0
GOOGL_1h_1715275800_1718206200_42.png,C:\Users\afierro\CV_chart_pattern_detector\data\images\rendered\train\GOOGL_1h_1715275800_1718206200_42.png,train,GOOGL,1h,2024-05-09T17:30:00+00:00,2024-06-12T15:30:00+00:00,160,0.0002676102571270578,0.004673061098953524,0.0033144093811452507,1.0251823742267114,0.15611187859625963,0.00026568556187389625,0.008528938289595445,0.00479039811036408,0.0019231690001657586,0.006087665320427149,0.007689815445050652,0.4719939543356054,0.2604450385277193,0.26034126441225586,0.2676647812521387,0.5,0.5,17.0,16.0,8.8125,9.733333333333333,2.4747675816932597,3.242541486981809,0.0,0.0,0.0,0.9805961888074953,0.034555806702799945,40.0,0.00882168137835543,1.0,0.020936334451710264,-0.0058964283481188545,1.0,1043.0,13.05176959478958,64.47770299342257,772.0,0.1610738255033557,0.5349952061361457,0.30393096836049854,0.0,0.0,0.0,0.0,0.0,0.0,0.0,0.0,0.0,0.0,0.0,0.0,0.0,1.0,5.912719592886574,0,0,0,1
GOOGL_1h_1715959800_1718976600_42.png,C:\Users\afierro\CV_chart_pattern_detector\data\images\rendered\train\GOOGL_1h_1715959800_1718976600_42.png,train,GOOGL,1h,2024-05-17T15:30:00+00:00,2024-06-21T13:30:00+00:00,160,0.00012867065147398291,0.004162015143804012,0.003034924544415168,1.023544133791168,0.17360921213167615,0.02004786556414273,0.02612589087194106,0.016458622051652494,0.01757613280517334,0.016834344086335662,0.016837696789445022,0.46233377045260243,0.26166330874251137,0.27653916497520264,0.261127064572195,0.5,0.5,21.0,16.0,7.35,9.8,1.588953424151075,1.812131374102872,0.0,0.0,0.0,0.9805961888074953,0.034555806702799945,40.0,0.00882168137835543,1.0,0.014664398422277422,-0.0005682329897984141,1.0,1448.0,9.093917939462056,61.61017050010095,780.0,0.1526243093922652,0.5062154696132597,0.3411602209944751,0.0,0.0,0.0,0.0,0.0,0.0,0.0,0.0,0.0,0.0,0.0,0.0,0.0,1.0,5.921950427680383,0,0,0,1
GOOGL_1h_1716903000_1719599400_42.png,C:\Users\afierro\CV_chart_pattern_detector\data\images\rendered\train\GOOGL_1h_1716903000_1719599400_42.png,train,GOOGL,1h,2024-05-28T13:30:00+00:00,2024-06-28T18:30:00+00:00,160,0.00028961675601585325,0.004180059287161641,0.003077401021518061,1.2554700558782819,0.3246211208919485,-0.00024471133187664584,-0.007126699684262827,0.0004896161203742366,-0.0030294922049717288,-0.0025013961340416557,0.014780558414163147,0.47633214007045754,0.2550059626805076,0.2761133649403035,0.24755449498923904,0.50625,0.4875,20.0,14.0,7.7368421052631575,10.615384615384615,3.351109651517863,3.1867420420185604,0.0,0.0,0.0,0.9805961888074953,0.034555806702799945,40.0,0.006624381164595876,1.0,0.1375339846067787,0.0018556383366084522,1.0,1792.0,16.54017401619681,61.032527961812725,733.0,0.11216517857142858,0.5982142857142857,0.2896205357142857,0.0,0.0,0.0,0.0,0.0,0.0,0.0,0.0,0.0,0.0,0.0,0.0,0.0,1.0,4.854844822377496,0,0,0,1
GOOGL_1h_1717525800_1720618200_42.png,C:\Users\afierro\CV_chart_pattern_detector\data\images\rendered\train\GOOGL_1h_1717525800_1720618200_42.png,train,GOOGL,1h,2024-06-04T18:30:00+00:00,2024-07-10T13:30:00+00:00,160,0.0006034716381492034,0.0043777052403802,0.0031989525171565855,1.0875878043875116,0.10048189743035536,0.005949128029306028,0.0053164207927320906,-0.0017859627479733797,0.0033996619552911778,0.0019623181101746656,0.01905279836882179,0.4823733742982922,0.25763369393595315,0.2564683915218226,0.26115823417988515,0.55,0.44375,19.0,15.0,7.666666666666667,9.357142857142858,5.080250817575971,5.710887799810483,0.0,0.0,0.0,0.992249371505271,0.028068072221421592,46.0,0.006582354868009221,1.0,0.1339323588396766,-0.002127548135490078,1.0,1033.0,18.86543611964321,61.63203423590634,717.0,0.14133591481122942,0.6069699903194579,0.25169409486931266,0.0,0.0,0.0,0.0,0.0,0.0,0.0,0.0,0.0,0.0,0.0,0.0,0.0,1.0,4.643145519747959,0,0,0,1
GOOGL_1h_1718209800_1721241000_42.png,C:\Users\afierro\CV_chart_pattern_detector\data\images\rendered\train\GOOGL_1h_1718209800_1721241000_42.png,train,GOOGL,1h,2024-06-12T16:30:00+00:00,2024-07-17T18:30:00+00:00,160,0.00016145849745668493,0.004627794866995195,0.0030924086857190406,1.0689545234199895,0.09934502420176214,0.0030735591524302386,-0.01597219712295528,-0.0339218114246812,-0.005804441216930467,-0.017501400038670734,-0.029165332347247608,0.4481657981145338,0.27184417828319046,0.26946412531138036,0.28237007657408597,0.53125,0.4625,18.0,15.0,8.058823529411764,10.642857142857142,5.322962475755552,5.272948868341916,0.0,0.0,0.0,0.9955534150509585,0.01907167734210542,25.0,0.009105056751816037,1.0,-0.017363712008548207,-0.00470059183276484,1.0,1301.0,23.75710585101763,59.315278986518805,762.0,0.13066871637202152,0.6548808608762491,0.21445042275172943,0.0,0.0,0.0,0.0,0.0,0.0,0.0,0.0,0.0,0.0,0.0,0.0,0.0,1.0,3.204098565559828,0,0,0,1
GOOGL_1h_1718980200_1721925000_42.png,C:\Users\afierro\CV_chart_pattern_detector\data\images\rendered\train\GOOGL_1h_1718980200_1721925000_42.png,train,GOOGL,1h,2024-06-21T14:30:00+00:00,2024-07-25T16:30:00+00:00,160,-0.00023278805553337612,0.005904456980314941,0.0035664532137464075,1.2037218769302505,0.23117558012211134,-0.0016805359888484306,-0.009088304720069496,-0.05488953481850267,-0.0007760038832234084,-0.02726663112090466,-0.036939115041438986,0.4266267992010845,0.26787456744463956,0.2782748249553388,0.2950983758435767,0.49375,0.5,15.0,15.0,9.928571428571429,10.428571428571429,3.809802550861715,5.583071454381055,0.9566283068179218,0.05765131967833777,62.0,0.0,0.0,0.0,0.012373529363308008,1.0,-0.1904044532686457,-0.01146604975277062,1.0,277.0,-5.790618663230097,61.68078613971923,755.0,0.4332129963898917,0.23826714801444043,0.3285198555956679,0.0,0.0,0.0,0.0,0.0,0.0,0.0,0.0,0.0,0.0,0.0,1.0,9.214241658319473,0.0,0.0,0,0,1,0
GOOGL_1h_1719603000_1722609000_42.png,C:\Users\afierro\CV_chart_pattern_detector\data\images\rendered\train\GOOGL_1h_1719603000_1722609000_42.png,train,GOOGL,1h,2024-06-28T19:30:00+00:00,2024-08-02T14:30:00+00:00,160,-0.0005450341355083154,0.006901444311539592,0.0041947044531448555,1.4552641233650432,0.3098688368510125,-0.016352235197422127,-0.030288055007079207,-0.018731581426299826,-0.019882283278938262,-0.022629194737161407,-0.021067159388794776,0.41622624085547155,0.265150783640172,0.288610677382965,0.29516308176156353,0.46875,0.53125,17.0,15.0,9.25,9.428571428571429,7.963463691976423,7.661231493624269,0.9566283068179218,0.05765131967833777,62.0,0.0,0.0,0.0,0.020070488840877112,1.0,-0.17421857187348963,0.002198682412625756,1.0,423.0,-15.449177672958825,60.51244303198648,779.0,0.28368794326241137,0.21749408983451538,0.4988179669030733,0.0,0.0,0.0,0.0,0.0,0.0,0.0,0.0,0.0,0.0,0.0,1.0,7.660530777393024,0.0,0.0,0,0,1,0
GOOGL_1h_1720621800_1723231800_42.png,C:\Users\afierro\CV_chart_pattern_detector\data\images\rendered\train\GOOGL_1h_1720621800_1723231800_42.png,train,GOOGL,1h,2024-07-10T14:30:00+00:00,2024-08-09T19:30:00+00:00,160,-0.0009071423295646291,0.008064735799783108,0.0050383589388089765,1.596007477993094,0.4160908021136675,0.025152697820820302,0.00386482365525187,0.015199434897538167,0.01256862033019246,0.014074048879504808,0.002735676068845505,0.40779133608006746,0.2548217540492419,0.29037414335639367,0.301834520563539,0.45,0.55,17.0,17.0,9.0,8.875,8.539684938499866,9.252726890074166,0.9566283068179218,0.05765131967833777,62.0,0.0,0.0,0.0,0.020070488840877112,1.0,-0.1429140814357776,-0.010936862723098295,1.0,798.0,-26.3546419271401,58.917072747025514,718.0,0.14786967418546365,0.20676691729323307,0.6453634085213033,0.0,0.0,0.0,0.0,0.0,0.0,0.0,0.0,0.0,0.0,0.0,1.0,7.004871211114453,0.0,0.0,0,0,1,0
GOOGL_1h_1721244600_1724088600_42.png,C:\Users\afierro\CV_chart_pattern_detector\data\images\rendered\train\GOOGL_1h_1721244600_1724088600_42.png,train,GOOGL,1h,2024-07-17T19:30:00+00:00,2024-08-19T17:30:00+00:00,160,-0.0005206336579890049,0.008475497491435917,0.005253666718939937,1.6181078837296952,0.39024301938439826,0.005767694186865624,0.0103992059529332,0.033308358869342136,0.0074529492663870656,0.016348939453707523,0.020500326695265247,0.42330005685215555,0.2359595032498042,0.26949008885181147,0.307209854296033,0.44375,0.55625,16.0,19.0,9.333333333333334,8.222222222222221,6.407225463477094,7.164769179804386,0.0,0.0,0.0,0.0,0.0,0.0,0.018515069487629637,1.0,0.016467950090353567,0.017231908679844418,1.0,614.0,-16.622155235625247,61.209343227163465,704.0,0.1986970684039088,0.24429967426710097,0.5570032573289903,0.0,0.0,0.0,0.0,0.0,0.0,0.0,0.0,0.0,0.0,0.0,0.0,0.0,0.0,0.0,0,0,0,0
GOOGL_1h_1721928600_1724772600_42.png,C:\Users\afierro\CV_chart_pattern_detector\data\images\rendered\train\GOOGL_1h_1721928600_1724772600_42.png,train,GOOGL,1h,2024-07-25T17:30:00+00:00,2024-08-27T15:30:00+00:00,160,-6.419992865270707e-05,0.007389942377949693,0.0045933776712147635,1.767030219150378,0.7446037095396585,6.01462775835504e-05,0.005871230085923385,0.00916982160458124,0.0013017378984736538,0.004378924641972315,0.0031606735009717113,0.4519621780017825,0.23869827328812016,0.24020824132723587,0.30782958067098154,0.4625,0.5375,16.0,16.0,9.466666666666667,9.266666666666667,3.1454301452258,3.814341454152923,0.0,0.0,0.0,0.0,0.0,0.0,0.017084615337709625,1.0,0.06536187441540292,0.013013543329771766,1.0,1540.0,-1.124680381045713,64.73987032991243,725.0,0.1279220779220779,0.42207792207792205,0.45,0.0,0.0,0.0,0.0,0.0,0.0,0.0,0.0,0.0,0.0,0.0,0.0,0.0,0.0,0.0,0,0,0,0
GOOGL_1h_1722612600_1725543000_42.png,C:\Users\afierro\CV_chart_pattern_detector\data\images\rendered\train\GOOGL_1h_1722612600_1725543000_42.png,train,GOOGL,1h,2024-08-02T15:30:00+00:00,2024-09-05T13:30:00+00:00,160,-0.00024192052208832883,0.006974830548216207,0.004344492116240984,1.3740857928538337,0.3776489422253303,0.012118853879818259,0.009543199324955287,-0.021098169641957876,0.0095046358767934,-0.0019378530427922591,-0.021465447117651526,0.4618506552557028,0.23339808324386588,0.23133191398070188,0.3068174307635953,0.44375,0.55625,15.0,14.0,10.571428571428571,10.076923076923077,2.388762423554117,2.2468084926776464,0.9839809167549618,0.03185894640662821,49.0,0.0,0.0,0.0,0.010842200068606695,1.0,-0.12222828621379218,-0.008730153708815023,1.0,1200.0,19.17332887003819,61.570258241735424,780.0,0.18166666666666667,0.5666666666666667,0.25166666666666665,0.0,0.0,0.0,0.0,0.0,0.0,0.0,0.0,0.0,0.0,0.0,1.0,4.057125810452363,0.0,0.0,0,0,1,0
GOOGL_1h_1723469400_1726165800_42.png,C:\Users\afierro\CV_chart_pattern_detector\data\images\rendered\train\GOOGL_1h_1723469400_1726165800_42.png,train,GOOGL,1h,2024-08-12T13:30:00+00:00,2024-09-12T18:30:00+00:00,160,-0.0003557886271231596,0.006022098668325133,0.003988435047966391,1.24253728977489,0.18063909604748415,0.003124056846572687,0.02804830497873989,0.02756846693378101,0.010598868868082922,0.021495136310640817,0.008975165060904011,0.4807520824137502,0.23852290170817528,0.23145474449466907,0.28779317309158065,0.43125,0.56875,15.0,14.0,9.571428571428571,10.846153846153847,5.548138523162341,5.958836739563723,0.9213426052518883,0.051665879343858696,42.0,0.0,0.0,0.0,0.012162940968351294,1.0,-0.2187022531529958,0.00100157340717516,1.0,962.0,-17.259880517104065,63.43303269142658,714.0,0.15904365904365905,0.2661122661122661,0.5748440748440748,0.0,0.0,0.0,0.0,0.0,0.0,0.0,0.0,0.0,0.0,0.0,1.0,6.792373178959335,0.0,0.0,0,0,1,0
GOOGL_1h_1724092200_1726849800_42.png,C:\Users\afierro\CV_chart_pattern_detector\data\images\rendered\train\GOOGL_1h_1724092200_1726849800_42.png,train,GOOGL,1h,2024-08-19T18:30:00+00:00,2024-09-20T16:30:00+00:00,160,-9.293701857123657e-05,0.0054361683089529066,0.0036849396547542226,1.106376777118185,0.21185856259193467,0.005304388974595842,-0.00033728526725040897,0.02628846763578374,0.0015331501096624844,0.010594884800227966,0.030597973448396765,0.4632039521033772,0.24999831653134494,0.2417710950015725,0.29502495289505026,0.45625,0.5375,18.0,13.0,8.470588235294118,11.916666666666666,5.13879846238397,5.948803716449605,0.9213426052518883,0.051665879343858696,42.0,0.0,0.0,0.0,0.012162940968351294,1.0,0.1597814108360784,0.02197050578491961,1.0,1011.0,-22.504456590945832,61.5183811187946,708.0,0.12759643916913946,0.23738872403560832,0.6350148367952523,0.0,0.0,0.0,0.0,0.0,0.0,19.04645738471188,1.105576925822277,0.9161237269017412,0.0,57.0,1.0,7.609506735220683,0.0,0.0,0,1,1,0
GOOGL_1h_1724776200_1727706600_42.png,C:\Users\afierro\CV_chart_pattern_detector\data\images\rendered\train\GOOGL_1h_1724776200_1727706600_42.png,train,GOOGL,1h,2024-08-27T16:30:00+00:00,2024-09-30T14:30:00+00:00,160,-5.373959739055934e-05,0.005490431066744176,0.0036618342944864752,1.0863248454213026,0.20414090055179282,0.0013082948910079217,0.009307458372141308,0.013949425995038123,0.00018962276832823477,0.005820008900870199,0.008240927042414858,0.45717241129198627,0.24230486196446335,0.25962503994931513,0.28320254875869855,0.43125,0.5625,18.0,15.0,8.176470588235293,10.142857142857142,4.390475393190293,5.411559462248314,0.9213426052518883,0.051665879343858696,42.0,0.0,0.0,0.0,0.009591299068872662,1.0,0.0906490105952242,0.0010576175627937956,1.0,1257.0,4.623702356904484,61.871072179151916,741.0,0.12728719172633254,0.4669848846459825,0.40572792362768495,0.0,0.0,0.0,0.0,0.0,0.0,19.046457384711786,1.1055769258222141,0.9161237269017385,0.0,57.0,1.0,7.747147730076733,0.0,0.0,0,1,1,0
GOOGL_1h_1725546600_1728329400_42.png,C:\Users\afierro\CV_chart_pattern_detector\data\images\rendered\train\GOOGL_1h_1725546600_1728329400_42.png,train,GOOGL,1h,2024-09-05T14:30:00+00:00,2024-10-07T19:30:00+00:00,160,0.00024205543905483678,0.004961630289589425,0.0033138609462946868,1.1957399834608498,0.2957123098708904,-0.01373429507034385,-0.01842604132249326,-0.015045350411867497,-0.0137470787293833,-0.015737515238161803,-0.014090081469668947,0.4583811035281209,0.2596288772236,0.2650990800084306,0.27651981646344853,0.43125,0.55625,17.0,16.0,9.1875,9.266666666666667,5.17645231641161,6.269212148410024,0.0,0.0,0.0,0.0,0.0,0.0,0.009591299068872662,1.0,0.05413138026985453,-0.0035846453292460814,1.0,1133.0,21.105026722269994,62.51462374232677,709.0,0.11915269196822595,0.6275375110326566,0.2533097969991174,0.0,0.0,0.0,0.0,0.0,0.0,19.0464573847118,0.572936200035568,0.8668428758285015,0.0,42.0,0.0,0.0,0.0,0.0,0,1,0,0
GOOGL_1h_1726169400_1729013400_42.png,C:\Users\afierro\CV_chart_pattern_detector\data\images\rendered\train\GOOGL_1h_1726169400_1729013400_42.png,train,GOOGL,1h,2024-09-12T19:30:00+00:00,2024-10-15T17:30:00+00:00,160,0.00043460551400689945,0.00447347712140275,0.0029667868617089185,1.0140735286199458,0.0976616352185212,-0.007032482718622446,0.0045700882711874335,0.021150655938659835,0.0007461720506480862,0.006303253252764263,0.010359635069919548,0.43903698010783077,0.2536555473501499,0.2757020798849978,0.28526094000717145,0.45625,0.53125,18.0,16.0,8.588235294117647,9.066666666666666,2.6106044775250874,2.1084367416547556,0.9966224790313144,0.024442271886459744,28.0,0.0,0.0,0.0,0.011688972075253939,1.0,-0.031055507132329175,0.0012102619601109263,1.0,938.0,15.977607652830924,64.22014201643069,758.0,0.17164179104477612,0.5479744136460555,0.28038379530916846,0.0,0.0,0.0,0.0,0.0,0.0,0.0,0.0,0.0,0.0,0.0,1.0,4.1695705524117805,0.0,0.0,0,0,1,0
GOOGL_1h_1726853400_1729697400_42.png,C:\Users\afierro\CV_chart_pattern_detector\data\images\rendered\train\GOOGL_1h_1726853400_1729697400_42.png,train,GOOGL,1h,2024-09-20T17:30:00+00:00,2024-10-23T15:30:00+00:00,160,2.0030845124691074e-05,0.004201318419978831,0.0030086090164539404,1.0023395453382744,0.10871807973658901,-0.011411951075177784,-0.015535224440627826,-0.003853476430636271,-0.008958986184768536,-0.007144486246422943,-0.009424686377350167,0.47470111317055197,0.253955186657598,0.2640048190827228,0.26129406774672514,0.44375,0.54375,19.0,17.0,8.444444444444445,8.375,1.3324193777771927,1.4360272851465437,0.9966224790313144,0.024442271886459744,28.0,0.9821142598532073,0.01924259978371932,29.0,0.011688972075253939,1.0,0.02203596484420829,0.005563688474708107,1.0,452.0,-3.207969452691289,62.327185342248335,776.0,0.37610619469026546,0.2942477876106195,0.32964601769911506,0.0,0.0,0.0,0.0,0.0,0.0,0.0,0.0,0.0,0.0,0.0,1.0,4.217190082672273,1.0,3.218167329957674,0,0,1,1
GOOGL_1h_1727710200_1730381400_42.png,C:\Users\afierro\CV_chart_pattern_detector\data\images\rendered\train\GOOGL_1h_1727710200_1730381400_42.png,train,GOOGL,1h,2024-09-30T15:30:00+00:00,2024-10-31T13:30:00+00:00,160,0.00037862581607451125,0.006940842256320839,0.003610550468270904,1.0834594295144282,0.21364120694233527,-0.011284962434511603,0.024985301866559784,0.04821742430212339,-0.008061730284789737,0.014947349293475742,0.04296223787662257,0.4649912960404684,0.2575168609230602,0.2583669276933113,0.2766417762662202,0.4625,0.525,19.0,14.0,7.944444444444445,9.23076923076923,3.7392250910786027,1.4353198371481997,0.9966224790313144,0.024442271886459744,28.0,0.9986035090882712,0.03443032906273167,63.0,0.03588171708801368,1.0,0.11775696616300266,-0.040782466131771916,1.0,395.0,-5.734182189386102,71.3637341456841,746.0,0.2430379746835443,0.3493670886075949,0.40759493670886077,0.0,0.0,0.0,0.0,0.0,0.0,0.0,0.0,0.0,0.0,0.0,1.0,3.9090673391296766,1.0,5.349264733077816,0,0,1,1
GOOGL_1h_1728394200_1731007800_42.png,C:\Users\afierro\CV_chart_pattern_detector\data\images\rendered\train\GOOGL_1h_1728394200_1731007800_42.png,train,GOOGL,1h,2024-10-08T13:30:00+00:00,2024-11-07T19:30:00+00:00,160,0.0006469769931226204,0.007443049050220715,0.003697004105555357,1.2051611030083895,0.3106723697593885,0.00886779872185306,0.030888460313670096,0.0677009048631032,0.015460102826710065,0.03460599578990098,0.042891649943224364,0.4353813811449969,0.2438318108656305,0.2689342127125753,0.2956844061424278,0.50625,0.48125,18.0,14.0,8.294117647058824,10.461538461538462,4.6431829118405865,3.2189639796082807,0.0,0.0,0.0,0.9986035090882712,0.03443032906273167,63.0,0.03588171708801368,1.0,0.17005653846336424,-0.008972846985648807,1.0,395.0,5.936704100536395,67.14310161491768,707.0,0.2607594936708861,0.43544303797468353,0.3037974683544304,0.0,0.0,0.0,0.0,0.0,0.0,0.0,0.0,0.0,0.0,0.0,0.0,0.0,1.0,4.832210439337601,0,0,0,1
GOOGL_1h_1729017000_1731691800_42.png,C:\Users\afierro\CV_chart_pattern_detector\data\images\rendered\train\GOOGL_1h_1729017000_1731691800_42.png,train,GOOGL,1h,2024-10-15T18:30:00+00:00,2024-11-15T17:30:00+00:00,160,0.00028217568745493593,0.007553194367820182,0.0038213221717314635,1.1997687486139637,0.3136125007813962,-0.021359349509850523,-0.01786370507367041,-0.05642111627059021,-0.012569899028329279,-0.028185593550771215,-0.03590462488331769,0.45420187216491126,0.25002760364907517,0.2510401699631141,0.2947579578719745,0.475,0.5125,18.0,14.0,8.588235294117647,11.307692307692308,6.839723412501907,6.255328213954792,0.967136445515507,0.022614591356316226,34.0,0.9891591079243531,0.02188245413833071,29.0,0.02016804210948179,1.0,0.10677481828806723,-0.0065995798126764664,1.0,1049.0,21.351759399597253,61.457738566061984,710.0,0.1334604385128694,0.6177311725452812,0.24880838894184937,0.0,0.0,0.0,0.0,0.0,0.0,14.803199845118824,0.39856935885352074,0.9406073377846694,0.0,69.0,1.0,3.507619788178863,1.0,3.0581033218387788,0,1,1,1
GOOGL_1h_1729701000_1732548600_42.png,C:\Users\afierro\CV_chart_pattern_detector\data\images\rendered\train\GOOGL_1h_1729701000_1732548600_42.png,train,GOOGL,1h,2024-10-23T16:30:00+00:00,2024-11-25T15:30:00+00:00,160,0.0002498814104426467,0.009237766344333102,0.004441099751059935,1.2933981091727154,0.3425158079519494,0.017634782734132104,0.001700093433232075,-0.04122299263227325,0.012594657478975702,0.0009628864637571954,-0.02342379652697779,0.43541062681920517,0.2585345589702548,0.2679990431722409,0.29659033000855395,0.5125,0.48125,16.0,15.0,9.533333333333333,10.571428571428571,6.036079543721207,5.709968765963219,0.9825971324927257,0.06462337755912738,104.0,0.0,0.0,0.0,0.03200066919722158,1.0,-0.185988186470958,-0.02178661495050138,1.0,1011.0,9.150341652090543,64.97904413147899,765.0,0.1641938674579624,0.5093966369930761,0.3264094955489614,0.0,0.0,0.0,0.0,0.0,0.0,14.803199845118865,0.39856935885356604,0.9406073377846651,0.0,69.0,1.0,9.393191156778133,0.0,0.0,0,1,1,0
GOOGL_1h_1730385000_1733333400_42.png,C:\Users\afierro\CV_chart_pattern_detector\data\images\rendered\train\GOOGL_1h_1730385000_1733333400_42.png,train,GOOGL,1h,2024-10-31T14:30:00+00:00,2024-12-04T17:30:00+00:00,160,3.7411363441591063e-05,0.007396613009187818,0.003831512488160815,1.265189039462,0.24155065400492304,0.018120779789545294,0.013801719983311811,0.032889331766198016,0.01214693210780493,0.016675364618595534,0.030917655171380787,0.4370133302851141,0.2672159402552236,0.28510597979322316,0.2778806899216627,0.5625,0.43125,17.0,17.0,8.8125,9.25,4.759052484541833,4.6111036929124145,0.9799634961317572,0.049984506421199504,35.0,0.9572865202851287,0.028709765209724594,50.0,0.03200066919722158,1.0,-0.04433806536066838,0.017321986000560785,1.0,897.0,-17.089191441684797,60.62768062357868,722.0,0.20066889632107024,0.25863991081382387,0.5406911928651059,0.0,0.0,0.0,0.0,0.0,0.0,0.0,0.0,0.0,0.0,0.0,1.0,7.265099883469007,1.0,3.9776919318877453,0,0,1,1
GOOGL_1h_1731011400_1734017400_42.png,C:\Users\afierro\CV_chart_pattern_detector\data\images\rendered\train\GOOGL_1h_1731011400_1734017400_42.png,train,GOOGL,1h,2024-11-07T20:30:00+00:00,2024-12-12T15:30:00+00:00,160,0.0004828200898417125,0.00855399516414056,0.004315537193888834,1.2038273111691433,0.37466149210062133,0.005855554502177007,0.04833655633629519,0.10324244809436212,0.006932945955908432,0.039775628634692195,0.08519894508558812,0.45421464310303666,0.2684864154365543,0.2708747856843253,0.274910571212638,0.575,0.425,16.0,16.0,9.066666666666666,8.933333333333334,4.951509567742394,4.783180735934558,0.9799634961317572,0.049984506421199504,35.0,0.9513954153742785,0.042003787993845645,65.0,0.03230860408481734,1.0,0.2913498244931651,-0.03640896670591183,1.0,503.0,-4.838971004689901,67.20583495696285,749.0,0.2584493041749503,0.34592445328031807,0.3956262425447316,0.0,0.0,0.0,0.0,0.0,0.0,0.0,0.0,0.0,0.0,0.0,1.0,7.6289306476460705,1.0,6.0906091290224715,0,0,1,1
GOOGL_1h_1731695400_1734640200_42.png,C:\Users\afierro\CV_chart_pattern_detector\data\images\rendered\train\GOOGL_1h_1731695400_1734640200_42.png,train,GOOGL,1h,2024-11-15T18:30:00+00:00,2024-12-19T20:30:00+00:00,160,0.0006285224675493846,0.008906076827389678,0.004654510625543755,1.4253046330030457,0.4350641194180708,-0.008964964918062979,-0.027400783025744224,-0.046780964951549264,-0.009855231880714799,-0.02457841137033101,-0.025893014371680456,0.4498021653708724,0.27605960882493,0.28695420798762933,0.26324362664149825,0.55625,0.44375,15.0,15.0,9.928571428571429,9.642857142857142,9.70938656474419,9.989804465811796,0.0,0.0,0.0,0.9513954153742785,0.042003787993845645,65.0,0.03230860408481734,1.0,0.3170733953047626,-0.008465916444089902,1.0,703.0,20.129441027875306,62.140565578729884,709.0,0.17354196301564723,0.6002844950213371,0.22617354196301565,0.0,0.0,0.0,0.0,0.0,0.0,0.0,0.0,0.0,0.0,0.0,0.0,0.0,1.0,5.180921064415232,0,0,0,1
GOOGL_1h_1732552200_1735659000_42.png,C:\Users\afierro\CV_chart_pattern_detector\data\images\rendered\train\GOOGL_1h_1732552200_1735659000_42.png,train,GOOGL,1h,2024-11-25T16:30:00+00:00,2024-12-31T15:30:00+00:00,160,0.0008628141876619377,0.007397968079911052,0.0042452821899106145,1.5017621715957286,0.41542148294573583,-0.00741832146451693,-0.01120558448264386,-0.02804691396642134,-0.004728089798544222,-0.010011580796310815,-0.009473145607030942,0.470035811616971,0.2740894164830406,0.2794037847738933,0.2505604036091357,0.5625,0.4375,16.0,15.0,9.6,9.785714285714286,10.818594513830888,9.785465480196617,0.0,0.0,0.0,0.9722730405934104,0.03138457688501876,31.0,0.007306899072240213,1.0,-0.02294833169428309,0.013158891169049043,1.0,530.0,17.5452790799006,63.59876393824549,716.0,0.20754716981132076,0.5641509433962264,0.22830188679245284,0.0,0.0,0.0,0.0,0.0,0.0,0.0,0.0,0.0,0.0,0.0,0.0,0.0,1.0,3.6552320683909847,0,0,0,1
GOOGL_1h_1733337000_1736368200_42.png,C:\Users\afierro\CV_chart_pattern_detector\data\images\rendered\train\GOOGL_1h_1733337000_1736368200_42.png,train,GOOGL,1h,2024-12-04T18:30:00+00:00,2025-01-08T20:30:00+00:00,160,0.000695737202266197,0.007783002557972883,0.004541062811393241,1.5623351568017039,0.423537082971826,-0.001544417254866426,-0.012424270324300712,-0.020504003187847064,-0.005075943863104171,-0.010885625421004352,0.004868676060543198,0.4569930743552225,0.2764966267157263,0.2559973472904963,0.28700957835428126,0.50625,0.49375,15.0,14.0,10.214285714285714,10.384615384615385,7.2578817710491,7.312562788024353,0.0,0.0,0.0,0.0,0.0,0.0,0.007306899072240213,1.0,0.03170878342826683,0.00014355058696170856,1.0,379.0,-2.8865482703362417,68.7911480981295,721.0,0.3034300791556728,0.34564643799472294,0.35092348284960423,0.0,0.0,0.0,0.0,0.0,0.0,0.0,0.0,0.0,0.0,0.0,0.0,0.0,0.0,0.0,0,0,0,0
GOOGL_1h_1734021000_1737138600_42.png,C:\Users\afierro\CV_chart_pattern_detector\data\images\rendered\train\GOOGL_1h_1734021000_1737138600_42.png,train,GOOGL,1h,2024-12-12T16:30:00+00:00,2025-01-17T18:30:00+00:00,160,6.284892712228464e-05,0.00633990196380831,0.004252895604134828,1.5908907872782763,0.25262710837622454,0.006729842885150106,0.007428501098559082,0.03335265222842776,0.005551714514670847,0.00673614440182857,0.013979773906506399,0.46649591914393307,0.2834558889073709,0.25015236687046827,0.28335171398559866,0.4625,0.5375,14.0,14.0,10.0,11.384615384615385,2.80338202764551,2.423701036202736,0.0,0.0,0.0,0.0,0.0,0.0,0.01227107493264773,1.0,0.03143690854129395,-0.0028179524609757874,1.0,1696.0,-2.8679295826422155,65.69464907191949,761.0,0.13974056603773585,0.4080188679245283,0.4522405660377358,0.0,0.0,0.0,0.0,0.0,0.0,0.0,0.0,0.0,0.0,0.0,0.0,0.0,0.0,0.0,0,0,0,0
GOOGL_1h_1734705000_1738081800_42.png,C:\Users\afierro\CV_chart_pattern_detector\data\images\rendered\train\GOOGL_1h_1734705000_1738081800_42.png,train,GOOGL,1h,2024-12-20T14:30:00+00:00,2025-01-28T16:30:00+00:00,160,0.00022271624619267822,0.006355663416038149,0.004245281902623614,1.7268025335609747,0.4218502092783362,0.019519310054878725,-0.0029309363011509326,-0.006766721340332071,0.005762346098155513,-0.00741361580131028,-0.010749268041161053,0.46982172139383194,0.28423650009117807,0.2427138893194914,0.2874643892866767,0.525,0.475,16.0,14.0,8.666666666666666,11.384615384615385,3.2815782377716136,3.3115555912373864,0.9771434659975323,0.02894825781661498,41.0,0.9713286320620165,0.03177526340646798,27.0,0.01506391339793785,1.0,0.08946191722442454,-0.004486754006718873,1.0,1162.0,14.487947320620082,65.13037641336341,778.0,0.16006884681583478,0.5378657487091222,0.30206540447504304,0.0,0.0,0.0,0.0,0.0,0.0,0.0,0.0,0.0,0.0,0.0,1.0,3.4789403034787894,1.0,3.595976614134419,0,0,1,1
GOOGL_1h_1735662600_1738765800_42.png,C:\Users\afierro\CV_chart_pattern_detector\data\images\rendered\train\GOOGL_1h_1735662600_1738765800_42.png,train,GOOGL,1h,2024-12-31T16:30:00+00:00,2025-02-05T14:30:00+00:00,160,-1.912139265250066e-05,0.009502800948773309,0.00480481167741786,1.568036824386898,0.24317368781959298,-0.08373908002117136,-0.0680535818143495,-0.0790348280575508,-0.07197699942480673,-0.07341041917198987,-0.05436941545685359,0.4477496920464885,0.277468735989587,0.25016325839838693,0.30208704955512455,0.51875,0.48125,16.0,14.0,9.866666666666667,11.076923076923077,4.145170973394001,4.346726875800089,0.971855174286651,0.06170015942287116,46.0,0.9517387441000018,0.04859388883906184,28.0,0.01506391339793785,1.0,0.07138212126183278,-0.022197244973535597,1.0,1357.0,16.1658026837389,62.53241934114087,782.0,0.1414885777450258,0.5703758290346352,0.288135593220339,0.0,0.0,0.0,0.0,0.0,0.0,0.0,0.0,0.0,0.0,0.0,1.0,8.185252076933248,1.0,6.157162417942595,0,0,1,1
GOOGL_1h_1736519400_1739388600_42.png,C:\Users\afierro\CV_chart_pattern_detector\data\images\rendered\train\GOOGL_1h_1736519400_1739388600_42.png,train,GOOGL,1h,2025-01-10T14:30:00+00:00,2025-02-12T19:30:00+00:00,160,-0.00025493784888169465,0.009561558041014197,0.004903111301254858,2.0726673319409508,0.9052350271170907,0.005055458201822294,-0.0057427540799569465,-0.02286823796349946,-0.0030315146754177347,-0.009151557412608757,-0.03527577021616235,0.4679843597747255,0.2681878894569399,0.26714762533422737,0.2648680148910471,0.51875,0.48125,17.0,15.0,9.25,10.5,5.952564810390351,6.054975936913423,0.9698492011213143,0.06265469418068793,51.0,0.0,0.0,0.0,0.047062703533514265,1.0,-0.24774181188913202,0.002051560216815582,1.0,404.0,0.4678170012660546,63.386224167599444,718.0,0.31683168316831684,0.349009900990099,0.3341584158415842,0.0,0.0,0.0,0.0,0.0,0.0,0.0,0.0,0.0,0.0,0.0,1.0,6.351418061623111,0.0,0.0,0,0,1,0
GOOGL_1h_1737142200_1740159000_42.png,C:\Users\afierro\CV_chart_pattern_detector\data\images\rendered\train\GOOGL_1h_1737142200_1740159000_42.png,train,GOOGL,1h,2025-01-17T19:30:00+00:00,2025-02-21T17:30:00+00:00,160,-0.0004743503452526518,0.009240821713450855,0.00459619269538848,1.4956511713947964,0.4302954209882485,-0.022269184355871774,-0.019082890850930623,-0.013988293729488732,-0.014610481050578161,-0.017800707371266822,-0.019616837067781057,0.45351542761823865,0.26452496627971706,0.2842839949854393,0.26220057739632197,0.53125,0.4625,15.0,15.0,10.285714285714286,10.071428571428571,7.747406332079402,7.100224092194027,0.9698492011213143,0.06265469418068793,51.0,0.9517387441000018,0.04859388883906184,28.0,0.01579650719715003,1.0,-0.08769762939653329,0.007346724935146777,1.0,385.0,-13.046758103061032,64.26344273846155,711.0,0.3116883116883117,0.24155844155844156,0.44675324675324674,0.0,0.0,0.0,0.0,0.0,0.0,0.0,0.0,0.0,0.0,0.0,1.0,8.730221797556608,1.0,6.450225436249905,0,0,1,1
GOOGL_1h_1738085400_1741015800_42.png,C:\Users\afierro\CV_chart_pattern_detector\data\images\rendered\train\GOOGL_1h_1738085400_1741015800_42.png,train,GOOGL,1h,2025-01-28T17:30:00+00:00,2025-03-03T15:30:00+00:00,160,-0.0008084138153680367,0.008899655631743294,0.004341341403228074,1.4376872918542758,0.4296244656094273,0.016478562399644625,0.010445690838958077,-0.014585889970152754,0.007050824444663206,0.00031935794824256014,-0.03214957755597403,0.4333511356991484,0.26025594761140325,0.2902220790312177,0.2764267852696338,0.45625,0.53125,13.0,14.0,10.166666666666666,11.615384615384615,8.492334939469487,8.9020926830715,0.9366434761290742,0.041497895853198685,49.0,0.9620134110964733,0.03953343973277327,27.0,0.007251552430273168,1.0,-0.2375076424499866,-0.009476685456598613,1.0,727.0,-32.33012919560423,58.2188731370229,712.0,0.15680880330123798,0.16918844566712518,0.6740027510316369,0.0,0.0,0.0,0.0,0.0,0.0,0.0,0.0,0.0,0.0,0.0,1.0,5.380979234504279,1.0,5.5200881273668525,0,0,1,1
GOOGL_1h_1738769400_1741635000_42.png,C:\Users\afierro\CV_chart_pattern_detector\data\images\rendered\train\GOOGL_1h_1738769400_1741635000_42.png,train,GOOGL,1h,2025-02-05T15:30:00+00:00,2025-03-10T19:30:00+00:00,160,-0.0008205790799864868,0.006645151398528993,0.004323872255034964,1.5260177796277523,0.33388614633541797,-0.00018016988944524748,-0.05062506495173702,-0.04800706171645952,-0.01400726519778639,-0.025875634336961162,-0.02485596182875438,0.4510422878553936,0.26051563098010233,0.2792542841236516,0.2697034280209548,0.44375,0.54375,12.0,14.0,13.181818181818182,10.153846153846153,6.948246654652371,6.720278294892741,0.9544807507619167,0.0710156467252599,67.0,0.0,0.0,0.0,0.011030921317418237,1.0,-0.11803103186298379,-0.023996841117090165,1.0,407.0,-22.550373527283163,60.63226971111089,710.0,0.25552825552825553,0.18181818181818182,0.5626535626535627,0.0,0.0,0.0,0.0,0.0,0.0,11.231354051119457,2.862416127161649,0.5843531979858128,0.0,32.0,1.0,8.575778038284641,0.0,0.0,0,1,1,0
GOOGL_1h_1739392200_1742319000_42.png,C:\Users\afierro\CV_chart_pattern_detector\data\images\rendered\train\GOOGL_1h_1739392200_1742319000_42.png,train,GOOGL,1h,2025-02-12T20:30:00+00:00,2025-03-18T17:30:00+00:00,160,-0.0008352933138852138,0.0074145975710732176,0.004753319809418284,1.5346495946613445,0.46787367437066985,0.01839240946885856,-0.02676069788033497,-0.01683454366459758,-0.01205754547316562,-0.01904324250642908,-0.02850673040829832,0.4465511144939224,0.25802218802838756,0.2832424329977076,0.27020645250837005,0.4625,0.525,13.0,15.0,12.083333333333334,10.785714285714286,7.90510298567237,8.74112459300064,0.9446124455276099,0.05030686294196144,43.0,0.0,0.0,0.0,0.011030921317418237,1.0,-0.1359836680308996,-0.00019083991293681148,1.0,539.0,-28.998150339374295,55.26534171446932,764.0,0.21335807050092764,0.15584415584415584,0.6307977736549165,0.0,0.0,0.0,0.0,0.0,0.0,11.231354051119425,2.8624161271617274,0.5843531979858093,0.0,32.0,1.0,5.737438848455802,0.0,0.0,0,1,1,0
GOOGL_1h_1740162600_1743003000_42.png,C:\Users\afierro\CV_chart_pattern_detector\data\images\rendered\train\GOOGL_1h_1740162600_1743003000_42.png,train,GOOGL,1h,2025-02-21T18:30:00+00:00,2025-03-26T15:30:00+00:00,160,-0.00041814065051726387,0.0078100982401082646,0.005041889838170598,1.6661669558784422,0.3211933870146675,-0.013821938856969362,-0.01138260960160098,0.029218552574024947,-0.009578624749496223,-0.00021809568578934346,0.0188877395613678,0.45453309193255204,0.25076742096497334,0.2762230985580717,0.2692438095093762,0.5,0.49375,15.0,11.0,10.785714285714286,12.2,4.849493247244381,5.134719579496536,0.9446124455276099,0.05030686294196144,43.0,0.0,0.0,0.0,0.012563582281000508,1.0,0.043734362602681535,0.003334001676929826,1.0,786.0,-33.55980209304783,54.47561432875782,716.0,0.15394402035623408,0.15267175572519084,0.693384223918575,0.0,0.0,0.0,0.0,0.0,0.0,11.231354051119492,2.8624161271616786,0.5843531979858163,0.0,32.0,1.0,5.296901792995157,0.0,0.0,0,1,1,0
NVDA_1h_1700058600_1703003400_42.png,C:\Users\afierro\CV_chart_pattern_detector\data\images\rendered\train\NVDA_1h_1700058600_1703003400_42.png,train,NVDA,1h,2023-11-15T14:30:00+00:00,2023-12-19T16:30:00+00:00,160,3.995291582581663e-05,0.007673773888180639,0.0050159361661480046,0.5316137298682054,0.16812031492129179,-0.021669302830289783,-0.013427279532205905,0.026408599192451865,-0.010490828888204962,-0.00030120395723520765,0.023475093205937547,0.45368264673925046,0.26963477435375444,0.24386110030510447,0.30245625295564504,0.4875,0.5125,17.0,17.0,8.875,9.125,1.2522662204699773,1.4055574420047825,0.0,0.0,0.0,0.0,0.0,0.0,0.012224114995006342,1.0,0.05605894867601477,-0.005563428639746759,1.0,621.0,-15.421905371877882,56.994131000340744,771.0,0.2560386473429952,0.23832528180354268,0.5056360708534622,0.0,0.0,0.0,0.0,0.0,0.0,0.0,0.0,0.0,0.0,0.0,0.0,0.0,0.0,0.0,0,0,0,0
NVDA_1h_1700253000_1702319400_42.png,C:\Users\afierro\CV_chart_pattern_detector\data\images\rendered\train\NVDA_1h_1700253000_1702319400_42.png,train,NVDA,1h,2023-11-17T20:30:00+00:00,2023-12-11T18:30:00+00:00,100,-0.0004843137993203282,0.008327054159747252,0.005248771335948936,0.43988375997520657,0.05508025615886669,0.01225741503393074,-0.013153742911935717,0.029165498502961906,-0.0028468933716560008,0.001820299549568194,0.009061029662999598,0.42922552470247566,0.26332439434738125,0.2648844833822098,0.3058899919153146,0.45,0.55,9.0,10.0,10.875,9.777777777777779,1.4075933476289666,1.3211744284366023,0.0,0.0,0.0,0.0,0.0,0.0,0.009894956881238978,1.0,0.013874365908472661,-0.006586962958511921,1.0,609.0,-35.022994248933585,53.213418176438935,786.0,0.17405582922824303,0.12643678160919541,0.6995073891625616,0.0,0.0,0.0,0.0,0.0,0.0,0.0,0.0,0.0,0.0,0.0,0.0,0.0,0.0,0.0,0,0,0,0
NVDA_1h_1700584200_1702477800_42.png,C:\Users\afierro\CV_chart_pattern_detector\data\images\rendered\train\NVDA_1h_1700584200_1702477800_42.png,train,NVDA,1h,2023-11-21T16:30:00+00:00,2023-12-13T14:30:00+00:00,100,-0.0002372967263142895,0.008097737194248446,0.005179655951706456,0.4340562252293275,0.0541404247743319,0.02975916460621475,0.03863136602841255,0.018741551300762938,0.024573154484356596,0.02697171029573142,0.0396881569900851,0.4460944567052412,0.26577304051886097,0.26283578096482996,0.29106976232992887,0.47,0.53,7.0,9.0,12.166666666666666,10.125,1.0082807132485139,1.0859502218441284,0.0,0.0,0.0,0.0,0.0,0.0,0.009894956881238978,1.0,0.03931417824698259,-0.010944291691820924,1.0,728.0,-27.300830003979442,58.2515526247659,780.0,0.14972527472527472,0.19230769230769232,0.657967032967033,0.0,0.0,0.0,0.0,0.0,0.0,0.0,0.0,0.0,0.0,0.0,0.0,0.0,0.0,0.0,0,0,0,0
NVDA_1h_1700681400_1702575000_42.png,C:\Users\afierro\CV_chart_pattern_detector\data\images\rendered\train\NVDA_1h_1700681400_1702575000_42.png,train,NVDA,1h,2023-11-22T19:30:00+00:00,2023-12-14T17:30:00+00:00,100,-0.00023020749393324022,0.00730628942516065,0.004893333197907949,0.4754045900500728,0.05549456106412963,-0.010958628105093404,-0.014748871631944382,0.02192620063689077,-0.010759869898474328,-0.0014218721378818078,0.01218422579892775,0.45771002437184516,0.261329953230802,0.260285364803166,0.2820046108249888,0.45,0.55,8.0,9.0,12.142857142857142,10.75,0.8372168537540794,1.0290468398619448,0.0,0.0,0.0,0.0,0.0,0.0,0.00825256783346812,1.0,0.04307035943039306,-0.0008235146539583773,1.0,1785.0,-6.454347168096975,62.83260765682513,780.0,0.11316526610644258,0.3899159663865546,0.4969187675070028,0.0,0.0,0.0,0.0,0.0,0.0,0.0,0.0,0.0,0.0,0.0,0.0,0.0,0.0,0.0,0,0,0,0
NVDA_1h_1700681400_1703773800_42.png,C:\Users\afierro\CV_chart_pattern_detector\data\images\rendered\train\NVDA_1h_1700681400_1703773800_42.png,train,NVDA,1h,2023-11-22T19:30:00+00:00,2023-12-28T14:30:00+00:00,160,0.00012839646351785568,0.006963572611768671,0.004599846241978592,0.4509104138248805,0.06504576441229003,0.0035810733109356008,0.003053485755632357,0.01319548775220647,0.004244173505011606,0.00728872639395739,0.006005761546651334,0.45093595843844747,0.2676264230550211,0.25586578572783064,0.2931982558337219,0.4875,0.5125,18.0,16.0,8.647058823529411,9.733333333333333,1.1360413168103847,1.3438981755017272,0.0,0.0,0.0,0.0,0.0,0.0,0.012224114995006342,1.0,0.02407642208909546,0.013660010091257913,1.0,892.0,21.065018332592576,55.40620779961487,720.0,0.17713004484304934,0.6221973094170403,0.2006726457399103,0.0,0.0,0.0,0.0,0.0,0.0,0.0,0.0,0.0,0.0,0.0,0.0,0.0,0.0,0.0,0,0,0,0
NVDA_1h_1701113400_1702672200_42.png,C:\Users\afierro\CV_chart_pattern_detector\data\images\rendered\train\NVDA_1h_1701113400_1702672200_42.png,train,NVDA,1h,2023-11-27T19:30:00+00:00,2023-12-15T20:30:00+00:00,100,0.00014948121453082981,0.007470298882556934,0.004972367426777762,0.4274740336076009,0.057307407009447975,-0.002924152028550786,0.018955511466526964,0.013858077620216847,0.0027657939835299405,0.010307201635871621,0.030164280469571425,0.4553854947949757,0.27875017617930054,0.25693871605979124,0.28767578914523295,0.46,0.54,9.0,9.0,10.5,10.25,0.9370026058001343,0.968460667554293,0.0,0.0,0.0,0.0,0.0,0.0,0.010925270228107402,1.0,0.05676944050325239,0.005303486981813844,1.0,1195.0,5.415058183819679,63.73408581393783,740.0,0.14476987447698744,0.4794979079497908,0.3757322175732218,0.0,0.0,0.0,0.0,0.0,0.0,0.0,0.0,0.0,0.0,0.0,0.0,0.0,0.0,0.0,0,0,0,0
NVDA_1h_1701700200_1704483000_42.png,C:\Users\afierro\CV_chart_pattern_detector\data\images\rendered\train\NVDA_1h_1701700200_1704483000_42.png,train,NVDA,1h,2023-12-04T14:30:00+00:00,2024-01-05T19:30:00+00:00,160,0.0005052396987228766,0.0073012386519702025,0.004729776158804433,0.4438379679547199,0.08681121067977977,-0.010508752195647397,0.012189332879910086,0.028929925516419264,0.002988204879680767,0.012484971043281723,0.0016035904142652768,0.4574872780885782,0.2775989289292766,0.25725480641898435,0.2852579154924375,0.54375,0.45625,21.0,17.0,7.4,9.25,1.0689648886978698,1.2099468674121685,0.9913175463172577,0.041919663069868635,50.0,0.0,0.0,0.0,0.013667999837375312,1.0,-0.013352737748673125,-0.006887924947164403,1.0,677.0,21.89955276963982,56.993316591227504,760.0,0.24224519940915806,0.5864106351550961,0.17134416543574593,0.0,0.0,0.0,0.0,0.0,0.0,0.0,0.0,0.0,0.0,0.0,1.0,4.924530341481397,0.0,0.0,0,0,1,0
NVDA_1h_1702323000_1705426200_42.png,C:\Users\afierro\CV_chart_pattern_detector\data\images\rendered\train\NVDA_1h_1702323000_1705426200_42.png,train,NVDA,1h,2023-12-11T19:30:00+00:00,2024-01-16T17:30:00+00:00,160,0.0012374571128048976,0.008039404221804186,0.005007764665755317,0.4442811818154027,0.09025346564678927,0.0303254067567027,0.030569946054431307,0.039761754427962925,0.018849332035515642,0.026155350677175893,0.06737000365174284,0.44626824983385127,0.27754625244297493,0.2708647159707659,0.2828670341953829,0.58125,0.41875,20.0,18.0,7.157894736842105,8.176470588235293,1.7472796856870811,2.1401675070854536,0.9913175463172577,0.041919663069868635,50.0,0.9899011205274943,0.03347952772856927,51.0,0.02271548581141063,1.0,0.10902781113178851,-0.0025758579100088495,1.0,462.0,8.735926348409611,67.71268910321082,713.0,0.2077922077922078,0.487012987012987,0.3051948051948052,0.0,0.0,0.0,0.0,0.0,0.0,0.0,0.0,0.0,0.0,0.0,1.0,4.919799023000154,1.0,3.8194145506460018,0,0,1,1
NVDA_1h_1703007000_1706110200_42.png,C:\Users\afierro\CV_chart_pattern_detector\data\images\rendered\train\NVDA_1h_1703007000_1706110200_42.png,train,NVDA,1h,2023-12-19T17:30:00+00:00,2024-01-24T15:30:00+00:00,160,0.0014589002307301543,0.008461385128054822,0.005277056509324601,0.46773298473967334,0.1210225787685181,0.03806747399520205,0.03306795512409777,0.04492441805947611,0.02707327500499268,0.031182151310000794,0.06943174494004634,0.4393976757242162,0.2763153886173681,0.2731460453617572,0.28745627891402664,0.55625,0.44375,18.0,18.0,8.352941176470589,8.529411764705882,3.649883921871793,4.025085490364039,0.9999600203743497,0.03776151939667998,42.0,0.9899011205274943,0.03347952772856927,51.0,0.01146532955968462,1.0,0.11542896573888964,0.007172248511815757,1.0,767.0,21.456319179109055,62.10585608011264,718.0,0.14471968709256844,0.6336375488917861,0.22164276401564537,0.0,0.0,0.0,0.0,0.0,0.0,0.0,0.0,0.0,0.0,0.0,1.0,4.189219352352695,1.0,3.6372103515475267,0,0,1,1
NVDA_1h_1703777400_1706733000_42.png,C:\Users\afierro\CV_chart_pattern_detector\data\images\rendered\train\NVDA_1h_1703777400_1706733000_42.png,train,NVDA,1h,2023-12-28T15:30:00+00:00,2024-01-31T20:30:00+00:00,160,0.0013849355419201504,0.00884074253278041,0.005756613658450016,0.537394787860847,0.11040785410849802,-0.002449246991436893,-0.01835489979615279,0.00059220822294348,-0.00590408002787246,-0.009664877058445098,0.00025467158694225667,0.44636403619745835,0.26710051138309343,0.26954810505125504,0.2840878587512865,0.54375,0.45625,17.0,17.0,9.0625,9.125,5.492969528642669,5.33077324782202,0.0,0.0,0.0,0.920128879573248,0.0520456852369055,33.0,0.018925461503357815,1.0,0.08713286650667033,0.0018955496654993167,1.0,776.0,25.690717851762304,59.582523349567445,709.0,0.14304123711340205,0.6597938144329897,0.19716494845360824,0.0,0.0,0.0,0.0,0.0,0.0,0.0,0.0,0.0,0.0,0.0,0.0,0.0,1.0,5.641991112653129,0,0,0,1
NVDA_1h_1704486600_1707417000_42.png,C:\Users\afierro\CV_chart_pattern_detector\data\images\rendered\train\NVDA_1h_1704486600_1707417000_42.png,train,NVDA,1h,2024-01-05T20:30:00+00:00,2024-02-08T18:30:00+00:00,160,0.0022713892524342787,0.009054727387805345,0.006152487507888465,0.6384676852517849,0.13689794058283714,0.0015461063753077209,0.011657038335156411,0.00929047556206486,0.0006110780922490289,0.013781401635418966,0.05670120915421073,0.4503837394034772,0.26039609546715087,0.24756403822272058,0.30205222237380225,0.55625,0.44375,15.0,12.0,8.857142857142858,11.727272727272727,4.5677203245332905,3.8702436929963393,0.0,0.0,0.0,0.920128879573248,0.0520456852369055,33.0,0.015120050941031938,1.0,0.12809861210439902,-0.018589258078409877,1.0,838.0,21.56801507794487,63.612749845244394,718.0,0.1324582338902148,0.6205250596658711,0.24701670644391407,0.0,0.0,0.0,0.0,0.0,0.0,0.0,0.0,0.0,0.0,0.0,0.0,0.0,1.0,4.767829970256768,0,0,0,1
NVDA_1h_1705429800_1708101000_42.png,C:\Users\afierro\CV_chart_pattern_detector\data\images\rendered\train\NVDA_1h_1705429800_1708101000_42.png,train,NVDA,1h,2024-01-16T18:30:00+00:00,2024-02-16T16:30:00+00:00,160,0.001763580139369694,0.00876279323643869,0.006214204945466554,0.7163617907080901,0.17558931274130665,0.014426239259464957,0.011413707913948912,0.025063445129249073,0.009147364188129004,0.011705823899970769,0.025762701542130007,0.4599820776738472,0.24943673339827568,0.228331147902976,0.3116867744231767,0.54375,0.45625,17.0,14.0,8.875,11.76923076923077,5.471176859171549,6.135714663940645,0.0,0.0,0.0,0.0,0.0,0.0,0.024255800287461313,1.0,0.13138803119006678,0.029005615980255008,1.0,810.0,23.453082538902024,60.37738070376484,718.0,0.1382716049382716,0.6432098765432098,0.21851851851851853,0.0,0.0,0.0,0.0,0.0,0.0,0.0,0.0,0.0,0.0,0.0,0.0,0.0,0.0,0.0,0,0,0,0
NVDA_1h_1706113800_1709044200_42.png,C:\Users\afierro\CV_chart_pattern_detector\data\images\rendered\train\NVDA_1h_1706113800_1709044200_42.png,train,NVDA,1h,2024-01-24T16:30:00+00:00,2024-02-27T14:30:00+00:00,160,0.001592580959266636,0.015360971181992394,0.0072917024035974495,0.8998607783349298,0.27147657772100664,-0.015565994025424912,-0.0026006572638809233,0.014855161242287807,-0.009576517322816502,-0.005725361376823113,0.05831302019696194,0.43335512998337167,0.24082619050165746,0.24488534287108052,0.3217595271455478,0.51875,0.48125,19.0,14.0,8.277777777777779,11.384615384615385,5.83310801878538,5.777320157619931,0.930490242432332,0.051861842620736454,38.0,0.95036356533521,0.0909117454140275,40.0,0.07136498982701885,1.0,0.08714150233387269,-0.026929381490266243,1.0,1057.0,17.701036659128395,63.14659555631503,724.0,0.12204351939451277,0.6007568590350048,0.2771996215704825,0.0,0.0,0.0,0.0,0.0,0.0,0.0,0.0,0.0,0.0,0.0,1.0,4.293822588909894,1.0,7.008736995848691,0,0,1,1
NVDA_1h_1706797800_1709667000_42.png,C:\Users\afierro\CV_chart_pattern_detector\data\images\rendered\train\NVDA_1h_1706797800_1709667000_42.png,train,NVDA,1h,2024-02-01T14:30:00+00:00,2024-03-05T19:30:00+00:00,160,0.002050496389570332,0.015552227774907104,0.007534905409749356,0.9938333202023998,0.22158383618578625,0.0012903920244144995,-0.021622651990008568,0.04908244329043243,-0.008130166971487496,0.006938820060034878,0.04572547776213365,0.42758453465106044,0.25387318618139054,0.24841796404919608,0.3239975012997435,0.53125,0.46875,19.0,15.0,8.166666666666666,9.357142857142858,5.421772162729918,5.013105871280319,0.930490242432332,0.051861842620736454,38.0,0.95036356533521,0.0909117454140275,40.0,0.07136498982701885,1.0,0.2016709460487852,0.03667653262145856,1.0,399.0,17.812025925868138,61.81423671301589,708.0,0.24561403508771928,0.5338345864661654,0.22055137844611528,0.0,0.0,0.0,0.0,0.0,0.0,0.0,0.0,0.0,0.0,0.0,1.0,3.900883332019334,1.0,6.359774957338465,0,0,1,1
NVDA_1h_1707420600_1710347400_42.png,C:\Users\afierro\CV_chart_pattern_detector\data\images\rendered\train\NVDA_1h_1707420600_1710347400_42.png,train,NVDA,1h,2024-02-08T19:30:00+00:00,2024-03-13T16:30:00+00:00,160,0.0017596993320683327,0.01739773830984747,0.008749412384111959,1.1436533176712365,0.3826141907818578,-0.017468323715750134,-0.008244971616028551,0.02585013242915246,0.0018605928283597084,0.020143472026911358,0.019525163778764787,0.42804146449652675,0.2561989394912795,0.2456057492680312,0.3263527862354421,0.5125,0.4875,19.0,16.0,8.055555555555555,8.933333333333334,7.551601314992236,6.068831009950136,0.930490242432332,0.051861842620736454,38.0,0.95036356533521,0.0909117454140275,40.0,0.06140792164705002,1.0,0.176382308849079,-0.03853155593005019,1.0,460.0,16.436951962242954,63.79807185759777,717.0,0.22826086956521738,0.5413043478260869,0.23043478260869565,0.0,0.0,0.0,0.0,0.0,0.0,0.0,0.0,0.0,0.0,0.0,1.0,3.4079647853158495,1.0,5.545691306293937,0,0,1,1
NVDA_1h_1708104600_1711031400_42.png,C:\Users\afierro\CV_chart_pattern_detector\data\images\rendered\train\NVDA_1h_1708104600_1711031400_42.png,train,NVDA,1h,2024-02-16T17:30:00+00:00,2024-03-21T14:30:00+00:00,160,0.0015811530891498141,0.017837720592043384,0.009319583295995864,1.3459647000318349,0.31898524053258326,0.024033273087041396,0.028255043998307805,0.04256420994703647,0.023859499327973932,0.03280485151291335,0.0312784727795925,0.4326870906489034,0.25470885410007127,0.2569856520058133,0.31032725734528316,0.4875,0.5125,18.0,18.0,8.117647058823529,8.647058823529411,6.800669399256299,6.562144670779132,0.0,0.0,0.0,0.0,0.0,0.0,0.06140792164705002,1.0,-0.008273835323027948,0.02988573273846232,1.0,509.0,16.23575166388907,64.69489770003236,721.0,0.2357563850687623,0.5284872298624754,0.2357563850687623,0.0,0.0,0.0,0.0,0.0,0.0,0.0,0.0,0.0,0.0,0.0,0.0,0.0,0.0,0.0,0,0,0,0
NVDA_1h_1709047800_1711654200_42.png,C:\Users\afierro\CV_chart_pattern_detector\data\images\rendered\train\NVDA_1h_1709047800_1711654200_42.png,train,NVDA,1h,2024-02-27T15:30:00+00:00,2024-03-28T19:30:00+00:00,160,0.0009524334752489753,0.012532136257249702,0.008132291481215404,1.2863803249003838,0.3738027632054968,-0.00348660952204094,0.000515131295092397,-0.047697691521441876,-0.0006007355350577948,-0.012313292445170654,-0.01975642385076315,0.4471347331372738,0.25332803718066804,0.25246810021547506,0.30039716664725125,0.5,0.5,19.0,18.0,8.055555555555555,8.529411764705882,4.922512824094892,4.694883950257473,0.0,0.0,0.0,0.9216154382722028,0.08562236860701658,28.0,0.027648160525577087,1.0,0.0629307364612697,0.01354834787353048,1.0,1478.0,14.580509731185614,62.88651011387104,726.0,0.12584573748308525,0.5669824086603519,0.3071718538565629,0.0,0.0,0.0,0.0,0.0,0.0,0.0,0.0,0.0,0.0,0.0,0.0,0.0,1.0,5.444711987171214,0,0,0,1
NVDA_1h_1709670600_1712597400_42.png,C:\Users\afierro\CV_chart_pattern_detector\data\images\rendered\train\NVDA_1h_1709670600_1712597400_42.png,train,NVDA,1h,2024-03-05T20:30:00+00:00,2024-04-08T17:30:00+00:00,160,0.00016536171407552212,0.012292701153375116,0.007896236859709842,1.366019089318066,0.2973721935660522,-0.006560410117306681,-0.009369748503521125,-0.019536420064205196,-0.0048551400770123765,-0.00807564728272725,-0.021602240511274906,0.45694447780147096,0.2427600569614713,0.24775866315022688,0.29529685904830216,0.48125,0.51875,20.0,17.0,7.7368421052631575,8.8125,2.5803465764144473,2.3921864795328047,0.0,0.0,0.0,0.0,0.0,0.0,0.015344378263855143,1.0,-0.0958290831560936,0.01550326253696478,1.0,956.0,1.6181962012496454,63.46187659213729,718.0,0.22489539748953974,0.4246861924686193,0.350418410041841,0.0,0.0,0.0,0.0,0.0,0.0,0.0,0.0,0.0,0.0,0.0,0.0,0.0,0.0,0.0,0,0,0,0
NVDA_1h_1710351000_1713281400_42.png,C:\Users\afierro\CV_chart_pattern_detector\data\images\rendered\train\NVDA_1h_1710351000_1713281400_42.png,train,NVDA,1h,2024-03-13T17:30:00+00:00,2024-04-16T15:30:00+00:00,160,-0.00019189240149191197,0.009303162002526965,0.006616726319037541,1.1533318773136614,0.1668393752870728,0.011312860879632458,-0.032639776747096394,-0.035383004227076076,-0.004739576821914615,-0.014388361859267618,-0.005073505791832189,0.4470531425910945,0.2371401499736885,0.2583056395188267,0.2946412178900788,0.46875,0.53125,18.0,18.0,8.176470588235293,8.823529411764707,2.5562796674983987,2.5847380703605087,0.9489602563503811,0.044790350499556535,42.0,0.0,0.0,0.0,0.01672537029690468,1.0,-0.029546936721908848,-0.006473820222672037,1.0,697.0,-22.962702799647236,62.32341595503485,731.0,0.22955523672883787,0.20946915351506457,0.5609756097560976,0.0,0.0,0.0,0.0,0.0,0.0,0.0,0.0,0.0,0.0,0.0,1.0,3.645213817549413,0.0,0.0,0,0,1,0
NVDA_1h_1711035000_1713965400_42.png,C:\Users\afierro\CV_chart_pattern_detector\data\images\rendered\train\NVDA_1h_1711035000_1713965400_42.png,train,NVDA,1h,2024-03-21T15:30:00+00:00,2024-04-24T13:30:00+00:00,160,-0.0006289672073597214,0.009267337643733858,0.006401959211156657,1.0989279370462188,0.18054210694237283,0.013483759395455541,0.04427270683938911,0.03434088259043944,0.01381981777433583,0.035285101107443984,-0.007923977590844844,0.4290167181750723,0.25089208807055213,0.2662245746131305,0.30475870721179726,0.45,0.55,15.0,16.0,8.928571428571429,10.066666666666666,3.0720210408046196,4.3618937787765075,0.9994932496000899,0.05428656021987022,49.0,0.0,0.0,0.0,0.01672537029690468,1.0,-0.10261440071431438,-0.013610265286273255,1.0,853.0,-24.245022868285567,62.54307683544078,739.0,0.15005861664712777,0.2403282532239156,0.6096131301289566,0.0,0.0,0.0,0.0,0.0,0.0,0.0,0.0,0.0,0.0,0.0,1.0,4.56473957301945,0.0,0.0,0,0,1,0
NVDA_1h_1711978200_1714588200_42.png,C:\Users\afierro\CV_chart_pattern_detector\data\images\rendered\train\NVDA_1h_1711978200_1714588200_42.png,train,NVDA,1h,2024-04-01T13:30:00+00:00,2024-05-01T18:30:00+00:00,160,-0.00039624634148671396,0.010369834458864248,0.007028513372936749,1.2745537514376626,0.2263380279478905,0.028116147635418365,-0.018196139532687727,-0.02654311229502826,0.004764968346693932,-0.01146811654751001,0.009830755595200635,0.4244299414773455,0.2501125984781788,0.2518286470029847,0.3237414115196699,0.4625,0.5375,12.0,13.0,12.454545454545455,11.5,2.1075428767566105,3.5587513730131644,0.9994932496000899,0.05428656021987022,49.0,0.0,0.0,0.0,0.016362547034798718,1.0,0.030876375977220722,0.005302074747755969,1.0,1406.0,-23.630873359411233,59.27873480484138,780.0,0.12162162162162163,0.23968705547652916,0.6386913229018493,0.0,0.0,0.0,0.0,0.0,0.0,0.0,0.0,0.0,0.0,0.0,1.0,3.960298389429131,0.0,0.0,0,0,1,0
NVDA_1h_1712601000_1715272200_42.png,C:\Users\afierro\CV_chart_pattern_detector\data\images\rendered\train\NVDA_1h_1712601000_1715272200_42.png,train,NVDA,1h,2024-04-08T18:30:00+00:00,2024-05-09T16:30:00+00:00,160,0.00019867078412334174,0.010927980764626042,0.007430978627988504,1.2142686083686052,0.2546839702642215,-0.01228717953916314,-0.00841710109892213,-0.030144985045622907,-0.006025179226956334,-0.012538665401057636,0.011270950558181614,0.42037419977697627,0.2559697061628532,0.25396115395136626,0.32566464627165753,0.50625,0.49375,13.0,15.0,11.916666666666666,10.928571428571429,2.6544579997101074,3.9873638581510846,0.9485781961399171,0.049330381254167936,31.0,0.0,0.0,0.0,0.019322925071314088,1.0,0.1123773630270086,0.010352444136418658,1.0,1895.0,6.639045189207022,60.859895180325715,762.0,0.12031662269129288,0.49445910290237466,0.38522427440633245,0.0,0.0,0.0,0.0,0.0,0.0,0.0,0.0,0.0,0.0,0.0,1.0,3.7066495226462974,0.0,0.0,0,0,1,0
NVDA_1h_1713285000_1715956200_42.png,C:\Users\afierro\CV_chart_pattern_detector\data\images\rendered\train\NVDA_1h_1713285000_1715956200_42.png,train,NVDA,1h,2024-04-16T16:30:00+00:00,2024-05-17T14:30:00+00:00,160,0.00048362042750654284,0.010299126978686096,0.006750445530769653,1.218143461155605,0.2225391247092007,-0.008269271688530866,-0.01049057887919247,0.03081565745938475,-0.009888072467119868,-0.0018586632708855744,0.02398365381178591,0.40720655084142887,0.2528386901696561,0.25558733515026233,0.33720611400830885,0.53125,0.46875,14.0,14.0,11.0,9.23076923076923,3.608309454551928,4.2633055665666,0.0,0.0,0.0,0.0,0.0,0.0,0.014341033473215647,1.0,0.09151616720207661,0.019633331331271445,1.0,891.0,20.319861134562295,61.80380517144098,717.0,0.16498316498316498,0.5993265993265994,0.2356902356902357,0.0,0.0,0.0,0.0,0.0,0.0,0.0,0.0,0.0,0.0,0.0,0.0,0.0,0.0,0.0,0,0,0,0
NVDA_1h_1713969000_1716579000_42.png,C:\Users\afierro\CV_chart_pattern_detector\data\images\rendered\train\NVDA_1h_1713969000_1716579000_42.png,train,NVDA,1h,2024-04-24T14:30:00+00:00,2024-05-24T19:30:00+00:00,160,0.0017145030462283977,0.012073887798980106,0.006808749539215954,1.2110269496970125,0.29463300575407614,0.01787829756056536,0.023428600688162105,0.12006999311951105,0.017246990030776788,0.046764029502222915,0.09379160997512548,0.4430912177048481,0.2491570651815858,0.2280022425189681,0.3289065397761838,0.575,0.425,17.0,16.0,8.3125,9.733333333333333,4.4600646451295285,5.0064113884833406,0.0,0.0,0.0,0.9454388387403212,0.05233956080988302,56.0,0.013742993296917489,1.0,0.18338175915352783,-0.04898210023695086,1.0,377.0,11.535804405136513,65.98247085516962,710.0,0.27586206896551724,0.46684350132625996,0.2572944297082228,0.0,0.0,0.0,0.0,0.0,0.0,0.0,0.0,0.0,0.0,0.0,0.0,0.0,1.0,4.123851446950347,0,0,0,1
NVDA_1h_1714494600_1716226200_42.png,C:\Users\afierro\CV_chart_pattern_detector\data\images\rendered\train\NVDA_1h_1714494600_1716226200_42.png,train,NVDA,1h,2024-04-30T16:30:00+00:00,2024-05-20T17:30:00+00:00,100,0.000960273435163368,0.009049069439949549,0.005939093551353874,1.0939724419902408,0.1987543378647018,0.0004111536077120448,0.015919805973126033,0.0021604366848340106,0.012003973637370269,0.007366152642945156,0.028112012871834402,0.41648161693545416,0.24878146003802634,0.252690390125812,0.3308279929387338,0.57,0.43,11.0,9.0,8.6,10.625,2.9118521993529956,2.582607897737509,0.0,0.0,0.0,0.0,0.0,0.0,0.013742993296917489,1.0,0.1281867957143792,-0.008565812811550992,1.0,408.0,20.235289804637432,65.73959798796575,659.0,0.20588235294117646,0.5612745098039216,0.23284313725490197,0.0,0.0,0.0,0.0,0.0,0.0,0.0,0.0,0.0,0.0,0.0,0.0,0.0,0.0,0.0,0,0,0,0
NVDA_1h_1714591800_1717522200_42.png,C:\Users\afierro\CV_chart_pattern_detector\data\images\rendered\train\NVDA_1h_1714591800_1717522200_42.png,train,NVDA,1h,2024-05-01T19:30:00+00:00,2024-06-04T17:30:00+00:00,160,0.0021615153274676946,0.011830982371777448,0.006567609999049751,1.2751046026779511,0.34640879155994897,0.010998589407295478,0.023699201770267297,0.048181454182433914,0.012337753670730978,0.03271575863365017,0.041305658020788893,0.4485165822176439,0.2516439177771699,0.23946494108468075,0.31201847669767535,0.6,0.4,18.0,15.0,7.823529411764706,10.142857142857142,9.208341413242923,8.73521511295176,0.0,0.0,0.0,0.9454388387403212,0.05233956080988302,56.0,0.024314313315268052,1.0,0.32786097180044144,-0.007585382821004434,1.0,516.0,16.89922072594018,64.81597090630932,716.0,0.1937984496124031,0.560077519379845,0.24612403100775193,0.0,0.0,0.0,0.0,0.0,0.0,0.0,0.0,0.0,0.0,0.0,0.0,0.0,1.0,3.926849427514708,0,0,0,1
NVDA_1h_1715178600_1716996600_42.png,C:\Users\afierro\CV_chart_pattern_detector\data\images\rendered\train\NVDA_1h_1715178600_1716996600_42.png,train,NVDA,1h,2024-05-08T14:30:00+00:00,2024-05-29T15:30:00+00:00,100,0.0024942135953768723,0.01274573829338847,0.0063061735598526104,1.1267396095507367,0.281282447840506,0.0032492578838907438,0.025520666789896618,0.09847559418976637,0.007914385313543049,0.04820028957976419,0.13044103817997388,0.4522916648904768,0.2572607195513339,0.225842312140716,0.3218660229688073,0.59,0.41,12.0,8.0,8.181818181818182,10.714285714285714,6.683655867718685,4.28306404725564,0.0,0.0,0.0,0.9454388387403212,0.05233956080988302,56.0,0.013742993296917489,1.0,0.48957302171356837,-0.018001104706870687,1.0,174.0,-5.534487023778345,72.03548439231922,660.0,0.3045977011494253,0.3218390804597701,0.3735632183908046,0.0,0.0,0.0,0.0,0.0,0.0,0.0,0.0,0.0,0.0,0.0,0.0,0.0,1.0,4.417108646194098,0,0,0,1
NVDA_1h_1715275800_1717093800_42.png,C:\Users\afierro\CV_chart_pattern_detector\data\images\rendered\train\NVDA_1h_1715275800_1717093800_42.png,train,NVDA,1h,2024-05-09T17:30:00+00:00,2024-05-30T18:30:00+00:00,100,0.0023893902536538452,0.012635233859603731,0.006242864165519767,1.0359319577094717,0.35247025288838046,-0.011966227052019773,-0.023728759396994592,0.0043088272025031404,-0.018780409733298642,-0.015865533025305134,0.06433004214760718,0.4424900746613772,0.2468511281562788,0.23222967711904277,0.32528024821958,0.6,0.4,12.0,7.0,7.7272727272727275,14.166666666666666,8.176634392088527,7.570730040290329,0.0,0.0,0.0,0.9480685096780384,0.05021496259171596,53.0,0.013107659691969413,1.0,0.5232303035960479,0.006045911729163732,1.0,240.0,7.858329414576292,67.9554759911105,664.0,0.2375,0.475,0.2875,0.0,0.0,0.0,0.0,0.0,0.0,0.0,0.0,0.0,0.0,0.0,0.0,0.0,1.0,4.598410192312971,0,0,0,1
NVDA_1h_1715275800_1718206200_42.png,C:\Users\afierro\CV_chart_pattern_detector\data\images\rendered\train\NVDA_1h_1715275800_1718206200_42.png,train,NVDA,1h,2024-05-09T17:30:00+00:00,2024-06-12T15:30:00+00:00,160,0.0022385193671719673,0.012137361068715533,0.006657703404437286,1.2718978222079385,0.421588004436276,0.04328320150861331,0.037621416830436516,0.044554571684333855,0.027027733611449944,0.030931398643875507,0.049827693465168243,0.4477688133373802,0.25232141658195073,0.2402475922505299,0.3119835944120898,0.5875,0.4125,19.0,12.0,7.833333333333333,13.0,12.313176926006227,11.487095433954753,0.0,0.0,0.0,0.9464004881483823,0.07444095454593537,56.0,0.029336530589785154,1.0,0.16220524140048176,-0.004288625405256006,1.0,729.0,27.149516033537594,58.55759065212882,716.0,0.16186556927297668,0.6611796982167353,0.17695473251028807,0.0,0.0,0.0,0.0,0.0,0.0,0.0,0.0,0.0,0.0,0.0,0.0,0.0,1.0,6.873192621594157,0,0,0,1
NVDA_1h_1715959800_1718976600_42.png,C:\Users\afierro\CV_chart_pattern_detector\data\images\rendered\train\NVDA_1h_1715959800_1718976600_42.png,train,NVDA,1h,2024-05-17T15:30:00+00:00,2024-06-21T13:30:00+00:00,160,0.001959091559970369,0.013475648751432057,0.0078760799067784,1.5121810926172166,0.3863557848690766,-0.042365170338840685,-0.07397583867687008,-0.0477344720890055,-0.05838937600822014,-0.05735521701376445,-0.029261400973330298,0.4631932184052367,0.2525918250446442,0.24597016619012643,0.2908366154046369,0.56875,0.43125,17.0,13.0,9.25,11.0,13.12165997612152,12.769717802349897,0.0,0.0,0.0,0.9464004881483823,0.07444095454593537,56.0,0.029336530589785154,1.0,0.23112699005227194,-0.03269581296908473,1.0,366.0,18.499995947372717,59.13741371538779,709.0,0.27049180327868855,0.5409836065573771,0.1885245901639344,0.0,0.0,0.0,0.0,0.0,0.0,0.0,0.0,0.0,0.0,0.0,0.0,0.0,1.0,5.813410299447087,0,0,0,1
NVDA_1h_1716903000_1719599400_42.png,C:\Users\afierro\CV_chart_pattern_detector\data\images\rendered\train\NVDA_1h_1716903000_1719599400_42.png,train,NVDA,1h,2024-05-28T13:30:00+00:00,2024-06-28T18:30:00+00:00,160,0.000737602973294908,0.011821521426893937,0.00790262676838198,1.9294580641642178,0.3569291811025834,-0.016556864398777238,-0.005902448814605998,-0.010111912710975224,-0.00656772418995788,-0.005223796781047119,-0.016959296017300174,0.4306092510279969,0.24798090195425165,0.27174411644257596,0.2976466325294272,0.5375,0.4625,17.0,14.0,9.4375,10.615384615384615,6.440035177514869,6.2811520195531845,0.0,0.0,0.0,0.9464004881483823,0.07444095454593537,56.0,0.02622915746466431,1.0,-0.10769309157001683,0.0017957398574440808,1.0,623.0,22.003205905756637,57.91306450154156,710.0,0.22632423756019263,0.5810593900481541,0.1926163723916533,0.0,0.0,0.0,0.0,0.0,0.0,0.0,0.0,0.0,0.0,0.0,0.0,0.0,1.0,4.600204621399673,0,0,0,1
NVDA_1h_1717525800_1720618200_42.png,C:\Users\afierro\CV_chart_pattern_detector\data\images\rendered\train\NVDA_1h_1717525800_1720618200_42.png,train,NVDA,1h,2024-06-04T18:30:00+00:00,2024-07-10T13:30:00+00:00,160,0.0009823397111342403,0.012183032144696529,0.008191796544796494,1.890930675877685,0.3966691112957737,0.033138659328249,0.049181691792996585,0.04713378876989838,0.02614461463980655,0.037209250608901234,0.06283419107889032,0.4223731659525418,0.24790669212725475,0.2745282515606871,0.30309858248677113,0.53125,0.46875,18.0,17.0,8.470588235294118,8.6875,4.504388493584576,3.854201675359468,0.0,0.0,0.0,0.9492388025473213,0.04742911577106366,26.0,0.02622915746466431,1.0,0.07923364438085076,0.029651724291866157,1.0,629.0,6.96024967007493,58.887919519904344,745.0,0.27821939586645467,0.4356120826709062,0.2861685214626391,0.0,0.0,0.0,0.0,0.0,0.0,0.0,0.0,0.0,0.0,0.0,0.0,0.0,1.0,3.1319385378183258,0,0,0,1
NVDA_1h_1718209800_1721241000_42.png,C:\Users\afierro\CV_chart_pattern_detector\data\images\rendered\train\NVDA_1h_1718209800_1721241000_42.png,train,NVDA,1h,2024-06-12T16:30:00+00:00,2024-07-17T18:30:00+00:00,160,-0.0002770251789715412,0.01261430499986329,0.00838577447232335,1.9090162843144385,0.40504871324209785,-0.007113846771590215,-0.056052827699274554,-0.07943416693084215,-0.022209856990931476,-0.04630405330495935,-0.07425891801210993,0.4210881800128316,0.2386915285592475,0.2708311831650527,0.3080806368221156,0.5125,0.4875,17.0,17.0,8.875,8.625,4.217970072367374,3.8360703601329904,0.9636307233737585,0.030206202628661062,35.0,0.0,0.0,0.0,0.031227462243389178,1.0,0.013173951937232996,-0.023204742244089704,1.0,479.0,1.613773757206871,59.225015529225196,760.0,0.33402922755741127,0.35490605427974947,0.31106471816283926,0.0,0.0,0.0,0.0,0.0,0.0,0.0,0.0,0.0,0.0,0.0,1.0,2.20687846627187,0.0,0.0,0,0,1,0
NVDA_1h_1718980200_1721925000_42.png,C:\Users\afierro\CV_chart_pattern_detector\data\images\rendered\train\NVDA_1h_1718980200_1721925000_42.png,train,NVDA,1h,2024-06-21T14:30:00+00:00,2024-07-25T16:30:00+00:00,160,-0.0006138659911547139,0.012937602194368063,0.008821136102412013,2.1377018492863504,0.48381776671809823,0.0033760413150165647,-0.026992712520450768,-0.06536957846538116,-0.0033108618929496014,-0.03457718050312786,-0.0421056230930108,0.4480398802658641,0.2434472213130706,0.2549356730243102,0.2970244467098257,0.4875,0.5125,18.0,17.0,8.117647058823529,9.0,3.816560566663393,4.741549712076835,0.9436499301637319,0.08927946536618804,44.0,0.0,0.0,0.0,0.031227462243389178,1.0,-0.21582133422365088,-0.001131536853580453,1.0,411.0,-3.508520578525942,65.75133356021598,768.0,0.34549878345498786,0.31386861313868614,0.340632603406326,0.0,0.0,0.0,0.0,0.0,0.0,0.0,0.0,0.0,0.0,0.0,1.0,5.518559162438308,0.0,0.0,0,0,1,0
NVDA_1h_1719603000_1722609000_42.png,C:\Users\afierro\CV_chart_pattern_detector\data\images\rendered\train\NVDA_1h_1719603000_1722609000_42.png,train,NVDA,1h,2024-06-28T19:30:00+00:00,2024-08-02T14:30:00+00:00,160,-0.0008416459297423888,0.01556263499974821,0.009873533455262685,2.0592407013606695,0.3144455634616954,-0.015368931510082229,-0.0958957021315553,0.005637959070983856,-0.04040349450122638,-0.04412760159713869,-0.05585037918428126,0.4569709577380664,0.2528488801570388,0.2500896502216186,0.292939392040315,0.475,0.51875,17.0,14.0,9.1875,10.384615384615385,6.431862705085699,7.376148822980422,0.9436499301637319,0.08927946536618804,44.0,0.9639915527216761,0.10065119825586287,24.0,0.03005514924893305,1.0,-0.17341769639170326,-0.0564421018604096,1.0,611.0,-28.978728669950108,59.212933712712726,779.0,0.20458265139116202,0.1734860883797054,0.6219312602291326,0.0,0.0,0.0,0.0,0.0,0.0,0.0,0.0,0.0,0.0,0.0,1.0,5.722730876232997,1.0,5.191094885890992,0,0,1,1
NVDA_1h_1720621800_1723231800_42.png,C:\Users\afierro\CV_chart_pattern_detector\data\images\rendered\train\NVDA_1h_1720621800_1723231800_42.png,train,NVDA,1h,2024-07-10T14:30:00+00:00,2024-08-09T19:30:00+00:00,160,-0.0014104996583284139,0.01709610664596316,0.011042154484688996,2.306929698504862,0.5329650068334868,0.0047970477543566314,-0.0010942107922780053,-0.0018112720556956452,-0.00017971130928762236,0.01125201648712526,-0.003350202604829544,0.4625603536904543,0.25998289242818595,0.2482145430626435,0.2892251032469022,0.45625,0.5375,16.0,14.0,10.066666666666666,11.23076923076923,9.230999023251872,10.215954108456494,0.9629977646201755,0.15288870027027718,49.0,0.9639915527216761,0.10065119825586287,24.0,0.04714497118843151,1.0,-0.15539816441918217,0.015782108334947247,1.0,339.0,-27.513279747118993,57.544717019728985,710.0,0.28023598820059,0.14454277286135694,0.5752212389380531,0.0,0.0,0.0,0.0,0.0,0.0,0.0,0.0,0.0,0.0,0.0,1.0,8.29173621444229,1.0,4.643110873682134,0,0,1,1
NVDA_1h_1721244600_1724088600_42.png,C:\Users\afierro\CV_chart_pattern_detector\data\images\rendered\train\NVDA_1h_1721244600_1724088600_42.png,train,NVDA,1h,2024-07-17T19:30:00+00:00,2024-08-19T17:30:00+00:00,160,0.0007246922560650925,0.01710011239668293,0.010949227118731681,2.300175032325962,0.5469090208742536,0.03414875101546877,0.042226915551214717,0.09536749532613098,0.027480708836896905,0.04257858054737129,0.11383703615973206,0.4665497782385396,0.2613157542986007,0.23266306278679988,0.3007871589746606,0.5,0.49375,13.0,12.0,9.416666666666666,11.545454545454545,6.3068985227603465,6.395016230214971,0.9629977646201755,0.15288870027027718,49.0,0.9639915527216761,0.10065119825586287,24.0,0.04714497118843151,1.0,0.3469018979079288,0.03577325071706371,1.0,1037.0,-15.310516159812648,61.23524480542754,710.0,0.14561234329797493,0.3105110896817743,0.5438765670202508,0.0,0.0,0.0,0.0,0.0,0.0,0.0,0.0,0.0,0.0,0.0,1.0,8.315562380147457,1.0,4.656489492879202,0,0,1,1
NVDA_1h_1721928600_1724772600_42.png,C:\Users\afierro\CV_chart_pattern_detector\data\images\rendered\train\NVDA_1h_1721928600_1724772600_42.png,train,NVDA,1h,2024-07-25T17:30:00+00:00,2024-08-27T15:30:00+00:00,160,0.0008153250450687229,0.016318959031656456,0.00983165094499236,2.2153554798340105,0.5658409430222052,0.010541685809434487,0.008908488647903834,0.024659854024229766,0.0073229352814880855,0.006416238848461431,0.006179701792901282,0.42689296027522305,0.26184425608495426,0.23330494413848743,0.3398020955862896,0.51875,0.475,13.0,13.0,11.916666666666666,11.083333333333334,9.566902274468259,10.996853837177717,0.0,0.0,0.0,0.0,0.0,0.0,0.025501899372660338,1.0,0.22223276924315702,0.015244641081110058,1.0,851.0,15.25968996310206,63.57918073401163,710.0,0.14571092831962398,0.5558166862514688,0.2984723854289072,0.0,0.0,0.0,0.0,0.0,0.0,0.0,0.0,0.0,0.0,0.0,0.0,0.0,0.0,0.0,0,0,0,0
NVDA_1h_1722612600_1725543000_42.png,C:\Users\afierro\CV_chart_pattern_detector\data\images\rendered\train\NVDA_1h_1722612600_1725543000_42.png,train,NVDA,1h,2024-08-02T15:30:00+00:00,2024-09-05T13:30:00+00:00,160,0.0002103192918826519,0.014270671967061301,0.008782623142542148,2.164075615545007,0.5436118149226097,0.0006375209010482941,0.0071975550996548066,-0.07832813391730786,0.011020782674665996,-0.019366409609378743,-0.08551043044871509,0.41504949184443996,0.2526610160043123,0.24621918423251352,0.33873132392304656,0.53125,0.46875,14.0,14.0,11.615384615384615,11.307692307692308,10.020052335094467,10.757965037655833,0.9880746061169108,0.049740307088196274,25.0,0.0,0.0,0.0,0.032450948404754064,1.0,-0.27228497193555945,-0.025036253203889323,1.0,557.0,12.484735565082817,65.76517113108223,710.0,0.21903052064631956,0.5098743267504489,0.2710951526032316,0.0,0.0,0.0,0.0,0.0,0.0,0.0,0.0,0.0,0.0,0.0,1.0,3.0783261161974895,0.0,0.0,0,0,1,0
NVDA_1h_1723469400_1726165800_42.png,C:\Users\afierro\CV_chart_pattern_detector\data\images\rendered\train\NVDA_1h_1723469400_1726165800_42.png,train,NVDA,1h,2024-08-12T13:30:00+00:00,2024-09-12T18:30:00+00:00,160,0.0006124867342201163,0.011903574097985136,0.007791554055997846,2.5690182447133187,1.583452020063757,0.010786203750290824,0.053532944636617286,0.11799791149859762,0.016903367924524515,0.06152750805508589,0.10294460311371512,0.4329952715023868,0.2551191477481241,0.22884585756516662,0.33815887093244656,0.5625,0.4375,12.0,12.0,9.0,12.363636363636363,9.305225666382862,9.228340553267119,0.9880746061169108,0.049740307088196274,25.0,0.0,0.0,0.0,0.032450948404754064,1.0,-0.18376750382692986,0.00029014602653779374,1.0,382.0,-16.19110495803868,61.72390558840191,716.0,0.31151832460732987,0.19895287958115182,0.4895287958115183,0.0,0.0,0.0,0.0,0.0,0.0,0.0,0.0,0.0,0.0,0.0,1.0,2.607433195474983,0.0,0.0,0,0,1,0
NVDA_1h_1724092200_1726849800_42.png,C:\Users\afierro\CV_chart_pattern_detector\data\images\rendered\train\NVDA_1h_1724092200_1726849800_42.png,train,NVDA,1h,2024-08-19T18:30:00+00:00,2024-09-20T16:30:00+00:00,160,-0.0005876215866993761,0.012118589109191755,0.00788539816078694,1.740530036811562,0.3405590977496777,-0.015171229720881696,-0.027902888007441673,0.007283078981596525,-0.01460216806857928,-0.0045393192261461435,-0.009422208996886172,0.43979169574134114,0.2513943676900241,0.22996287058862602,0.3302454336700328,0.4875,0.5125,14.0,14.0,10.307692307692308,11.153846153846153,8.200107226711493,8.395026652063224,0.9880746061169108,0.049740307088196274,25.0,0.0,0.0,0.0,0.01711955562167754,1.0,0.19948831630658523,0.011554128423509847,1.0,499.0,-26.39078696373708,56.76843331173092,709.0,0.20240480961923848,0.18036072144288579,0.6172344689378757,0.0,0.0,0.0,0.0,0.0,0.0,13.997814345462281,0.6704069195813857,0.9492984409946806,0.0,71.0,1.0,3.8052927563204086,0.0,0.0,0,1,1,0
NVDA_1h_1724776200_1727706600_42.png,C:\Users\afierro\CV_chart_pattern_detector\data\images\rendered\train\NVDA_1h_1724776200_1727706600_42.png,train,NVDA,1h,2024-08-27T16:30:00+00:00,2024-09-30T14:30:00+00:00,160,-0.00032107540298957095,0.012091975998665978,0.008075022253584266,1.7158076449638884,0.27633378251409424,0.013605380861489325,-0.024326133208775524,-0.018547007097459378,0.0005865974910983507,-0.010912072819448615,0.008771769491736858,0.47599426197502714,0.24633439965796172,0.23118953780150528,0.29281620022346766,0.475,0.525,13.0,17.0,11.666666666666666,9.375,6.83460291407354,6.344938253063193,0.0,0.0,0.0,0.9911204261116844,0.0405258205061217,43.0,0.017162742248440485,1.0,0.07891156866804218,-0.012891884080108778,1.0,462.0,14.601727027913709,60.43834747167556,718.0,0.23376623376623376,0.5108225108225108,0.2554112554112554,0.0,0.0,0.0,0.0,0.0,0.0,13.997814345462276,0.6704069195813747,0.9492984409946847,0.0,71.0,0.0,0.0,1.0,2.869488835400693,0,1,0,1
NVDA_1h_1725546600_1728329400_42.png,C:\Users\afierro\CV_chart_pattern_detector\data\images\rendered\train\NVDA_1h_1725546600_1728329400_42.png,train,NVDA,1h,2024-09-05T14:30:00+00:00,2024-10-07T19:30:00+00:00,160,0.0012120933913291948,0.01034252706464286,0.007202191629092695,1.7044086419555842,0.3629442792555303,-0.013633485587947747,0.025656269851407565,0.04127115505708723,0.0025626272772993897,0.02035313715095488,0.0491816287445801,0.49759916024414014,0.24848297387555385,0.2158672821799485,0.2865335575759114,0.50625,0.49375,11.0,15.0,13.6,9.714285714285714,6.0914510492218925,5.731066991786145,0.0,0.0,0.0,0.9911204261116844,0.0405258205061217,43.0,0.021035046634440627,1.0,0.08786278146564062,-0.008944634321092885,1.0,546.0,22.562266862654425,60.13380115466005,709.0,0.21062271062271062,0.5952380952380952,0.19413919413919414,0.0,0.0,0.0,0.0,0.0,0.0,0.0,0.0,0.0,0.0,0.0,0.0,0.0,1.0,2.8876340862193257,0,0,0,1
NVDA_1h_1726169400_1729013400_42.png,C:\Users\afierro\CV_chart_pattern_detector\data\images\rendered\train\NVDA_1h_1726169400_1729013400_42.png,train,NVDA,1h,2024-09-12T19:30:00+00:00,2024-10-15T17:30:00+00:00,160,0.0006867678088262705,0.010192265271756349,0.006434913796316596,1.435965054175465,0.18064784207133147,-0.0020437837500076883,-0.04808666904050085,-0.02195850628230822,-0.023640252703503672,-0.025888114800061146,-0.007818549893849003,0.4752933438947696,0.2395507940276069,0.22610523409950517,0.29860142200572526,0.4875,0.5125,12.0,15.0,12.545454545454545,9.785714285714286,7.290979144383936,6.313910971746392,0.0,0.0,0.0,0.9911204261116844,0.0405258205061217,43.0,0.02148330285062503,1.0,0.27561615319303445,-0.008848007911508414,1.0,601.0,14.808648072046765,61.50761294019283,766.0,0.17304492512479203,0.5657237936772047,0.2612312811980033,0.0,0.0,0.0,0.0,0.0,0.0,0.0,0.0,0.0,0.0,0.0,0.0,0.0,1.0,3.3982259259198275,0,0,0,1
NVDA_1h_1726853400_1729697400_42.png,C:\Users\afierro\CV_chart_pattern_detector\data\images\rendered\train\NVDA_1h_1726853400_1729697400_42.png,train,NVDA,1h,2024-09-20T17:30:00+00:00,2024-10-23T15:30:00+00:00,160,0.0012116442347961428,0.009662996719942925,0.0062160587835944185,1.4495778195844138,0.18580689959078123,-0.03015866528593769,-0.028671999516890034,0.008208537439540642,-0.020311323248195512,-0.014812456298765486,0.008220275598317395,0.46525288925973207,0.24818215725375956,0.2342934992522226,0.3004536114880454,0.50625,0.49375,14.0,15.0,10.615384615384615,10.5,8.213610799465746,8.535673597987373,0.0,0.0,0.0,0.0,0.0,0.0,0.02148330285062503,1.0,0.13123218001639764,-0.01056982325652088,1.0,676.0,20.00295456653163,58.678948807413484,716.0,0.1804733727810651,0.6109467455621301,0.20857988165680474,0.0,0.0,0.0,0.0,0.0,0.0,0.0,0.0,0.0,0.0,0.0,0.0,0.0,0.0,0.0,0,0,0,0
NVDA_1h_1727710200_1730381400_42.png,C:\Users\afierro\CV_chart_pattern_detector\data\images\rendered\train\NVDA_1h_1727710200_1730381400_42.png,train,NVDA,1h,2024-09-30T15:30:00+00:00,2024-10-31T13:30:00+00:00,160,0.0006915479806049552,0.00933057698239323,0.005684832596434463,1.4003217985179168,0.1783033812609464,-0.043051576775457456,-0.058272918521350414,-0.04788669452856109,-0.04051670595359247,-0.04613207354867954,-0.05006422339857031,0.44756616612952094,0.2553931881248173,0.2310545689804516,0.32137926489002744,0.5125,0.4875,13.0,13.0,12.166666666666666,12.0,7.041011091352758,7.580944363880584,0.0,0.0,0.0,0.0,0.0,0.0,0.016257366250749274,1.0,0.055364562265760434,0.010499776335959915,1.0,642.0,22.929902378829468,57.24097678402289,709.0,0.2071651090342679,0.6199376947040498,0.17289719626168223,0.0,0.0,0.0,0.0,0.0,0.0,0.0,0.0,0.0,0.0,0.0,0.0,0.0,0.0,0.0,0,0,0,0
NVDA_1h_1728063000_1729794600_42.png,C:\Users\afierro\CV_chart_pattern_detector\data\images\rendered\train\NVDA_1h_1728063000_1729794600_42.png,train,NVDA,1h,2024-10-04T17:30:00+00:00,2024-10-24T18:30:00+00:00,100,0.0012596598929513262,0.00928850330200279,0.0056453094039219205,1.3816017580029794,0.22203579574618593,0.005905278532831959,0.015105604986374033,-0.02083337098769722,0.008860267080018192,-0.0018857344621441285,0.010127020853661683,0.43825370304530226,0.24778309057158998,0.22646015667950115,0.3352861402751966,0.53,0.47,8.0,8.0,9.714285714285714,11.571428571428571,3.2885612853551875,4.481191496403697,0.0,0.0,0.0,0.0,0.0,0.0,0.016257366250749274,1.0,0.12892318743903827,0.011311154649520764,1.0,551.0,24.9818469769509,63.70055060814548,691.0,0.1705989110707804,0.6206896551724138,0.20871143375680581,0.0,0.0,0.0,0.0,0.0,0.0,0.0,0.0,0.0,0.0,0.0,0.0,0.0,0.0,0.0,0,0,0,0
NVDA_1h_1728394200_1731007800_42.png,C:\Users\afierro\CV_chart_pattern_detector\data\images\rendered\train\NVDA_1h_1728394200_1731007800_42.png,train,NVDA,1h,2024-10-08T13:30:00+00:00,2024-11-07T19:30:00+00:00,160,0.0007897767925581371,0.009064724410608346,0.0052891068437885555,1.5214563245103923,0.232916104963067,0.002116672209718118,0.014401010836068373,0.06849384959178884,0.007209346275854678,0.028829415131173652,0.06008878919300398,0.41676679137946626,0.2607250940280328,0.23555087897979837,0.3476823296407353,0.50625,0.49375,14.0,14.0,11.307692307692308,11.0,3.667817226475519,4.021809943679435,0.0,0.0,0.0,0.9893219726612904,0.05119506067441436,58.0,0.017228995858308376,1.0,0.040497747207549235,-0.0165840868439089,1.0,976.0,17.26638911359134,64.69728383371499,721.0,0.15471311475409835,0.5727459016393442,0.2725409836065574,0.0,0.0,0.0,0.0,0.0,0.0,0.0,0.0,0.0,0.0,0.0,0.0,0.0,1.0,4.811698942779256,0,0,0,1
NVDA_1h_1728919800_1730478600_42.png,C:\Users\afierro\CV_chart_pattern_detector\data\images\rendered\train\NVDA_1h_1728919800_1730478600_42.png,train,NVDA,1h,2024-10-14T15:30:00+00:00,2024-11-01T16:30:00+00:00,100,-0.00011303591028277939,0.009618850671637156,0.005561806275570664,1.4250690865166822,0.17640474583730037,0.02739360417648884,0.018676582390764862,-0.04053764976626961,0.012394844689546325,-0.005331119792103101,-0.021568761084829746,0.42691602667176715,0.26555085759997094,0.22973889024265357,0.34334508308557915,0.46,0.54,9.0,9.0,11.625,10.75,2.4060161024465136,3.587383606313274,0.0,0.0,0.0,0.0,0.0,0.0,0.017228995858308376,1.0,-0.11464887786169146,-0.019419725354208443,1.0,924.0,19.1190434316278,62.02201618577458,766.0,0.15476190476190477,0.6006493506493507,0.24458874458874458,0.0,0.0,0.0,0.0,0.0,0.0,0.0,0.0,0.0,0.0,0.0,0.0,0.0,0.0,0.0,0,0,0,0
NVDA_1h_1729017000_1731691800_42.png,C:\Users\afierro\CV_chart_pattern_detector\data\images\rendered\train\NVDA_1h_1729017000_1731691800_42.png,train,NVDA,1h,2024-10-15T18:30:00+00:00,2024-11-15T17:30:00+00:00,160,0.0005021673876952116,0.008738459493724047,0.005313539130606935,1.4432287482667054,0.13446623113005307,-0.03790933520263773,-0.051254523234225635,-0.044328858242725366,-0.027451305828489536,-0.03430066456836933,-0.037142088643853155,0.41366512077154854,0.26070917305438207,0.24853831028996018,0.33779656893849125,0.4625,0.5375,15.0,16.0,10.0,8.866666666666667,4.175484424744354,4.662521960364168,0.9949123408701994,0.031362900089302426,30.0,0.9893219726612904,0.05119506067441436,58.0,0.017501944563558712,1.0,0.16800367835537108,0.0031900827128876538,1.0,1042.0,9.171780297428999,64.26570586825659,765.0,0.14971209213051823,0.4990403071017274,0.3512476007677543,0.0,0.0,0.0,0.0,0.0,0.0,0.0,0.0,0.0,0.0,0.0,1.0,3.355277582427216,1.0,5.061076346985345,0,0,1,1
NVDA_1h_1729701000_1732548600_42.png,C:\Users\afierro\CV_chart_pattern_detector\data\images\rendered\train\NVDA_1h_1729701000_1732548600_42.png,train,NVDA,1h,2024-10-23T16:30:00+00:00,2024-11-25T15:30:00+00:00,160,4.113315545915182e-05,0.009824992555839265,0.006202971119842168,1.6353510379161407,0.33261214137537465,-0.022484869842406052,-0.05695088133214232,-0.04648774591502447,-0.023831424646405197,-0.03515648699565044,-0.03611646587663597,0.44174499288108215,0.27105155748185045,0.24331247855264332,0.31494252856627447,0.48125,0.51875,15.0,15.0,9.785714285714286,8.857142857142858,3.8729328754479213,4.567969259630275,0.9783808513315944,0.07751808989475314,48.0,0.9789014626346162,0.033757726392643454,34.0,0.02168261178233025,1.0,-0.07004464011319755,-0.02544042606661198,1.0,1389.0,12.6126663454408,65.19094047124042,782.0,0.1490280777537797,0.5385169186465083,0.312455003599712,0.0,0.0,0.0,0.0,0.0,0.0,10.65536832892592,0.6784663373417914,0.5704419757839434,0.0,38.0,1.0,7.344258991439508,1.0,2.960947303042373,0,1,1,1
NVDA_1h_1730385000_1733333400_42.png,C:\Users\afierro\CV_chart_pattern_detector\data\images\rendered\train\NVDA_1h_1730385000_1733333400_42.png,train,NVDA,1h,2024-10-31T14:30:00+00:00,2024-12-04T17:30:00+00:00,160,0.0005011976443592941,0.009780211064480883,0.006292185880113327,1.6246823319863417,0.3455863290876035,0.025526512540385404,0.03341658948424597,0.039610314698310445,0.020130271235493158,0.02852952691221189,0.03808279100470635,0.4353632974876243,0.28050335343380833,0.2571229314186387,0.3075137710937369,0.49375,0.50625,15.0,15.0,9.714285714285714,10.214285714285714,4.87490311837324,5.346728373325316,0.9783808513315944,0.07751808989475314,48.0,0.0,0.0,0.0,0.02168261178233025,1.0,-0.07378715000072035,0.006124620263098871,1.0,1469.0,-9.40163899798877,63.42347556113563,717.0,0.13614703880190607,0.359428182437032,0.504424778761062,0.0,0.0,0.0,0.0,0.0,0.0,10.655368328925972,0.6784663373417862,0.5704419757839418,0.0,38.0,1.0,7.3913399277062934,0.0,0.0,0,1,1,0
NVDA_1h_1731011400_1734017400_42.png,C:\Users\afierro\CV_chart_pattern_detector\data\images\rendered\train\NVDA_1h_1731011400_1734017400_42.png,train,NVDA,1h,2024-11-07T20:30:00+00:00,2024-12-12T15:30:00+00:00,160,-0.0004910445134863626,0.009471757935678053,0.006337771208432642,1.6104045487782752,0.36504788812528516,-0.0196085253887337,0.012740749782986116,-0.020384775344360007,-0.008480633197949006,-0.007350766191899449,-0.027879996815728503,0.451259679808554,0.27388244047812565,0.2593261786925522,0.2894141414988938,0.475,0.525,17.0,12.0,9.3125,12.454545454545455,4.185593351211168,4.649524182254432,0.9783808513315944,0.07751808989475314,48.0,0.0,0.0,0.0,0.015055609719849886,1.0,0.04071438427660017,-0.012535800618424417,1.0,1811.0,-21.52678655524862,60.64188983121301,725.0,0.12037548315847597,0.2639425731639978,0.6156819436775263,0.0,0.0,0.0,0.0,0.0,0.0,10.655368328926034,0.6784663373418561,0.5704419757839446,0.0,38.0,1.0,7.455323742843387,0.0,0.0,0,1,1,0
NVDA_1h_1731695400_1734640200_42.png,C:\Users\afierro\CV_chart_pattern_detector\data\images\rendered\train\NVDA_1h_1731695400_1734640200_42.png,train,NVDA,1h,2024-11-15T18:30:00+00:00,2024-12-19T20:30:00+00:00,160,-0.0003823426273987579,0.010618968548725528,0.0072276474314034245,1.7031590980816353,0.3305268456346312,-0.007182165885993075,-0.023888833670872467,0.013039704671053531,-0.005964143174305048,-0.008728842313003304,-0.023785426164429913,0.4751442809966727,0.2762822168257864,0.24629638431090414,0.2785593346924231,0.50625,0.49375,17.0,15.0,8.625,10.5,4.934124816419178,5.167173338871706,0.9555648892118532,0.061211636552674836,31.0,0.0,0.0,0.0,0.02081101151406595,1.0,-0.19270338540450463,-0.026700254176373138,1.0,729.0,-31.437591271635927,55.700692897635584,742.0,0.20438957475994513,0.15637860082304528,0.6392318244170097,0.0,0.0,0.0,0.0,0.0,0.0,0.0,0.0,0.0,0.0,0.0,1.0,5.26491411561714,0.0,0.0,0,0,1,0
NVDA_1h_1732552200_1735659000_42.png,C:\Users\afierro\CV_chart_pattern_detector\data\images\rendered\train\NVDA_1h_1732552200_1735659000_42.png,train,NVDA,1h,2024-11-25T16:30:00+00:00,2024-12-31T15:30:00+00:00,160,-3.969860620866499e-05,0.009566800264622864,0.0065610446359873715,1.656424761099758,0.24901810774931135,-0.028062534130606,-0.014802382881227483,-0.036442736883938065,-0.019222697649454612,-0.019168425580085358,-0.009076109447961445,0.4740816755902985,0.26421020725284994,0.2513256863689513,0.2745926380407502,0.53125,0.46875,18.0,15.0,8.764705882352942,10.0,3.865149357050435,4.44048762047767,0.9555648892118532,0.061211636552674836,31.0,0.9673338345492529,0.039912657148946484,26.0,0.02081101151406595,1.0,0.07997671065618982,0.014378638649491841,1.0,1739.0,-12.654404580490283,63.176193781463,756.0,0.11730879815986199,0.3294997124784359,0.5531914893617021,0.0,0.0,0.0,0.0,0.0,0.0,0.0,0.0,0.0,0.0,0.0,1.0,5.410277818070697,1.0,3.2368611109435346,0,0,1,1
NVDA_1h_1733337000_1736368200_42.png,C:\Users\afierro\CV_chart_pattern_detector\data\images\rendered\train\NVDA_1h_1733337000_1736368200_42.png,train,NVDA,1h,2024-12-04T18:30:00+00:00,2025-01-08T20:30:00+00:00,160,-0.00018017506368337767,0.010931756934116637,0.007389300660587948,1.8177092229015794,0.32092265647339,0.013973747511039747,-0.011155799617474815,-0.0778780058717018,-0.0013581635683270754,-0.026914148345699718,-0.006800293260014745,0.483763918770161,0.24578088677959195,0.24158443422581205,0.274651647004027,0.51875,0.48125,16.0,15.0,9.0,10.857142857142858,4.887295711522436,4.421086883768326,0.9555648892118532,0.061211636552674836,31.0,0.9673338345492529,0.039912657148946484,26.0,0.011166545030441939,1.0,0.10722188185035957,-0.022278699854751713,1.0,665.0,5.103754730959584,62.87555318888477,739.0,0.19699248120300752,0.45112781954887216,0.3518796992481203,0.0,0.0,0.0,0.0,0.0,0.0,0.0,0.0,0.0,0.0,0.0,1.0,4.940228715712194,1.0,2.9580449597856533,0,0,1,1
NVDA_1h_1734021000_1737138600_42.png,C:\Users\afierro\CV_chart_pattern_detector\data\images\rendered\train\NVDA_1h_1734021000_1737138600_42.png,train,NVDA,1h,2024-12-12T16:30:00+00:00,2025-01-17T18:30:00+00:00,160,9.81736676411525e-05,0.01142866665682756,0.007682964519584131,1.8989424590553043,0.34121888510881343,0.009798876328267925,0.01862043209505515,0.04732643113778834,0.013200791123369804,0.017461911775268346,0.017880751693458263,0.48051326827390534,0.24690066470310523,0.23453172641060815,0.28495500531548645,0.55,0.45,14.0,16.0,10.692307692307692,9.866666666666667,4.807589824771447,3.2571806313194327,0.0,0.0,0.0,0.0,0.0,0.0,0.019970406872002477,1.0,-0.10753706311933584,0.02229393806309054,1.0,474.0,13.267927880654355,62.82755531842365,718.0,0.2468354430379747,0.4957805907172996,0.25738396624472576,0.0,0.0,0.0,0.0,0.0,0.0,0.0,0.0,0.0,0.0,0.0,0.0,0.0,0.0,0.0,0,0,0,0
NVDA_1h_1734705000_1738081800_42.png,C:\Users\afierro\CV_chart_pattern_detector\data\images\rendered\train\NVDA_1h_1734705000_1738081800_42.png,train,NVDA,1h,2024-12-20T14:30:00+00:00,2025-01-28T16:30:00+00:00,160,-0.00018759280964662426,0.015510580889977784,0.00828486811529072,2.140414713056771,0.5797802188978233,0.06996092672075949,0.01604448829601779,-0.1403228153551046,0.04626929117029155,-0.04917851725084177,-0.08424772280447745,0.4645457974442607,0.24613447017105694,0.24477672495465458,0.2906774776010847,0.5375,0.4625,12.0,14.0,11.545454545454545,10.615384615384615,5.100142362822693,6.1159103723416814,0.9724594268251425,0.1343933098520054,77.0,0.971289079696923,0.03269388130995337,25.0,0.07192153438846359,1.0,0.002241855108062566,-0.06490607153484644,1.0,497.0,5.826957369474338,67.3482968412625,781.0,0.24949698189134809,0.42655935613682094,0.323943661971831,0.0,0.0,0.0,0.0,0.0,0.0,0.0,0.0,0.0,0.0,0.0,1.0,9.764194693415389,1.0,2.164900326299523,0,0,1,1
NVDA_1h_1735662600_1738765800_42.png,C:\Users\afierro\CV_chart_pattern_detector\data\images\rendered\train\NVDA_1h_1735662600_1738765800_42.png,train,NVDA,1h,2024-12-31T16:30:00+00:00,2025-02-05T14:30:00+00:00,160,-0.00047836651192548576,0.016711144950623216,0.009434894016117044,2.1520576306029224,0.5505714760545017,0.02703746427307996,0.04120285652771005,-0.023940627710867468,0.027888525352548266,0.02596724118040017,0.00953530502911848,0.4439083818180678,0.2553059933258564,0.2538449007854922,0.30224671739644005,0.53125,0.46875,13.0,13.0,12.25,11.416666666666666,9.127833927104525,8.752197266185622,0.9724594268251425,0.1343933098520054,77.0,0.0,0.0,0.0,0.07192153438846359,1.0,-0.407477906339335,0.0053018240385913264,1.0,927.0,-18.45307967719394,62.051461068560805,710.0,0.14023732470334413,0.2772384034519957,0.5825242718446602,0.0,0.0,0.0,0.0,0.0,0.0,0.0,0.0,0.0,0.0,0.0,1.0,9.712883940749277,0.0,0.0,0,0,1,0
NVDA_1h_1736519400_1739388600_42.png,C:\Users\afierro\CV_chart_pattern_detector\data\images\rendered\train\NVDA_1h_1736519400_1739388600_42.png,train,NVDA,1h,2025-01-10T14:30:00+00:00,2025-02-12T19:30:00+00:00,160,-8.929317312490058e-05,0.015683415465806854,0.008605264436779664,2.1907567454542067,0.5543279245457563,0.006929191549928326,-0.009841822761265662,-0.02146424884324505,-0.0027627459972300317,-0.010460437165032421,0.0296122283668121,0.4494172165988745,0.2538870964474476,0.2524715557299933,0.2981112276711321,0.575,0.425,13.0,13.0,12.416666666666666,12.333333333333334,7.66426376118422,8.352321033647783,0.9285987114552733,0.07143603150332357,35.0,0.0,0.0,0.0,0.025319366099738304,1.0,0.16722977455378796,0.04216775601534016,1.0,658.0,-11.946813295043349,64.29131074320769,711.0,0.20212765957446807,0.29027355623100304,0.5075987841945289,0.0,0.0,0.0,0.0,0.0,0.0,0.0,0.0,0.0,0.0,0.0,1.0,4.817433580228861,0.0,0.0,0,0,1,0
NVDA_1h_1737142200_1740159000_42.png,C:\Users\afierro\CV_chart_pattern_detector\data\images\rendered\train\NVDA_1h_1737142200_1740159000_42.png,train,NVDA,1h,2025-01-17T19:30:00+00:00,2025-02-21T17:30:00+00:00,160,0.00010007301826424578,0.01540358550642321,0.008301368852290002,1.9454096392098688,0.6044759646829756,-0.021053361768782475,-0.008170678654212393,-0.017054101331555827,-0.014431264470746608,-0.01603363967536431,0.0014078257159808594,0.4417996720464835,0.2500055105962781,0.26333494931606743,0.294865378637449,0.5375,0.4625,14.0,11.0,10.923076923076923,14.2,7.844975333131256,9.519349897922822,0.0,0.0,0.0,0.0,0.0,0.0,0.02082898388177998,1.0,0.20263044229427926,0.01222468164657773,1.0,731.0,11.519831801814355,62.79942807787133,714.0,0.17099863201094392,0.5280437756497948,0.3009575923392613,0.0,0.0,0.0,0.0,0.0,0.0,0.0,0.0,0.0,0.0,0.0,0.0,0.0,0.0,0.0,0,0,0,0
NVDA_1h_1738085400_1741015800_42.png,C:\Users\afierro\CV_chart_pattern_detector\data\images\rendered\train\NVDA_1h_1738085400_1741015800_42.png,train,NVDA,1h,2025-01-28T17:30:00+00:00,2025-03-03T15:30:00+00:00,160,-0.00027535432232118776,0.0123746203361305,0.008601876752978277,2.0313718320676637,0.4500552665117398,-0.01037602712155683,-0.00658279227951819,-0.08556226401579814,-0.01730627572323451,-0.042342759554905185,-0.08356031929847241,0.4595207648140809,0.2587060615132233,0.2559352129350123,0.2845440222509068,0.53125,0.46875,16.0,12.0,9.6,12.545454545454545,5.873618230006251,7.2373088180456495,0.939376509356393,0.09969835340547628,49.0,0.0,0.0,0.0,0.0360612343958428,1.0,-0.2251483760749676,-0.033837034524329866,1.0,768.0,17.852860282252852,58.52790957783798,765.0,0.19661458333333334,0.5807291666666666,0.22265625,0.0,0.0,0.0,0.0,0.0,0.0,0.0,0.0,0.0,0.0,0.0,1.0,7.011005166275859,0.0,0.0,0,0,1,0
NVDA_1h_1738769400_1741635000_42.png,C:\Users\afierro\CV_chart_pattern_detector\data\images\rendered\train\NVDA_1h_1738769400_1741635000_42.png,train,NVDA,1h,2025-02-05T15:30:00+00:00,2025-03-10T19:30:00+00:00,160,-0.0008130382394029238,0.0120877588265998,0.008357881705437501,2.0794013730247043,0.6070076385417262,-0.00985337882617654,-0.04659245752279373,-0.061721910101837585,-0.017157625591638692,-0.026460042647307946,-0.0658223715108901,0.4444410639652718,0.2502527103048295,0.27299833895649755,0.28256059707823067,0.5,0.5,16.0,14.0,8.8,10.076923076923077,8.298861327850029,9.996379300818823,0.939376509356393,0.09969835340547628,49.0,0.0,0.0,0.0,0.0360612343958428,1.0,-0.3566536579230434,0.007693736324629959,1.0,551.0,-19.686030920425907,59.750824817107905,709.0,0.24319419237749546,0.1996370235934664,0.5571687840290381,0.0,0.0,0.0,0.0,0.0,0.0,0.0,0.0,0.0,0.0,0.0,1.0,6.8531821634122325,0.0,0.0,0,0,1,0
NVDA_1h_1739392200_1742319000_42.png,C:\Users\afierro\CV_chart_pattern_detector\data\images\rendered\train\NVDA_1h_1739392200_1742319000_42.png,train,NVDA,1h,2025-02-12T20:30:00+00:00,2025-03-18T17:30:00+00:00,160,-0.0006418659426525557,0.013563279818826327,0.009362229488189752,2.2058769085181043,0.6400450332825568,0.006894907458023125,-0.014585335511961506,0.008026128385218323,-0.013136388559887413,-0.01995730942002194,0.016850037408714158,0.43195073670189077,0.25983317603194195,0.30033776677529633,0.267711496522813,0.44375,0.55625,17.0,16.0,9.0,10.066666666666666,9.348864402067186,10.301513169332212,0.939376509356393,0.09969835340547628,49.0,0.0,0.0,0.0,0.027560832839266077,1.0,0.06388996587468086,0.016485245717736532,1.0,866.0,-18.242499905218978,60.76756112976327,710.0,0.1581986143187067,0.24133949191685913,0.6004618937644342,0.0,0.0,0.0,0.0,0.0,0.0,13.47490181148549,0.802238573287903,0.6124360106586282,0.0,37.0,1.0,6.470466228619302,0.0,0.0,0,1,1,0
NVDA_1h_1740162600_1743003000_42.png,C:\Users\afierro\CV_chart_pattern_detector\data\images\rendered\train\NVDA_1h_1740162600_1743003000_42.png,train,NVDA,1h,2025-02-21T18:30:00+00:00,2025-03-26T15:30:00+00:00,160,-0.0009812029480198638,0.013993502525474873,0.009680475414738493,2.380287614587702,0.5553017421332069,-0.05518038070802067,-0.04954992105757983,-0.02693120367655366,-0.039710815826169754,-0.04571494496425643,-0.03753261282540621,0.43232910126556057,0.26155917117041627,0.32309640629764685,0.24457449243679252,0.4375,0.5625,17.0,18.0,9.25,8.647058823529411,5.953516707488154,6.222889913594818,0.0,0.0,0.0,0.0,0.0,0.0,0.027560832839266077,1.0,0.08490252389742461,0.020683231380005405,1.0,852.0,-11.605639399986872,63.54872801206999,718.0,0.14906103286384975,0.30985915492957744,0.5410798122065728,0.0,0.0,0.0,0.0,0.0,0.0,13.474901811485365,0.802238573287914,0.6124360106586221,0.0,37.0,0.0,0.0,0.0,0.0,0,1,0,0
QQQ_1h_1700058600_1703003400_42.png,C:\Users\afierro\CV_chart_pattern_detector\data\images\rendered\train\QQQ_1h_1700058600_1703003400_42.png,train,QQQ,1h,2023-11-15T14:30:00+00:00,2023-12-19T16:30:00+00:00,160,0.00034431337785492417,0.002825698139427621,0.0018825244428757005,1.512711649962934,0.17841860099665816,0.000943842599825162,0.0049475193219397084,0.013910182239757596,0.0019894201673817946,0.005402767800935182,0.01835557820091882,0.4591112544203183,0.24724483873805578,0.2439384970832315,0.2969502484964502,0.55625,0.44375,13.0,17.0,10.916666666666666,9.5625,6.300063302661151,7.399832739905076,0.9930494279862676,0.013531965059656221,33.0,0.9548403763070722,0.03272030027737867,59.0,0.0064798074811233,1.0,0.3383164403587248,-0.00132035999529062,1.0,666.0,12.082577937895113,63.60150127746981,710.0,0.16516516516516516,0.551051051051051,0.28378378378378377,0.0,0.0,0.0,0.0,0.0,0.0,10.43461640473833,3.5228276585583966,0.44367032543624324,0.0,32.0,1.0,3.6335696220264757,1.0,8.6827803352034,0,1,1,1
QQQ_1h_1700681400_1703773800_42.png,C:\Users\afierro\CV_chart_pattern_detector\data\images\rendered\train\QQQ_1h_1700681400_1703773800_42.png,train,QQQ,1h,2023-11-22T19:30:00+00:00,2023-12-28T14:30:00+00:00,160,0.00034769286065914956,0.002965874371798589,0.0019298877246687002,1.5318821609992215,0.18818020141141206,0.001944813154014291,0.0020909698387190367,0.008441223065647652,0.002506500256381994,0.004779421764526948,0.008628713134337662,0.46511132559122836,0.24768822940330917,0.23783662539833544,0.2970520490104362,0.55625,0.44375,14.0,14.0,10.923076923076923,10.846153846153847,9.015999049900861,9.535069270230364,0.0,0.0,0.0,0.9548403763070722,0.03272030027737867,59.0,0.005096980249883595,1.0,0.16902909562781082,0.003875732593946129,1.0,482.0,17.83402094368618,59.59936734867088,717.0,0.21369294605809128,0.5809128630705395,0.2053941908713693,0.0,0.0,0.0,0.0,0.0,0.0,10.43461640473853,3.522827658558005,0.4436703254362533,0.0,32.0,0.0,0.0,1.0,8.576805871650906,0,1,0,1
QQQ_1h_1701700200_1704483000_42.png,C:\Users\afierro\CV_chart_pattern_detector\data\images\rendered\train\QQQ_1h_1701700200_1704483000_42.png,train,QQQ,1h,2023-12-04T14:30:00+00:00,2024-01-05T19:30:00+00:00,160,0.00020327266601415995,0.003049838091367245,0.0019679423634393588,1.6613436558176933,0.39952868766469146,-0.006028089332543174,-0.0057286401489871075,-0.00884157490118187,-0.003665826908688552,-0.005934668964772349,-0.021752815370069012,0.46355206276516625,0.24814215749984306,0.24378010700103642,0.2926678302337973,0.55625,0.44375,16.0,15.0,9.8,10.214285714285714,8.207669012579167,7.443291271293762,0.0,0.0,0.0,0.9588808740455452,0.030680017460621607,53.0,0.006399872134542537,1.0,-0.15791931116575225,0.0007927160958258379,1.0,424.0,12.811316441814855,63.49247749472902,709.0,0.24528301886792453,0.5188679245283019,0.2358490566037736,0.0,0.0,0.0,0.0,0.0,0.0,15.39143067981073,4.121716597669262,0.7723365375683944,0.0,34.0,0.0,0.0,1.0,7.436865846926054,0,1,0,1
QQQ_1h_1702323000_1705426200_42.png,C:\Users\afierro\CV_chart_pattern_detector\data\images\rendered\train\QQQ_1h_1702323000_1705426200_42.png,train,QQQ,1h,2023-12-11T19:30:00+00:00,2024-01-16T17:30:00+00:00,160,0.0002200126926030204,0.0031069793190313063,0.0020381737619628794,1.4730254073066409,0.29119733286102195,-0.00170918109972662,-0.002293807880446197,0.0010159948583099432,-0.0013116840904388027,0.0005401861793030704,0.010275210811124591,0.4669703251481515,0.2559984002972601,0.25448806451579137,0.27854161033605707,0.59375,0.40625,15.0,17.0,10.071428571428571,8.6875,4.735222035808241,4.648981870306247,0.0,0.0,0.0,0.0,0.0,0.0,0.006399872134542537,1.0,0.040402861933613574,0.007897514431148143,1.0,942.0,4.2388487470251235,62.28667492216805,736.0,0.208067940552017,0.4299363057324841,0.3619957537154989,0.0,0.0,0.0,0.0,0.0,0.0,15.391430679810723,4.121716597668869,0.7723365375683904,0.0,34.0,0.0,0.0,0.0,0.0,0,1,0,0
QQQ_1h_1703007000_1706110200_42.png,C:\Users\afierro\CV_chart_pattern_detector\data\images\rendered\train\QQQ_1h_1703007000_1706110200_42.png,train,QQQ,1h,2023-12-19T17:30:00+00:00,2024-01-24T15:30:00+00:00,160,0.0002981623402751342,0.00347156810589909,0.002260210159179607,1.618650611651431,0.31838043937993293,0.013622687222838215,0.014511986862071113,0.021024741866354946,0.010703757085300358,0.01292135626222679,0.03142722888203786,0.4616898232408972,0.2527606039359194,0.2575978214918263,0.28071235526727645,0.6,0.4,15.0,17.0,9.857142857142858,8.875,5.778159974673298,7.203041888619602,0.0,0.0,0.0,0.981008651323848,0.02768518442058273,44.0,0.007466275596417665,1.0,0.27888391515317895,-0.0017936255788862212,1.0,377.0,0.35543281962447837,67.43886922131219,720.0,0.28116710875331563,0.3819628647214854,0.33687002652519893,0.0,0.0,0.0,0.0,0.0,0.0,15.391430679810723,4.121716597669206,0.7723365375683664,0.0,34.0,0.0,0.0,1.0,6.986666430314434,0,1,0,1
QQQ_1h_1703777400_1706733000_42.png,C:\Users\afierro\CV_chart_pattern_detector\data\images\rendered\train\QQQ_1h_1703777400_1706733000_42.png,train,QQQ,1h,2023-12-28T15:30:00+00:00,2024-01-31T20:30:00+00:00,160,8.35338516817877e-05,0.0035369504408990925,0.0023136625199049834,1.6994056550199166,0.27239033717447825,-0.007061952960678575,-0.019612906244660055,-0.017973180445429282,-0.009551886831782652,-0.015742735356354953,-0.017831838366672126,0.45001778102576473,0.25842102942559697,0.26358405414398584,0.28639816483024944,0.5875,0.4125,16.0,17.0,10.2,9.125,10.531564814644717,10.313275895148342,0.0,0.0,0.0,0.981008651323848,0.02768518442058273,44.0,0.007466275596417665,1.0,0.2098510466771029,0.0027923331025474793,1.0,656.0,21.074691020770043,57.690424215410104,712.0,0.1875,0.6112804878048781,0.20121951219512196,0.0,0.0,0.0,0.0,0.0,0.0,0.0,0.0,0.0,0.0,0.0,0.0,0.0,1.0,6.662266107169831,0,0,0,1
QQQ_1h_1704486600_1707417000_42.png,C:\Users\afierro\CV_chart_pattern_detector\data\images\rendered\train\QQQ_1h_1704486600_1707417000_42.png,train,QQQ,1h,2024-01-05T20:30:00+00:00,2024-02-08T18:30:00+00:00,160,0.0005448688249250841,0.0033973909574350246,0.002333750209099728,1.8265135719011956,0.2192231654901461,0.00016169652274089508,0.0019258850781289638,0.008915805106325392,-0.00026531610832258856,0.004798018731011711,0.013554973087134492,0.46103996612968084,0.2567634474584452,0.24246473219462,0.2964953016756991,0.625,0.375,14.0,14.0,9.923076923076923,10.538461538461538,8.490189129372286,8.4645228792582,0.983628616008789,0.017168465767177253,37.0,0.9969923518503825,0.019549333697841578,35.0,0.006842430691335333,1.0,0.07298205054203173,-0.0008738078649885296,1.0,675.0,25.792588590515983,60.486362258015205,716.0,0.17629629629629628,0.6340740740740741,0.18962962962962962,0.0,0.0,0.0,0.0,0.0,0.0,27.163468942547926,2.8932903063089253,0.8888056557835918,0.0,37.0,1.0,4.142151202277873,1.0,4.43328520665903,0,1,1,1
QQQ_1h_1705429800_1708101000_42.png,C:\Users\afierro\CV_chart_pattern_detector\data\images\rendered\train\QQQ_1h_1705429800_1708101000_42.png,train,QQQ,1h,2024-01-16T18:30:00+00:00,2024-02-16T16:30:00+00:00,160,0.0003967815346010348,0.0036058873945482165,0.002464001626486659,1.8716249185472738,0.26894247558512385,-0.0007023916467207014,0.0035976045999972506,0.015961314429403073,0.0008526309994949521,0.0045649530988500775,0.0014742051856690974,0.46152943436344723,0.25134736772049665,0.22785083581760177,0.310619729818951,0.575,0.425,15.0,14.0,9.142857142857142,10.615384615384615,4.916442589080218,8.03954173009536,0.983628616008789,0.017168465767177253,37.0,0.9797179070040836,0.016862219504781156,35.0,0.006904287281170442,1.0,0.12602016629604906,0.003769181374203053,1.0,602.0,21.355477120789182,64.80935443533336,719.0,0.1893687707641196,0.574750830564784,0.23588039867109634,0.0,0.0,0.0,0.0,0.0,0.0,27.16346894254763,2.893290306308801,0.8888056557836014,0.0,37.0,1.0,4.045556799032217,1.0,3.9207711110335826,0,1,1,1
QQQ_1h_1706113800_1709044200_42.png,C:\Users\afierro\CV_chart_pattern_detector\data\images\rendered\train\QQQ_1h_1706113800_1709044200_42.png,train,QQQ,1h,2024-01-24T16:30:00+00:00,2024-02-27T14:30:00+00:00,160,0.00012925686624256163,0.003979316761797773,0.002543486083278266,1.9282489944451533,0.31636062198423787,0.0007640983653252054,0.002405911187990606,0.0016715002121430178,0.00028520131331588594,-0.00028823535464717054,0.011139747598742034,0.4625251359274241,0.2537545941813447,0.22617776454634334,0.3112970995262325,0.5375,0.4625,18.0,14.0,8.764705882352942,11.307692307692308,5.2087657902907205,5.633110434997079,0.9905047890110605,0.025382240405604176,26.0,0.9797179070040836,0.016862219504781156,35.0,0.012106395840118963,1.0,0.01635433256039248,0.001529749183304518,1.0,524.0,18.570606275596692,59.12915116439444,715.0,0.2748091603053435,0.5229007633587787,0.20229007633587787,0.0,0.0,0.0,0.0,0.0,0.0,27.163468942547777,2.8932903063087263,0.8888056557835997,0.0,37.0,1.0,5.847790495410065,1.0,3.8093729767576887,0,1,1,1
QQQ_1h_1706797800_1709667000_42.png,C:\Users\afierro\CV_chart_pattern_detector\data\images\rendered\train\QQQ_1h_1706797800_1709667000_42.png,train,QQQ,1h,2024-02-01T14:30:00+00:00,2024-03-05T19:30:00+00:00,160,0.00020736659638057687,0.003987983831919471,0.002555921945389514,1.9584565162692293,0.33999123115015767,-0.0066171731361455155,-0.024091686140010782,-0.01821676375685688,-0.012705060158480164,-0.018644894960867076,-0.011811442928956861,0.4913406572581101,0.2506425883375865,0.21206787247269965,0.29659147026919036,0.525,0.475,15.0,12.0,9.428571428571429,10.454545454545455,4.711030084332119,5.102050048559213,0.9905047890110605,0.025382240405604176,26.0,0.0,0.0,0.0,0.012106395840118963,1.0,0.1949095789054965,0.0034685695442412353,1.0,750.0,20.80532873328527,60.43338632104318,760.0,0.18933333333333333,0.5693333333333334,0.24133333333333334,0.0,0.0,0.0,0.0,0.0,0.0,12.408232917028123,3.6157994128728115,0.8545452725304162,0.0,47.0,1.0,5.7590515963395665,0.0,0.0,0,1,1,0
QQQ_1h_1707420600_1710347400_42.png,C:\Users\afierro\CV_chart_pattern_detector\data\images\rendered\train\QQQ_1h_1707420600_1710347400_42.png,train,QQQ,1h,2024-02-08T19:30:00+00:00,2024-03-13T16:30:00+00:00,160,0.00013252591282216417,0.0042350877666904405,0.002761147994617133,1.9624044809374808,0.3759874786784013,-0.004823260381775163,-0.00363304834421041,0.005167709126560283,-0.0007543386767320248,0.0036712877078766137,0.0017525552904029684,0.4890962646001866,0.25809661695947156,0.21452981537839108,0.29637392002142227,0.525,0.475,15.0,13.0,10.642857142857142,11.5,5.281872390667952,5.13932095130895,0.9905047890110605,0.025382240405604176,26.0,0.9718920603851777,0.044032256257426634,64.0,0.009645538989316473,1.0,0.046482191340667715,-0.005099536529418202,1.0,636.0,25.558171363746595,58.14856930457029,718.0,0.2783018867924528,0.5518867924528302,0.16981132075471697,0.0,0.0,0.0,0.0,0.0,0.0,12.408232917028325,3.615799412872878,0.8545452725303976,0.0,47.0,1.0,5.747655744807362,1.0,9.82807636492464,0,1,1,1
QQQ_1h_1708104600_1711031400_42.png,C:\Users\afierro\CV_chart_pattern_detector\data\images\rendered\train\QQQ_1h_1708104600_1711031400_42.png,train,QQQ,1h,2024-02-16T17:30:00+00:00,2024-03-21T14:30:00+00:00,160,0.00023118963353461252,0.0043965347173133135,0.002865929606304419,2.0931396649489544,0.2990608934531476,0.01605184314212793,0.02182043781571852,0.021215016033828915,0.014072326310586414,0.019247522730449607,0.020097813161682243,0.48647656369371556,0.2592860692372491,0.21428086448325287,0.2992425718230316,0.4875,0.5125,14.0,14.0,10.846153846153847,11.384615384615385,4.72331329016111,4.863587586953869,0.0,0.0,0.0,0.9718920603851777,0.044032256257426634,64.0,0.009645538989316473,1.0,-0.034280029955011504,0.0004290297433175671,1.0,505.0,11.485143200241692,66.75971651919205,709.0,0.29504950495049503,0.4396039603960396,0.26534653465346536,0.0,0.0,0.0,0.0,0.0,0.0,28.17800784162474,3.8018591707150082,0.6938429982008609,0.0,31.0,0.0,0.0,1.0,9.228761493476085,0,1,0,1
QQQ_1h_1709047800_1711654200_42.png,C:\Users\afierro\CV_chart_pattern_detector\data\images\rendered\train\QQQ_1h_1709047800_1711654200_42.png,train,QQQ,1h,2024-02-27T15:30:00+00:00,2024-03-28T19:30:00+00:00,160,0.00011151606688764864,0.003651411432606675,0.0024477060912081886,1.9195660931964766,0.3731582069056947,-0.001102458467965195,0.0006535452318365831,-0.005086764400964783,-0.0006414684981679297,-0.0007678688014519652,-0.00132205251631623,0.47794340012906333,0.25526127283139205,0.2171501841222987,0.3049064157486379,0.46875,0.53125,15.0,15.0,10.571428571428571,10.714285714285714,3.4026971138953885,4.23848066297677,0.9817194183487697,0.015610155476703903,28.0,0.998502443023428,0.028791897102871392,34.0,0.009347939658645443,1.0,0.12474305858871576,0.010133963996497707,1.0,1972.0,6.001516406301553,62.08168428846894,725.0,0.14452332657200812,0.468052738336714,0.38742393509127787,0.0,0.0,0.0,0.0,0.0,0.0,28.17800784162414,3.8018591707147817,0.6938429982008597,0.0,31.0,1.0,3.696218366921321,1.0,6.632901475108854,0,1,1,1
QQQ_1h_1709670600_1712597400_42.png,C:\Users\afierro\CV_chart_pattern_detector\data\images\rendered\train\QQQ_1h_1709670600_1712597400_42.png,train,QQQ,1h,2024-03-05T20:30:00+00:00,2024-04-08T17:30:00+00:00,160,7.839423332159944e-05,0.0038309403979625268,0.002540429521667165,2.07798117661021,0.36944692301277443,-0.001530508250898066,-0.002117945045710057,-0.002388815458741922,-0.0001346801067242387,-0.0008986493738040169,-0.0031464076231487725,0.45532479371125245,0.25906707145998736,0.23509709606941004,0.30957811021933745,0.49375,0.50625,19.0,17.0,8.444444444444445,9.125,2.813708470414723,3.769560188574126,0.9990822423248459,0.017560389701700065,35.0,0.0,0.0,0.0,0.007665208816895739,1.0,-0.08324002937928453,-0.008935685330426822,1.0,2706.0,5.665183362657726,63.14613383176864,766.0,0.1326681448632668,0.483739837398374,0.3835920177383592,0.0,0.0,0.0,0.0,0.0,0.0,0.0,0.0,0.0,0.0,0.0,1.0,3.9025795336075593,0.0,0.0,0,0,1,0
QQQ_1h_1710351000_1713281400_42.png,C:\Users\afierro\CV_chart_pattern_detector\data\images\rendered\train\QQQ_1h_1710351000_1713281400_42.png,train,QQQ,1h,2024-03-13T17:30:00+00:00,2024-04-16T15:30:00+00:00,160,-0.0001346515627035584,0.003670552919779532,0.002433183966296222,1.9187426989902914,0.35166958179321284,0.002403519747910643,-0.017894499524412688,-0.03168603355619193,-0.004387860933016685,-0.012627514423323882,-0.016601078747687903,0.4503691585610706,0.2516301653793114,0.2445303888287241,0.30510045261020513,0.45625,0.54375,18.0,18.0,8.411764705882353,8.411764705882353,2.9006577994952965,4.197219490546632,0.998611800027734,0.025523932408319922,41.0,0.0,0.0,0.0,0.007665208816895739,1.0,-0.10010281977271172,-0.001571394997124962,1.0,1616.0,-0.3131239116191864,66.74388465790976,762.0,0.14294554455445543,0.43007425742574257,0.42698019801980197,0.0,0.0,0.0,0.0,0.0,0.0,0.0,0.0,0.0,0.0,0.0,1.0,6.090486366268422,0.0,0.0,0,0,1,0
QQQ_1h_1711035000_1713965400_42.png,C:\Users\afierro\CV_chart_pattern_detector\data\images\rendered\train\QQQ_1h_1711035000_1713965400_42.png,train,QQQ,1h,2024-03-21T15:30:00+00:00,2024-04-24T13:30:00+00:00,160,-0.00029747909524035566,0.003518638585783457,0.002398130428668394,1.9880854420377532,0.4362567590789894,0.007413145526081744,0.019751647872952027,0.03064961501076313,0.009084096168382683,0.01859588030155468,0.006204303822565649,0.4535259363138048,0.25926293453233046,0.25673823742136737,0.2897358262648278,0.4375,0.5625,17.0,17.0,7.6875,8.6875,5.647999271577372,7.724757515877403,0.998611800027734,0.025523932408319922,41.0,0.0,0.0,0.0,0.005890907329112218,1.0,-0.33318800463455145,-0.00426792784701129,1.0,808.0,-28.227728094721193,59.722110085711954,713.0,0.15965346534653466,0.19306930693069307,0.6472772277227723,0.0,0.0,0.0,0.0,0.0,0.0,0.0,0.0,0.0,0.0,0.0,1.0,5.883255504948835,0.0,0.0,0,0,1,0
QQQ_1h_1711978200_1714588200_42.png,C:\Users\afierro\CV_chart_pattern_detector\data\images\rendered\train\QQQ_1h_1711978200_1714588200_42.png,train,QQQ,1h,2024-04-01T13:30:00+00:00,2024-05-01T18:30:00+00:00,160,-0.00024319103403828865,0.00401476918187772,0.0027988824221065376,2.345189464554486,0.19727920196423612,0.015234993239451766,0.001269452490476608,-0.009501321070614077,0.008171073564111397,0.00017995338014276108,0.0035247628730896707,0.4528853628590991,0.26062159397175283,0.2591563629185691,0.28795827422233183,0.45,0.55,16.0,14.0,9.133333333333333,10.461538461538462,6.795567357547184,8.190420691860249,0.998611800027734,0.025523932408319922,41.0,0.0,0.0,0.0,0.005401984706949864,1.0,0.05441712613291592,0.0007341995308560767,1.0,970.0,-30.962892884384726,53.683136516279966,780.0,0.15670103092783505,0.14432989690721648,0.6989690721649484,0.0,0.0,0.0,0.0,0.0,0.0,25.25278189344387,1.142681911797754e-13,0.8426891608373677,0.0,59.0,1.0,5.010109316164083,0.0,0.0,0,1,1,0
QQQ_1h_1712601000_1715272200_42.png,C:\Users\afierro\CV_chart_pattern_detector\data\images\rendered\train\QQQ_1h_1712601000_1715272200_42.png,train,QQQ,1h,2024-04-08T18:30:00+00:00,2024-05-09T16:30:00+00:00,160,9.275780673192122e-06,0.0039977900419324195,0.002683917133098241,2.2087515385017897,0.40746768957354185,0.0024996161638100034,0.002362957611123928,0.005149141616204389,0.00215922067017571,0.0017564343758853518,0.016872118799058144,0.44756744086356476,0.2667038921325637,0.25520652652157694,0.2972260326148583,0.45625,0.54375,14.0,12.0,11.153846153846153,13.909090909090908,6.217903871592907,8.441719878152261,0.0,0.0,0.0,0.0,0.0,0.0,0.012659325548523219,1.0,0.22078551173042565,0.010234034850816354,1.0,872.0,-12.190372498278771,58.69379525020778,717.0,0.15940366972477063,0.29701834862385323,0.5435779816513762,0.0,0.0,0.0,0.0,0.0,0.0,11.981390014768092,2.657201538728476,0.8481555575615928,0.0,78.0,0.0,0.0,0.0,0.0,0,1,0,0
QQQ_1h_1713285000_1715956200_42.png,C:\Users\afierro\CV_chart_pattern_detector\data\images\rendered\train\QQQ_1h_1713285000_1715956200_42.png,train,QQQ,1h,2024-04-16T16:30:00+00:00,2024-05-17T14:30:00+00:00,160,0.0002989799663608907,0.003660778088587544,0.0023619620262384858,1.9730885982620279,0.5052344695555285,-0.0010052175029342525,-0.0015235877448799284,0.018813947018426758,-0.0017639019639870135,0.002771031200020202,0.015186160176911656,0.4391899149130947,0.26735752291748804,0.24515074901772455,0.3156593360691808,0.48125,0.51875,13.0,9.0,11.666666666666666,14.5,8.1253976240374,9.547749701127625,0.0,0.0,0.0,0.0,0.0,0.0,0.0030304917485711306,1.0,0.30339666689386774,0.007322876992850949,1.0,835.0,17.083828522844943,61.856122337245424,725.0,0.14491017964071856,0.5856287425149701,0.2694610778443114,0.0,0.0,0.0,0.0,0.0,0.0,0.0,0.0,0.0,0.0,0.0,0.0,0.0,0.0,0.0,0,0,0,0
QQQ_1h_1713969000_1716579000_42.png,C:\Users\afierro\CV_chart_pattern_detector\data\images\rendered\train\QQQ_1h_1713969000_1716579000_42.png,train,QQQ,1h,2024-04-24T14:30:00+00:00,2024-05-24T19:30:00+00:00,160,0.0004556410047866169,0.0033979085619210104,0.0021164873044151574,1.848232773666269,0.5737418465060866,-0.00159127280003879,0.010524268895124145,0.002846485373365848,0.0029727426824357472,0.0030303930418360547,0.006964031335502163,0.44219550728661244,0.26763251176956077,0.2247759873517557,0.3330285053616319,0.53125,0.4625,16.0,12.0,10.066666666666666,13.090909090909092,10.571659969597896,11.627411959529676,0.0,0.0,0.0,0.9939914426355224,0.032856421601569596,30.0,0.003155566212124207,1.0,0.22822289160591333,-0.0073454996896889805,1.0,910.0,22.18571042909727,61.09257647794228,725.0,0.13406593406593406,0.634065934065934,0.23186813186813188,0.0,0.0,0.0,0.0,0.0,0.0,0.0,0.0,0.0,0.0,0.0,0.0,0.0,1.0,7.56485282222536,0,0,0,1
QQQ_1h_1714591800_1717522200_42.png,C:\Users\afierro\CV_chart_pattern_detector\data\images\rendered\train\QQQ_1h_1714591800_1717522200_42.png,train,QQQ,1h,2024-05-01T19:30:00+00:00,2024-06-04T17:30:00+00:00,160,0.0004885631714195538,0.0029558463126765845,0.0019523506896198172,2.1063194264191845,1.2320546978269997,0.006278661463482216,0.01256674856808293,0.008016887903062875,0.007189647316277359,0.011133226202101332,0.002384792297710714,0.4514093575364647,0.27869364056253143,0.21454277651900586,0.3340478659445294,0.53125,0.4625,16.0,13.0,8.666666666666666,10.333333333333334,7.335849275162727,6.392411323239864,0.9889766005316764,0.015408670119843284,54.0,0.9651486811950909,0.02557711217235209,75.0,0.004944855708338689,1.0,-0.04723048435932022,-0.00881306235413678,1.0,640.0,24.960933462437243,62.6414904512581,732.0,0.190625,0.6046875,0.2046875,0.0,0.0,0.0,0.0,0.0,0.0,0.0,0.0,0.0,0.0,0.0,1.0,3.5410596404839856,1.0,5.680263872725226,0,0,1,1
QQQ_1h_1715275800_1718206200_42.png,C:\Users\afierro\CV_chart_pattern_detector\data\images\rendered\train\QQQ_1h_1715275800_1718206200_42.png,train,QQQ,1h,2024-05-09T17:30:00+00:00,2024-06-12T15:30:00+00:00,160,0.00046227758489721565,0.0030145561007144054,0.002003097387200445,1.5822269513357647,0.4200934599959414,0.016043398421290878,0.021689513549356443,0.024359165138931438,0.012300859768911598,0.017535803129252736,0.027561159218538966,0.45970058420509863,0.27289732022532,0.21178790355755273,0.3285115122373486,0.55,0.44375,14.0,13.0,9.923076923076923,11.75,5.886369906075786,6.610606026031047,0.9889766005316764,0.015408670119843284,54.0,0.9744504086701262,0.020888986453337057,51.0,0.007988860259689565,1.0,0.2036743600436706,-0.0004003264862000066,1.0,648.0,16.24690921788598,63.26793085355316,718.0,0.17592592592592593,0.5478395061728395,0.2762345679012346,0.0,0.0,0.0,0.0,0.0,0.0,0.0,0.0,0.0,0.0,0.0,1.0,4.648947485347948,1.0,6.091687663790563,0,0,1,1
QQQ_1h_1715959800_1718976600_42.png,C:\Users\afierro\CV_chart_pattern_detector\data\images\rendered\train\QQQ_1h_1715959800_1718976600_42.png,train,QQQ,1h,2024-05-17T15:30:00+00:00,2024-06-21T13:30:00+00:00,160,0.00038393754586395554,0.003104883316502124,0.0021220239229749935,1.7466136723937224,0.36085715653452916,-0.0018510100359361292,-0.010576176671143411,-0.005244064079764632,-0.005913989172832368,-0.008023278560790215,0.003999907560104932,0.4644069044154356,0.27231780133794825,0.21817430454972303,0.3174187910348414,0.55625,0.4375,14.0,14.0,11.0,11.307692307692308,10.768313327613287,11.411051212553964,0.9936281812021057,0.012481760591276656,26.0,0.0,0.0,0.0,0.007988860259689565,1.0,0.37436673950824967,0.0001711681772661442,1.0,1254.0,15.732850459346361,64.05461210391944,710.0,0.09170653907496013,0.6052631578947368,0.30303030303030304,0.0,0.0,0.0,0.0,0.0,0.0,0.0,0.0,0.0,0.0,0.0,1.0,3.3694634114471333,0.0,0.0,0,0,1,0
QQQ_1h_1716903000_1719599400_42.png,C:\Users\afierro\CV_chart_pattern_detector\data\images\rendered\train\QQQ_1h_1716903000_1719599400_42.png,train,QQQ,1h,2024-05-28T13:30:00+00:00,2024-06-28T18:30:00+00:00,160,0.0002991157325041304,0.003119294230286907,0.002192557143206356,1.9832300550297906,0.21985462958665167,-0.005502654686484698,-0.0024912541280680545,0.0025034736508728894,-0.0032152484307791385,-0.0012115515600172877,0.0003182617359678286,0.4618716131302826,0.2584901022530292,0.2287441588030728,0.3093842280666446,0.5375,0.4625,13.0,13.0,12.333333333333334,10.833333333333334,11.9128474957601,12.75595060585705,0.9913729189381303,0.008892487202339486,37.0,0.0,0.0,0.0,0.0071332531909612034,1.0,0.03470285758131452,-0.0016829654170396253,1.0,293.0,14.05801624771678,59.46456309202209,710.0,0.31399317406143346,0.4880546075085324,0.19795221843003413,0.0,0.0,0.0,0.0,0.0,0.0,0.0,0.0,0.0,0.0,0.0,1.0,2.288862702325874,0.0,0.0,0,0,1,0
QQQ_1h_1717525800_1720618200_42.png,C:\Users\afierro\CV_chart_pattern_detector\data\images\rendered\train\QQQ_1h_1717525800_1720618200_42.png,train,QQQ,1h,2024-06-04T18:30:00+00:00,2024-07-10T13:30:00+00:00,160,0.0006173979287303284,0.0026950584608213873,0.0019098990725956702,1.9597077371542972,0.2545784479423902,0.006845002763932184,0.007342982124965758,0.008165524285345116,0.004633840049742544,0.0059779434635287565,0.022354602945274804,0.45184348249848744,0.25398691296188924,0.24378368531198732,0.3043728321895253,0.59375,0.40625,13.0,12.0,11.666666666666666,12.636363636363637,9.702913968951464,9.446671366089609,0.9913729189381303,0.008892487202339486,37.0,0.0,0.0,0.0,0.0071332531909612034,1.0,0.2941984113146866,0.001843537312823483,1.0,283.0,7.063599845756491,63.43464068051217,710.0,0.3462897526501767,0.3992932862190813,0.254416961130742,0.0,0.0,0.0,0.0,0.0,0.0,0.0,0.0,0.0,0.0,0.0,1.0,2.31472091278563,0.0,0.0,0,0,1,0
QQQ_1h_1718209800_1721241000_42.png,C:\Users\afierro\CV_chart_pattern_detector\data\images\rendered\train\QQQ_1h_1718209800_1721241000_42.png,train,QQQ,1h,2024-06-12T16:30:00+00:00,2024-07-17T18:30:00+00:00,160,0.00011577722975200463,0.0032710855895148132,0.0021733584417922705,1.927472047992468,0.3519307354144878,-0.003751354832386977,-0.02209366165980653,-0.03004154300344508,-0.010436347868681972,-0.018549169327446546,-0.02436898458222858,0.4567252087914799,0.2524582781584939,0.24819286637317703,0.2950819248353431,0.5625,0.4375,14.0,12.0,10.0,11.818181818181818,8.247532167349883,7.203795830691741,0.9979820186496208,0.017931900812094816,29.0,0.0,0.0,0.0,0.011997890233338885,1.0,0.10569549717927901,-0.011707873156065092,1.0,416.0,11.485572578958594,61.977003238823194,717.0,0.2692307692307692,0.4951923076923077,0.23557692307692307,0.0,0.0,0.0,0.0,0.0,0.0,20.611722322533065,2.5520616613724334,0.9176596717266284,0.0,35.0,1.0,4.7618157688836575,0.0,0.0,0,1,1,0
QQQ_1h_1718980200_1721925000_42.png,C:\Users\afierro\CV_chart_pattern_detector\data\images\rendered\train\QQQ_1h_1718980200_1721925000_42.png,train,QQQ,1h,2024-06-21T14:30:00+00:00,2024-07-25T16:30:00+00:00,160,-0.00020158466264839068,0.004100368511462344,0.0026663013919231726,2.3022485431362583,0.479724903442611,0.0034314739629057733,-0.006645102728429109,-0.03583600251380792,-1.8746577814199306e-05,-0.016907166344501845,-0.027963004409747527,0.46902570397608906,0.25613739095573373,0.2553221139281984,0.2756521820957125,0.525,0.475,13.0,12.0,10.75,13.090909090909092,8.561899625400454,10.14339177013811,0.9663500222260775,0.036268052997473155,42.0,0.0,0.0,0.0,0.011997890233338885,1.0,-0.4462441195359631,-0.0032486915468704675,1.0,270.0,0.7444396985901727,64.22724079743088,760.0,0.3962962962962963,0.3148148148148148,0.28888888888888886,0.0,0.0,0.0,0.0,0.0,0.0,20.611722322533147,2.55206166137258,0.9176596717266325,0.0,35.0,1.0,7.914702047546303,0.0,0.0,0,1,1,0
QQQ_1h_1719603000_1722609000_42.png,C:\Users\afierro\CV_chart_pattern_detector\data\images\rendered\train\QQQ_1h_1719603000_1722609000_42.png,train,QQQ,1h,2024-06-28T19:30:00+00:00,2024-08-02T14:30:00+00:00,160,-0.0004237024482436724,0.005345063317447462,0.003275480120823827,2.70027077261037,0.6726324110496952,-0.022754607259079407,-0.05157091837018957,-0.021770318846204395,-0.028363146575132947,-0.033742012605685545,-0.0354060405373825,0.4676573422902285,0.2631934807148934,0.2587536019280866,0.2735890557816849,0.5,0.5,14.0,11.0,11.307692307692308,10.5,13.781886800417839,14.983010872058022,0.9788816137028609,0.04977890828185956,70.0,0.0,0.0,0.0,0.015515385115449658,1.0,-0.3039039425820846,-0.017764375788485363,1.0,343.0,-18.825077724004974,60.72587019050203,750.0,0.3119533527696793,0.1924198250728863,0.4956268221574344,0.0,0.0,0.0,0.0,0.0,0.0,20.611722322533296,2.5520616613723472,0.917659671726629,0.0,35.0,1.0,9.114763487361586,0.0,0.0,0,1,1,0
QQQ_1h_1720621800_1723231800_42.png,C:\Users\afierro\CV_chart_pattern_detector\data\images\rendered\train\QQQ_1h_1720621800_1723231800_42.png,train,QQQ,1h,2024-07-10T14:30:00+00:00,2024-08-09T19:30:00+00:00,160,-0.0006258715096140142,0.0069206864196199504,0.004358647307098513,3.4092335317834186,1.0206960893410475,0.006838441795530503,0.0057607060819737654,0.00834827906946245,0.0037765417489363795,0.010891972793818594,0.007726936770381165,0.4657418238439844,0.26169426826482733,0.2575010516544804,0.2767571245015352,0.48125,0.5125,17.0,16.0,9.4375,9.666666666666666,19.277248967206813,21.18052227517818,0.9788816137028609,0.04977890828185956,70.0,0.0,0.0,0.0,0.01920026342469433,1.0,-0.3413631576917223,-0.0023251896723101174,1.0,688.0,-25.446226109512324,58.432132123623404,716.0,0.18895348837209303,0.19767441860465115,0.6133720930232558,0.0,0.0,0.0,0.0,0.0,0.0,0.0,0.0,0.0,0.0,0.0,1.0,7.2722482812723905,0.0,0.0,0,0,1,0
QQQ_1h_1721244600_1724088600_42.png,C:\Users\afierro\CV_chart_pattern_detector\data\images\rendered\train\QQQ_1h_1721244600_1724088600_42.png,train,QQQ,1h,2024-07-17T19:30:00+00:00,2024-08-19T17:30:00+00:00,160,-2.0079466211024954e-05,0.006857867695084988,0.0042343423023737045,3.5252279080946423,0.927230335488708,0.006616571920412984,0.00663777070859517,0.033803614290840445,0.0050574740879278934,0.008856503141714045,0.03422406105843723,0.45321932299428863,0.2590866817120613,0.25072985082794413,0.29605082617776723,0.51875,0.475,16.0,16.0,8.533333333333333,9.466666666666667,12.063132113572575,13.753705515862423,0.9814996040261663,0.04852179941496583,48.0,0.0,0.0,0.0,0.01920026342469433,1.0,0.5331998482591059,0.02451427079703066,1.0,505.0,-14.819807193184843,60.46910107894915,710.0,0.2316831683168317,0.25544554455445545,0.5128712871287129,0.0,0.0,0.0,0.0,0.0,0.0,26.851103576222222,0.615917269409537,0.7979977651394686,0.0,80.0,1.0,6.781204267686362,0.0,0.0,0,1,1,0
QQQ_1h_1721928600_1724772600_42.png,C:\Users\afierro\CV_chart_pattern_detector\data\images\rendered\train\QQQ_1h_1721928600_1724772600_42.png,train,QQQ,1h,2024-07-25T17:30:00+00:00,2024-08-27T15:30:00+00:00,160,0.00018560128081838526,0.006560740953024378,0.0039075362670018725,3.3862112852150554,1.0045720009409678,0.0019885218942921057,0.00037798323024018643,-0.0012482935986544152,0.0008806205975946391,-0.00182379688548584,-0.004658087803433908,0.433005179402597,0.2615533866512397,0.2432721753511485,0.32372264524625444,0.53125,0.4625,18.0,16.0,8.352941176470589,9.666666666666666,13.29230610863267,15.726583098120992,0.0,0.0,0.0,0.0,0.0,0.0,0.010409083088460596,1.0,0.3157413970904357,0.008548142258255445,1.0,426.0,6.333328901322235,60.8386751659008,710.0,0.27230046948356806,0.4413145539906103,0.2863849765258216,0.0,0.0,0.0,0.0,0.0,0.0,26.851103576222382,0.6159172694093831,0.7979977651394723,0.0,80.0,0.0,0.0,0.0,0.0,0,1,0,0
QQQ_1h_1722612600_1725543000_42.png,C:\Users\afierro\CV_chart_pattern_detector\data\images\rendered\train\QQQ_1h_1722612600_1725543000_42.png,train,QQQ,1h,2024-08-02T15:30:00+00:00,2024-09-05T13:30:00+00:00,160,0.00022148836639220617,0.005849268117034823,0.0035377308966000184,3.2490558329001713,0.9926675817973777,0.00462924229174444,0.004042612152030278,-0.015616500630758923,0.004882730188326301,-0.003554736191923036,-0.014350153613322258,0.42784699761289496,0.2630052473485446,0.25318695409158104,0.31896604829552405,0.55,0.44375,18.0,16.0,8.823529411764707,9.8,13.994121345153694,16.04961209472125,0.9842441299867354,0.02627014118224742,36.0,0.0,0.0,0.0,0.010409083088460596,1.0,-0.2395906629888786,-0.008079183038848848,1.0,359.0,8.389967903453327,63.108948708488775,721.0,0.31754874651810583,0.4401114206128134,0.24233983286908078,0.0,0.0,0.0,0.0,0.0,0.0,0.0,0.0,0.0,0.0,0.0,1.0,4.025881714143985,0.0,0.0,0,0,1,0
QQQ_1h_1723469400_1726165800_42.png,C:\Users\afierro\CV_chart_pattern_detector\data\images\rendered\train\QQQ_1h_1723469400_1726165800_42.png,train,QQQ,1h,2024-08-12T13:30:00+00:00,2024-09-12T18:30:00+00:00,160,0.00028853179855972005,0.004667221383293777,0.003192440746714954,2.9548774834689384,0.565333150090992,0.008096514978900515,0.024445184357952288,0.03577063767977684,0.008494041489206072,0.022067645906781896,0.03017823658303853,0.45766964753298955,0.27018770421550825,0.23177420752620578,0.31055614494080463,0.5375,0.4625,17.0,15.0,8.125,10.142857142857142,9.701439253149315,9.77412929784658,0.9572964469750254,0.029282418017832018,63.0,0.9857213787546895,0.021482656461129155,36.0,0.010258176089697344,1.0,-0.21077165313019736,-0.00379618198733109,1.0,979.0,-18.566910468582236,60.79188441603298,781.0,0.15321756894790603,0.2696629213483146,0.5771195097037793,0.0,0.0,0.0,0.0,0.0,0.0,0.0,0.0,0.0,0.0,0.0,1.0,4.939940339577145,1.0,3.4354130344742497,0,0,1,1
QQQ_1h_1724092200_1726849800_42.png,C:\Users\afierro\CV_chart_pattern_detector\data\images\rendered\train\QQQ_1h_1724092200_1726849800_42.png,train,QQQ,1h,2024-08-19T18:30:00+00:00,2024-09-20T16:30:00+00:00,160,4.228253976232888e-05,0.004916696899499322,0.003253732223675892,2.7277875438421857,0.5247558684867206,-0.0033718890185645556,-0.005860254150685362,0.018993255537604448,-0.003041094135857958,0.005689701218724474,0.014272382260529959,0.4437460827874197,0.27114389560817614,0.23091274728678762,0.3253411699257927,0.48125,0.51875,18.0,13.0,8.411764705882353,11.916666666666666,9.529793047122942,9.44760308336128,0.9572964469750254,0.029282418017832018,63.0,0.9507301595144683,0.03669125984614627,59.0,0.008838380845829646,1.0,0.4201647690971103,0.006635735267736807,1.0,1434.0,-12.815905023901367,59.123712568697925,733.0,0.14225941422594143,0.3214783821478382,0.5362622036262203,0.0,0.0,0.0,0.0,0.0,0.0,10.495356954893849,0.557034464101501,0.4902902612722371,0.0,72.0,1.0,5.332121363782941,1.0,6.3953789466596,0,1,1,1
QQQ_1h_1724776200_1727706600_42.png,C:\Users\afierro\CV_chart_pattern_detector\data\images\rendered\train\QQQ_1h_1724776200_1727706600_42.png,train,QQQ,1h,2024-08-27T16:30:00+00:00,2024-09-30T14:30:00+00:00,160,0.0001370855156036186,0.004707508054677596,0.0030778279516642973,2.721707677173166,0.4272808690049097,0.0013986203601539238,-0.00521001099266305,0.0025520618929522065,-0.0009817852511699865,-0.0010281492904528067,0.0036257203704956886,0.4419235578052742,0.2641766998455814,0.23988008439660619,0.3181963577981196,0.48125,0.51875,18.0,15.0,8.0,9.928571428571429,11.281088863858319,11.848411003808382,0.9730477834123316,0.021470571609465985,27.0,0.9507301595144683,0.03669125984614627,59.0,0.005953465022863926,1.0,0.225838479758763,0.005361547352873288,1.0,489.0,11.895701394368778,61.55473284813402,718.0,0.21881390593047034,0.5112474437627812,0.26993865030674846,0.0,0.0,0.0,0.0,0.0,0.0,14.58156968926501,6.232592841080394,0.6056884357547582,0.0,38.0,1.0,3.8182671256998546,1.0,6.409185956078956,0,1,1,1
QQQ_1h_1725546600_1728329400_42.png,C:\Users\afierro\CV_chart_pattern_detector\data\images\rendered\train\QQQ_1h_1725546600_1728329400_42.png,train,QQQ,1h,2024-09-05T14:30:00+00:00,2024-10-07T19:30:00+00:00,160,0.0003243253261912294,0.004436495992773374,0.0028389810580896715,2.9738166543381475,0.9275948816866473,-0.007657790007927434,-0.007065012141909244,0.0007577206091515798,-0.006396019661759067,-0.0035216669809756684,-0.004084702684486685,0.4511535849539115,0.2674699900707355,0.2279556727433997,0.3208907423026887,0.525,0.475,19.0,13.0,8.277777777777779,11.333333333333334,11.407519034991873,12.320192486045919,0.9912189832229104,0.010909480920654016,40.0,0.9507301595144683,0.03669125984614627,59.0,0.01178650830440836,1.0,-0.01834848889486094,-0.003808226942131974,1.0,437.0,12.643016546078078,62.47416580873684,714.0,0.26773455377574373,0.4988558352402746,0.2334096109839817,0.0,0.0,0.0,0.0,0.0,0.0,14.581569689264562,6.232592841080308,0.6056884357547547,0.0,38.0,1.0,1.929360061899706,1.0,5.884027662117503,0,1,1,1
QQQ_1h_1726169400_1729013400_42.png,C:\Users\afierro\CV_chart_pattern_detector\data\images\rendered\train\QQQ_1h_1726169400_1729013400_42.png,train,QQQ,1h,2024-09-12T19:30:00+00:00,2024-10-15T17:30:00+00:00,160,0.00024310631859555308,0.0038236758694446486,0.0022850822684934787,2.272035334817848,0.39585589941041516,-0.0074343286379419116,-0.011627436548639403,-0.0025984546557799026,-0.0071103878243103935,-0.006260306001410809,0.0004163358276869644,0.4166714364253915,0.2478527484664356,0.2466392785499792,0.3366892850246293,0.55625,0.44375,18.0,13.0,8.764705882352942,10.666666666666666,5.931083485027329,6.610999601823641,0.9912189832229104,0.010909480920654016,40.0,0.0,0.0,0.0,0.01178650830440836,1.0,0.20474056846593808,0.004717071016477472,1.0,806.0,21.339946232865525,57.607671453006624,765.0,0.18362282878411912,0.6054590570719603,0.2109181141439206,0.0,0.0,0.0,0.0,0.0,0.0,13.80842182041615,0.7961423113388538,0.7954648770328544,0.0,77.0,1.0,2.480368907600952,0.0,0.0,0,1,1,0
QQQ_1h_1726853400_1729697400_42.png,C:\Users\afierro\CV_chart_pattern_detector\data\images\rendered\train\QQQ_1h_1726853400_1729697400_42.png,train,QQQ,1h,2024-09-20T17:30:00+00:00,2024-10-23T15:30:00+00:00,160,0.0001184269049616185,0.0030690094576505613,0.0020614552841455593,2.180147075540608,0.2690705555141207,-0.013669003727418083,-0.010858210886264263,-0.011237749406623254,-0.00926856442101609,-0.009607572467502878,-0.008345864218455623,0.42660939758830985,0.24655178206734232,0.2542652397703099,0.3191253626413802,0.55,0.45,20.0,14.0,7.947368421052632,11.23076923076923,5.13312950041087,5.079608074272631,0.9871937156562951,0.012908936540775032,27.0,0.0,0.0,0.0,0.006916399091216396,1.0,0.044918078544603356,-0.00173863899575506,1.0,2252.0,14.69493320647819,60.96583372594172,717.0,0.10568383658969804,0.5759325044404974,0.31838365896980464,0.0,0.0,0.0,0.0,0.0,0.0,15.560829332003092,4.248414782333956,0.8144826322733069,0.0,35.0,1.0,2.9833121910316183,0.0,0.0,0,1,1,0
QQQ_1h_1727710200_1730381400_42.png,C:\Users\afierro\CV_chart_pattern_detector\data\images\rendered\train\QQQ_1h_1727710200_1730381400_42.png,train,QQQ,1h,2024-09-30T15:30:00+00:00,2024-10-31T13:30:00+00:00,160,4.096341016080757e-06,0.0035796119209815197,0.0022635810852045988,2.201068248563155,0.2755080136133099,-0.022972617267687956,-0.028459673701455634,-0.019806357332271873,-0.02164763076188536,-0.021202214711115053,-0.016537751593029837,0.4452828698248449,0.2473837636111811,0.23218312539976482,0.3225340047753903,0.525,0.475,17.0,13.0,9.125,11.333333333333334,5.796058815478443,5.45260669349691,0.993362589320603,0.015135351396554567,41.0,0.9894997526130375,0.021246489197070884,60.0,0.009082682988207108,1.0,0.08295426080330989,-0.008687607433540946,1.0,800.0,30.171245665177704,52.32895462147798,780.0,0.20125,0.67125,0.1275,0.0,0.0,0.0,0.0,0.0,0.0,15.560829332002754,4.248414782333668,0.8144826322732805,0.0,35.0,1.0,3.5678826259750394,1.0,4.92498753268636,0,1,1,1
QQQ_1h_1728394200_1731007800_42.png,C:\Users\afierro\CV_chart_pattern_detector\data\images\rendered\train\QQQ_1h_1728394200_1731007800_42.png,train,QQQ,1h,2024-10-08T13:30:00+00:00,2024-11-07T19:30:00+00:00,160,0.0003503426010289495,0.003769165461496405,0.0022118662896465657,2.2202179670199653,0.2501836662157685,0.0036331273931271557,0.018110515140451033,0.047863772669656024,0.00833740626444257,0.022924833140053114,0.037285710667033456,0.4297414986358786,0.23854981885368784,0.23885758385397357,0.3314009175101477,0.5125,0.4875,15.0,13.0,9.0,10.416666666666666,3.3085873041474234,3.520223050094666,0.9921827714633484,0.02666610324298908,36.0,0.9894997526130375,0.021246489197070884,60.0,0.011498183220429888,1.0,0.10896727413959206,-0.008160043107584433,1.0,790.0,3.3784761104402663,69.42051212580098,764.0,0.1341772151898734,0.46962025316455697,0.3962025316455696,0.0,0.0,0.0,0.0,0.0,0.0,15.560829332002704,4.248414782333678,0.8144826322733074,0.0,35.0,1.0,6.128955689491346,1.0,4.884390615805875,0,1,1,1
QQQ_1h_1729017000_1731691800_42.png,C:\Users\afierro\CV_chart_pattern_detector\data\images\rendered\train\QQQ_1h_1729017000_1731691800_42.png,train,QQQ,1h,2024-10-15T18:30:00+00:00,2024-11-15T17:30:00+00:00,160,9.061652543672421e-05,0.0039679314701966725,0.0022225052456904546,2.1639431091908605,0.27895222672218417,-0.024632863051749387,-0.029586495319337547,-0.03275234474403821,-0.017609442928754326,-0.024894320045743434,-0.02857033410774401,0.431227470341061,0.2457207713756777,0.24362826597971665,0.32514426367922233,0.44375,0.55625,16.0,13.0,8.933333333333334,11.5,9.201855337083746,9.68472178647495,0.9921827714633484,0.02666610324298908,36.0,0.0,0.0,0.0,0.011498183220429888,1.0,0.36460665109511914,-0.00015923067469224704,1.0,766.0,7.0365488678606,65.28852487684301,766.0,0.15013054830287206,0.5013054830287206,0.34856396866840733,0.0,0.0,0.0,0.0,0.0,0.0,21.113944414630616,6.189065366441503,0.7177280401062307,0.0,36.0,1.0,6.2849390968896,0.0,0.0,0,1,1,0
QQQ_1h_1729701000_1732548600_42.png,C:\Users\afierro\CV_chart_pattern_detector\data\images\rendered\train\QQQ_1h_1729701000_1732548600_42.png,train,QQQ,1h,2024-10-23T16:30:00+00:00,2024-11-25T15:30:00+00:00,160,0.0002652374792998702,0.004218657521628391,0.0024112363947978942,2.2684212046502887,0.34299501119901427,0.005383156323769622,0.005980412982631078,0.01579682823448958,0.004768656221372236,0.007753529616971289,0.01064315823432116,0.4554929991647227,0.2604053886690643,0.23778608694787856,0.30672091388739875,0.49375,0.50625,15.0,14.0,10.214285714285714,10.692307692307692,8.674189336753432,8.929487476296567,0.9987370891559435,0.007140682207858474,27.0,0.0,0.0,0.0,0.0076694825411615505,1.0,-0.17481133505261912,-0.0064863700758322025,1.0,563.0,10.376549716423503,64.12249915099758,726.0,0.2682060390763766,0.4689165186500888,0.26287744227353466,0.0,0.0,0.0,0.0,0.0,0.0,0.0,0.0,0.0,0.0,0.0,1.0,1.7182459338914509,0.0,0.0,0,0,1,0
QQQ_1h_1730385000_1733333400_42.png,C:\Users\afierro\CV_chart_pattern_detector\data\images\rendered\train\QQQ_1h_1730385000_1733333400_42.png,train,QQQ,1h,2024-10-31T14:30:00+00:00,2024-12-04T17:30:00+00:00,160,0.0004520119648011557,0.003937071276255727,0.0023239459246320524,2.2123260659933743,0.33682646017637974,0.008860205140569732,0.010228254613402932,0.02323116637133693,0.006335199080681919,0.01056669641040986,0.022361281313423076,0.45457529333136665,0.26289187907827116,0.2596874747193364,0.28573723194929695,0.5625,0.43125,15.0,15.0,10.214285714285714,10.285714285714286,8.926063977779764,9.447439719143032,0.9987370891559435,0.007140682207858474,27.0,0.0,0.0,0.0,0.0076694825411615505,1.0,0.25164395889876284,-0.0006161142807911412,1.0,777.0,10.845555514979393,65.02995573060971,716.0,0.17245817245817247,0.5135135135135135,0.31402831402831405,0.0,0.0,0.0,0.0,0.0,0.0,13.48962922756815,4.689662129258758,0.7750357736512913,0.0,59.0,1.0,1.7593238394501045,0.0,0.0,0,1,1,0
QQQ_1h_1731011400_1734017400_42.png,C:\Users\afierro\CV_chart_pattern_detector\data\images\rendered\train\QQQ_1h_1731011400_1734017400_42.png,train,QQQ,1h,2024-11-07T20:30:00+00:00,2024-12-12T15:30:00+00:00,160,0.0001831197900585409,0.0034556863203767585,0.002154899051545126,1.9171717650982658,0.455198625727388,-0.003527591081273429,0.014830294590342241,0.009574375266240054,-0.0001826665933367666,0.005721762018386034,0.009460496909985183,0.4726891954160961,0.26759288124420366,0.24321693996940894,0.28409386461449493,0.575,0.41875,15.0,15.0,10.785714285714286,9.857142857142858,8.538865262042847,8.57882372026438,0.0,0.0,0.0,0.9662524493621168,0.03125033996088193,56.0,0.00576641697692942,1.0,0.3187143553829072,-0.0008546433106872554,1.0,922.0,12.438173573924766,62.213779056977465,715.0,0.16377440347071584,0.5433839479392625,0.2928416485900217,0.0,0.0,0.0,0.0,0.0,0.0,13.489629227568223,4.689662129258908,0.775035773651301,0.0,59.0,0.0,0.0,1.0,8.525799969580124,0,1,0,1
QQQ_1h_1731695400_1734640200_42.png,C:\Users\afierro\CV_chart_pattern_detector\data\images\rendered\train\QQQ_1h_1731695400_1734640200_42.png,train,QQQ,1h,2024-11-15T18:30:00+00:00,2024-12-19T20:30:00+00:00,160,0.0002476096311747827,0.00376261350257339,0.002404496790290727,2.0253646023216794,0.4277387032059015,-0.0035272144007910677,-0.030672462729527727,-0.04144302850878745,-0.00876299598482555,-0.0247635968064025,-0.02877981910917915,0.48855593302768485,0.2806298399808328,0.2395869604231285,0.27185710654918677,0.56875,0.425,15.0,16.0,10.142857142857142,9.866666666666667,12.283756090245348,12.452097525110998,0.976676229243941,0.025003072172167164,44.0,0.9531498957641676,0.031382493522035884,64.0,0.006343703642482899,1.0,0.07670623664838261,-0.013702194341081476,1.0,374.0,19.649728489432107,56.37648362883115,749.0,0.2914438502673797,0.5427807486631016,0.1657754010695187,0.0,0.0,0.0,0.0,0.0,0.0,0.0,0.0,0.0,0.0,0.0,1.0,6.739068377000745,1.0,8.196712792541609,0,0,1,1
QQQ_1h_1732552200_1735659000_42.png,C:\Users\afierro\CV_chart_pattern_detector\data\images\rendered\train\QQQ_1h_1732552200_1735659000_42.png,train,QQQ,1h,2024-11-25T16:30:00+00:00,2024-12-31T15:30:00+00:00,160,0.0001069907941336111,0.004243799933698038,0.0026480909319649723,2.350229450860617,0.6559960083469724,-0.009152444576333019,-0.018007222090435038,-0.0323213559173775,-0.006686859922695687,-0.013918764464969313,-0.015521265204268997,0.507444812377824,0.2762980958707325,0.23483411869579748,0.25772106892637847,0.56875,0.425,14.0,14.0,11.0,10.538461538461538,7.521669236489647,8.293605615467065,0.976676229243941,0.025003072172167164,44.0,0.9531498957641676,0.031382493522035884,64.0,0.01104746213629299,1.0,-0.1979953191786692,-0.005690449637832848,1.0,560.0,4.276781147505556,65.28386029811877,718.0,0.24285714285714285,0.4392857142857143,0.31785714285714284,0.0,0.0,0.0,0.0,0.0,0.0,0.0,0.0,0.0,0.0,0.0,1.0,5.829664381982721,1.0,7.0958760428730265,0,0,1,1
QQQ_1h_1733337000_1736368200_42.png,C:\Users\afierro\CV_chart_pattern_detector\data\images\rendered\train\QQQ_1h_1733337000_1736368200_42.png,train,QQQ,1h,2024-12-04T18:30:00+00:00,2025-01-08T20:30:00+00:00,160,-7.629004473875899e-05,0.00457648148042315,0.002982797531307802,2.5481125722023465,0.7458931413767781,0.008138617649397828,-0.004385917845173726,-0.02353517698715868,0.0007646192914851913,-0.006772261047167771,-0.0022585585367242977,0.5062729066468015,0.274666176182863,0.21536645319686767,0.278360640156331,0.53125,0.46875,14.0,15.0,10.384615384615385,10.5,6.389531289041888,8.008701183542584,0.976676229243941,0.025003072172167164,44.0,0.9899209150450161,0.012694045221429253,26.0,0.01104746213629299,1.0,-0.09962812120569105,2.1424758864959997e-05,1.0,693.0,-29.678216212325626,60.03091190285331,733.0,0.21933621933621933,0.17893217893217894,0.6017316017316018,0.0,0.0,0.0,0.0,0.0,0.0,0.0,0.0,0.0,0.0,0.0,1.0,5.389365590985007,1.0,2.7042819380487937,0,0,1,1
QQQ_1h_1734021000_1737138600_42.png,C:\Users\afierro\CV_chart_pattern_detector\data\images\rendered\train\QQQ_1h_1734021000_1737138600_42.png,train,QQQ,1h,2024-12-12T16:30:00+00:00,2025-01-17T18:30:00+00:00,160,-5.576809134864709e-05,0.005255318316436381,0.0034570637844572143,2.9770027677687922,0.6700715686407276,0.004618626209568211,0.010007983448798052,0.03435339137533733,0.007321696063924854,0.010723504245116589,0.02071816334006682,0.5042016582606094,0.2779224239369371,0.21910655106155205,0.2766917906778386,0.50625,0.49375,15.0,15.0,10.357142857142858,10.714285714285714,9.068048859330833,9.89520262552784,0.0,0.0,0.0,0.9738310380080883,0.02216950637498374,27.0,0.012421278532815402,1.0,-0.020146261466480384,-0.0017901164276826064,1.0,1241.0,-24.883164423785797,60.46274817834761,709.0,0.12651087832393232,0.233682514101531,0.6398066075745367,0.0,0.0,0.0,0.0,0.0,0.0,0.0,0.0,0.0,0.0,0.0,0.0,0.0,1.0,3.8687445154917737,0,0,0,1
QQQ_1h_1734705000_1738081800_42.png,C:\Users\afierro\CV_chart_pattern_detector\data\images\rendered\train\QQQ_1h_1734705000_1738081800_42.png,train,QQQ,1h,2024-12-20T14:30:00+00:00,2025-01-28T16:30:00+00:00,160,7.241160108978036e-05,0.00542142105357769,0.003480066608125236,3.4375504700862587,0.9401398664975126,0.017985594359046342,0.008628566299269114,-0.01722584728695553,0.011587049447529196,-0.003325390702311748,-0.005493146531513338,0.5074871653956734,0.2678778806257325,0.21585837738117056,0.2766544572231561,0.5375,0.4625,15.0,14.0,8.571428571428571,11.23076923076923,7.747906581580384,7.9914210390296025,0.0,0.0,0.0,0.9857852065931222,0.03610619599465551,66.0,0.013277082885727364,1.0,0.2978293320968349,-0.003353117978346877,1.0,603.0,-11.721397885932259,63.751711135058926,778.0,0.23217247097844113,0.29850746268656714,0.4693200663349917,0.0,0.0,0.0,0.0,0.0,0.0,0.0,0.0,0.0,0.0,0.0,0.0,0.0,1.0,5.5897305805691495,0,0,0,1
QQQ_1h_1735662600_1738765800_42.png,C:\Users\afierro\CV_chart_pattern_detector\data\images\rendered\train\QQQ_1h_1735662600_1738765800_42.png,train,QQQ,1h,2024-12-31T16:30:00+00:00,2025-02-05T14:30:00+00:00,160,0.00013825878595685737,0.005132146195704919,0.0033489826506210314,3.0719206145281475,0.48733432069845545,-0.002138783131469868,0.006093820509927905,-0.015561435485274888,-0.0002650998675176597,0.000442015132563478,0.0032506533088798584,0.4920103964905721,0.26482581780448994,0.2174730710826484,0.29051653242677955,0.525,0.475,16.0,14.0,10.0,11.0,7.5529465824165,8.15660999805352,0.0,0.0,0.0,0.9857852065931222,0.03610619599465551,66.0,0.013277082885727364,1.0,-0.0878443267722119,-0.0016225044709418037,1.0,1017.0,16.250732702374343,62.908739470452446,731.0,0.1543756145526057,0.5427728613569321,0.3028515240904621,0.0,0.0,0.0,0.0,0.0,0.0,11.282224888708821,2.75704791135543,0.8859246945709739,0.0,102.0,0.0,0.0,1.0,6.22647269239249,0,1,0,1
QQQ_1h_1736519400_1739388600_42.png,C:\Users\afierro\CV_chart_pattern_detector\data\images\rendered\train\QQQ_1h_1736519400_1739388600_42.png,train,QQQ,1h,2025-01-10T14:30:00+00:00,2025-02-12T19:30:00+00:00,160,0.00026517699067790006,0.004676552704012557,0.002912358428265467,3.2465963711022283,1.1250931933493276,0.006789560363614999,0.0018668638491960987,-0.001935377699433527,0.0019189971228810165,0.00041186244706814534,0.004416279319147565,0.4850015422109486,0.2654680038352314,0.23723557880739604,0.2777628789816553,0.53125,0.46875,16.0,15.0,9.933333333333334,10.571428571428571,7.583689392357624,8.12313527175602,0.0,0.0,0.0,0.0,0.0,0.0,0.0065184819848886095,1.0,0.10478680302601398,0.005813166666200114,1.0,1379.0,25.031902959201542,57.66008180717511,710.0,0.1363306744017404,0.6562726613488035,0.20739666424945613,0.0,0.0,0.0,0.0,0.0,0.0,34.3515005708589,0.9809314506304392,0.9221982062557409,0.0,34.0,0.0,0.0,0.0,0.0,0,1,0,0
QQQ_1h_1737142200_1740159000_42.png,C:\Users\afierro\CV_chart_pattern_detector\data\images\rendered\train\QQQ_1h_1737142200_1740159000_42.png,train,QQQ,1h,2025-01-17T19:30:00+00:00,2025-02-21T17:30:00+00:00,160,9.452173948135221e-05,0.004033239145518773,0.0025792053051071945,2.4299671259939126,0.5895685954458393,-0.015350082106992846,-0.011411823447151193,-0.016119294266866313,-0.010089192172071826,-0.013998202065789722,-0.010079628288100051,0.49130710313178494,0.2615375063209204,0.2420531643665976,0.26663973250161754,0.55,0.45,14.0,15.0,11.538461538461538,10.285714285714286,5.8523682564672,7.474601536067678,0.0,0.0,0.0,0.0,0.0,0.0,0.0065184819848886095,1.0,0.17763659785288996,-0.0003461195010134562,1.0,1442.0,14.96740206278313,58.40333730179282,769.0,0.13800277392510402,0.579750346740638,0.28224687933425796,0.0,0.0,0.0,0.0,0.0,0.0,34.35150057085872,0.9809314506302957,0.922198206255732,0.0,34.0,0.0,0.0,0.0,0.0,0,1,0,0
QQQ_1h_1738085400_1741015800_42.png,C:\Users\afierro\CV_chart_pattern_detector\data\images\rendered\train\QQQ_1h_1738085400_1741015800_42.png,train,QQQ,1h,2025-01-28T17:30:00+00:00,2025-03-03T15:30:00+00:00,160,-0.0001610865381932824,0.004067739244771375,0.002866094105916581,2.6271341067102183,0.6870607584047106,0.013807028683547662,0.014090737113012564,-0.012812198551610865,0.0070712384523377025,-0.00026624665709062967,-0.019720651008823586,0.4947107519654388,0.26026098336061293,0.24183542396279992,0.2634538240717613,0.525,0.475,13.0,17.0,11.166666666666666,9.125,7.753229433068643,10.735878597150473,0.9601282496008388,0.03701964890385406,32.0,0.0,0.0,0.0,0.006719510095352845,1.0,-0.4945925476961259,-0.01266549076876506,1.0,1254.0,-5.661089427210688,66.99403126255953,734.0,0.14114832535885166,0.3883572567783094,0.4704944178628389,0.0,0.0,0.0,0.0,0.0,0.0,34.35150057085896,0.9809314506305513,0.9221982062557369,0.0,34.0,1.0,7.587967845628746,0.0,0.0,0,1,1,0
QQQ_1h_1738769400_1741635000_42.png,C:\Users\afierro\CV_chart_pattern_detector\data\images\rendered\train\QQQ_1h_1738769400_1741635000_42.png,train,QQQ,1h,2025-02-05T15:30:00+00:00,2025-03-10T19:30:00+00:00,160,-0.0006196891166811244,0.00527851475163408,0.003489548977494744,3.2109095900544475,1.3059187659335048,-0.005985521663442905,-0.03886770886513202,-0.04605463344676164,-0.014127801787912175,-0.02229986283030272,-0.04115904432418327,0.47354532027688345,0.2635475472078835,0.2589360686110121,0.2675186111121045,0.5,0.5,14.0,16.0,10.615384615384615,8.6,15.044591477642875,18.306762280170847,0.9288224521110726,0.06287638556023539,70.0,0.0,0.0,0.0,0.00986319065921684,1.0,-0.5754353018473192,-0.01745760416015495,1.0,612.0,-19.54739083817192,62.979139537645295,756.0,0.20751633986928106,0.22712418300653595,0.565359477124183,0.0,0.0,0.0,0.0,0.0,0.0,0.0,0.0,0.0,0.0,0.0,1.0,10.480617081346177,0.0,0.0,0,0,1,0
QQQ_1h_1739392200_1742319000_42.png,C:\Users\afierro\CV_chart_pattern_detector\data\images\rendered\train\QQQ_1h_1739392200_1742319000_42.png,train,QQQ,1h,2025-02-12T20:30:00+00:00,2025-03-18T17:30:00+00:00,160,-0.0006558069366541654,0.005930876253842183,0.00417311393520108,3.74860345341999,1.4171932128951787,-0.00013654517938621602,-0.00855370619592144,0.013440766153774542,-0.008260154754134774,-0.006756892677444393,-0.003877865099071176,0.47199008032240697,0.2692695487001628,0.26811548119376016,0.2598944384838329,0.4625,0.5375,13.0,17.0,11.333333333333334,9.5,20.43314119676134,23.695202175294465,0.9288224521110726,0.06287638556023539,70.0,0.0,0.0,0.0,0.00986319065921684,1.0,-0.35035142894088467,0.014621543011571947,1.0,689.0,-22.283024498097955,59.88728995965272,709.0,0.16981132075471697,0.2104499274310595,0.6197387518142236,0.0,0.0,0.0,0.0,0.0,0.0,0.0,0.0,0.0,0.0,0.0,1.0,9.013805233042842,0.0,0.0,0,0,1,0
QQQ_1h_1740162600_1743003000_42.png,C:\Users\afierro\CV_chart_pattern_detector\data\images\rendered\train\QQQ_1h_1740162600_1743003000_42.png,train,QQQ,1h,2025-02-21T18:30:00+00:00,2025-03-26T15:30:00+00:00,160,-0.0004696148681826321,0.006189432789138616,0.004341031861028952,4.285120326478628,0.8611484041996263,-0.01113766967197316,-0.01199574184584229,0.017422458954956088,-0.008861111376597064,-0.004483933566932663,0.008351114244160796,0.444587512838571,0.27104596855456486,0.3028622725621343,0.2525502145992947,0.45,0.55,14.0,17.0,11.538461538461538,9.375,14.26347441831535,15.365314143673238,0.9478959934834215,0.04603365466815736,53.0,0.0,0.0,0.0,0.008984808026945623,1.0,0.23003683613322434,0.008604403778518009,1.0,922.0,-22.181133954036262,59.05215579247,725.0,0.14316702819956617,0.21475054229934923,0.6420824295010846,0.0,0.0,0.0,0.0,0.0,0.0,22.78822626617348,6.0932334877941265,0.7094156040424429,0.0,40.0,1.0,5.633509694767643,0.0,0.0,0,1,1,0
QQQ_1h_1743435000_1745253000_42.png,C:\Users\afierro\CV_chart_pattern_detector\data\images\rendered\train\QQQ_1h_1743435000_1745253000_42.png,train,QQQ,1h,2025-03-31T15:30:00+00:00,2025-04-21T16:30:00+00:00,100,-0.0007210136812648491,0.013119688628935328,0.008665593861331517,6.780733985288062,2.607005213995654,-0.03357957756638352,-0.031881769725155995,-0.06313999848221641,-0.0231506555039811,-0.033279195840041575,-0.04497410064041274,0.49189426904897887,0.2645235227977695,0.30358041513900125,0.20452531581201983,0.48,0.52,10.0,7.0,9.666666666666666,13.666666666666666,14.681964299828794,19.570399434175577,0.9334919298369423,0.06714490841476342,26.0,0.0,0.0,0.0,0.019664431222823617,1.0,-0.25430865266028596,0.019375812402327906,1.0,338.0,-5.1213059155546,68.62275880120521,658.0,0.2692307692307692,0.34023668639053256,0.3905325443786982,9.360417088078478,0.9324605547704862,0.956157557392767,0.925,1.0,40.0,0.0,0.0,0.0,0.0,0.0,1.0,4.633595577650459,0.0,0.0,1,0,1,0
QQQ_1h_1743532200_1745350200_42.png,C:\Users\afierro\CV_chart_pattern_detector\data\images\rendered\train\QQQ_1h_1743532200_1745350200_42.png,train,QQQ,1h,2025-04-01T18:30:00+00:00,2025-04-22T19:30:00+00:00,100,-0.00046812120436821685,0.013313492031967926,0.008924994295932255,6.857617056452608,2.482038708496666,-0.006128087010863537,0.03536810867670459,0.002569034939164272,0.01087251493809993,0.01124154706127678,-0.006539281536706465,0.5007156259661886,0.261333823047464,0.2919272881495669,0.2073570858842445,0.52,0.48,10.0,7.0,10.0,12.0,13.897156514495641,10.497733627966932,0.0,0.0,0.0,0.0,0.0,0.0,0.013686623789754824,1.0,-0.40468584406418817,-0.0036870591743334274,1.0,292.0,-3.616442495625313,69.47698637501979,660.0,0.3116438356164384,0.3321917808219178,0.3561643835616438,9.360417088078478,0.9332945787550917,0.956157557392767,0.925,1.0,40.0,22.195849775081882,3.5287489616992582,0.7349628544271333,0.0,72.0,0.0,0.0,0.0,0.0,1,1,0,0
QQQ_1h_1743787800_1745605800_42.png,C:\Users\afierro\CV_chart_pattern_detector\data\images\rendered\train\QQQ_1h_1743787800_1745605800_42.png,train,QQQ,1h,2025-04-04T17:30:00+00:00,2025-04-25T18:30:00+00:00,100,0.0010966942867128915,0.012586661360871935,0.0084565211902908,7.0202151895883835,2.404296519720235,0.007016989650619809,0.012684464577537025,0.020775596086925363,0.006383900257076469,0.016892678645592518,0.04550909868753816,0.4913981558661213,0.25649203010304794,0.2950596315576676,0.2135422125762111,0.54,0.46,10.0,8.0,8.222222222222221,11.571428571428571,11.700982410034854,12.425516691311385,0.0,0.0,0.0,0.0,0.0,0.0,0.024364819541647098,1.0,0.5634607505111419,0.008163364587558201,1.0,790.0,23.626578149689905,58.11022815545042,661.0,0.1962025316455696,0.6113924050632912,0.19240506329113924,9.360417088078478,0.9300124798043858,0.956157557392767,0.925,1.0,40.0,15.274569716101455,3.9090668311525025,0.5327723862713764,1.0,65.0,0.0,0.0,0.0,0.0,1,1,0,0
SPY_1h_1700058600_1703003400_42.png,C:\Users\afierro\CV_chart_pattern_detector\data\images\rendered\train\SPY_1h_1700058600_1703003400_42.png,train,SPY,1h,2023-11-15T14:30:00+00:00,2023-12-19T16:30:00+00:00,160,0.00031703082993950334,0.0019444518397822744,0.0013108977180773353,1.2671900321286949,0.19668264191655271,0.002422245249620092,0.004376952466151218,0.005655715232885772,0.0022452029231285753,0.004958487542000567,0.014579290875085027,0.43787121401423856,0.26664290339721086,0.2546847939096664,0.307443992076095,0.58125,0.41875,11.0,12.0,11.6,13.454545454545455,6.308010677767389,7.724297851046395,0.0,0.0,0.0,0.988418784482543,0.012746012979906829,61.0,0.004540551598414135,1.0,0.264865423489558,-0.005560292604860043,1.0,556.0,26.142082016459472,59.53512677231835,710.0,0.18525179856115107,0.6330935251798561,0.18165467625899281,0.0,0.0,0.0,0.0,0.0,0.0,0.0,0.0,0.0,0.0,0.0,0.0,0.0,1.0,4.75547945622529,0,0,0,1
SPY_1h_1700681400_1703773800_42.png,C:\Users\afierro\CV_chart_pattern_detector\data\images\rendered\train\SPY_1h_1700681400_1703773800_42.png,train,SPY,1h,2023-11-22T19:30:00+00:00,2023-12-28T14:30:00+00:00,160,0.0002992705321975924,0.0022704144523795133,0.0014689087006176066,1.311300047772033,0.17941564130185203,0.002160273838034188,0.002244214701730751,0.006683613438265068,0.0026000951163309693,0.004334729076727495,0.007330443535170206,0.45460792224788893,0.2637932529528188,0.24105582011275467,0.3043362576393564,0.575,0.425,13.0,13.0,11.833333333333334,12.333333333333334,8.546968508040925,8.266765511346838,0.0,0.0,0.0,0.9983692253416799,0.006094335050708213,25.0,0.003972342986408085,1.0,0.1493939055895714,0.003213203270012633,1.0,371.0,10.601074160912608,61.877955663856774,718.0,0.24797843665768193,0.5121293800539084,0.2398921832884097,0.0,0.0,0.0,0.0,0.0,0.0,0.0,0.0,0.0,0.0,0.0,0.0,0.0,1.0,2.199549618683546,0,0,0,1
SPY_1h_1701700200_1704483000_42.png,C:\Users\afierro\CV_chart_pattern_detector\data\images\rendered\train\SPY_1h_1701700200_1704483000_42.png,train,SPY,1h,2023-12-04T14:30:00+00:00,2024-01-05T19:30:00+00:00,160,0.00016812764241328794,0.0023560757751305236,0.001575254862867577,1.402834965747092,0.2374059024929574,-0.004672593820399085,-0.005092699432415526,-0.005473924013245424,-0.0028043866288017805,-0.004467392424649108,-0.012105375603945645,0.4762263181807468,0.25155553602156766,0.2318652353860649,0.29190844643318836,0.58125,0.41875,15.0,14.0,10.571428571428571,10.23076923076923,6.810114050969612,5.112354090159897,0.990064278043226,0.011746537621010914,57.0,0.0,0.0,0.0,0.005093532104368098,1.0,-0.06414637397948683,0.0033246532851282148,1.0,421.0,11.128262001799857,61.67055052391393,710.0,0.2517814726840855,0.5130641330166271,0.23515439429928742,0.0,0.0,0.0,0.0,0.0,0.0,15.212237905651259,2.6321591039775094,0.926899794551749,0.0,36.0,1.0,4.172446733502738,0.0,0.0,0,1,1,0
SPY_1h_1702323000_1705426200_42.png,C:\Users\afierro\CV_chart_pattern_detector\data\images\rendered\train\SPY_1h_1702323000_1705426200_42.png,train,SPY,1h,2023-12-11T19:30:00+00:00,2024-01-16T17:30:00+00:00,160,0.00018460496501446682,0.002411720209607267,0.0016888758014844,1.351983327816044,0.2952644973760867,-0.003472073944912002,-0.0033037371809931937,-0.002551334120314608,-0.0021121868656541753,-0.0014037126933483801,0.00385412511475991,0.48416905066920773,0.2542610201368145,0.23845169212865347,0.2773792572021387,0.6125,0.3875,15.0,17.0,9.642857142857142,8.6875,2.5860515143939966,3.2630491042880165,0.990064278043226,0.011746537621010914,57.0,0.0,0.0,0.0,0.005093532104368098,1.0,0.0331447985828439,0.0030682748514804553,1.0,921.0,16.997824065330622,63.90643661553166,765.0,0.18349619978284473,0.5537459283387622,0.26275787187839306,0.0,0.0,0.0,0.0,0.0,0.0,15.212237905651605,2.6321591039773327,0.9268997945517459,0.0,36.0,1.0,4.321587324773289,0.0,0.0,0,1,1,0
SPY_1h_1703007000_1706110200_42.png,C:\Users\afierro\CV_chart_pattern_detector\data\images\rendered\train\SPY_1h_1703007000_1706110200_42.png,train,SPY,1h,2023-12-19T17:30:00+00:00,2024-01-24T15:30:00+00:00,160,0.00018609622068896573,0.0024472015571712848,0.0017683284265640853,1.4299125803283224,0.2754150026432884,0.008598424346544453,0.00922381454489507,0.014575037196788765,0.0069103308742857195,0.008551389109654695,0.020001368362580152,0.47492866814988516,0.24487367049063533,0.24683239272013066,0.27823893912998426,0.61875,0.38125,15.0,17.0,10.142857142857142,8.875,4.1578644018178395,4.565170213637035,0.990064278043226,0.011746537621010914,57.0,0.9926519224901093,0.018711972401652923,47.0,0.00422899581965783,1.0,0.15686392267712584,-0.0003380935108306298,1.0,298.0,-2.023494732259904,62.672978279436514,725.0,0.35906040268456374,0.3288590604026846,0.31208053691275167,0.0,0.0,0.0,0.0,0.0,0.0,15.212237905651612,2.632159103977271,0.9268997945517043,0.0,36.0,1.0,4.097360007946722,1.0,6.297164560046661,0,1,1,1
SPY_1h_1703777400_1706733000_42.png,C:\Users\afierro\CV_chart_pattern_detector\data\images\rendered\train\SPY_1h_1703777400_1706733000_42.png,train,SPY,1h,2023-12-28T15:30:00+00:00,2024-01-31T20:30:00+00:00,160,8.201572771626348e-05,0.0022714365016426046,0.0016661275892919476,1.4421912966116701,0.22620962345283568,-0.009066133403502152,-0.016916713907418446,-0.009882266992961686,-0.009612892594197398,-0.0119032907722465,-0.009040823737690107,0.44940192989535516,0.24670791487050825,0.2608549656835697,0.28974310442107515,0.58125,0.41875,15.0,17.0,10.571428571428571,8.75,7.538998568253896,7.5216667748499,0.9941859746638635,0.009863435555502016,30.0,0.9926519224901093,0.018711972401652923,47.0,0.00422899581965783,1.0,0.22640136919052936,0.0012664218150771366,1.0,438.0,16.70547546548386,57.86034692396205,777.0,0.2420091324200913,0.5525114155251142,0.2054794520547945,0.0,0.0,0.0,0.0,0.0,0.0,0.0,0.0,0.0,0.0,0.0,1.0,3.4616327842406935,1.0,6.245006047537553,0,0,1,1
SPY_1h_1704486600_1707417000_42.png,C:\Users\afierro\CV_chart_pattern_detector\data\images\rendered\train\SPY_1h_1704486600_1707417000_42.png,train,SPY,1h,2024-01-05T20:30:00+00:00,2024-02-08T18:30:00+00:00,160,0.00039180358241503913,0.0022621733140447122,0.0016683412801629272,1.5641318884435038,0.21384965445185145,-3.800521885211072e-05,0.0010504540093156933,0.010660397856099513,-9.218218060158545e-05,0.003929058062554169,0.011212885329994204,0.45112723603231625,0.2570189133721969,0.2511217250580525,0.2977510389096313,0.61875,0.38125,13.0,16.0,12.0,9.866666666666667,7.187600792144559,8.139936618115144,0.9941859746638635,0.009863435555502016,30.0,0.9726481754682769,0.03145565201075311,72.0,0.005033607060695405,1.0,0.14196991846699114,-0.001082530383412033,1.0,629.0,27.618437672078326,58.1354769000517,735.0,0.16534181240063592,0.6597774244833068,0.17488076311605724,0.0,0.0,0.0,0.0,0.0,0.0,23.006727784094938,5.142787684271972,0.8363925407594589,0.0,30.0,1.0,3.2002667553161213,1.0,9.842212725953082,0,1,1,1
SPY_1h_1705429800_1708101000_42.png,C:\Users\afierro\CV_chart_pattern_detector\data\images\rendered\train\SPY_1h_1705429800_1708101000_42.png,train,SPY,1h,2024-01-16T18:30:00+00:00,2024-02-16T16:30:00+00:00,160,0.00037237591841059696,0.0025091074639243117,0.00173730004351885,1.552884006983631,0.2849221724140201,0.0011761583879505988,0.005063136678612246,0.020544220133875246,0.0023331085251161454,0.007736350237070866,0.00692453957657424,0.44095971670140555,0.2582610535857639,0.2427089198633629,0.3163313634352315,0.60625,0.39375,12.0,15.0,10.818181818181818,10.0,5.55015075009983,7.391756078251065,0.9815999025708082,0.012848199410298928,30.0,0.9726481754682769,0.03145565201075311,72.0,0.006125734074462828,1.0,0.13761822878895483,0.0018579135553495683,1.0,663.0,25.037703285569698,60.157135729105136,718.0,0.1779788838612368,0.6289592760180995,0.19306184012066366,0.0,0.0,0.0,0.0,0.0,0.0,23.006727784094682,5.14278768427192,0.8363925407594416,0.0,30.0,1.0,4.236955698744397,1.0,9.911605637263024,0,1,1,1
SPY_1h_1706113800_1709044200_42.png,C:\Users\afierro\CV_chart_pattern_detector\data\images\rendered\train\SPY_1h_1706113800_1709044200_42.png,train,SPY,1h,2024-01-24T16:30:00+00:00,2024-02-27T14:30:00+00:00,160,0.000230452464281968,0.00279126503589141,0.001776849235363283,1.5223589976273562,0.31962527257678924,-0.0007500787305574352,-0.0033076530732105702,0.000573135725560725,-0.0018465013449868728,-0.002539585343307449,0.007769832561048462,0.4411909977611045,0.2645814745799918,0.24139683605569245,0.317412166183203,0.55,0.45,13.0,15.0,12.25,10.357142857142858,6.580355644910416,6.086817194204947,0.9815999025708082,0.012848199410298928,30.0,0.995640057730249,0.01532165853866169,35.0,0.006125734074462828,1.0,0.11266017972836384,0.0017227267446109761,1.0,550.0,19.76908674966205,59.49254708038644,710.0,0.22,0.5854545454545454,0.19454545454545455,0.0,0.0,0.0,0.0,0.0,0.0,26.665241504478075,1.2030438658632776,0.8814366082707885,0.0,30.0,1.0,4.319724028370976,1.0,4.9979985532371085,0,1,1,1
SPY_1h_1706797800_1709667000_42.png,C:\Users\afierro\CV_chart_pattern_detector\data\images\rendered\train\SPY_1h_1706797800_1709667000_42.png,train,SPY,1h,2024-02-01T14:30:00+00:00,2024-03-05T19:30:00+00:00,160,0.00024269682946032533,0.0027144704201988406,0.0017380863562129372,1.5784761838117285,0.29795964573476613,-0.006237913644464799,-0.014845276079843206,-0.01050215608841143,-0.00902821938958287,-0.011520327499081717,-0.0067432815313277494,0.4571012294166488,0.2684950497049173,0.23032285386381446,0.31257591671953683,0.55625,0.44375,12.0,14.0,12.727272727272727,10.23076923076923,6.58247150776742,6.75351013332217,0.9815999025708082,0.012848199410298928,30.0,0.9709554708182648,0.022660488826037144,70.0,0.0027074957819785816,1.0,0.17644163436639296,0.004129888334264396,1.0,519.0,18.647394497155684,64.21352433296828,711.0,0.21001926782273603,0.558766859344894,0.23121387283236994,0.0,0.0,0.0,0.0,0.0,0.0,26.665241504477716,1.2030438658632652,0.8814366082707842,0.0,30.0,1.0,4.1700297313445045,1.0,7.403026236682436,0,1,1,1
SPY_1h_1707420600_1710347400_42.png,C:\Users\afierro\CV_chart_pattern_detector\data\images\rendered\train\SPY_1h_1707420600_1710347400_42.png,train,SPY,1h,2024-02-08T19:30:00+00:00,2024-03-13T16:30:00+00:00,160,0.0002361583398264803,0.0028717769887993657,0.0018442210790373405,1.5700204467265244,0.3143954463676443,0.000648249790520472,0.0018695549404506018,0.010186992225656777,0.0017436779982662465,0.006632877551759231,0.008971981012906527,0.44955201107534837,0.26580328151381316,0.2319121845702997,0.31853580435435186,0.55,0.45,12.0,14.0,13.0,10.076923076923077,6.734064740996413,6.94154130564,0.0,0.0,0.0,0.9772652035822019,0.028631544264884033,64.0,0.006099366102695228,1.0,0.11852860591582605,-0.0056740107777675155,1.0,379.0,14.089705014291727,62.94712321956169,706.0,0.28232189973614774,0.48812664907651715,0.22955145118733508,0.0,0.0,0.0,0.0,0.0,0.0,26.66524150447773,1.203043865863091,0.8814366082707862,0.0,30.0,0.0,0.0,1.0,9.336983875472319,0,1,0,1
SPY_1h_1708104600_1711031400_42.png,C:\Users\afierro\CV_chart_pattern_detector\data\images\rendered\train\SPY_1h_1708104600_1711031400_42.png,train,SPY,1h,2024-02-16T17:30:00+00:00,2024-03-21T14:30:00+00:00,160,0.00027113209067390577,0.002930303472331825,0.0019321029945739785,1.6604453302827822,0.26634322726616955,0.011146757424843612,0.014813119481499326,0.017891894182466617,0.009436149286614404,0.014061808536317999,0.016473905957187007,0.46476648704532925,0.25894737039380944,0.21858225097244918,0.31665126198222165,0.525,0.475,13.0,15.0,11.75,10.571428571428571,5.630568951003155,6.225472008668385,0.0,0.0,0.0,0.9772652035822019,0.028631544264884033,64.0,0.006676102292187617,1.0,0.05917316227522602,-0.0005395807822184516,1.0,557.0,19.804304289753603,65.50869446438804,711.0,0.21364452423698385,0.5511669658886894,0.23518850987432674,0.0,0.0,0.0,0.0,0.0,0.0,0.0,0.0,0.0,0.0,0.0,0.0,0.0,1.0,8.841182340694111,0,0,0,1
SPY_1h_1709047800_1711654200_42.png,C:\Users\afierro\CV_chart_pattern_detector\data\images\rendered\train\SPY_1h_1709047800_1711654200_42.png,train,SPY,1h,2024-02-27T15:30:00+00:00,2024-03-28T19:30:00+00:00,160,0.00021650080506857537,0.002493993707472303,0.0016850775168620279,1.4873586632288558,0.37114503435684904,-0.000649446652796204,0.004399408443507946,0.0035489093806888583,0.00037641211442407396,0.0028860335314109253,0.004109681813042387,0.46873920409269926,0.25169423901025473,0.2067667531991763,0.3244940427081244,0.5125,0.4875,14.0,16.0,11.461538461538462,10.0,4.665289207478632,5.804545798432845,0.0,0.0,0.0,0.9994701278614886,0.016800644837896377,29.0,0.006676102292187617,1.0,0.15120341805745838,0.006457465559054601,1.0,1221.0,18.87960274384512,61.31729873192121,731.0,0.1294021294021294,0.6068796068796068,0.26371826371826373,0.0,0.0,0.0,0.0,0.0,0.0,14.905313363496525,3.7546626095596025,0.9415789574351865,0.0,64.0,0.0,0.0,1.0,5.810239716159696,0,1,0,1
SPY_1h_1709670600_1712597400_42.png,C:\Users\afierro\CV_chart_pattern_detector\data\images\rendered\train\SPY_1h_1709670600_1712597400_42.png,train,SPY,1h,2024-03-05T20:30:00+00:00,2024-04-08T17:30:00+00:00,160,0.00015147197956950044,0.002789751778934512,0.0018142041540656945,1.6918734879702364,0.40797340218995765,-0.0006871399681441792,-0.0008371535978928257,-0.00034656631403628957,0.0004832550143896164,0.0004391114345398961,-0.001933747534151653,0.4628549314024202,0.25107662906125433,0.21347550738093365,0.32366956121664614,0.5,0.49375,17.0,17.0,9.4375,9.125,3.5999710009641386,4.446166505731849,0.9985834415175978,0.013483734347142284,24.0,0.0,0.0,0.0,0.005197069884797198,1.0,-0.04789521851787669,-0.007796690543127317,1.0,995.0,14.294467947051753,65.70543981267505,731.0,0.1487437185929648,0.5487437185929648,0.30251256281407035,0.0,0.0,0.0,0.0,0.0,0.0,14.905313363496704,3.754662609559674,0.941578957435195,0.0,64.0,1.0,4.265300882817492,0.0,0.0,0,1,1,0
SPY_1h_1710351000_1713281400_42.png,C:\Users\afierro\CV_chart_pattern_detector\data\images\rendered\train\SPY_1h_1710351000_1713281400_42.png,train,SPY,1h,2024-03-13T17:30:00+00:00,2024-04-16T15:30:00+00:00,160,-0.00014815964740995922,0.002847095504439613,0.0019052642203445953,1.6268311816389818,0.4495912014551803,0.00045655943491218487,-0.015763495530514815,-0.02808849444931316,-0.0043696266706210185,-0.01108653413669003,-0.018849319183370405,0.47077739609875574,0.2506834156576168,0.2185928816146355,0.3106297222866088,0.4625,0.53125,17.0,16.0,8.8125,9.066666666666666,3.6286714500115376,4.247012200098555,0.9915897804653425,0.017450886712881555,38.0,0.0,0.0,0.0,0.005216766051642381,1.0,-0.173915959969407,-0.00415921377921576,1.0,246.0,-2.898378841276091,63.403869563774975,757.0,0.45528455284552843,0.25203252032520324,0.2926829268292683,0.0,0.0,0.0,0.0,0.0,0.0,0.0,0.0,0.0,0.0,0.0,1.0,5.734133208613715,0.0,0.0,0,0,1,0
SPY_1h_1711035000_1713965400_42.png,C:\Users\afierro\CV_chart_pattern_detector\data\images\rendered\train\SPY_1h_1711035000_1713965400_42.png,train,SPY,1h,2024-03-21T15:30:00+00:00,2024-04-24T13:30:00+00:00,160,-0.00021334438188383447,0.002777037001628879,0.0019167967903019965,1.7486345495829458,0.6021715141366506,0.0016918682592785839,0.011246738696336855,0.022253864153608527,0.0037684514455207374,0.011095764692671706,0.00792657809453634,0.46631203538234506,0.26057618092804025,0.23582450499737345,0.2978634596202815,0.43125,0.5625,15.0,19.0,8.785714285714286,8.0,6.234439283448936,8.794936785682244,0.9915897804653425,0.017450886712881555,38.0,0.0,0.0,0.0,0.005216766051642381,1.0,-0.2633687340816423,0.000694630264092105,1.0,368.0,-21.4972875121495,64.07379473650143,707.0,0.26902173913043476,0.20380434782608695,0.5271739130434783,0.0,0.0,0.0,0.0,0.0,0.0,0.0,0.0,0.0,0.0,0.0,1.0,5.344340083247481,0.0,0.0,0,0,1,0
SPY_1h_1711978200_1714588200_42.png,C:\Users\afierro\CV_chart_pattern_detector\data\images\rendered\train\SPY_1h_1711978200_1714588200_42.png,train,SPY,1h,2024-04-01T13:30:00+00:00,2024-05-01T18:30:00+00:00,160,-0.0001968493258491038,0.0031798279256620627,0.0022540972170481846,2.0597659244303457,0.31757937476760495,0.01123113178086732,0.0023948133979567743,-0.007359579933810201,0.0068576345277591155,0.0008487362187108438,0.0021987804071406103,0.45891520871394514,0.26543749227720426,0.2495637993206108,0.291520991965444,0.45625,0.5375,14.0,17.0,10.538461538461538,8.5,6.796621769534031,7.934891191351123,0.9915897804653425,0.017450886712881555,38.0,0.0,0.0,0.0,0.004669443489134158,1.0,0.0871354265387421,-0.0009854430396831905,1.0,618.0,-29.94013534664722,53.93968873728431,780.0,0.18932038834951456,0.13915857605177995,0.6715210355987055,0.0,0.0,0.0,0.0,0.0,0.0,0.0,0.0,0.0,0.0,0.0,1.0,4.557940444593875,0.0,0.0,0,0,1,0
SPY_1h_1712601000_1715272200_42.png,C:\Users\afierro\CV_chart_pattern_detector\data\images\rendered\train\SPY_1h_1712601000_1715272200_42.png,train,SPY,1h,2024-04-08T18:30:00+00:00,2024-05-09T16:30:00+00:00,160,7.836998885025068e-06,0.003119480940496265,0.002185868004594925,2.045840644129941,0.3982688117577267,0.004466438925132765,0.004777228716258408,0.008512681340587358,0.003357713649686289,0.003931663313883282,0.016475513110373097,0.4571510513787446,0.27076511885607785,0.25129592611933377,0.2915530225019216,0.50625,0.49375,11.0,15.0,13.7,10.642857142857142,5.738368339181219,6.811640375555062,0.0,0.0,0.0,0.9879141512383308,0.02718578924513503,52.0,0.00956814431143704,1.0,0.19647449863611616,0.0070641071280526935,1.0,449.0,-2.345216232578048,62.76827557237752,708.0,0.23162583518930957,0.36302895322939865,0.4053452115812918,0.0,0.0,0.0,0.0,0.0,0.0,0.0,0.0,0.0,0.0,0.0,0.0,0.0,1.0,6.791559637879735,0,0,0,1
SPY_1h_1713285000_1715956200_42.png,C:\Users\afierro\CV_chart_pattern_detector\data\images\rendered\train\SPY_1h_1713285000_1715956200_42.png,train,SPY,1h,2024-04-16T16:30:00+00:00,2024-05-17T14:30:00+00:00,160,0.0003014021046020819,0.0027739976340710056,0.0018443008154019318,1.7963020400902039,0.45602071504198033,-0.0013315649836797006,-0.0019065060845055992,0.01481479919603923,-0.001922489579650244,0.0017038508425819554,0.010976917915755946,0.4433685082102021,0.2724103430306348,0.24521619458206928,0.3114152972077287,0.525,0.475,10.0,12.0,15.555555555555555,11.727272727272727,8.918019944181157,8.831420231133267,0.0,0.0,0.0,0.9879141512383308,0.02718578924513503,52.0,0.0031305079089483955,1.0,0.3064873979285023,0.00477926839443801,1.0,844.0,17.92061191818443,63.41413722269456,717.0,0.14099526066350712,0.5936018957345972,0.26540284360189575,0.0,0.0,0.0,0.0,0.0,0.0,10.850048410773958,7.0612517339552525,0.5247627356927171,0.0,31.0,0.0,0.0,1.0,7.708761084533577,0,1,0,1
SPY_1h_1713969000_1716579000_42.png,C:\Users\afierro\CV_chart_pattern_detector\data\images\rendered\train\SPY_1h_1713969000_1716579000_42.png,train,SPY,1h,2024-04-24T14:30:00+00:00,2024-05-24T19:30:00+00:00,160,0.0003060036926227127,0.0025555566629764815,0.0015871072297415963,1.6324230773528665,0.5350024629045893,-0.0005473452488162778,0.007209138867003917,-0.002892135627747927,0.0023779434350914563,0.000613707683043696,-0.0003355426937770023,0.44280811922618757,0.2737769144697313,0.22795701249040898,0.3292348682834035,0.55,0.45,13.0,11.0,12.583333333333334,14.5,9.31143364776569,10.237910133492061,0.0,0.0,0.0,0.9952374028374856,0.02344721120267818,30.0,0.0023439107292863434,1.0,0.13603538159076778,-0.004194798618243094,1.0,585.0,22.04444087978102,60.28548727242917,725.0,0.1811965811965812,0.6136752136752137,0.20512820512820512,0.0,0.0,0.0,0.0,0.0,0.0,10.850048410773987,7.06125173395534,0.5247627356926888,0.0,31.0,0.0,0.0,1.0,7.271815203890492,0,1,0,1
SPY_1h_1714591800_1717522200_42.png,C:\Users\afierro\CV_chart_pattern_detector\data\images\rendered\train\SPY_1h_1714591800_1717522200_42.png,train,SPY,1h,2024-05-01T19:30:00+00:00,2024-06-04T17:30:00+00:00,160,0.00035272673743504064,0.002145813691143071,0.0014320965915014345,1.8491049332495728,1.1339984342391327,0.003662225191235713,0.009504686234804938,0.012073777539221231,0.005093578552662903,0.008386537834126795,0.0052156700845411574,0.4544511789045636,0.2767214487009899,0.2188440800333249,0.32670474106211145,0.54375,0.45625,16.0,14.0,8.6,10.0,4.168584499981476,4.3402710839477265,0.9851266784999287,0.00970453602739214,32.0,0.0,0.0,0.0,0.0044072557713009984,1.0,-0.08873030335703046,-0.006271985104525268,1.0,439.0,4.025052766322004,69.52544557148862,731.0,0.25968109339407747,0.4191343963553531,0.3211845102505695,0.0,0.0,0.0,0.0,0.0,0.0,0.0,0.0,0.0,0.0,0.0,1.0,2.8933881703909488,0.0,0.0,0,0,1,0
SPY_1h_1715275800_1718206200_42.png,C:\Users\afierro\CV_chart_pattern_detector\data\images\rendered\train\SPY_1h_1715275800_1718206200_42.png,train,SPY,1h,2024-05-09T17:30:00+00:00,2024-06-12T15:30:00+00:00,160,0.0002752957692697391,0.002262975857388606,0.0014872494187873036,1.369890442636549,0.3506802275503641,0.012386596110447678,0.016450629129181937,0.014606589842587558,0.009330039062891426,0.01202095973888806,0.017810376157399777,0.46902484150384344,0.2759166597319438,0.20562563963904248,0.325349518857114,0.54375,0.44375,18.0,15.0,8.588235294117647,10.285714285714286,4.391481228008432,4.636143167538116,0.9851266784999287,0.00970453602739214,32.0,0.0,0.0,0.0,0.007110182944432487,1.0,0.18314189240231732,-0.0011276893678591926,1.0,344.0,-10.828493443166101,66.11223945874451,709.0,0.27906976744186046,0.2936046511627907,0.4273255813953488,0.0,0.0,0.0,0.0,0.0,0.0,0.0,0.0,0.0,0.0,0.0,1.0,3.864845708945983,0.0,0.0,0,0,1,0
SPY_1h_1715959800_1718976600_42.png,C:\Users\afierro\CV_chart_pattern_detector\data\images\rendered\train\SPY_1h_1715959800_1718976600_42.png,train,SPY,1h,2024-05-17T15:30:00+00:00,2024-06-21T13:30:00+00:00,160,0.00018752631663730693,0.002335706932401123,0.0015799307815184875,1.5118505344449802,0.3250944641989909,-0.003113461313178023,-0.006506844279114854,-0.0019984339744071322,-0.005574826997471138,-0.005487492413099093,0.0021156491349929585,0.4625109253127242,0.277544261428146,0.21634032478822646,0.32114874989904935,0.55625,0.43125,18.0,16.0,8.588235294117647,9.533333333333333,7.07259075920627,7.347367913772479,0.9851266784999287,0.00970453602739214,32.0,0.0,0.0,0.0,0.007110182944432487,1.0,0.23562026383784102,0.0005571317532700221,1.0,877.0,12.954385435091865,61.739127086668134,717.0,0.14937286202964653,0.5655644241733181,0.28506271379703535,0.0,0.0,0.0,0.0,0.0,0.0,0.0,0.0,0.0,0.0,0.0,1.0,3.5128698706985855,0.0,0.0,0,0,1,0
SPY_1h_1716903000_1719599400_42.png,C:\Users\afierro\CV_chart_pattern_detector\data\images\rendered\train\SPY_1h_1716903000_1719599400_42.png,train,SPY,1h,2024-05-28T13:30:00+00:00,2024-06-28T18:30:00+00:00,160,0.0001808492857478901,0.002292461430840363,0.0016268674031475585,1.6338603217686294,0.17165658180948673,-0.005385998009808324,-0.00279141395255611,0.0017929894617114694,-0.00293851143459134,-0.0016772285969951506,-0.001398799508453008,0.46400095613327147,0.2668960187052187,0.2227376919127389,0.3132613519539896,0.55625,0.425,17.0,16.0,9.25,9.533333333333333,8.479444134010086,8.644192445469224,0.0,0.0,0.0,0.9970762744441134,0.004992556003934964,33.0,0.004552964269107619,1.0,0.04271839497741203,-0.00028910483586985276,1.0,624.0,24.076918978053026,58.2607749048534,708.0,0.1875,0.6330128205128205,0.1794871794871795,0.0,0.0,0.0,0.0,0.0,0.0,0.0,0.0,0.0,0.0,0.0,0.0,0.0,1.0,1.7817251911288072,0,0,0,1
SPY_1h_1717525800_1720618200_42.png,C:\Users\afierro\CV_chart_pattern_detector\data\images\rendered\train\SPY_1h_1717525800_1720618200_42.png,train,SPY,1h,2024-06-04T18:30:00+00:00,2024-07-10T13:30:00+00:00,160,0.0003464020571695155,0.0019135543477519679,0.0013716021017255054,1.6157287420689876,0.25828981795346967,0.0024460168193569665,0.004942071413306159,0.006773721752180162,0.00254356928981192,0.0037466943429667054,0.012985597179242525,0.4532199122265327,0.259765272260828,0.2413351418783077,0.3054449458951596,0.6,0.38125,15.0,15.0,10.357142857142858,10.214285714285714,6.1515097714190095,6.296934597408045,0.0,0.0,0.0,0.9970762744441134,0.004992556003934964,33.0,0.004552964269107619,1.0,0.16898605697210256,-0.00023219810413420042,1.0,595.0,21.396634328665854,62.347204067872255,710.0,0.18487394957983194,0.5915966386554622,0.2235294117647059,0.0,0.0,0.0,0.0,0.0,0.0,0.0,0.0,0.0,0.0,0.0,0.0,0.0,1.0,1.8003729393289611,0,0,0,1
SPY_1h_1718209800_1721241000_42.png,C:\Users\afierro\CV_chart_pattern_detector\data\images\rendered\train\SPY_1h_1718209800_1721241000_42.png,train,SPY,1h,2024-06-12T16:30:00+00:00,2024-07-17T18:30:00+00:00,160,0.0001751077616122296,0.001996554259320867,0.001437636844005235,1.4884719407745681,0.21443900686471953,-0.0009486346359158793,-0.00829865122649498,-0.00822819403300279,-0.004077713495100221,-0.005997070059770349,-0.00259033190741087,0.4416192817928854,0.2599776833418622,0.25678063587229133,0.3016000823348232,0.58125,0.4125,16.0,15.0,9.6,10.714285714285714,7.853060385266828,7.257562746284265,0.0,0.0,0.0,0.9757636507218774,0.022005719583268295,48.0,0.005854210146819356,1.0,0.22869987648750734,-0.006397132299450434,1.0,647.0,19.44976384433381,59.91947430150016,716.0,0.1777434312210201,0.6027820710973725,0.21947449768160743,0.0,0.0,0.0,0.0,0.0,0.0,0.0,0.0,0.0,0.0,0.0,0.0,0.0,1.0,8.293604419667336,0,0,0,1
SPY_1h_1718980200_1721925000_42.png,C:\Users\afierro\CV_chart_pattern_detector\data\images\rendered\train\SPY_1h_1718980200_1721925000_42.png,train,SPY,1h,2024-06-21T14:30:00+00:00,2024-07-25T16:30:00+00:00,160,6.771669839529511e-06,0.0025461376886847043,0.0017176830879163268,1.6589659300049042,0.38089656820647216,0.0064853727535851835,-3.6750617925740414e-05,-0.017673029796848927,0.0023989329389941805,-0.007385385452563287,-0.014096944933939426,0.4536267506098814,0.2560636170152462,0.26119819438481534,0.28517505500530327,0.55625,0.4375,16.0,13.0,9.333333333333334,12.0,7.23778970477672,7.090513233919912,0.9849807903508855,0.02202960678091175,30.0,0.9757636507218774,0.022005719583268295,48.0,0.0062295658481100295,1.0,-0.21038936323477989,-0.005615848254410765,1.0,343.0,8.670549587327606,63.204047641520184,731.0,0.3119533527696793,0.4402332361516035,0.2478134110787172,0.0,0.0,0.0,0.0,0.0,0.0,0.0,0.0,0.0,0.0,0.0,1.0,7.5579795023253675,1.0,7.4591986451280965,0,0,1,1
SPY_1h_1719603000_1722609000_42.png,C:\Users\afierro\CV_chart_pattern_detector\data\images\rendered\train\SPY_1h_1719603000_1722609000_42.png,train,SPY,1h,2024-06-28T19:30:00+00:00,2024-08-02T14:30:00+00:00,160,-0.0001653173751461485,0.0036180461407427167,0.0021682617901051682,2.0801219962641557,0.5793384711905943,-0.02006446277630536,-0.03817017612628626,-0.020522353930629067,-0.02292733573048711,-0.02746398101793701,-0.02690894831798807,0.45430333772075676,0.2556366252962119,0.26745149141218166,0.2782451708670616,0.51875,0.48125,15.0,12.0,10.142857142857142,12.181818181818182,6.813443649169,7.957343759316085,0.9916523835443095,0.033838046864123006,70.0,0.9778440859024216,0.020955339940349333,42.0,0.01318159011749133,1.0,-0.1571351721540496,-0.009381818545803666,1.0,672.0,-18.96726710766199,63.432675980107405,778.0,0.20238095238095238,0.25,0.5476190476190477,0.0,0.0,0.0,0.0,0.0,0.0,0.0,0.0,0.0,0.0,0.0,1.0,9.31861484617222,1.0,5.690858706538112,0,0,1,1
SPY_1h_1720621800_1723231800_42.png,C:\Users\afierro\CV_chart_pattern_detector\data\images\rendered\train\SPY_1h_1720621800_1723231800_42.png,train,SPY,1h,2024-07-10T14:30:00+00:00,2024-08-09T19:30:00+00:00,160,-0.0002715673649054802,0.005299043445558816,0.003163766420618463,2.7131023012131936,1.0697646412192197,0.004921714900324448,0.004826996655869387,0.006420961485527288,0.002875480409704423,0.008434909741250385,0.006101344404766174,0.4627540393269344,0.2582905349220836,0.2578900783412737,0.27935588233179187,0.50625,0.4875,17.0,15.0,9.4375,10.357142857142858,12.197817081574968,15.632962769958509,0.9916523835443095,0.033838046864123006,70.0,0.9980203772151987,0.016854589394479237,24.0,0.01816684314292805,1.0,-0.3132079434294233,-0.0036681077236656325,1.0,359.0,-20.838445350818315,59.31485913456693,709.0,0.31754874651810583,0.17827298050139276,0.5041782729805014,0.0,0.0,0.0,0.0,0.0,0.0,0.0,0.0,0.0,0.0,0.0,1.0,7.2039222284166655,1.0,3.429378316575333,0,0,1,1
SPY_1h_1721244600_1724088600_42.png,C:\Users\afierro\CV_chart_pattern_detector\data\images\rendered\train\SPY_1h_1721244600_1724088600_42.png,train,SPY,1h,2024-07-17T19:30:00+00:00,2024-08-19T17:30:00+00:00,160,2.2549862536396894e-05,0.005290862148703857,0.0030961797180556107,2.919727774041295,0.9263204298972922,0.004222581629324651,0.006869519568891036,0.025598554857108713,0.00403361364852195,0.00764490512013194,0.026903722963497412,0.4480183293186979,0.24493624561800564,0.2563288818412716,0.29565278884003054,0.5375,0.45625,14.0,13.0,9.846153846153847,11.5,9.623238607893503,11.935926856045258,0.9966423090582323,0.0314174054809341,48.0,0.9980203772151987,0.016854589394479237,24.0,0.01816684314292805,1.0,0.4723910847237821,0.023250492984027253,1.0,496.0,-16.79839207003674,57.596796125106245,708.0,0.22580645161290322,0.25806451612903225,0.5161290322580645,0.0,0.0,0.0,0.0,0.0,0.0,0.0,0.0,0.0,0.0,0.0,1.0,6.1551896716514225,1.0,3.1928616954811484,0,0,1,1
SPY_1h_1721928600_1724772600_42.png,C:\Users\afierro\CV_chart_pattern_detector\data\images\rendered\train\SPY_1h_1721928600_1724772600_42.png,train,SPY,1h,2024-07-25T17:30:00+00:00,2024-08-27T15:30:00+00:00,160,0.00021660627398369111,0.0051233582397064836,0.0028712683063952097,2.893461716033298,0.9546146537161193,0.0006512449396471887,-0.0019309875876721838,0.006758955531163124,-0.00011055118028324706,0.000910661204478691,0.0033148813404866306,0.44351726739139574,0.24762001260638217,0.24268131698122505,0.31380141562737923,0.54375,0.45,16.0,13.0,9.466666666666667,11.916666666666666,11.974477099546462,15.789829396549363,0.9860646779755863,0.01908576095288631,25.0,0.0,0.0,0.0,0.006731609286998912,1.0,0.3542254205159165,0.006416661965376303,1.0,381.0,8.039365285181312,60.79340786007044,710.0,0.28608923884514437,0.4461942257217848,0.2677165354330709,0.0,0.0,0.0,0.0,0.0,0.0,0.0,0.0,0.0,0.0,0.0,1.0,3.725591771267682,0.0,0.0,0,0,1,0
SPY_1h_1722612600_1725543000_42.png,C:\Users\afierro\CV_chart_pattern_detector\data\images\rendered\train\SPY_1h_1722612600_1725543000_42.png,train,SPY,1h,2024-08-02T15:30:00+00:00,2024-09-05T13:30:00+00:00,160,0.00024523005197130414,0.0045815865141931615,0.002573585101178438,2.7678015177130026,1.0547389527720814,0.0031837735949755697,0.0007962307619910902,-0.009209680499086104,0.0020213161541018376,-0.0035279834013792755,-0.009350885857047131,0.4352944843442429,0.2541044044416051,0.24812342294377104,0.3165820927119861,0.55625,0.4375,16.0,12.0,9.333333333333334,12.272727272727273,13.48878635067506,17.881311152100192,0.9994857964803678,0.014759220847490071,34.0,0.0,0.0,0.0,0.007265354922531316,1.0,-0.06891770146008006,-0.00505071426799592,1.0,304.0,8.835522051312422,62.395591935163345,716.0,0.2993421052631579,0.4605263157894737,0.24013157894736842,0.0,0.0,0.0,0.0,0.0,0.0,0.0,0.0,0.0,0.0,0.0,1.0,3.131443156773068,0.0,0.0,0,0,1,0
SPY_1h_1723469400_1726165800_42.png,C:\Users\afierro\CV_chart_pattern_detector\data\images\rendered\train\SPY_1h_1723469400_1726165800_42.png,train,SPY,1h,2024-08-12T13:30:00+00:00,2024-09-12T18:30:00+00:00,160,0.0002881470143229198,0.003250784915089345,0.0021816931650543497,2.3724858509250013,0.49062134288514875,0.006901802282079039,0.017981735600544946,0.021349697139208645,0.006885899373529902,0.014960289409989613,0.01848338177062203,0.45554963416985644,0.26487617664625307,0.23333578128430324,0.3111145845458403,0.55625,0.44375,15.0,11.0,8.571428571428571,14.2,5.542108306334492,8.658108047639876,0.9779293809569275,0.017812640976685105,56.0,0.9824685626685271,0.015117359071998087,37.0,0.007265354922531316,1.0,-0.1808068748935496,-0.005468392289001315,1.0,333.0,-7.3543590198050035,64.85146376290696,776.0,0.37237237237237236,0.2732732732732733,0.35435435435435436,0.0,0.0,0.0,0.0,0.0,0.0,0.0,0.0,0.0,0.0,0.0,1.0,4.391264756637975,1.0,3.605569246225255,0,0,1,1
SPY_1h_1724092200_1726849800_42.png,C:\Users\afierro\CV_chart_pattern_detector\data\images\rendered\train\SPY_1h_1724092200_1726849800_42.png,train,SPY,1h,2024-08-19T18:30:00+00:00,2024-09-20T16:30:00+00:00,160,0.00011797440630578958,0.0034864860186005916,0.0022976732764199183,2.2228983587738207,0.505350230436803,-0.004729230518904726,-0.004692840016545463,0.010740229665425094,-0.002757016423625469,0.002209589690089997,0.009864518691264257,0.4551401310726032,0.26724527705934215,0.22357510420740367,0.3212847647199932,0.5125,0.4875,15.0,13.0,10.285714285714286,12.083333333333334,6.6472696883775315,7.808281568566525,0.9779293809569275,0.017812640976685105,56.0,0.9611186085801914,0.02874749318016307,58.0,0.009239051274120101,1.0,0.3808056129852598,0.004377636556638623,1.0,991.0,-8.926342405536701,61.98389934160975,731.0,0.1584258324924319,0.3340060544904137,0.5075681130171544,0.0,0.0,0.0,0.0,0.0,0.0,0.0,0.0,0.0,0.0,0.0,1.0,4.673066588421111,1.0,7.325495495179059,0,0,1,1
SPY_1h_1724776200_1727706600_42.png,C:\Users\afierro\CV_chart_pattern_detector\data\images\rendered\train\SPY_1h_1724776200_1727706600_42.png,train,SPY,1h,2024-08-27T16:30:00+00:00,2024-09-30T14:30:00+00:00,160,0.0001139773341676819,0.003327781185299071,0.00216504303522135,2.2557903796975927,0.43210188789535786,0.0006214589475395105,-0.0012057709766819524,0.003176827658786685,-0.0008495474900334088,7.1174017337582995e-06,0.0019820617196679713,0.4516170423505013,0.2576524588729618,0.23367817704466454,0.3147047806048342,0.5125,0.4875,14.0,15.0,10.615384615384615,9.928571428571429,8.986647008539716,10.150668493803167,0.978337247267748,0.017610105366204654,32.0,0.9611186085801914,0.02874749318016307,58.0,0.009239051274120101,1.0,0.15659092913420733,0.0038181864574355303,1.0,1056.0,12.828594008517085,61.40134428342463,716.0,0.12878787878787878,0.5520833333333334,0.3191287878787879,0.0,0.0,0.0,0.0,0.0,0.0,13.23399413246253,7.379422391234736,0.6054173400571826,0.0,41.0,1.0,4.469648837566414,1.0,7.2217566340777,0,1,1,1
SPY_1h_1725546600_1728329400_42.png,C:\Users\afierro\CV_chart_pattern_detector\data\images\rendered\train\SPY_1h_1725546600_1728329400_42.png,train,SPY,1h,2024-09-05T14:30:00+00:00,2024-10-07T19:30:00+00:00,160,0.0002294250892401091,0.0032017082356690686,0.002082024475666133,2.50166556381931,0.8974279232014387,-0.00551855483646968,-0.005212077622765654,0.0005904807405940904,-0.004796426021716704,-0.0027832939760702446,-0.0036681957228891227,0.4678374103578541,0.2627333658983457,0.22371866660431183,0.3084439230378341,0.53125,0.46875,14.0,16.0,11.461538461538462,8.933333333333334,9.48828290674967,10.116271083419425,0.9929283811171119,0.0071247248062780155,41.0,0.9611186085801914,0.02874749318016307,58.0,0.008512322334673602,1.0,-0.009467054206999346,-0.004048979279022969,1.0,566.0,10.939925187889342,65.79210225693758,720.0,0.20848056537102475,0.5159010600706714,0.2756183745583039,0.0,0.0,0.0,0.0,0.0,0.0,13.233994132462735,7.379422391234539,0.6054173400571918,0.0,41.0,1.0,1.7791572610253665,1.0,6.532698330099551,0,1,1,1
SPY_1h_1726169400_1729013400_42.png,C:\Users\afierro\CV_chart_pattern_detector\data\images\rendered\train\SPY_1h_1726169400_1729013400_42.png,train,SPY,1h,2024-09-12T19:30:00+00:00,2024-10-15T17:30:00+00:00,160,0.00024123147202520197,0.002657799979097791,0.0016750329143158287,1.8441592531957955,0.3749161774948821,-0.004659435608255436,-0.005464755703023183,0.007698245474262677,-0.00416620255299982,-0.0014497380014268924,0.006960908745418992,0.43561735906456134,0.24561385227636431,0.2411372128156728,0.32324542811976587,0.5375,0.4625,14.0,16.0,11.461538461538462,8.866666666666667,5.1710684767755986,4.461171144062805,0.9929283811171119,0.0071247248062780155,41.0,0.0,0.0,0.0,0.008512322334673602,1.0,0.2032587358105422,0.0023621157967902884,1.0,732.0,18.610651410261138,60.01518581537652,711.0,0.16256830601092895,0.5860655737704918,0.25136612021857924,0.0,0.0,0.0,0.0,0.0,0.0,13.233994132462945,7.379422391234488,0.605417340057198,0.0,41.0,1.0,2.360332076201789,0.0,0.0,0,1,1,0
SPY_1h_1726853400_1729697400_42.png,C:\Users\afierro\CV_chart_pattern_detector\data\images\rendered\train\SPY_1h_1726853400_1729697400_42.png,train,SPY,1h,2024-09-20T17:30:00+00:00,2024-10-23T15:30:00+00:00,160,0.00012953287203481227,0.0021446776144049204,0.0014842009105210385,1.7429347306893974,0.2791247301618111,-0.009323223414141157,-0.005523408428522836,-0.011930113385151042,-0.005957483208754,-0.007377618323178181,-0.007546020969747658,0.438854139189505,0.24849118539453374,0.25766534086221743,0.3034805199482776,0.53125,0.46875,15.0,15.0,10.785714285714286,10.285714285714286,5.670146874284414,5.56697416711677,0.9956554909542287,0.005906129808767482,27.0,0.0,0.0,0.0,0.0038932049576728633,1.0,0.12490198964308491,0.00025667335606523856,1.0,1521.0,17.9539733136821,60.11191053250089,739.0,0.11768573307034845,0.6134122287968442,0.2689020381328074,0.0,0.0,0.0,0.0,0.0,0.0,14.478301705846578,7.731791550992861,0.7112155783103646,0.0,39.0,1.0,2.040314077079487,0.0,0.0,0,1,1,0
SPY_1h_1727710200_1730381400_42.png,C:\Users\afierro\CV_chart_pattern_detector\data\images\rendered\train\SPY_1h_1727710200_1730381400_42.png,train,SPY,1h,2024-09-30T15:30:00+00:00,2024-10-31T13:30:00+00:00,160,4.40942132258665e-06,0.00252768359841735,0.0016422785523442117,1.7659490675034129,0.26355080975243866,-0.01638813622367974,-0.018615805574698996,-0.016413428858016443,-0.015128747531367503,-0.015626068692611517,-0.014832057472353943,0.4383089731744933,0.2589777436419962,0.243919072101933,0.31777195472357367,0.50625,0.49375,13.0,14.0,12.416666666666666,11.0,4.85755056853597,5.8075240159565755,0.9964576203073457,0.015136348716807815,54.0,0.0,0.0,0.0,0.005741669781875814,1.0,-0.031185419482350592,-0.0033010733193843734,1.0,1407.0,26.046903896941814,58.7736978987139,780.0,0.14427860696517414,0.6616915422885572,0.19402985074626866,0.0,0.0,0.0,0.0,0.0,0.0,14.478301705845878,7.731791550992419,0.7112155783103767,0.0,39.0,1.0,5.205002550965872,0.0,0.0,0,1,1,0
SPY_1h_1728394200_1731007800_42.png,C:\Users\afierro\CV_chart_pattern_detector\data\images\rendered\train\SPY_1h_1728394200_1731007800_42.png,train,SPY,1h,2024-10-08T13:30:00+00:00,2024-11-07T19:30:00+00:00,160,0.00027702998455972366,0.0029600231459858935,0.001663466306340092,1.7742479729600014,0.30641193846477893,0.002589998655319281,0.010098480062355808,0.038570781470304905,0.0048460335378297525,0.016795990535083405,0.029109061770547395,0.41838255418795944,0.2502025868943946,0.25379343049766334,0.32782401531437727,0.50625,0.49375,12.0,13.0,10.636363636363637,10.416666666666666,4.03733040937318,4.669770506201578,0.9964576203073457,0.015136348716807815,54.0,0.9885757946945116,0.022800375623980625,54.0,0.010997310655332906,1.0,0.07148418185077515,-0.009780133759769655,1.0,679.0,-13.449194757155361,63.99401753380023,758.0,0.18114874815905743,0.30633284241531666,0.5125184094256259,0.0,0.0,0.0,0.0,0.0,0.0,14.478301705846553,7.731791550992791,0.7112155783103454,0.0,39.0,1.0,5.1815750360683195,1.0,7.536088214632439,0,1,1,1
SPY_1h_1729017000_1731691800_42.png,C:\Users\afierro\CV_chart_pattern_detector\data\images\rendered\train\SPY_1h_1729017000_1731691800_42.png,train,SPY,1h,2024-10-15T18:30:00+00:00,2024-11-15T17:30:00+00:00,160,7.067516131378252e-05,0.0030317537056017427,0.0016749155107648498,1.8168222982771447,0.29361121881981733,-0.013381199768684238,-0.018492487158478288,-0.020020458459947155,-0.010101721477461911,-0.015170759771735098,-0.017053156766644095,0.42346282615141495,0.255410378351467,0.25309964590652934,0.3234375279420557,0.44375,0.55625,14.0,13.0,10.307692307692308,10.583333333333334,8.943268577969828,9.49862554109272,0.9964576203073457,0.015136348716807815,54.0,0.9885757946945116,0.022800375623980625,54.0,0.010997310655332906,1.0,0.3865971518300614,0.004195334666089185,1.0,519.0,-5.93256728635358,66.44960870216796,712.0,0.20423892100192678,0.371868978805395,0.4238921001926782,0.0,0.0,0.0,0.0,0.0,0.0,0.0,0.0,0.0,0.0,0.0,1.0,5.06475457866474,1.0,7.364093505942564,0,0,1,1
SPY_1h_1729701000_1732548600_42.png,C:\Users\afierro\CV_chart_pattern_detector\data\images\rendered\train\SPY_1h_1729701000_1732548600_42.png,train,SPY,1h,2024-10-23T16:30:00+00:00,2024-11-25T15:30:00+00:00,160,0.00022984071683023426,0.0031951310784508772,0.001824158127293347,1.995047362001938,0.29380341208162297,0.005042101630681639,0.007378590304909505,0.017682122328335437,0.00412233149327168,0.00792667088593002,0.012367989521226086,0.4412478333960184,0.2709717835749101,0.2452898975920029,0.3134622690119787,0.46875,0.53125,14.0,14.0,10.923076923076923,10.692307692307692,8.928872734537595,9.908809380610958,0.9943956235246567,0.004830747557633675,30.0,0.9822159355669199,0.017216784808644723,40.0,0.004224354471754247,1.0,-0.09629084161900245,-0.004242148950494521,1.0,519.0,12.107895565055928,65.22027314181607,722.0,0.23892100192678228,0.49710982658959535,0.26396917148362237,0.0,0.0,0.0,0.0,0.0,0.0,0.0,0.0,0.0,0.0,0.0,1.0,1.5175775506180793,1.0,5.090179119260073,0,0,1,1
SPY_1h_1730385000_1733333400_42.png,C:\Users\afierro\CV_chart_pattern_detector\data\images\rendered\train\SPY_1h_1730385000_1733333400_42.png,train,SPY,1h,2024-10-31T14:30:00+00:00,2024-12-04T17:30:00+00:00,160,0.0003761068491156367,0.0028755603260132204,0.0016410755504794722,1.900824608346656,0.3873612897161024,0.003345031949330668,0.004060008296217665,0.00587693765310604,0.002168358984410368,0.003246988637265469,0.00949215542978532,0.441411427734387,0.26969503182722815,0.2637306779794421,0.29485789428617093,0.53125,0.46875,14.0,13.0,10.846153846153847,12.0,9.101543495110434,11.348686470531037,0.0,0.0,0.0,0.0,0.0,0.0,0.004224354471754247,1.0,0.2677088255061834,0.0036543787690863235,1.0,722.0,4.409967839552755,65.4812647899526,709.0,0.16759002770083103,0.4695290858725762,0.3628808864265928,0.0,0.0,0.0,0.0,0.0,0.0,15.083860085350775,3.551992063792809,0.7993466004611302,0.0,82.0,0.0,0.0,0.0,0.0,0,1,0,0
SPY_1h_1731011400_1734017400_42.png,C:\Users\afierro\CV_chart_pattern_detector\data\images\rendered\train\SPY_1h_1731011400_1734017400_42.png,train,SPY,1h,2024-11-07T20:30:00+00:00,2024-12-12T15:30:00+00:00,160,0.00012046593421798431,0.00204269825295086,0.0013390244663989007,1.5469543020518364,0.4152806450134394,-0.0017518504667267676,0.006626627879217972,0.0018820664400287512,-0.00019813277357405568,0.0018043534518854543,0.001219817739912754,0.4496904639253989,0.2649543682799372,0.26012757456382474,0.2901819615107764,0.51875,0.48125,15.0,13.0,10.642857142857142,11.5,5.807692357747405,6.936351214479237,0.0,0.0,0.0,0.0,0.0,0.0,0.0025934451816240767,1.0,0.12114427569211218,0.0004505980038025452,1.0,403.0,8.526050330391593,59.851107845585226,711.0,0.31017369727047145,0.4441687344913151,0.2456575682382134,0.0,0.0,0.0,0.0,0.0,0.0,15.083860085350947,3.5519920637927345,0.7993466004611398,0.0,82.0,0.0,0.0,0.0,0.0,0,1,0,0
SPY_1h_1731695400_1734640200_42.png,C:\Users\afierro\CV_chart_pattern_detector\data\images\rendered\train\SPY_1h_1731695400_1734640200_42.png,train,SPY,1h,2024-11-15T18:30:00+00:00,2024-12-19T20:30:00+00:00,160,2.484368987928623e-05,0.0024562426406475615,0.0015261507884410013,1.5542329426174903,0.47329467069684605,-0.003214255908995267,-0.02326360081169998,-0.030228857341194404,-0.006678976288472582,-0.018773634668403538,-0.027197394958538457,0.46240818092946084,0.2685407290439259,0.2674154043290355,0.27017641474150367,0.51875,0.475,13.0,13.0,12.0,11.833333333333334,6.766009359961748,7.278744864944373,0.9893318795257963,0.010478418782385708,85.0,0.0,0.0,0.0,0.004138601686987599,1.0,-0.1560863933035619,-0.013791202596674332,1.0,378.0,6.579360707254006,61.90340979101207,765.0,0.3544973544973545,0.4074074074074074,0.23809523809523808,0.0,0.0,0.0,0.0,0.0,0.0,0.0,0.0,0.0,0.0,0.0,1.0,4.384913559821001,0.0,0.0,0,0,1,0
SPY_1h_1732552200_1735659000_42.png,C:\Users\afierro\CV_chart_pattern_detector\data\images\rendered\train\SPY_1h_1732552200_1735659000_42.png,train,SPY,1h,2024-11-25T16:30:00+00:00,2024-12-31T15:30:00+00:00,160,-9.195106696439312e-05,0.0030588147551769917,0.0018040101732881252,1.804495974648247,0.7328889659357161,-0.005742478053698763,-0.013512795440771552,-0.024465190422044092,-0.004077347174512247,-0.010080400100665798,-0.010194766773548025,0.4880774751121207,0.2628044370004825,0.2559393748731571,0.2559831500147222,0.51875,0.475,12.0,13.0,13.0,11.416666666666666,5.782410085625362,7.836777093336584,0.9893318795257963,0.010478418782385708,85.0,0.0,0.0,0.0,0.009809691020474501,1.0,-0.20829721585831046,-0.007577479351855243,1.0,302.0,-8.642388922883974,62.46592172316624,747.0,0.41721854304635764,0.23178807947019867,0.3509933774834437,0.0,0.0,0.0,0.0,0.0,0.0,0.0,0.0,0.0,0.0,0.0,1.0,3.819643396339376,0.0,0.0,0,0,1,0
SPY_1h_1733337000_1736368200_42.png,C:\Users\afierro\CV_chart_pattern_detector\data\images\rendered\train\SPY_1h_1733337000_1736368200_42.png,train,SPY,1h,2024-12-04T18:30:00+00:00,2025-01-08T20:30:00+00:00,160,-0.00017666204238855635,0.0034254921401042876,0.0021949629350397565,2.140012208991916,0.7680262337132934,0.006471625421757832,-0.0028590321315602463,-0.016828754407675173,0.0014328275707420346,-0.004076394284044826,-0.0005782102680043089,0.5005888892376864,0.2591498780238746,0.2283357718855247,0.2710753388767888,0.475,0.51875,12.0,14.0,12.272727272727273,11.23076923076923,7.059445045075805,8.943538211856163,0.997878903911759,0.009356738287098541,46.0,0.0,0.0,0.0,0.009809691020474501,1.0,-0.06519623017344496,0.002139235246008513,1.0,568.0,-26.871484211527964,55.00482798716352,758.0,0.2605633802816901,0.15669014084507044,0.5827464788732394,0.0,0.0,0.0,0.0,0.0,0.0,0.0,0.0,0.0,0.0,0.0,1.0,2.8274776877069066,0.0,0.0,0,0,1,0
SPY_1h_1734021000_1737138600_42.png,C:\Users\afierro\CV_chart_pattern_detector\data\images\rendered\train\SPY_1h_1734021000_1737138600_42.png,train,SPY,1h,2024-12-12T16:30:00+00:00,2025-01-17T18:30:00+00:00,160,-7.591634788359417e-05,0.004028748497412438,0.0026585990673613637,2.5451411007424554,0.682315337907078,0.002474246367049737,0.007859799853872529,0.027923906241596574,0.005000579376977843,0.008435899849698503,0.018972562351351252,0.504798027609177,0.2654462156456453,0.21954032544411922,0.2756616469467038,0.5125,0.48125,15.0,15.0,10.357142857142858,10.5,7.416790820356854,8.395600386064775,0.9733214803385508,0.02684145414256201,90.0,0.973282543619325,0.0180917422876964,25.0,0.009759506279148433,1.0,0.031952774183772646,-0.0003783045105877403,1.0,1000.0,-28.284005988836288,56.29447073387538,731.0,0.158,0.182,0.66,0.0,0.0,0.0,0.0,0.0,0.0,0.0,0.0,0.0,0.0,0.0,1.0,6.6383297106723695,1.0,4.23606957237288,0,0,1,1
SPY_1h_1734705000_1738081800_42.png,C:\Users\afierro\CV_chart_pattern_detector\data\images\rendered\train\SPY_1h_1734705000_1738081800_42.png,train,SPY,1h,2024-12-20T14:30:00+00:00,2025-01-28T16:30:00+00:00,160,0.00018480753012237714,0.003968196506934504,0.002634793890704573,2.904190184191522,0.8931856856110221,0.010511666956293464,0.007879954546640144,-0.00648369243527025,0.00741827153959429,-0.0002776150334289351,0.0022340832083798112,0.5092433021520255,0.25674585136711375,0.20745723659162377,0.2832994612563507,0.54375,0.45625,14.0,13.0,9.384615384615385,12.166666666666666,7.763250669194453,8.013717082050118,0.9914162639539749,0.01791787352671125,48.0,0.0,0.0,0.0,0.009759506279148433,1.0,0.38624678485224645,0.00014352711012434962,1.0,548.0,5.452550428300879,66.10448246766352,736.0,0.21350364963503649,0.45072992700729925,0.3357664233576642,0.0,0.0,0.0,0.0,0.0,0.0,0.0,0.0,0.0,0.0,0.0,1.0,3.8330629219667403,0.0,0.0,0,0,1,0
SPY_1h_1735662600_1738765800_42.png,C:\Users\afierro\CV_chart_pattern_detector\data\images\rendered\train\SPY_1h_1735662600_1738765800_42.png,train,SPY,1h,2024-12-31T16:30:00+00:00,2025-02-05T14:30:00+00:00,160,0.00016269464863687719,0.0035779066388686985,0.00244359909368606,2.5444615753878495,0.5070199587840232,-0.000831766832363412,0.003475093362733883,-0.014633718462456757,0.00023147967921688384,-0.00046863307359901185,-0.0019421308543752236,0.48923940772509145,0.25241454492784404,0.21401359374113454,0.29674699853377395,0.525,0.475,15.0,12.0,10.571428571428571,13.0,8.670868107516553,9.166027364565942,0.9988320583001784,0.014260717957163039,32.0,0.9879979396821913,0.011467187775869378,27.0,0.008117255190736191,1.0,-0.04931045510765396,-0.0013795625549841604,1.0,637.0,23.086338106934654,58.66334668365212,732.0,0.20565149136577707,0.6059654631083202,0.18838304552590268,0.0,0.0,0.0,0.0,0.0,0.0,14.803949025361163,1.3048565523861908,0.573034131593206,0.0,36.0,1.0,3.427483911097067,1.0,2.7942397722481753,0,1,1,1
SPY_1h_1736519400_1739388600_42.png,C:\Users\afierro\CV_chart_pattern_detector\data\images\rendered\train\SPY_1h_1736519400_1739388600_42.png,train,SPY,1h,2025-01-10T14:30:00+00:00,2025-02-12T19:30:00+00:00,160,0.00023257398986198315,0.0031910415625496327,0.00212258462275921,2.730135076348732,1.0664103339687059,0.004428621190154303,-0.00107483948905307,-0.0023315747359480277,-0.00030251463163710746,-0.0011501562499818263,0.0004343786898173274,0.4812029808421313,0.2495343295357785,0.2373709329529174,0.28142608620495135,0.55,0.45,16.0,14.0,9.933333333333334,11.384615384615385,8.31547026041134,8.411318220631975,0.0,0.0,0.0,0.9879979396821913,0.011467187775869378,27.0,0.00463343898233787,1.0,0.009610942513296951,0.003955557556405811,1.0,681.0,18.732741472567056,64.26374407403772,718.0,0.19383259911894274,0.5697503671071953,0.23641703377386197,0.0,0.0,0.0,0.0,0.0,0.0,30.021858905177492,3.0809170020479377,0.9363496057963484,0.0,34.0,0.0,0.0,1.0,2.610883819108151,0,1,0,1
SPY_1h_1737142200_1740159000_42.png,C:\Users\afierro\CV_chart_pattern_detector\data\images\rendered\train\SPY_1h_1737142200_1740159000_42.png,train,SPY,1h,2025-01-17T19:30:00+00:00,2025-02-21T17:30:00+00:00,160,4.628176097353563e-05,0.002729425378200793,0.0018684630332327598,2.0180885979457046,0.552089792325717,-0.013483250555215043,-0.01002866623344878,-0.01249640163048682,-0.008951660287079277,-0.011880577354722033,-0.009527423540502733,0.4809840343763504,0.24905058272586722,0.2471631750215892,0.2718527906020603,0.5375,0.4625,16.0,14.0,9.6,10.461538461538462,3.130334500904961,4.695181793616575,0.9995252837843246,0.004231828778024406,27.0,0.9879979396821913,0.011467187775869378,27.0,0.003758689580020854,1.0,0.1026200742940636,-0.0013215953210177842,1.0,988.0,22.800602835078955,59.16252395520883,764.0,0.1862348178137652,0.5890688259109311,0.22469635627530365,0.0,0.0,0.0,0.0,0.0,0.0,11.034636745073866,0.4416403918324123,0.9913351807159287,0.0,96.0,1.0,1.3790926056019017,1.0,3.4974457930755456,0,1,1,1
SPY_1h_1738085400_1741015800_42.png,C:\Users\afierro\CV_chart_pattern_detector\data\images\rendered\train\SPY_1h_1738085400_1741015800_42.png,train,SPY,1h,2025-01-28T17:30:00+00:00,2025-03-03T15:30:00+00:00,160,-0.00011949117246936047,0.0029436724932654893,0.0020938266768675998,2.2709431506392,0.6064539713243863,0.011491183943669325,0.012580416147859763,-0.0025676026606878954,0.006272264796187033,0.0025724777245901276,-0.007318589209391657,0.4731958149703884,0.2575469157386425,0.25532441340666645,0.2714797716229452,0.51875,0.48125,16.0,17.0,9.0,9.125,4.841040506162528,7.551411448638078,0.9774903514872341,0.02565121201947855,31.0,0.0,0.0,0.0,0.004798902941122207,1.0,-0.3178444184107901,-0.0103384036427563,1.0,495.0,-10.329298141869632,65.21608791989466,776.0,0.298989898989899,0.28484848484848485,0.4161616161616162,0.0,0.0,0.0,0.0,0.0,0.0,11.034636745073996,0.44164039183258363,0.9913351807159039,0.0,96.0,1.0,6.962314497744824,0.0,0.0,0,1,1,0
SPY_1h_1738769400_1741635000_42.png,C:\Users\afierro\CV_chart_pattern_detector\data\images\rendered\train\SPY_1h_1738769400_1741635000_42.png,train,SPY,1h,2025-02-05T15:30:00+00:00,2025-03-10T19:30:00+00:00,160,-0.0004303745735847331,0.004073645062906077,0.0026712321539589944,2.7943496206636778,1.2932238460425913,-0.005356828895869636,-0.027446580014724886,-0.030666027993306644,-0.01013426009127083,-0.014986033768272566,-0.029520511644125502,0.4617501874294544,0.26108568936128845,0.2678325830164315,0.2704172295541141,0.5,0.5,18.0,17.0,8.117647058823529,8.5625,12.212916302942482,14.20974885614941,0.9439268122690068,0.04446634168764934,77.0,0.0,0.0,0.0,0.010573416859089288,1.0,-0.4656353098766023,-0.014744530011467664,1.0,395.0,-22.31392946726159,60.387967371291175,709.0,0.28354430379746837,0.17974683544303796,0.5367088607594936,0.0,0.0,0.0,0.0,0.0,0.0,10.487187476744166,2.373650359142633,0.9435134787232269,0.0,62.0,1.0,9.733007723009306,0.0,0.0,0,1,1,0
SPY_1h_1739392200_1742319000_42.png,C:\Users\afierro\CV_chart_pattern_detector\data\images\rendered\train\SPY_1h_1739392200_1742319000_42.png,train,SPY,1h,2025-02-12T20:30:00+00:00,2025-03-18T17:30:00+00:00,160,-0.0004533120771883154,0.004517514428641536,0.0031872203694103137,3.3403790884396387,1.389191365570784,-0.0014716567436218186,-0.005976650869435884,0.016245939621766237,-0.005954108113769285,-0.0030316276241751927,-0.0005674546289885507,0.46799924775558105,0.2598772320414863,0.27229203746778624,0.25970871477663265,0.46875,0.53125,17.0,16.0,9.0625,9.733333333333333,18.05284298878003,19.61498647165589,0.9439268122690068,0.04446634168764934,77.0,0.0,0.0,0.0,0.010573416859089288,1.0,-0.3381096462101333,0.013297585152128484,1.0,542.0,-21.143917006100235,60.1285649775406,707.0,0.2177121771217712,0.1992619926199262,0.5830258302583026,0.0,0.0,0.0,0.0,0.0,0.0,0.0,0.0,0.0,0.0,0.0,1.0,8.187787662884958,0.0,0.0,0,0,1,0
SPY_1h_1740162600_1743003000_42.png,C:\Users\afierro\CV_chart_pattern_detector\data\images\rendered\train\SPY_1h_1740162600_1743003000_42.png,train,SPY,1h,2025-02-21T18:30:00+00:00,2025-03-26T15:30:00+00:00,160,-0.00029834924183054756,0.0047838129625464,0.0033777000629390415,3.872797465632459,0.8218321983719341,-0.005295114359458841,-0.008214624121268055,0.015939980086018934,-0.005254399052162628,-0.001858812282084843,0.006537368829554024,0.4501944590911737,0.25860362358582917,0.3019117838847592,0.24789375702406713,0.45625,0.54375,16.0,16.0,10.0,9.6,12.701595330388662,14.007598954192265,0.9622930034868712,0.03543847408846444,54.0,0.0,0.0,0.0,0.0060735557903017524,1.0,0.23589074286395337,0.004611520382766889,1.0,836.0,-14.389958172608791,59.88712432917711,719.0,0.1507177033492823,0.26555023923444976,0.583732057416268,0.0,0.0,0.0,0.0,0.0,0.0,0.0,0.0,0.0,0.0,0.0,1.0,5.58136276719795,0.0,0.0,0,0,1,0
TSLA_1h_1700058600_1703003400_42.png,C:\Users\afierro\CV_chart_pattern_detector\data\images\rendered\train\TSLA_1h_1700058600_1703003400_42.png,train,TSLA,1h,2023-11-15T14:30:00+00:00,2023-12-19T16:30:00+00:00,160,0.0003942547493738424,0.009331482221988449,0.006740950548362775,3.469881714061543,0.7879605201253175,0.01291764122422534,-0.009056181442044342,0.02391322547128527,0.003608980931767203,0.010015691259269932,0.04559655299330734,0.447523508443645,0.2660752693985983,0.26754431060225964,0.2849321809540954,0.50625,0.4875,16.0,17.0,9.666666666666666,8.875,6.319087916342691,5.983201336989213,0.9378970438310152,0.048475103639844475,68.0,0.9761853211834742,0.06142846977567168,43.0,0.015045636103772235,1.0,0.19402202332573226,-0.007392072701965821,1.0,1184.0,15.489860224915114,63.308767132031406,737.0,0.17229729729729729,0.543918918918919,0.28378378378378377,0.0,0.0,0.0,0.0,0.0,0.0,0.0,0.0,0.0,0.0,0.0,1.0,3.671912460506842,1.0,4.244948226937647,0,0,1,1
TSLA_1h_1700681400_1703773800_42.png,C:\Users\afierro\CV_chart_pattern_detector\data\images\rendered\train\TSLA_1h_1700681400_1703773800_42.png,train,TSLA,1h,2023-11-22T19:30:00+00:00,2023-12-28T14:30:00+00:00,160,0.0007491897222531443,0.008987683231468417,0.006434921712042534,2.9162908489073076,0.3813713104677408,-0.0074801145638904165,0.015657820088218255,0.019567345190620866,-0.0001730665399031217,0.010463688866096055,0.01926103750948771,0.4603981138238506,0.2773032525425961,0.2546672192032887,0.28493466697286063,0.49375,0.5,19.0,17.0,8.444444444444445,9.125,8.235103204484638,7.685717765065464,0.9378970438310152,0.048475103639844475,68.0,0.9761853211834742,0.06142846977567168,43.0,0.015045636103772235,1.0,0.3031998492606186,0.018486064988033044,1.0,1269.0,14.572099571485422,62.11280566088286,746.0,0.15051221434200157,0.5508274231678487,0.2986603624901497,0.0,0.0,0.0,0.0,0.0,0.0,0.0,0.0,0.0,0.0,0.0,1.0,4.322001690623582,1.0,5.021072145304777,0,0,1,1
TSLA_1h_1701700200_1704483000_42.png,C:\Users\afierro\CV_chart_pattern_detector\data\images\rendered\train\TSLA_1h_1701700200_1704483000_42.png,train,TSLA,1h,2023-12-04T14:30:00+00:00,2024-01-05T19:30:00+00:00,160,6.903345647038277e-05,0.008731234223195043,0.0060879225057813196,3.0466729605581593,0.5141281862521423,-0.006227853654878102,-0.01745653060928798,-0.0040931208890829796,-0.006605320864642161,-0.009633168657185553,-0.045991769578632824,0.46573820026749074,0.26895867010697,0.2557515774516733,0.27851022228083594,0.44375,0.55,19.0,17.0,7.777777777777778,9.375,7.427152370526487,7.281198576433935,0.9622715217218455,0.02644891168045055,39.0,0.9761853211834742,0.06142846977567168,43.0,0.024934482269052555,1.0,-0.24720961726779286,0.005479640490730697,1.0,1104.0,15.356879753533049,61.882072121341714,710.0,0.1721014492753623,0.5534420289855072,0.27445652173913043,0.0,0.0,0.0,0.0,0.0,0.0,0.0,0.0,0.0,0.0,0.0,1.0,2.243487492227372,1.0,4.812887356135476,0,0,1,1
TSLA_1h_1702323000_1705426200_42.png,C:\Users\afierro\CV_chart_pattern_detector\data\images\rendered\train\TSLA_1h_1702323000_1705426200_42.png,train,TSLA,1h,2023-12-11T19:30:00+00:00,2024-01-16T17:30:00+00:00,160,-0.0004606531793027689,0.00913949848678873,0.006203431998822757,2.6844921335572485,0.3780537862524303,0.010884281732380874,-0.0026978738351849385,-0.053601548898012275,0.005696168248464639,-0.011960517760516876,-0.044921312506686406,0.470217005776618,0.2635941978513663,0.2602515125669938,0.2695314816563882,0.4875,0.5125,19.0,16.0,8.222222222222221,9.933333333333334,11.190651580140427,10.51366162674129,0.9352850539291218,0.04540319692555855,42.0,0.0,0.0,0.0,0.024934482269052555,1.0,-0.4273276925031081,0.004066538224799609,1.0,275.0,-7.7345501886714585,63.399158203675,762.0,0.4,0.24,0.36,0.0,0.0,0.0,0.0,0.0,0.0,0.0,0.0,0.0,0.0,0.0,1.0,4.268963231711194,0.0,0.0,0,0,1,0
TSLA_1h_1703007000_1706110200_42.png,C:\Users\afierro\CV_chart_pattern_detector\data\images\rendered\train\TSLA_1h_1703007000_1706110200_42.png,train,TSLA,1h,2023-12-19T17:30:00+00:00,2024-01-24T15:30:00+00:00,160,-0.0011825543925281766,0.008513257373164636,0.0057703987928627,2.6102595105815674,0.3092193189149783,0.011381334444791724,0.011017978691055363,0.001851321479486856,0.007457152468085315,0.0056950426875530535,-0.010369849408225384,0.46085428236814324,0.26183105092560793,0.2644411284689648,0.274704589162892,0.46875,0.53125,18.0,17.0,8.647058823529411,9.0,16.93969566085158,16.03484602443199,0.9352850539291218,0.04540319692555855,42.0,0.0,0.0,0.0,0.016607529581586965,1.0,-0.4404807556195259,0.013103799185794,1.0,532.0,-25.31579515987769,58.980865386122176,708.0,0.19548872180451127,0.17857142857142858,0.6259398496240601,0.0,0.0,0.0,0.0,0.0,0.0,0.0,0.0,0.0,0.0,0.0,1.0,4.386024003172233,0.0,0.0,0,0,1,0
TSLA_1h_1703777400_1706733000_42.png,C:\Users\afierro\CV_chart_pattern_detector\data\images\rendered\train\TSLA_1h_1703777400_1706733000_42.png,train,TSLA,1h,2023-12-28T15:30:00+00:00,2024-01-31T20:30:00+00:00,160,-0.001967661316305922,0.011741606587722482,0.006652781803611334,2.8282883473423244,0.31171236595470475,-0.01893124902649934,-0.024149683642890274,-0.013930973038399963,-0.016132747893968902,-0.017441279160419043,-0.03527375790622589,0.44502180881065756,0.2557817207708666,0.2863946077991917,0.26858358339015076,0.475,0.525,18.0,17.0,8.529411764705882,9.125,20.456344499707896,20.00110147005812,0.9414809797111332,0.06459595426058509,43.0,0.0,0.0,0.0,0.05395051113169785,1.0,-0.4465045805554178,-0.007202715011156067,1.0,747.0,-22.844717421924255,61.50502065664824,713.0,0.15528781793842034,0.23159303882195448,0.6131191432396251,0.0,0.0,0.0,0.0,0.0,0.0,0.0,0.0,0.0,0.0,0.0,1.0,5.230100498523009,0.0,0.0,0,0,1,0
TSLA_1h_1704486600_1707417000_42.png,C:\Users\afierro\CV_chart_pattern_detector\data\images\rendered\train\TSLA_1h_1704486600_1707417000_42.png,train,TSLA,1h,2024-01-05T20:30:00+00:00,2024-02-08T18:30:00+00:00,160,-0.0013355292671846726,0.01227995623086047,0.006986697903495241,2.652945820812134,0.48172214228317717,0.007706763152177443,0.014255493229144767,0.04739546975037556,0.0035436095414955737,0.017130181177721138,0.016959548922103718,0.4370886880128896,0.2522781937147622,0.2826499129446615,0.2802613990424489,0.51875,0.48125,19.0,17.0,8.333333333333334,9.125,18.613703783658725,18.44490910052457,0.9414809797111332,0.06459595426058509,43.0,0.0,0.0,0.0,0.05395051113169785,1.0,-0.09877690253993174,0.07941062258694914,1.0,668.0,-23.293418660849156,61.07660042450262,708.0,0.15568862275449102,0.21107784431137724,0.6332335329341318,0.0,0.0,0.0,0.0,0.0,0.0,0.0,0.0,0.0,0.0,0.0,1.0,5.56544162512319,0.0,0.0,0,0,1,0
TSLA_1h_1705429800_1708101000_42.png,C:\Users\afierro\CV_chart_pattern_detector\data\images\rendered\train\TSLA_1h_1705429800_1708101000_42.png,train,TSLA,1h,2024-01-16T18:30:00+00:00,2024-02-16T16:30:00+00:00,160,-0.0005073240111357018,0.012291279956259121,0.007129060732619202,2.606224550482037,0.3833293078285245,0.008474666028117639,0.027361597797530335,0.09592783202062094,0.012352953852446946,0.044966131505369766,0.053221941001332596,0.444178234344934,0.25702016750396145,0.2622683333395249,0.29355343231554115,0.50625,0.49375,16.0,15.0,7.933333333333334,9.642857142857142,11.006418441482806,12.37287261976282,0.9780556915660161,0.037914356400313334,28.0,0.0,0.0,0.0,0.02079915207465957,1.0,0.12939627263336986,-0.004929777686306282,1.0,486.0,-11.833338927094339,61.6183916430922,802.0,0.26337448559670784,0.257201646090535,0.4794238683127572,0.0,0.0,0.0,0.0,0.0,0.0,0.0,0.0,0.0,0.0,0.0,1.0,3.2308650545400885,0.0,0.0,0,0,1,0
TSLA_1h_1706113800_1709044200_42.png,C:\Users\afierro\CV_chart_pattern_detector\data\images\rendered\train\TSLA_1h_1706113800_1709044200_42.png,train,TSLA,1h,2024-01-24T16:30:00+00:00,2024-02-27T14:30:00+00:00,160,-0.0001947125086785379,0.012842982605042309,0.007485377697876783,2.612860823157726,0.31207018597059494,0.016405706877606452,0.05484452441016763,0.033656649398738026,0.021690953264690727,0.028863300213974652,0.032590187327648845,0.4398955411180962,0.25300067402015897,0.262497139051847,0.2976073198300567,0.50625,0.49375,15.0,15.0,10.0,10.285714285714286,5.112583948464723,4.922899190021358,0.9880787361629928,0.0299089722694046,34.0,0.9864509938425956,0.03802120388252111,24.0,0.02079915207465957,1.0,0.12444925643556075,-0.004124056518939921,1.0,1469.0,15.832534641575213,63.464429320591314,745.0,0.11776718856364875,0.5697753573859768,0.3124574540503744,15.112247832287558,2.470653157180759,0.9761016478385124,0.8095238095238095,1.0,42.0,0.0,0.0,0.0,0.0,0.0,1.0,2.2744956383629713,1.0,2.8581810740172595,1,0,1,1
TSLA_1h_1706797800_1709667000_42.png,C:\Users\afierro\CV_chart_pattern_detector\data\images\rendered\train\TSLA_1h_1706797800_1709667000_42.png,train,TSLA,1h,2024-02-01T14:30:00+00:00,2024-03-05T19:30:00+00:00,160,-0.00018521419774123423,0.011292348418989483,0.007293015467090896,2.581349956474328,0.2885220401145507,0.01153266569789868,-0.03773689401596492,-0.09660349375943977,-0.01641944654062466,-0.056478104716345734,-0.08299917130183954,0.4703856109968191,0.257238546777145,0.2360966978210614,0.2935176911821194,0.475,0.525,15.0,15.0,10.428571428571429,10.428571428571429,6.436213773831297,7.062782737067545,0.9692185643443503,0.04716516411436243,40.0,0.9486312330798887,0.07656463232995965,50.0,0.012323463288721977,1.0,-0.04877200513393419,-0.02263339738461599,1.0,909.0,26.731569029054757,56.26008833782257,760.0,0.19031903190319033,0.6347634763476347,0.17491749174917492,15.112247832287558,2.4682731220039402,0.9761016478385124,0.8095238095238095,1.0,42.0,11.239895262051418,1.154316219581287,0.7285909072477224,0.0,67.0,1.0,3.8257023962224737,1.0,5.725679455349161,1,1,1,1
TSLA_1h_1707420600_1710347400_42.png,C:\Users\afierro\CV_chart_pattern_detector\data\images\rendered\train\TSLA_1h_1707420600_1710347400_42.png,train,TSLA,1h,2024-02-08T19:30:00+00:00,2024-03-13T16:30:00+00:00,160,-0.0005722019090095315,0.011156287260708966,0.007342633312233179,2.4306649594864647,0.3355026464125215,-0.03228460558686208,-0.038078433507360177,-0.02191860670229251,-0.02345718840905242,-0.027965336439110478,-0.03704781418610814,0.4699831170779879,0.26545721163702923,0.23996486789717864,0.29005201502483346,0.46875,0.53125,14.0,16.0,11.23076923076923,9.2,10.102721728063733,9.182017231678513,0.9692185643443503,0.04716516411436243,40.0,0.9486312330798887,0.07656463232995965,50.0,0.01850100952729914,1.0,-0.4378414656598392,0.009984554282086068,1.0,579.0,-3.6148579970954406,64.96194150663827,725.0,0.231433506044905,0.3488773747841105,0.41968911917098445,15.112247832287558,2.641028443083947,0.9761016478385124,0.8095238095238095,1.0,42.0,11.23989526205133,1.1543162195813177,0.7285909072477132,0.0,67.0,1.0,4.05385318851625,1.0,6.06936183577877,1,1,1,1
TSLA_1h_1708104600_1711031400_42.png,C:\Users\afierro\CV_chart_pattern_detector\data\images\rendered\train\TSLA_1h_1708104600_1711031400_42.png,train,TSLA,1h,2024-02-16T17:30:00+00:00,2024-03-21T14:30:00+00:00,160,-0.0007519396111174766,0.011461640596272507,0.0072514871784791525,2.5667275488701833,0.2642300835524021,0.00695926121727708,0.02200691335116889,0.013077157800347017,0.009072924628436008,0.012736329652083489,0.027103389844909787,0.44484948478010244,0.2648460170691472,0.2639193712775457,0.2912311439423519,0.45625,0.54375,14.0,18.0,10.0,8.529411764705882,12.634906465923018,12.416088505754365,0.9692185643443503,0.04716516411436243,40.0,0.9864509938425956,0.03802120388252111,24.0,0.01850100952729914,1.0,-0.120883847043036,-0.005799351694931663,1.0,475.0,-33.237900247322884,52.780262321661475,709.0,0.22105263157894736,0.11789473684210526,0.6610526315789473,0.0,0.0,0.0,0.0,0.0,0.0,0.0,0.0,0.0,0.0,0.0,1.0,3.8466684251965635,1.0,2.907984207521739,0,0,1,1
TSLA_1h_1709047800_1711654200_42.png,C:\Users\afierro\CV_chart_pattern_detector\data\images\rendered\train\TSLA_1h_1709047800_1711654200_42.png,train,TSLA,1h,2024-02-27T15:30:00+00:00,2024-03-28T19:30:00+00:00,160,-0.0008073595524535177,0.011454676862832388,0.0070454314935001474,2.4240619094616433,0.2346538449083839,-0.00940834697048798,-0.025824348799773023,-0.0334039646085712,-0.0105015860690294,-0.01539566402073822,0.004496786370036032,0.4626724683305513,0.25341246437488696,0.26377496149151225,0.27355257017793644,0.4375,0.5625,14.0,17.0,10.846153846153847,8.6875,10.989416002697304,9.993069529680705,0.0,0.0,0.0,0.0,0.0,0.0,0.02813164468915552,1.0,0.18458113708353047,0.013942662430272057,1.0,381.0,-24.74016289807993,58.98318864815277,709.0,0.26246719160104987,0.16535433070866143,0.5721784776902887,0.0,0.0,0.0,0.0,0.0,0.0,23.358319666858367,1.7443729991118113,0.81480019184834,0.0,44.0,0.0,0.0,0.0,0.0,0,1,0,0
TSLA_1h_1709670600_1711459800_42.png,C:\Users\afierro\CV_chart_pattern_detector\data\images\rendered\train\TSLA_1h_1709670600_1711459800_42.png,train,TSLA,1h,2024-03-05T20:30:00+00:00,2024-03-26T13:30:00+00:00,100,0.00014524441638226037,0.011472916777877611,0.007120295330208921,2.253522127932735,0.2335699819071175,0.05784765648285051,0.06809818354046837,0.04578740161272421,0.05466944052032474,0.058199680406783916,0.06457106959132175,0.43842553429193165,0.253812932116765,0.28002799235567033,0.281546473352398,0.52,0.48,9.0,10.0,10.625,9.333333333333334,5.200749298041048,5.123392805030398,0.0,0.0,0.0,0.0,0.0,0.0,0.009884852834485609,1.0,0.14429268020684705,0.001772725959561557,1.0,239.0,-13.606699494387815,61.699265388424585,780.0,0.42677824267782427,0.19246861924686193,0.3807531380753138,0.0,0.0,0.0,0.0,0.0,0.0,23.358319666858396,1.7443729991118537,0.8148001918483357,0.0,44.0,0.0,0.0,0.0,0.0,0,1,0,0
TSLA_1h_1709670600_1712597400_42.png,C:\Users\afierro\CV_chart_pattern_detector\data\images\rendered\train\TSLA_1h_1709670600_1712597400_42.png,train,TSLA,1h,2024-03-05T20:30:00+00:00,2024-04-08T17:30:00+00:00,160,-0.00016881595162425808,0.012363150695291094,0.00749284941450411,2.3115999588120255,0.3012863020182505,0.014001230241810214,0.04073497534876358,0.03263853089367896,0.025808573909887,0.021998188664534624,0.015840605131658414,0.4410622914515926,0.25560961131613474,0.2788551383092971,0.2800825702391102,0.5375,0.4625,15.0,17.0,10.0,8.8125,5.4573013967946595,5.2690394018815505,0.9609340553845406,0.08383080036198251,44.0,0.0,0.0,0.0,0.0315584606381783,1.0,-0.08093574835110479,-0.03312635679236131,1.0,628.0,-20.40924120310006,56.5678090154113,763.0,0.3232484076433121,0.19585987261146498,0.48089171974522293,0.0,0.0,0.0,0.0,0.0,0.0,23.358319666858396,1.7443729991118537,0.8148001918483357,0.0,44.0,1.0,6.713859929784658,0.0,0.0,0,1,1,0
TSLA_1h_1709829000_1711557000_42.png,C:\Users\afierro\CV_chart_pattern_detector\data\images\rendered\train\TSLA_1h_1709829000_1711557000_42.png,train,TSLA,1h,2024-03-07T16:30:00+00:00,2024-03-27T16:30:00+00:00,100,0.00022854272529413165,0.01109858966617187,0.006790835060331677,2.223853805048018,0.24371956367326372,0.012156022468521543,-0.01107964330017397,0.05409688928890577,0.0023867497256389036,0.02125354376708244,0.03408417197488167,0.44170971591925173,0.25023840843944756,0.2786462207026715,0.27964406337807673,0.47,0.53,8.0,11.0,11.0,8.9,5.6450097897050995,5.099616440289578,0.0,0.0,0.0,0.0,0.0,0.0,0.02813164468915552,1.0,0.13427865018077562,-0.005561804949351658,1.0,223.0,-8.766820747756103,61.59515959062372,712.0,0.4080717488789238,0.25112107623318386,0.34080717488789236,0.0,0.0,0.0,0.0,0.0,0.0,23.358319666858453,1.7443729991117682,0.8148001918483387,0.0,44.0,0.0,0.0,0.0,0.0,0,1,0,0
TSLA_1h_1709926200_1711654200_42.png,C:\Users\afierro\CV_chart_pattern_detector\data\images\rendered\train\TSLA_1h_1709926200_1711654200_42.png,train,TSLA,1h,2024-03-08T19:30:00+00:00,2024-03-28T19:30:00+00:00,100,7.004427068008023e-05,0.010939838458699098,0.006641965567077589,2.20131305085874,0.2322269998875901,-0.00940834697048798,-0.025824348799773023,-0.0334039646085712,-0.0105015860690294,-0.01539566402073822,0.004496786370036032,0.4299646219449761,0.24655349003879318,0.28783885006144705,0.2821965279935768,0.47,0.53,8.0,10.0,11.714285714285714,9.444444444444445,5.723493446213508,5.294888283285686,0.0,0.0,0.0,0.0,0.0,0.0,0.02813164468915552,1.0,0.15616771317902256,-0.0014127152752966762,1.0,185.0,-2.994599231835958,62.908814540901105,660.0,0.4648648648648649,0.25405405405405407,0.2810810810810811,0.0,0.0,0.0,0.0,0.0,0.0,23.35831966685845,1.7443729991117882,0.8148001918483423,0.0,44.0,0.0,0.0,0.0,0.0,0,1,0,0
TSLA_1h_1710351000_1712169000_42.png,C:\Users\afierro\CV_chart_pattern_detector\data\images\rendered\train\TSLA_1h_1710351000_1712169000_42.png,train,TSLA,1h,2024-03-13T17:30:00+00:00,2024-04-03T18:30:00+00:00,100,-9.34899051042681e-05,0.011444385507099307,0.0063908726092226364,2.231503977346467,0.1829564901806138,-0.001311599963648491,0.004707037631225264,-0.024532967916628956,0.0020117244611170815,-0.008583100424125467,-0.034829859517655604,0.42863967283907256,0.23407226098652004,0.2882873391355196,0.2830729880254078,0.52,0.48,9.0,11.0,10.625,7.9,5.895094084969647,5.013260117885631,0.950158497629294,0.044734938905639156,26.0,0.0,0.0,0.0,0.0315584606381783,1.0,-0.1938728858242505,0.009076033299621105,1.0,367.0,11.016344225861396,59.06321251481277,691.0,0.3215258855585831,0.4604904632152589,0.21798365122615804,0.0,0.0,0.0,0.0,0.0,0.0,0.0,0.0,0.0,0.0,0.0,1.0,3.698392859046817,0.0,0.0,0,0,1,0
TSLA_1h_1710351000_1713281400_42.png,C:\Users\afierro\CV_chart_pattern_detector\data\images\rendered\train\TSLA_1h_1710351000_1713281400_42.png,train,TSLA,1h,2024-03-13T17:30:00+00:00,2024-04-16T15:30:00+00:00,160,-0.0004328014133667309,0.012525804534368006,0.007536476827995417,2.3515304983643968,0.30250352530909835,-0.031072041749937274,-0.055310295577528645,-0.10333852279822253,-0.029483130398022195,-0.06086369122356339,-0.07734195759632656,0.44076584360053206,0.25511176685282555,0.2830534589337434,0.27618069746572466,0.5125,0.4875,13.0,16.0,10.75,9.2,5.14942177464046,4.742046961337069,0.9609340553845406,0.08383080036198251,44.0,0.0,0.0,0.0,0.0315584606381783,1.0,-0.03764048566071459,0.0062576241425349784,1.0,492.0,5.162596835111215,67.2646307915827,736.0,0.30691056910569103,0.3943089430894309,0.29878048780487804,0.0,0.0,0.0,0.0,0.0,0.0,16.284435759890446,1.9744110260614938,0.7925302165759865,0.0,38.0,1.0,6.60257106352118,0.0,0.0,0,1,1,0
TSLA_1h_1711035000_1713965400_42.png,C:\Users\afierro\CV_chart_pattern_detector\data\images\rendered\train\TSLA_1h_1711035000_1713965400_42.png,train,TSLA,1h,2024-03-21T15:30:00+00:00,2024-04-24T13:30:00+00:00,160,-0.00022923779460246163,0.01639916901150041,0.008357011876374042,2.3222572445729015,0.37285652729171015,0.12960189431010538,0.15618535649396237,0.1106589416289141,0.1216897752903916,0.12963165354090833,0.08227288154834245,0.4363775537476712,0.25331616479211494,0.2808194997800017,0.28280294647232707,0.4875,0.5125,13.0,16.0,12.083333333333334,9.4,10.090998205043668,9.971347962878307,0.9609340553845406,0.08383080036198251,44.0,0.0,0.0,0.0,0.017898241977869375,1.0,-0.4744182518709994,-0.02898265818649881,1.0,335.0,-11.853736319292837,65.37437205403741,780.0,0.31044776119402984,0.2507462686567164,0.4388059701492537,0.0,0.0,0.0,0.0,0.0,0.0,16.284435759890385,1.9744110260613896,0.7925302165759861,0.0,38.0,1.0,6.683783004296881,0.0,0.0,0,1,1,0
TSLA_1h_1711978200_1714588200_42.png,C:\Users\afierro\CV_chart_pattern_detector\data\images\rendered\train\TSLA_1h_1711978200_1714588200_42.png,train,TSLA,1h,2024-04-01T13:30:00+00:00,2024-05-01T18:30:00+00:00,160,0.000597906932543286,0.018807763320744523,0.010055689920674482,3.0211077452187562,0.7613511192444794,0.018270676361206606,-0.003280888001974014,-0.009778581086352434,0.007339682063495667,-0.01528138320113237,0.0788842509466996,0.43271280277180485,0.2589984609073335,0.2879685342137404,0.27931866301445474,0.5125,0.4875,14.0,13.0,10.461538461538462,11.75,11.706338331583128,11.816592160739399,0.0,0.0,0.0,0.9211545963408649,0.06628764695855703,61.0,0.07500322791662761,1.0,0.5516398496489209,-0.05858135581349109,1.0,571.0,-15.299480110563454,64.04636346266608,712.0,0.18914185639229422,0.266199649737303,0.5446584938704028,0.0,0.0,0.0,0.0,0.0,0.0,16.28443575989029,1.9744110260614647,0.7925302165759837,0.0,38.0,0.0,0.0,1.0,3.733775220471664,0,1,0,1
TSLA_1h_1712601000_1715272200_42.png,C:\Users\afierro\CV_chart_pattern_detector\data\images\rendered\train\TSLA_1h_1712601000_1715272200_42.png,train,TSLA,1h,2024-04-08T18:30:00+00:00,2024-05-09T16:30:00+00:00,160,0.00014226056180361194,0.017606315502322036,0.009135416638121301,2.7576635352160093,0.8474171189566609,-0.009269378304303078,-0.010352045053450776,-0.057068735427436734,-0.005057072543079855,-0.02027924536563752,-0.03645990605516203,0.4181270774195343,0.2564829501076394,0.290049769343888,0.2918231532365777,0.4625,0.5375,11.0,14.0,13.1,10.23076923076923,14.147844177599543,14.023082284430938,0.0,0.0,0.0,0.9211545963408649,0.06628764695855703,61.0,0.0257200423061954,1.0,0.12059246551470887,0.057486587937631915,1.0,360.0,-4.027782538533211,66.7195572203624,709.0,0.3,0.3194444444444444,0.38055555555555554,0.0,0.0,0.0,0.0,0.0,0.0,0.0,0.0,0.0,0.0,0.0,0.0,0.0,1.0,4.069278350493356,0,0,0,1
TSLA_1h_1713285000_1715956200_42.png,C:\Users\afierro\CV_chart_pattern_detector\data\images\rendered\train\TSLA_1h_1713285000_1715956200_42.png,train,TSLA,1h,2024-04-16T16:30:00+00:00,2024-05-17T14:30:00+00:00,160,0.0009399311680533505,0.0173391762252052,0.008753515593492063,2.6670865667737855,0.9055451839633378,0.019922617597733394,0.02173876840670763,0.009216481743129501,0.016336021725214867,0.014735799653160075,0.024359482100075214,0.4247720281930114,0.2634608918838269,0.2832632471474426,0.291964724659546,0.49375,0.50625,13.0,16.0,12.166666666666666,9.733333333333333,12.51781696099501,12.995715321690664,0.0,0.0,0.0,0.9213493888620132,0.06618773339179795,54.0,0.0236138609296855,1.0,-0.10772176099617142,-0.001750962838883527,1.0,387.0,1.7364295530072786,68.9547496089789,718.0,0.2868217054263566,0.3850129198966408,0.3281653746770026,0.0,0.0,0.0,0.0,0.0,0.0,0.0,0.0,0.0,0.0,0.0,0.0,0.0,1.0,4.168863574196274,0,0,0,1
TSLA_1h_1713969000_1716579000_42.png,C:\Users\afierro\CV_chart_pattern_detector\data\images\rendered\train\TSLA_1h_1713969000_1716579000_42.png,train,TSLA,1h,2024-04-24T14:30:00+00:00,2024-05-24T19:30:00+00:00,160,0.0007551281570180911,0.01351596022435734,0.007912829644929814,2.7469693053802144,0.9527034761981004,0.00296403325615624,0.03342170840236669,-0.006289013587698622,0.011032037322941113,0.007323861297145573,0.010105003402242962,0.45889312286707085,0.27742052340507367,0.26472252437639887,0.2763843527565303,0.54375,0.45625,14.0,14.0,10.615384615384615,10.153846153846153,7.42565861205035,4.871149754088471,0.0,0.0,0.0,0.9803881025755417,0.043180992451323785,60.0,0.0236138609296855,1.0,0.11220306668323979,-0.010724267982828058,1.0,1099.0,-5.432216227759655,65.96373001815365,729.0,0.1337579617834395,0.3794358507734304,0.48680618744313015,0.0,0.0,0.0,0.0,0.0,0.0,0.0,0.0,0.0,0.0,0.0,0.0,0.0,1.0,2.919342615212575,0,0,0,1
TSLA_1h_1714591800_1717522200_42.png,C:\Users\afierro\CV_chart_pattern_detector\data\images\rendered\train\TSLA_1h_1714591800_1717522200_42.png,train,TSLA,1h,2024-05-01T19:30:00+00:00,2024-06-04T17:30:00+00:00,160,-6.88627400199755e-05,0.009315195090492653,0.006255791478321753,2.273919482890232,0.4949720773328018,0.010516067469015455,0.002608400562277957,-0.011295667683151378,0.00424169487251147,0.0011634874455630495,-0.00047410848640394576,0.4528836816243612,0.27849768245945605,0.25669008977980207,0.29042622859583667,0.54375,0.45625,16.0,18.0,8.933333333333334,8.588235294117647,3.2639638412551952,3.201284138992971,0.0,0.0,0.0,0.9803881025755417,0.043180992451323785,60.0,0.026124209556622733,1.0,-0.021641401388361868,0.01842315260269908,1.0,1942.0,3.089593424579756,64.13755910002638,752.0,0.14727085478887744,0.45159629248197736,0.40113285272914523,0.0,0.0,0.0,0.0,0.0,0.0,0.0,0.0,0.0,0.0,0.0,0.0,0.0,1.0,3.4812726418325988,0,0,0,1
TSLA_1h_1715275800_1718206200_42.png,C:\Users\afierro\CV_chart_pattern_detector\data\images\rendered\train\TSLA_1h_1715275800_1718206200_42.png,train,TSLA,1h,2024-05-09T17:30:00+00:00,2024-06-12T15:30:00+00:00,160,0.00027999157252558987,0.009313518735400168,0.006336584844136547,1.9346761762273545,0.29458331717312913,0.05452424468824035,0.05404840817095513,0.015205632203014074,0.04137392605135726,0.029804614338331925,0.021244284371338518,0.4789209498971651,0.2762216817381485,0.2515455536927217,0.2695334964101132,0.5375,0.45625,19.0,19.0,7.111111111111111,8.166666666666666,2.712195988058788,2.7254506732500907,0.0,0.0,0.0,0.9661851073916574,0.05051720126976087,44.0,0.026124209556622733,1.0,-0.04423743210876211,-0.02305183991841485,1.0,2185.0,4.281002011751965,64.93776538795818,789.0,0.128604118993135,0.4791762013729977,0.3922196796338673,0.0,0.0,0.0,0.0,0.0,0.0,0.0,0.0,0.0,0.0,0.0,0.0,0.0,1.0,4.615527417198654,0,0,0,1
TSLA_1h_1715959800_1718976600_42.png,C:\Users\afierro\CV_chart_pattern_detector\data\images\rendered\train\TSLA_1h_1715959800_1718976600_42.png,train,TSLA,1h,2024-05-17T15:30:00+00:00,2024-06-21T13:30:00+00:00,160,0.00013280031573024488,0.009611834300476983,0.0065434997502742745,2.18414344076253,0.3270083884530521,0.008629738912883989,-0.014557867186991924,-0.02375653303429004,-0.0024931139820478787,-0.012110816529121715,0.007745363660540239,0.4738531268474386,0.2747038803055789,0.2540377145802246,0.2721091585723368,0.51875,0.475,17.0,18.0,9.0625,8.705882352941176,3.786825852176835,3.0517468096212146,0.0,0.0,0.0,0.9443702347019032,0.07461819024700127,26.0,0.025092775770939484,1.0,0.13746020821858826,-0.01512973611836504,1.0,1224.0,4.455877327597609,65.43741550536157,745.0,0.19934640522875818,0.42483660130718953,0.3758169934640523,0.0,0.0,0.0,0.0,0.0,0.0,0.0,0.0,0.0,0.0,0.0,0.0,0.0,1.0,5.977857985353821,0,0,0,1
TSLA_1h_1716903000_1719599400_42.png,C:\Users\afierro\CV_chart_pattern_detector\data\images\rendered\train\TSLA_1h_1716903000_1719599400_42.png,train,TSLA,1h,2024-05-28T13:30:00+00:00,2024-06-28T18:30:00+00:00,160,0.0007352305876759366,0.008864949130912908,0.006086423821215637,2.313020064561544,0.34974104307231146,-0.0237303928379321,-0.0031313723563193285,0.02043450964362603,-0.007302874296899686,-0.001242391066285986,0.03918426408371989,0.45802932547538344,0.2647932255185255,0.26496933580771426,0.27700133871690236,0.5125,0.48125,18.0,19.0,8.764705882352942,8.0,6.669935341317555,5.563733187164575,0.0,0.0,0.0,0.9443702347019032,0.07461819024700127,26.0,0.025092775770939484,1.0,0.21980444563424378,0.014237112379869235,1.0,1054.0,21.019919768286837,63.476576576230066,763.0,0.1413662239089184,0.6015180265654649,0.2571157495256167,0.0,0.0,0.0,0.0,0.0,0.0,0.0,0.0,0.0,0.0,0.0,0.0,0.0,1.0,5.65005215809709,0,0,0,1
TSLA_1h_1717525800_1720618200_42.png,C:\Users\afierro\CV_chart_pattern_detector\data\images\rendered\train\TSLA_1h_1717525800_1720618200_42.png,train,TSLA,1h,2024-06-04T18:30:00+00:00,2024-07-10T13:30:00+00:00,160,0.002530037142689257,0.013117704370329148,0.007499338192030879,2.774164211821975,1.0248891315314668,-0.004952618493017202,0.024848145795482335,0.05418270277489734,-0.00026934356414309857,0.015827871514156655,0.1190870817533407,0.45829431978783874,0.27419339253269875,0.26792402139027044,0.27378165882189076,0.525,0.46875,15.0,16.0,10.642857142857142,9.333333333333334,27.328010332383684,21.437634732649226,0.0,0.0,0.0,0.9443702347019032,0.07461819024700127,26.0,0.03326114627343544,1.0,1.1905399352912887,-0.045499900794057704,1.0,308.0,7.194800470169488,67.08151506142616,726.0,0.3051948051948052,0.41883116883116883,0.275974025974026,0.0,0.0,0.0,0.0,0.0,0.0,0.0,0.0,0.0,0.0,0.0,0.0,0.0,1.0,4.726570631483939,0,0,0,1
TSLA_1h_1718209800_1721241000_42.png,C:\Users\afierro\CV_chart_pattern_detector\data\images\rendered\train\TSLA_1h_1718209800_1721241000_42.png,train,TSLA,1h,2024-06-12T16:30:00+00:00,2024-07-17T18:30:00+00:00,160,0.002188123479224441,0.015099750981987571,0.008868290672404114,3.5595462780751417,1.4434331456124814,-0.004520085093288717,-0.022158553821406968,-0.058038085613224544,-0.011936313573050583,-0.020827973799685595,-0.024327263838362145,0.4523369967832431,0.2670007875199146,0.27711178611509035,0.2705512171016665,0.525,0.475,15.0,17.0,10.642857142857142,9.5625,34.48047931946893,30.656226287446923,0.9288075164544308,0.05747365506792271,28.0,0.9317595313238234,0.06382459804837323,54.0,0.03554701834968685,1.0,0.4273497209937937,0.018616365099589294,1.0,469.0,13.264388307325367,62.741172278812144,709.0,0.19616204690831557,0.5607675906183369,0.24307036247334754,0.0,0.0,0.0,0.0,0.0,0.0,0.0,0.0,0.0,0.0,0.0,1.0,4.327073905776863,1.0,3.581963913828218,0,0,1,1
TSLA_1h_1718980200_1721925000_42.png,C:\Users\afierro\CV_chart_pattern_detector\data\images\rendered\train\TSLA_1h_1718980200_1721925000_42.png,train,TSLA,1h,2024-06-21T14:30:00+00:00,2024-07-25T16:30:00+00:00,160,0.001458855216269923,0.01809071043874551,0.009897355987245966,4.146357883346134,1.2448569714323956,0.038515095367785745,0.02654056425391471,-0.11171090299178732,0.013778749960065895,-0.04028390195850018,-0.07684325985363882,0.44867727375181826,0.26645586971538265,0.28847233516877735,0.26285039107940433,0.53125,0.46875,14.0,16.0,11.384615384615385,9.533333333333333,29.470515005127613,24.832343173455065,0.9288075164544308,0.05747365506792271,28.0,0.9297585263294301,0.06485383926383773,27.0,0.03554701834968685,1.0,-0.3916312295061525,-0.007910651663384996,1.0,289.0,6.387539016952976,64.18266057340954,714.0,0.31833910034602075,0.42214532871972316,0.25951557093425603,0.0,0.0,0.0,0.0,0.0,0.0,0.0,0.0,0.0,0.0,0.0,1.0,3.7290963158502235,1.0,3.04865159369685,0,0,1,1
TSLA_1h_1719603000_1722609000_42.png,C:\Users\afierro\CV_chart_pattern_detector\data\images\rendered\train\TSLA_1h_1719603000_1722609000_42.png,train,TSLA,1h,2024-06-28T19:30:00+00:00,2024-08-02T14:30:00+00:00,160,0.0005233523498429268,0.01916068468746432,0.010922403063961328,4.630678599363179,0.6992392256784141,-0.03970587843429685,-0.09969840060808999,-0.0638831396328895,-0.049733094160490876,-0.06627333935167257,-0.06596950546884262,0.4494372682113045,0.27026612451221876,0.28436175873907893,0.2662009730496166,0.48125,0.51875,16.0,15.0,9.4,9.857142857142858,15.535699909257822,15.69295686328138,0.0,0.0,0.0,0.0,0.0,0.0,0.03493790341333989,1.0,-0.4032099742147221,-0.00027243079050210534,1.0,618.0,-16.26537685477232,66.05115373696597,730.0,0.2168284789644013,0.2669902912621359,0.5161812297734628,0.0,0.0,0.0,0.0,0.0,0.0,0.0,0.0,0.0,0.0,0.0,0.0,0.0,0.0,0.0,0,0,0,0
TSLA_1h_1720621800_1723231800_42.png,C:\Users\afierro\CV_chart_pattern_detector\data\images\rendered\train\TSLA_1h_1720621800_1723231800_42.png,train,TSLA,1h,2024-07-10T14:30:00+00:00,2024-08-09T19:30:00+00:00,160,-0.0015406315385402417,0.017388558515068566,0.010370222046910916,4.608742555972156,0.7754795305943951,0.014608191590026909,-3.646170712190422e-05,0.005731808502925428,0.006408852330491044,0.012141060828374739,-0.017631920620544528,0.4505055838021522,0.25547884676871646,0.2785204989030082,0.27097391729483966,0.4625,0.5375,16.0,15.0,10.0,10.142857142857142,21.119658303247764,20.687707760378117,0.0,0.0,0.0,0.0,0.0,0.0,0.03493790341333989,1.0,-0.4971632306921159,0.02642947324307923,1.0,947.0,-24.57445078421042,59.061237447612825,709.0,0.15100316789862725,0.21647307286166842,0.6325237592397043,0.0,0.0,0.0,0.0,0.0,0.0,0.0,0.0,0.0,0.0,0.0,0.0,0.0,0.0,0.0,0,0,0,0
TSLA_1h_1721244600_1724088600_42.png,C:\Users\afierro\CV_chart_pattern_detector\data\images\rendered\train\TSLA_1h_1721244600_1724088600_42.png,train,TSLA,1h,2024-07-17T19:30:00+00:00,2024-08-19T17:30:00+00:00,160,-0.0005790377436719387,0.017002368840515425,0.009595599867122238,3.771443512916261,0.6818862048047962,-0.0022086247715497054,0.02327403446997267,0.09942879764989643,0.011861479223802984,0.024768600155614218,0.0703594054250869,0.4266287466316953,0.26356999894942934,0.2677450158230248,0.30562623754527996,0.475,0.525,17.0,15.0,9.4375,10.285714285714286,16.635291926325284,15.919980417853633,0.0,0.0,0.0,0.9229261920313521,0.08650551365529066,52.0,0.03377449148038427,1.0,0.23357461588627396,0.017278173847005675,1.0,561.0,-19.761145968381946,61.46671423995149,723.0,0.2103386809269162,0.21568627450980393,0.5739750445632799,0.0,0.0,0.0,0.0,0.0,0.0,0.0,0.0,0.0,0.0,0.0,0.0,0.0,1.0,4.57865491000581,0,0,0,1
TSLA_1h_1721928600_1724772600_42.png,C:\Users\afierro\CV_chart_pattern_detector\data\images\rendered\train\TSLA_1h_1721928600_1724772600_42.png,train,TSLA,1h,2024-07-25T17:30:00+00:00,2024-08-27T15:30:00+00:00,160,-0.00035556080523981373,0.013914365165046867,0.008484570230070224,3.3575833382336198,0.6376139000880521,-0.01683079867684989,-0.01737421154387253,-0.021921021305463362,-0.012499464272259342,-0.024849111132076218,-0.040244221102137545,0.4358511508216864,0.25738129174677327,0.2532311042728468,0.3109177449054668,0.45625,0.54375,17.0,14.0,9.375,10.615384615384615,10.60955892637875,11.242408631249415,0.0,0.0,0.0,0.9229261920313521,0.08650551365529066,52.0,0.03294161220379787,1.0,0.21135208891749271,0.013523466285350377,1.0,551.0,11.453715858896501,57.80476900596116,715.0,0.25045372050816694,0.4827586206896552,0.26678765880217786,0.0,0.0,0.0,0.0,0.0,0.0,0.0,0.0,0.0,0.0,0.0,0.0,0.0,1.0,5.11971838965573,0,0,0,1
TSLA_1h_1722612600_1725543000_42.png,C:\Users\afierro\CV_chart_pattern_detector\data\images\rendered\train\TSLA_1h_1722612600_1725543000_42.png,train,TSLA,1h,2024-08-02T15:30:00+00:00,2024-09-05T13:30:00+00:00,160,0.0007929721592690038,0.014173016852002047,0.008519586148330227,3.240042325066007,0.6364381791169237,0.0591749308225189,0.10662948509234038,0.11885118928077798,0.0655551086579782,0.08156835948378705,0.10291540352314232,0.45805660980888446,0.2546329418477137,0.2448138896616921,0.2971295005294235,0.49375,0.50625,15.0,15.0,9.214285714285714,10.428571428571429,7.880110682338036,9.443216271041797,0.0,0.0,0.0,0.9229261920313521,0.08650551365529066,52.0,0.028007112037332867,1.0,-0.09261620383389985,-0.03281620390099799,1.0,389.0,14.329044224057528,60.43143744898532,780.0,0.31876606683804626,0.4755784061696658,0.20565552699228792,0.0,0.0,0.0,0.0,0.0,0.0,0.0,0.0,0.0,0.0,0.0,0.0,0.0,1.0,5.298589802888227,0,0,0,1
TSLA_1h_1723469400_1726165800_42.png,C:\Users\afierro\CV_chart_pattern_detector\data\images\rendered\train\TSLA_1h_1723469400_1726165800_42.png,train,TSLA,1h,2024-08-12T13:30:00+00:00,2024-09-12T18:30:00+00:00,160,0.0010665950829360322,0.01408270969261273,0.008601947451482685,3.303184117402998,0.5089815867698687,0.0072765018532876535,0.029986494843541767,0.027499525636150768,0.008181116589167647,0.020838102424798777,0.035155144667076366,0.4817829873639329,0.2687068531162439,0.23196284101433876,0.2862541716217283,0.525,0.475,17.0,15.0,8.3125,9.142857142857142,6.698897558403984,7.0808432432143045,0.0,0.0,0.0,0.9967620681052808,0.05057599042761586,49.0,0.046856471382083306,1.0,0.26339537043332373,-0.003106225985418643,1.0,1624.0,5.4839852830679545,63.50238455628877,760.0,0.125,0.4815270935960591,0.3934729064039409,0.0,0.0,0.0,0.0,0.0,0.0,0.0,0.0,0.0,0.0,0.0,0.0,0.0,1.0,3.393246120794729,0,0,0,1
TSLA_1h_1724092200_1726849800_42.png,C:\Users\afierro\CV_chart_pattern_detector\data\images\rendered\train\TSLA_1h_1724092200_1726849800_42.png,train,TSLA,1h,2024-08-19T18:30:00+00:00,2024-09-20T16:30:00+00:00,160,0.0005078934239399834,0.013434737183631527,0.008590294033383789,3.1372121673539657,0.6084663463164626,-0.02312896964724387,-0.014724728029461565,0.04450587241923332,-0.012936966325235444,0.010000778656501064,0.02884855759175986,0.4970778276873581,0.25246680698511814,0.22840375203448576,0.27451842027815615,0.51875,0.48125,17.0,16.0,8.75,9.533333333333333,8.589729584839295,8.116319471457148,0.0,0.0,0.0,0.9268230844527513,0.06416347289668041,48.0,0.028194757006866456,1.0,0.24908383597916325,0.02091247946082295,1.0,1975.0,13.634425742233855,63.91222724093242,746.0,0.10177215189873418,0.5686075949367089,0.32962025316455695,0.0,0.0,0.0,0.0,0.0,0.0,22.75013445972852,0.42970841608312355,0.8067018117973325,0.0,56.0,0.0,0.0,1.0,4.644550295973805,0,1,0,1
TSLA_1h_1724776200_1727706600_42.png,C:\Users\afierro\CV_chart_pattern_detector\data\images\rendered\train\TSLA_1h_1724776200_1727706600_42.png,train,TSLA,1h,2024-08-27T16:30:00+00:00,2024-09-30T14:30:00+00:00,160,0.0014082029534719588,0.01278038227090272,0.008006591922827473,3.1403520629101975,0.6084559616775634,0.0029378179751242683,0.020930841970945524,0.013196991116529944,0.004803583055851712,0.01081115516986797,0.03497137874655287,0.4788245694774188,0.2591335968115365,0.24206958892579472,0.2791058415967864,0.55,0.45,15.0,15.0,10.214285714285714,9.928571428571429,13.854927041759876,13.849735322347405,0.0,0.0,0.0,0.9268230844527513,0.06416347289668041,48.0,0.014036844279663131,1.0,0.48315747149718347,0.003921648525066359,1.0,563.0,25.0426246891225,58.24443232478258,718.0,0.20426287744227353,0.6216696269982238,0.17406749555950266,0.0,0.0,0.0,0.0,0.0,0.0,22.75013445972846,0.4297084160831184,0.8067018117973327,0.0,56.0,0.0,0.0,1.0,4.640080940928012,0,1,0,1
TSLA_1h_1725546600_1728329400_42.png,C:\Users\afierro\CV_chart_pattern_detector\data\images\rendered\train\TSLA_1h_1725546600_1728329400_42.png,train,TSLA,1h,2024-09-05T14:30:00+00:00,2024-10-07T19:30:00+00:00,160,0.0004308073163381861,0.012382332120797626,0.007691506958325775,3.696394572862957,0.9685981196410679,-0.016538049989186288,-0.03346976716843453,-0.011448545055288584,-0.018964172892239506,-0.015186455058707304,-0.03964154629796679,0.46775006320891854,0.26105602702886493,0.24295892584389148,0.28929101094719006,0.54375,0.45625,17.0,13.0,9.1875,10.916666666666666,14.52546541840081,12.935158826242645,0.9915087111519489,0.03890392557065321,26.0,0.9268230844527513,0.06416347289668041,48.0,0.028220528047354212,1.0,-0.07668921805523461,-0.016649498011834633,1.0,413.0,17.058107186604932,60.22847205993165,710.0,0.2542372881355932,0.5423728813559322,0.2033898305084746,0.0,0.0,0.0,0.0,0.0,0.0,22.750134459728176,1.1346644359895244,0.7736570675333833,0.0,49.0,1.0,2.8336845711256724,1.0,3.9683378379702283,0,1,1,1
TSLA_1h_1726169400_1729013400_42.png,C:\Users\afierro\CV_chart_pattern_detector\data\images\rendered\train\TSLA_1h_1726169400_1729013400_42.png,train,TSLA,1h,2024-09-12T19:30:00+00:00,2024-10-15T17:30:00+00:00,160,-0.00019585817026524513,0.012095060226295206,0.006672760065100354,3.098080678284905,0.6081409719385842,0.0010976707746699343,0.0030299996941360874,-0.07778294414602005,0.0020608994728199548,-0.0010182171975000598,-0.060833470548589896,0.4191933789429834,0.24818143348776195,0.2785832633689521,0.3022233576880645,0.50625,0.49375,14.0,13.0,10.0,11.833333333333334,9.741542150301763,11.151381141400327,0.9398210152065717,0.06431090304245678,43.0,0.9460659507152236,0.06188054239523967,29.0,0.028220528047354212,1.0,-0.4869010020353064,0.029910212909111885,1.0,400.0,-4.297504957765341,63.68837484555842,710.0,0.31,0.34,0.35,0.0,0.0,0.0,0.0,0.0,0.0,0.0,0.0,0.0,0.0,0.0,1.0,5.4519318012287865,1.0,4.69394302703725,0,0,1,1
TSLA_1h_1726853400_1729697400_42.png,C:\Users\afierro\CV_chart_pattern_detector\data\images\rendered\train\TSLA_1h_1726853400_1729697400_42.png,train,TSLA,1h,2024-09-20T17:30:00+00:00,2024-10-23T15:30:00+00:00,160,-0.0005798948971019721,0.010755473996944969,0.0056633495796239545,2.8390297123557526,0.7324493576450837,-0.013977178530041878,-0.008648087728148846,-0.02954600571306698,-0.007640178980195644,-0.013829263401291425,-0.020530238868052497,0.40901349201061804,0.25267947939380053,0.293494977091873,0.297491530897509,0.5,0.5,19.0,12.0,8.055555555555555,13.272727272727273,16.907398908551404,13.768342788440867,0.9398210152065717,0.06431090304245678,43.0,0.0,0.0,0.0,0.007493116944713178,1.0,-0.3641332484163489,0.023388847201271,1.0,370.0,-19.84324873782493,60.03046397461123,710.0,0.2891891891891892,0.1864864864864865,0.5243243243243243,0.0,0.0,0.0,0.0,0.0,0.0,0.0,0.0,0.0,0.0,0.0,1.0,5.935132819619568,0.0,0.0,0,0,1,0
TSLA_1h_1727710200_1730381400_42.png,C:\Users\afierro\CV_chart_pattern_detector\data\images\rendered\train\TSLA_1h_1727710200_1730381400_42.png,train,TSLA,1h,2024-09-30T15:30:00+00:00,2024-10-31T13:30:00+00:00,160,-1.3166396550496657e-05,0.016996432323826062,0.0070416249049916795,3.195445663063684,0.8758721518917747,-0.029694264675140913,-0.018092451063511206,-0.05809434578442996,-0.02123963951916852,-0.026687404489641908,0.021553501000667774,0.41892325599204316,0.25088785036526906,0.2722902232865538,0.30878652072140306,0.50625,0.49375,17.0,12.0,9.3125,12.909090909090908,18.174305420000994,14.66282512727535,0.9398210152065717,0.06431090304245678,43.0,0.9929138041320659,0.03442425494427447,44.0,0.014492750268093279,1.0,0.7790670086395222,-0.04067073350623262,1.0,537.0,-16.458105528154853,62.34309715613463,715.0,0.2085661080074488,0.2532588454376164,0.5381750465549349,0.0,0.0,0.0,0.0,0.0,0.0,0.0,0.0,0.0,0.0,0.0,1.0,5.2905762445604445,1.0,2.4707896250275607,0,0,1,1
TSLA_1h_1728394200_1731007800_42.png,C:\Users\afierro\CV_chart_pattern_detector\data\images\rendered\train\TSLA_1h_1728394200_1731007800_42.png,train,TSLA,1h,2024-10-08T13:30:00+00:00,2024-11-07T19:30:00+00:00,160,0.0014049744985456403,0.0184675396184012,0.00687883875939103,3.4485607631292736,1.0485896321333434,-0.0002462773618301384,0.02884097254030049,0.18496388020681276,0.012379539283543073,0.06994450038772593,0.13310221950042567,0.387796556151372,0.24418477911842126,0.2805957520796021,0.33160769176902594,0.5,0.5,17.0,10.0,9.3125,14.666666666666666,25.171361236089105,15.631167289003214,0.9749876141606166,0.026704121164803155,42.0,0.9452765287080804,0.05691478450338194,31.0,0.014492750268093279,1.0,0.36970772365421656,0.03260512291985911,1.0,873.0,6.766318772120438,66.81219871664653,729.0,0.13287514318442153,0.5063001145475372,0.36082474226804123,0.0,0.0,0.0,0.0,0.0,0.0,0.0,0.0,0.0,0.0,0.0,1.0,1.867847331791859,1.0,4.217335578094031,0,0,1,1
TSLA_1h_1729017000_1731691800_42.png,C:\Users\afierro\CV_chart_pattern_detector\data\images\rendered\train\TSLA_1h_1729017000_1731691800_42.png,train,TSLA,1h,2024-10-15T18:30:00+00:00,2024-11-15T17:30:00+00:00,160,0.0025660288476014926,0.020240890840986913,0.009315955534922614,4.229241072192538,2.309557222384573,0.027862025787442457,-0.0012817435447569636,-0.025857034708935633,0.009268320219010473,-0.008734025422808545,-0.002061615782204762,0.42325022340821805,0.25658265782601186,0.2540382053958915,0.32271157119589045,0.5,0.5,16.0,10.0,9.2,16.22222222222222,46.317167920961985,45.08694703992686,0.0,0.0,0.0,0.9452765287080804,0.05691478450338194,31.0,0.0341128568856315,1.0,1.3453304301502005,-0.030267015720997922,1.0,474.0,-3.3101309526570235,68.51883068096237,712.0,0.21308016877637131,0.39662447257383965,0.39029535864978904,0.0,0.0,0.0,0.0,0.0,0.0,0.0,0.0,0.0,0.0,0.0,0.0,0.0,1.0,3.459661369951497,0,0,0,1
TSLA_1h_1729701000_1732548600_42.png,C:\Users\afierro\CV_chart_pattern_detector\data\images\rendered\train\TSLA_1h_1729701000_1732548600_42.png,train,TSLA,1h,2024-10-23T16:30:00+00:00,2024-11-25T15:30:00+00:00,160,0.003406350655289951,0.021719443466465583,0.01110040391216176,5.443584413562841,1.8861300554284088,-0.0005368817312323415,0.04170226526629439,0.03730315136805107,0.009328256129712553,0.022975158179007193,0.05004858363039211,0.4590465950364694,0.25868808258525416,0.23082862003808727,0.31012478492544326,0.5125,0.4875,15.0,12.0,9.5,11.181818181818182,40.383204786208275,34.99904623976949,0.0,0.0,0.0,0.9452765287080804,0.05691478450338194,31.0,0.047937859974632714,1.0,0.3058005632059831,0.06442600791077358,1.0,570.0,9.392978410658083,67.4396941665607,707.0,0.1824561403508772,0.5070175438596491,0.3105263157894737,0.0,0.0,0.0,0.0,0.0,0.0,24.85080760495251,4.61456273480749,0.5443275118314659,0.0,42.0,0.0,0.0,1.0,2.71303436351745,0,1,0,1
TSLA_1h_1730385000_1733333400_42.png,C:\Users\afierro\CV_chart_pattern_detector\data\images\rendered\train\TSLA_1h_1730385000_1733333400_42.png,train,TSLA,1h,2024-10-31T14:30:00+00:00,2024-12-04T17:30:00+00:00,160,0.0022727660997021787,0.01818060481913464,0.010640370586415161,5.920654161396304,1.5360994858231685,0.002305189673111663,0.0001403074787700298,0.03842946721354612,0.004009089719903436,0.001912800612866361,0.01673218279038169,0.46017609162640605,0.2619186217619247,0.24781894376091226,0.29200496461268166,0.4875,0.5125,16.0,14.0,9.333333333333334,10.23076923076923,39.26870910846085,31.55885151803557,0.0,0.0,0.0,0.0,0.0,0.0,0.047937859974632714,1.0,0.1742426246753955,0.026892478230069964,1.0,476.0,7.62604601293051,67.14031904676446,709.0,0.23529411764705882,0.4579831932773109,0.3067226890756303,0.0,0.0,0.0,0.0,0.0,0.0,24.850807604952326,4.614562734807681,0.544327511831455,0.0,42.0,0.0,0.0,0.0,0.0,0,1,0,0
TSLA_1h_1731011400_1734017400_42.png,C:\Users\afierro\CV_chart_pattern_detector\data\images\rendered\train\TSLA_1h_1731011400_1734017400_42.png,train,TSLA,1h,2024-11-07T20:30:00+00:00,2024-12-12T15:30:00+00:00,160,0.0023754007564404695,0.016154371194971706,0.010653504211682308,6.060789330077906,1.226192319064099,0.010051949148963235,0.05774769700364013,0.09667659504171633,0.01730013860192403,0.040952349979270775,0.10888936746920153,0.49150773298191536,0.26595074864908547,0.23271541719540334,0.2757768498226813,0.51875,0.48125,13.0,15.0,10.583333333333334,9.928571428571429,16.15009145656297,23.13073564863601,0.0,0.0,0.0,0.0,0.0,0.0,0.030503598911628058,1.0,1.1027785185408387,-0.014637942199509401,1.0,728.0,20.36263298726344,63.90003701614364,726.0,0.1510989010989011,0.6002747252747253,0.24862637362637363,0.0,0.0,0.0,0.0,0.0,0.0,24.85080760495241,4.614562734807635,0.5443275118314561,0.0,42.0,0.0,0.0,0.0,0.0,0,1,0,0
TSLA_1h_1731695400_1734640200_42.png,C:\Users\afierro\CV_chart_pattern_detector\data\images\rendered\train\TSLA_1h_1731695400_1734640200_42.png,train,TSLA,1h,2024-11-15T18:30:00+00:00,2024-12-19T20:30:00+00:00,160,0.002088938622450622,0.01470676351345356,0.009644064697862534,6.137567897217364,1.8052637814204413,0.0302837212833027,-0.07047886351474086,-0.0751598452750154,-0.006770322127544914,-0.04635437508583384,-0.013010029430509662,0.48410642921452407,0.2615772946559278,0.24057432732420314,0.2753192434612728,0.5375,0.4625,12.0,15.0,13.727272727272727,10.571428571428571,42.67810473894778,44.33168859033267,0.0,0.0,0.0,0.0,0.0,0.0,0.025629064674553535,1.0,1.3873618825634384,-0.03481786569312692,1.0,935.0,20.34010274958483,62.45071561791614,747.0,0.12834224598930483,0.6213903743315508,0.25026737967914436,0.0,0.0,0.0,0.0,0.0,0.0,0.0,0.0,0.0,0.0,0.0,0.0,0.0,0.0,0.0,0,0,0,0
TSLA_1h_1732552200_1735659000_42.png,C:\Users\afierro\CV_chart_pattern_detector\data\images\rendered\train\TSLA_1h_1732552200_1735659000_42.png,train,TSLA,1h,2024-11-25T16:30:00+00:00,2024-12-31T15:30:00+00:00,160,0.0011886910642792748,0.01416970873760664,0.009545628941980551,7.445545365423081,2.2834998053221134,-0.026098223752688332,-0.043769632575180295,-0.09433177400208492,-0.01984024560017894,-0.04342646011742102,-0.054070465680837065,0.4712229896958796,0.2657155917824716,0.2482741798466372,0.2805028304574832,0.51875,0.48125,11.0,14.0,13.3,11.307692307692308,41.129766750613,41.446992408518746,0.0,0.0,0.0,0.9708050790546282,0.04644356317725852,31.0,0.02401601079193916,1.0,-0.20160545173855987,0.007509675282475427,1.0,804.0,22.139299453713406,60.08106509234365,718.0,0.1654228855721393,0.6243781094527363,0.21019900497512436,0.0,0.0,0.0,0.0,0.0,0.0,0.0,0.0,0.0,0.0,0.0,0.0,0.0,1.0,2.2535906813242135,0,0,0,1
TSLA_1h_1733337000_1736368200_42.png,C:\Users\afierro\CV_chart_pattern_detector\data\images\rendered\train\TSLA_1h_1733337000_1736368200_42.png,train,TSLA,1h,2024-12-04T18:30:00+00:00,2025-01-08T20:30:00+00:00,160,0.000802943963491983,0.0148072760348833,0.010282741909400697,7.853950208311436,2.2560735806102468,0.01680953164665855,0.003276545104060613,-0.039163234892926835,0.0007514511961481674,-0.010606174218295017,-0.017859371286675807,0.48182685312900625,0.255177264290478,0.23799427755166525,0.2801788693193286,0.5125,0.4875,11.0,13.0,14.2,12.416666666666666,30.148653223450413,27.909934709039913,0.0,0.0,0.0,0.0,0.0,0.0,0.022419578300540796,1.0,-0.7665003043745678,0.02234662952666201,1.0,483.0,1.2235980284386787,65.75961478373117,713.0,0.2505175983436853,0.4140786749482402,0.33540372670807456,0.0,0.0,0.0,0.0,0.0,0.0,0.0,0.0,0.0,0.0,0.0,0.0,0.0,0.0,0.0,0,0,0,0
TSLA_1h_1734021000_1737138600_42.png,C:\Users\afierro\CV_chart_pattern_detector\data\images\rendered\train\TSLA_1h_1734021000_1737138600_42.png,train,TSLA,1h,2024-12-12T16:30:00+00:00,2025-01-17T18:30:00+00:00,160,0.0003821081335208165,0.015499851851214457,0.010681688563617307,8.60516469085432,1.5266291060060453,0.022747759003318713,0.06298871836230346,0.10660016166151176,0.03455935871056326,0.041530066010506905,0.07908372701803756,0.4630122613592215,0.24503565117447668,0.25452400696997113,0.2824637316708073,0.5,0.5,13.0,15.0,10.0,10.571428571428571,25.723037347556208,24.68136633100124,0.0,0.0,0.0,0.0,0.0,0.0,0.026781759657079157,1.0,0.36933150865972525,0.012791150873038688,1.0,829.0,-25.386012941275343,57.49013173220663,725.0,0.1881785283474065,0.18576598311218334,0.6260554885404102,0.0,0.0,0.0,0.0,0.0,0.0,31.933357599487564,4.016045384811172,0.44921728160748886,0.0,48.0,0.0,0.0,0.0,0.0,0,1,0,0
TSLA_1h_1734705000_1738081800_42.png,C:\Users\afierro\CV_chart_pattern_detector\data\images\rendered\train\TSLA_1h_1734705000_1738081800_42.png,train,TSLA,1h,2024-12-20T14:30:00+00:00,2025-01-28T16:30:00+00:00,160,-0.0005259408159770065,0.013784213642013989,0.009487468571124893,8.442407810307037,2.356823031507409,-0.0024790794072797606,-0.021758724393663442,-0.04226924689194422,-0.005110742238382038,-0.02354103325610002,-0.04797743083224859,0.4595782661928688,0.2396791104694119,0.2612080200653361,0.2792137137417951,0.45,0.55,15.0,14.0,10.928571428571429,11.307692307692308,20.52998213650876,14.893527338657957,0.0,0.0,0.0,0.0,0.0,0.0,0.026781759657079157,1.0,0.07064608016374341,0.02562203462840144,1.0,859.0,-5.29569801941462,60.53626275662821,708.0,0.17229336437718276,0.3620488940628638,0.46565774155995343,0.0,0.0,0.0,0.0,0.0,0.0,28.00103357450812,2.7362270318575312,0.9586149816573026,0.0,77.0,0.0,0.0,0.0,0.0,0,1,0,0
TSLA_1h_1735662600_1738765800_42.png,C:\Users\afierro\CV_chart_pattern_detector\data\images\rendered\train\TSLA_1h_1735662600_1738765800_42.png,train,TSLA,1h,2024-12-31T16:30:00+00:00,2025-02-05T14:30:00+00:00,160,-0.0004104319814328271,0.013411712006168504,0.0091139344274504,7.045661337809891,1.046167701203265,-0.014787479099143686,-0.008043360543821043,-0.08927992560145981,-0.011733105398805455,-0.025140915034271627,-0.033817445502580035,0.45008192226917415,0.2399930944907979,0.2743325097928472,0.2755855679379787,0.46875,0.53125,13.0,16.0,10.083333333333334,9.666666666666666,12.883558027022449,10.673720250013586,0.95403159349558,0.10421998554912526,61.0,0.0,0.0,0.0,0.027622165557036973,1.0,-0.44831932164445687,-0.020642453149373314,1.0,891.0,-2.7654371025452575,62.628239584504335,721.0,0.24691358024691357,0.36363636363636365,0.3894500561167228,0.0,0.0,0.0,0.0,0.0,0.0,28.00103357450825,2.7362270318575583,0.9586149816572972,0.0,77.0,1.0,6.580341662267452,0.0,0.0,0,1,1,0
TSLA_1h_1736519400_1739388600_42.png,C:\Users\afierro\CV_chart_pattern_detector\data\images\rendered\train\TSLA_1h_1736519400_1739388600_42.png,train,TSLA,1h,2025-01-10T14:30:00+00:00,2025-02-12T19:30:00+00:00,160,-0.0006820828600829309,0.012284557528179009,0.008320432723270522,7.440346354468363,2.1350106105944233,0.025548605938619184,0.04888472646645936,-0.04179825910278323,0.02561065660068751,0.0036055583531731106,-0.049143928915006185,0.4463176434241637,0.2538339028980619,0.2792121074538042,0.274470249122032,0.4625,0.5375,12.0,14.0,11.727272727272727,11.153846153846153,17.271364282827097,21.27328674983311,0.95403159349558,0.10421998554912526,61.0,0.9263558106712994,0.08509879891754632,25.0,0.027622165557036973,1.0,-0.8726043722632878,-0.002768203343065763,1.0,490.0,-26.77755654040648,58.667391846761575,716.0,0.25510204081632654,0.16938775510204082,0.5755102040816327,0.0,0.0,0.0,0.0,0.0,0.0,0.0,0.0,0.0,0.0,0.0,1.0,6.243043662114914,1.0,4.604138041883783,0,0,1,1
TSLA_1h_1737142200_1740159000_42.png,C:\Users\afierro\CV_chart_pattern_detector\data\images\rendered\train\TSLA_1h_1737142200_1740159000_42.png,train,TSLA,1h,2025-01-17T19:30:00+00:00,2025-02-21T17:30:00+00:00,160,-0.0013908545656402774,0.01140411868487815,0.0078042595973534055,6.446068520487918,1.3116801781767005,-0.04024491566029331,-0.039743631498237786,-0.03583739069350578,-0.027778015248157262,-0.04048037646204439,-0.028622060462025645,0.4674668040373538,0.25695002632934044,0.2650894499476027,0.26744374601504356,0.44375,0.55625,12.0,13.0,13.363636363636363,10.666666666666666,25.790917731708916,24.942744324525055,0.9810844856959696,0.09181822078397547,51.0,0.9381365129220992,0.04504862344515124,32.0,0.02995435259442698,1.0,-0.2504300052662488,0.013601389819320976,1.0,725.0,-37.88552295125764,47.48496068122401,722.0,0.1724137931034483,0.0993103448275862,0.7282758620689656,0.0,0.0,0.0,0.0,0.0,0.0,0.0,0.0,0.0,0.0,0.0,1.0,6.224795860371814,1.0,2.8885787080568934,0,0,1,1
TSLA_1h_1738085400_1741015800_42.png,C:\Users\afierro\CV_chart_pattern_detector\data\images\rendered\train\TSLA_1h_1738085400_1741015800_42.png,train,TSLA,1h,2025-01-28T17:30:00+00:00,2025-03-03T15:30:00+00:00,160,-0.0016333088265216788,0.014247140012424159,0.009776400225999909,6.039577833866015,1.0188344034234669,0.04557297934658666,0.06023909910582703,0.01876924590527418,0.027018391413021092,0.030793203189855234,-0.044992556086939306,0.4790115469742037,0.2709095827194576,0.25441232669168107,0.2665761263341152,0.46875,0.53125,11.0,13.0,13.1,12.25,35.529316329514685,35.039630310888256,0.0,0.0,0.0,0.0,0.0,0.0,0.02597860406630802,1.0,-1.0944661290221946,-0.01443482771351825,1.0,771.0,-23.396892483286976,61.22165969467948,707.0,0.15304798962386512,0.22827496757457846,0.6186770428015564,0.0,0.0,0.0,0.0,0.0,0.0,0.0,0.0,0.0,0.0,0.0,0.0,0.0,0.0,0.0,0,0,0,0
TSLA_1h_1738769400_1741635000_42.png,C:\Users\afierro\CV_chart_pattern_detector\data\images\rendered\train\TSLA_1h_1738769400_1741635000_42.png,train,TSLA,1h,2025-02-05T15:30:00+00:00,2025-03-10T19:30:00+00:00,160,-0.0032571369303968207,0.017352874748612114,0.01163904210458145,6.293193697302328,1.2235299163418865,-0.052155360911385396,-0.15598021335018952,-0.17537408991756143,-0.07402507895838295,-0.11356568906328135,-0.1745790705932635,0.47477845511363503,0.27472212531252854,0.25914574085119935,0.26607580403516573,0.44375,0.55625,14.0,13.0,10.615384615384615,11.666666666666666,39.27691909260356,39.33043522920227,0.0,0.0,0.0,0.0,0.0,0.0,0.0475531564123277,1.0,-1.0910046444663517,-0.031785034274541345,1.0,1083.0,-28.706376947469437,58.91895244454485,710.0,0.1172668513388735,0.2012927054478301,0.6814404432132964,0.0,0.0,0.0,0.0,0.0,0.0,0.0,0.0,0.0,0.0,0.0,0.0,0.0,0.0,0.0,0,0,0,0
TSLA_1h_1739392200_1742319000_42.png,C:\Users\afierro\CV_chart_pattern_detector\data\images\rendered\train\TSLA_1h_1739392200_1742319000_42.png,train,TSLA,1h,2025-02-12T20:30:00+00:00,2025-03-18T17:30:00+00:00,160,-0.0023289953449323495,0.019609387692440243,0.012967353518249404,7.087800639143779,1.2014214390693918,0.0002221469304337642,-0.03526586921941843,-0.06460593665722913,-0.02897697330698923,-0.05486961722743955,-0.05610633754569694,0.4752583149777207,0.268357994466991,0.26476088539901693,0.25998079962326237,0.45,0.55,15.0,14.0,10.357142857142858,11.153846153846153,42.48569642041051,45.737832620372735,0.0,0.0,0.0,0.0,0.0,0.0,0.0475531564123277,1.0,-0.6504684861366904,0.04209531639612402,1.0,773.0,-24.888750829718244,58.47599339922031,718.0,0.16170763260025872,0.19663648124191463,0.6416558861578266,0.0,0.0,0.0,0.0,0.0,0.0,0.0,0.0,0.0,0.0,0.0,0.0,0.0,0.0,0.0,0,0,0,0
TSLA_1h_1740162600_1743003000_42.png,C:\Users\afierro\CV_chart_pattern_detector\data\images\rendered\train\TSLA_1h_1740162600_1743003000_42.png,train,TSLA,1h,2025-02-21T18:30:00+00:00,2025-03-26T15:30:00+00:00,160,-0.0010427306665792783,0.021127840658003758,0.01362496587405368,6.7961178028440745,1.2926916039287164,-0.03574058459477314,-0.010009918747313273,0.11502594040679326,-0.016311765731564343,0.006557711256838017,0.09999702699670521,0.468289561168507,0.2702131250796274,0.2875187659297813,0.24419167290171173,0.49375,0.50625,16.0,14.0,10.0,9.846153846153847,26.634502506380315,29.09706301746867,0.0,0.0,0.0,0.9212658636117792,0.05059287883610524,82.0,0.05253861919299105,1.0,0.4954016458803751,0.02222546643529084,1.0,592.0,-20.650343449333228,62.28149197407744,719.0,0.16891891891891891,0.22635135135135134,0.6047297297297297,0.0,0.0,0.0,0.0,0.0,0.0,0.0,0.0,0.0,0.0,0.0,0.0,0.0,1.0,2.241202022471694,0,0,0,1
